DTXSID,PREFERRED NAME,CASRN,MOLECULAR FORMULA,MONOISOTOPIC MASS,TOXCAST ACTIVE,TOXCAST TOTAL,% TOXCAST ACTIVE,HIT CALL,CONTINUOUS HIT CALL,TOP,SCALED TOP,AC50,LOGAC50
https://comptox.epa.gov/dashboard/chemical/details/DTXSID0040678,Idebenone,58186-27-9,C19H30O5,338.209324,67,244,27,Active,0.9997237919909983,-83.24075982858906,3.1902250213074295,19.15708812260535,1.2823294969977375
https://comptox.epa.gov/dashboard/chemical/details/DTXSID1045291,Oxyphenbutazone,129-20-4,C19H20N2O3,324.147393,77,244,32,Active,0.9994097025270424,-60.40668169709166,2.3151026948942954,16.301275158908272,1.2122215781963936
https://comptox.epa.gov/dashboard/chemical/details/DTXSID5022855,Clozapine,5786-21-0,C18H19ClN4,326.129824,42,244,17,Active,0.9562543046931661,-35.819558215957926,1.3727944231652747,27.547782100468883,1.440086639111517
https://comptox.epa.gov/dashboard/chemical/details/DTXSID1045081,8-Quinolinol salicylic acid (1:1),2439-07-8,C16H13NO4,283.084458,16,244,7,Active,0.9999998165149646,-85.75473326544042,3.2865737449094325,16.227829716295613,1.2102604418680551
https://comptox.epa.gov/dashboard/chemical/details/DTXSID6020220,tert-Butylhydroquinone,1948-33-0,C10H14O2,166.099380,202,728,28,Active,0.9999998896737783,-91.56309797504264,3.509180920379831,16.52445239681711,1.2181270763282601
https://comptox.epa.gov/dashboard/chemical/details/DTXSID0045090,Pridinol,511-45-5,C20H25NO,295.193614,10,244,4,Active,0.9992833597043432,-32.42663645131762,1.2427597630878868,0.00004904215598032859,-4.309430445712763
https://comptox.epa.gov/dashboard/chemical/details/DTXSID4023593,Spiclomazine hydrochloride,27007-85-8,C22H25Cl2N3OS2,481.081610,38,78,49,Active,0.9999994550710535,-96.64365692530026,3.7038947398922355,18.67886742949219,1.2713505397723641
https://comptox.epa.gov/dashboard/chemical/details/DTXSID1045116,Domperidone,57808-66-9,C22H24ClN5O2,425.161853,46,244,19,Active,0.9996389003292342,-61.70603714674166,2.3649008499757906,30.0454509924454,1.4777787273061693
https://comptox.epa.gov/dashboard/chemical/details/DTXSID6023658,Thiothixene,5591-45-7,C23H29N3O2S2,443.170120,19,78,24,Active,0.9872027555592711,-44.75793350918629,1.7153601153695837,32.83927345629954,1.5163935401218727
https://comptox.epa.gov/dashboard/chemical/details/DTXSID7041752,Cantharidin,56-25-7,C10H12O4,196.073559,98,244,40,Active,0.9999999999999172,-101.28462942624525,3.8817612877974046,1.5714802671311612,0.1963089320097528
https://comptox.epa.gov/dashboard/chemical/details/DTXSID0045125,Docebenone,80809-81-0,C21H26O3,326.188195,48,244,20,Active,0.9984912405878541,-67.68697552057998,2.594121958605839,31.949240234022213,1.5044605349171114
https://comptox.epa.gov/dashboard/chemical/details/DTXSID7045150,Ebselen,60940-34-3,C13H9NOSe,274.984936,13,78,17,Active,0.9928907527935014,-46.9847540621033,1.800703625694409,31.16704694912741,1.4936956551977763
https://comptox.epa.gov/dashboard/chemical/details/DTXSID6045161,Idazoxan,79944-58-4,C11H12N2O2,204.089878,58,244,24,Active,0.9990975684779007,-59.85585571909819,2.2939921377465775,26.1570751536155,1.4175891801850655
https://comptox.epa.gov/dashboard/chemical/details/DTXSID2020478,Dimethadione,695-53-4,C5H7NO3,129.042593,4,244,2,Active,0.9658318362478264,-36.53444547657741,1.400192674105542,36.2861015301611,1.5597403114112047
https://comptox.epa.gov/dashboard/chemical/details/DTXSID0022563,Albendazole,54965-21-8,C12H15N3O2S,265.088498,51,329,16,Active,0.9999998918828675,-37.74764181345707,1.4466887574863514,0.2654708322581058,-0.5759831886511478
https://comptox.epa.gov/dashboard/chemical/details/DTXSID5040625,Thiostrepton,1393-48-2,C72H85N19O18S5,1663.492353,25,93,27,Active,0.9635221444255048,-41.73669236703461,1.5995702174044115,15.22140998507275,1.1824548837337874
https://comptox.epa.gov/dashboard/chemical/details/DTXSID6045165,Loperamide,53179-11-6,C29H33ClN2O2,476.223056,62,244,25,Active,0.9997628638429034,-66.33100625791617,2.542154063565216,32.15873194855479,1.5072989157417505
https://comptox.epa.gov/dashboard/chemical/details/DTXSID9031800,Nocodazole,31430-18-9,C14H11N3O3S,301.052112,47,244,19,Active,0.999999999993848,-46.79763538838385,1.7935322510447433,0.22785702552984693,-0.6423375762463059
https://comptox.epa.gov/dashboard/chemical/details/DTXSID6045375,Halcinonide,3093-35-4,C24H32ClFO5,454.192230,24,244,10,Active,0.999574388551353,-62.67763405919035,2.402137568947382,7.527519732969841,0.8766519026648608
https://comptox.epa.gov/dashboard/chemical/details/DTXSID9023128,Hycanthone,3105-97-3,C20H24N2O2S,356.155849,99,244,41,Active,0.9999233304941978,-74.62054429416429,2.8598528893901536,17.70062565688365,1.2479886174651909
https://comptox.epa.gov/dashboard/chemical/details/DTXSID0045173,Mitoxantrone dihydrochloride,70476-82-3,C22H30Cl2N4O6,516.154240,102,244,42,Active,0.9999999999999996,-84.76996704947197,3.248832308757359,0.5206924750457694,-0.2834186986248903
https://comptox.epa.gov/dashboard/chemical/details/DTXSID0023373,Nitrendipine,39562-70-4,C18H20N2O6,360.132136,35,256,14,Active,0.9939599320720723,-61.12706838530515,2.3427117129100843,31.194739869009783,1.4940813684268834
https://comptox.epa.gov/dashboard/chemical/details/DTXSID3034165,Nilutamide,63612-50-0,C12H10F3N3O4,317.062340,116,648,18,Active,0.9999999973396876,-57.38685756682973,2.199367104299641,2.742299594943959,0.4381148995137957
https://comptox.epa.gov/dashboard/chemical/details/DTXSID4045181,Oxatomide,60607-34-3,C27H30N4O,426.241962,67,244,27,Active,0.9995906666294463,-54.04188544735395,2.071170127564905,28.60230888509846,1.4564010924152047
https://comptox.epa.gov/dashboard/chemical/details/DTXSID3024449,Allylthiourea,109-57-9,C4H8N2S,116.040819,7,244,3,Active,1,-46.554152105780155,1.7842006872527751,0.00004904217731633543,-4.309430256771069
https://comptox.epa.gov/dashboard/chemical/details/DTXSID0045204,Sanguinarine,2447-54-3,C20H14NO4,332.091734,140,244,57,Active,0.9999999922146015,-103.09268332663797,3.95105545095477,9.749290491134662,0.9889730108783149
https://comptox.epa.gov/dashboard/chemical/details/DTXSID0045208,Tracazolate hydrochloride,NOCAS_45208,C16H25ClN4O2,340.166604,23,244,9,Active,0.9969905357757607,-46.4246032180544,1.7792356904896953,27.29720646314282,1.4361182045602074
https://comptox.epa.gov/dashboard/chemical/details/DTXSID1040243,Sertraline hydrochloride,79559-97-0,C17H18Cl3N,341.050483,104,244,43,Active,0.9998788110822068,-94.82230509374273,3.6340909298645028,28.869669307009627,1.4604418092023876
https://comptox.epa.gov/dashboard/chemical/details/DTXSID6023656,Thioridazine,50-52-2,C21H26N2S2,370.153741,117,244,48,Active,0.9999016739469653,-90.21122311364732,3.4573699443942587,36.18260224421197,1.5584997980036495
https://comptox.epa.gov/dashboard/chemical/details/DTXSID8045228,Lorglumide sodium,1021868-76-7,C22H31Cl2N2NaO4,480.155857,13,244,5,Active,0.9999999999993813,-45.839755742486986,1.7568212500875928,0.00015110526199553297,-3.820720411797089
https://comptox.epa.gov/dashboard/chemical/details/DTXSID4021478,Lynestrenol,52-76-6,C20H28O,284.214016,280,474,59,Active,0.999999700984309,-36.99897844802129,1.417996028036648,0.5421050835623664,-0.2659165201262817
https://comptox.epa.gov/dashboard/chemical/details/DTXSID7022382,Dienestrol,84-17-3,C18H18O2,266.130680,47,244,19,Active,0.9733649630017163,-38.838267607106374,1.4884872910767224,12.360616928299805,1.0920401472794927
https://comptox.epa.gov/dashboard/chemical/details/DTXSID9023629,Syrosingopine,84-36-6,C35H42N2O11,666.278860,5,78,6,Active,0.9999053434720144,-100.63408587627649,3.8568290272698196,12.23301740929199,1.087533593796226
https://comptox.epa.gov/dashboard/chemical/details/DTXSID5022857,Cortisone,53-06-5,C21H28O5,360.193674,30,341,9,Active,0.9830248136187262,-29.8914821773477,1.1455992780761248,0.32282163972492206,-0.49103736088265715
https://comptox.epa.gov/dashboard/chemical/details/DTXSID1022922,Dichlorphenamide,120-97-8,C6H6Cl2N2O4S2,303.914604,4,78,5,Active,0.9935912929053996,-41.51044600563101,1.5908992633595924,10.000594440774286,1.0000258154675283
https://comptox.epa.gov/dashboard/chemical/details/DTXSID3021069,Norethynodrel,68-23-5,C20H26O2,298.193280,13,93,14,Active,0.9945384126762471,-29.280992178781553,1.1222020809254236,0.06672191041886308,-1.1757315272310453
https://comptox.epa.gov/dashboard/chemical/details/DTXSID4040684,Mevastatin,73573-88-3,C23H34O5,390.240624,26,98,27,Active,0.9998065850679061,-46.4824305461627,1.7814519387486776,7.913797471445873,0.8983849316819718
https://comptox.epa.gov/dashboard/chemical/details/DTXSID1022974,Dydrogesterone,152-62-5,C21H28O2,312.208930,28,259,11,Active,0.9992119673064531,-35.22983819399467,1.350193241082035,0.4081172451811398,-0.38921505352672825
https://comptox.epa.gov/dashboard/chemical/details/DTXSID5023110,Gossypol,303-45-7,C30H30O8,518.194068,129,244,53,Active,0.9999999988222827,-102.87009744860413,3.942524785942155,10.55621541742026,1.0235082441514933
https://comptox.epa.gov/dashboard/chemical/details/DTXSID5023532,Proscillaridin,466-06-8,C30H42O8,530.287968,78,244,32,Active,1,-101.764569303142,3.9001551156186802,0.09265432672009286,-1.033134295429957
https://comptox.epa.gov/dashboard/chemical/details/DTXSID0046010,Acivicin,42228-92-2,C5H7ClN2O3,178.014520,28,78,36,Active,0.985292949095704,-33.19956031753336,1.2723822829044376,7.469419796303954,0.8732868683415242
https://comptox.epa.gov/dashboard/chemical/details/DTXSID1045326,Thonzonium bromide,553-08-2,C32H55BrN4O,590.355925,95,244,39,Active,0.9987263501176968,-58.057712335574735,2.2250777978747696,8.309651766396726,0.9195828241329435
https://comptox.epa.gov/dashboard/chemical/details/DTXSID9046152,Metochalcone,18493-30-6,C18H18O4,298.120509,48,244,20,Active,0.9997613183923943,-88.04272246968188,3.3742615606247504,27.53137518871791,1.4398279048897182
https://comptox.epa.gov/dashboard/chemical/details/DTXSID9046156,Tibrofan,15686-72-3,C11H6Br3NOS,436.772024,26,78,33,Active,0.9999847923540393,-101.6681594120256,3.8964601800177268,30.294340931800868,1.4813615086465248
https://comptox.epa.gov/dashboard/chemical/details/DTXSID9022578,Alprostadil,745-65-3,C20H34O5,354.240624,10,78,13,Active,0.9979797812562528,-70.0983910512345,2.686540122237513,14.656470164633417,1.1660293882718333
https://comptox.epa.gov/dashboard/chemical/details/DTXSID4045343,Nifuroxazide,965-52-6,C12H9N3O5,275.054220,64,244,26,Active,0.9995672533750217,-54.37317823871209,2.0838670149377005,1.699166052528856,0.2302358227613869
https://comptox.epa.gov/dashboard/chemical/details/DTXSID7045601,Clofilium tosylate,92953-10-1,C28H44ClNO3S,509.273043,49,259,19,Active,0.9979257804470933,-62.24175599693323,2.3854324222942864,8.5632183908046,0.9326370201296744
https://comptox.epa.gov/dashboard/chemical/details/DTXSID5042584,"(+)-N-(Carboxy)-1-methyl-9,10-dihydrolysergamine benzyl ester",17692-51-2,C25H29N3O2,403.225977,42,244,17,Active,0.9372281558199962,-42.81581624462839,1.6409279368975918,36.781103583269655,1.5656247557050516
https://comptox.epa.gov/dashboard/chemical/details/DTXSID8021777,Riboflavin,83-88-5,C17H20N4O6,376.138284,46,371,12,Active,0.9925151770770572,-41.61584653629897,1.5949387676948292,14.082670911521301,1.1486850306675644
https://comptox.epa.gov/dashboard/chemical/details/DTXSID3022873,Cyproterone,2098-66-0,C22H27ClO3,374.164872,6,78,8,Active,0.9999999972063267,-66.9182570224339,2.564660610677523,3.2518615107398268,0.5121320417184024
https://comptox.epa.gov/dashboard/chemical/details/DTXSID7045368,Bufexamac,2438-72-4,C12H17NO3,223.120843,30,244,12,Active,0.9944809542460488,-42.69982350083508,1.636482483080237,8.5632183908046,0.9326370201296744
https://comptox.epa.gov/dashboard/chemical/details/DTXSID9046788,Norelgestromin,53016-31-2,C21H29NO2,327.219829,24,78,31,Active,0.9999999967107076,-38.23386908279668,1.4653235513527627,0.03132327205500862,-1.5041328774822018
https://comptox.epa.gov/dashboard/chemical/details/DTXSID0045410,Parbendazole,14255-87-9,C13H17N3O2,247.132077,38,244,16,Active,0.999999971913527,-39.56102059299373,1.5161869981018687,0.08860019964565012,-1.0525652995022665
https://comptox.epa.gov/dashboard/chemical/details/DTXSID4045422,Epirizole,18694-40-1,C11H14N4O2,234.111676,13,244,5,Active,0.9058569515770668,-31.778549415574226,1.2179216491438158,13.532631874894012,1.1313822679640753
https://comptox.epa.gov/dashboard/chemical/details/DTXSID4045424,Piromidic acid,19562-30-2,C14H16N4O3,288.122240,3,244,1,Active,0.9999999999999978,-35.94602909084056,1.377641454239331,0.00002192184612250951,-4.659122875048153
https://comptox.epa.gov/dashboard/chemical/details/DTXSID9045425,Dilazep,35898-87-4,C31H44N2O10,604.299596,44,244,18,Active,0.9999537940492512,-71.40726251230666,2.736702981074771,15.772986402713409,1.1979139289299643
https://comptox.epa.gov/dashboard/chemical/details/DTXSID2040579,Parthenolide,20554-84-1,C15H20O3,248.141245,23,78,29,Active,0.9998426466734074,-86.78376623333479,3.3260117165075647,29.579518808501756,1.4709911047348352
https://comptox.epa.gov/dashboard/chemical/details/DTXSID4040682,Mebendazole,31431-39-7,C16H13N3O3,295.095691,45,244,18,Active,0.9999998651725411,-38.96278494450465,1.4932594522892406,0.3323787776648485,-0.47836671364029415
https://comptox.epa.gov/dashboard/chemical/details/DTXSID5023740,Vinpocetine,42971-09-5,C22H26N2O2,350.199428,31,259,12,Active,0.944505019625111,-38.36144036374047,1.470212755791852,32.9070587048986,1.5172890659674767
https://comptox.epa.gov/dashboard/chemical/details/DTXSID0040672,Fenbendazole,43210-67-9,C15H13N3O2S,299.072848,51,259,20,Active,0.9999996038791737,-33.70866743398996,1.2918939532062228,0.4655665247767832,-0.33201825393241907
https://comptox.epa.gov/dashboard/chemical/details/DTXSID4045476,Butirosin disulfate,51022-98-1,C21H45N5O20S2,751.209931,2,78,3,Active,0.9999999999999905,-46.99315398301839,1.8010255549744336,0.000021921850382044044,-4.659122790662369
https://comptox.epa.gov/dashboard/chemical/details/DTXSID8020202,Budesonide,51333-22-3,C25H34O6,430.235539,71,331,21,Active,0.9997968774566987,-52.51158708324953,2.01252102175082,9.127707044177457,0.9603616928541905
https://comptox.epa.gov/dashboard/chemical/details/DTXSID4023333,Mometasone furoate,83919-23-7,C27H30Cl2O6,520.141944,50,259,19,Active,0.9998486653581378,-73.59850861560386,2.8206830908308116,5.304307087050124,0.7246286591279975
https://comptox.epa.gov/dashboard/chemical/details/DTXSID5023796,Pentamidine isethionate,140-64-7,C23H36N4O10S2,592.187286,251,662,38,Active,0.9993023745957565,-56.731523090678245,2.174251230208042,19.15708812260535,1.2823294969977375
https://comptox.epa.gov/dashboard/chemical/details/DTXSID2045498,Terconazole,67915-31-5,C26H31Cl2N5O3,531.180395,13,78,17,Active,0.9408501663599672,-28.294388595991837,1.0843902271844357,0.000021921843516137902,-4.659122926683078
https://comptox.epa.gov/dashboard/chemical/details/DTXSID9045502,Prednicarbate,73771-04-7,C27H36O8,488.241018,7,78,9,Active,0.9999252104986901,-38.60166323244766,1.4794193633242443,1.355022002773635,0.1319463473178736
https://comptox.epa.gov/dashboard/chemical/details/DTXSID7046178,Tioxidazole,61570-90-9,C12H14N2O3S,266.072513,20,93,22,Active,0.9995709988313428,-34.53883747537879,1.3237104484356292,2.223197686731248,0.34697808187997725
https://comptox.epa.gov/dashboard/chemical/details/DTXSID4023545,Pyrvinium pamoate,3546-41-6,C75H70N6O6,1150.535684,33,78,42,Active,0.9999998747184727,-93.09977273701526,3.568074403396465,6.978215595426313,0.8437443830624438
https://comptox.epa.gov/dashboard/chemical/details/DTXSID2045573,Monensin sodium,22373-78-0,C36H61NaO11,692.411157,12,78,15,Active,0.9999999996315764,-50.0552062696859,1.9183795512809794,1.240114014023807,0.09346161531153775
https://comptox.epa.gov/dashboard/chemical/details/DTXSID6045583,Ciclopirox olamine,41621-49-2,C14H24N2O3,268.178693,63,244,26,Active,0.9999963373190102,-53.98284188410756,2.0689072667596493,2.9979033390586696,0.47681762584708576
https://comptox.epa.gov/dashboard/chemical/details/DTXSID5045594,Tolmetin sodium dihydrate,64490-92-2,C15H18NNaO5,315.108267,14,244,6,Active,0.9999999998630855,-116.95172664472653,4.482207098967053,5.070763441607738,0.7050733505595551
https://comptox.epa.gov/dashboard/chemical/details/DTXSID5045596,Meclocycline sulfosalicylate,73816-42-9,C29H27ClN2O14S,694.087152,5,78,6,Active,0.9956475529401598,-42.45545925079388,1.6271171559688582,8.096325446794236,0.9082879571175304
https://comptox.epa.gov/dashboard/chemical/details/DTXSID5045625,Oxibendazole,20559-55-1,C12H15N3O3,249.111341,33,244,14,Active,0.990858663781912,-32.18182633801274,1.2333773481442631,0.2958619743118245,-0.5289108489919649
https://comptox.epa.gov/dashboard/chemical/details/DTXSID4045638,Suloctidil,54767-75-8,C20H35NOS,337.243936,148,244,61,Active,0.903413982996604,-38.74777786244891,1.4850192467175356,32.670868366488364,1.5141606778412853
https://comptox.epa.gov/dashboard/chemical/details/DTXSID6045614,Dihydroergotamine,511-12-6,C33H37N5O5,583.279469,36,244,15,Active,0.9999999997481593,-100.44920150731386,3.8497432829646527,9.090559523150988,0.9585906148323713
https://comptox.epa.gov/dashboard/chemical/details/DTXSID6045616,Flunarizine,52468-60-7,C26H26F2N2,404.206405,61,244,25,Active,0.9992134840151142,-64.81525366272764,2.484062428346608,30.413147424206723,1.483061367142908
https://comptox.epa.gov/dashboard/chemical/details/DTXSID7020344,Tomelukast,88107-10-2,C16H22N4O3,318.169191,50,329,15,Active,0.9990389044860593,-56.78631446972271,2.176351124883914,30.48310180568027,1.4840591565176833
https://comptox.epa.gov/dashboard/chemical/details/DTXSID7023693,"N-(3′,4′-Dimethoxycinnamoyl)anthranilic acid",53902-12-8,C18H17NO5,327.110673,10,93,11,Active,0.9988654603367515,-62.535104332778545,2.396675077970421,27.257706547485842,1.4354893116720526
https://comptox.epa.gov/dashboard/chemical/details/DTXSID5023582,Sirolimus,53123-88-9,C51H79NO13,913.555142,37,93,40,Active,0.99999981807471,-62.7709382575805,2.4057134780201754,8.56184266649911,0.932567242921432
https://comptox.epa.gov/dashboard/chemical/details/DTXSID2023307,Methysergide,361-37-5,C21H27N3O2,353.210327,13,244,5,Active,0.9999999999983284,-42.6857063231097,1.6359414383600484,0.00031796254099471894,-3.4976240410140895
https://comptox.epa.gov/dashboard/chemical/details/DTXSID1023021,Ethoxzolamide,452-35-7,C9H10N2O3S2,258.013285,10,244,4,Active,0.9208470106482818,-34.772345932226784,1.3326597242862745,19.15708812260535,1.2823294969977375
https://comptox.epa.gov/dashboard/chemical/details/DTXSID9045631,Bifonazole,60628-96-8,C22H18N2,310.146999,78,244,32,Active,0.9998881085756379,-91.56394993009597,3.509213571791637,24.583799922101473,1.3906490127103754
https://comptox.epa.gov/dashboard/chemical/details/DTXSID9045633,Hydrocortisone valerate,57524-89-7,C26H38O6,446.266839,15,244,6,Active,0.9917437704481471,-40.38017794562448,1.5475814290048533,13.395343204318896,1.1269538452180168
https://comptox.epa.gov/dashboard/chemical/details/DTXSID3041827,Cypromid,2759-71-9,C10H9Cl2NO,229.006119,31,256,12,Active,0.999999782557875,-84.03043870126528,3.2204896813561508,15.479283035488798,1.1897508412989488
https://comptox.epa.gov/dashboard/chemical/details/DTXSID0046272,Salicylaldehyde isonicotinoylhydrazone,495-84-1,C13H11N3O2,241.085127,51,244,21,Active,0.9999999999996964,-100.95526575913236,3.8691383346420416,2.4531812684838243,0.3897296399282344
https://comptox.epa.gov/dashboard/chemical/details/DTXSID1022635,6-Azaribine,2169-64-4,C14H17N3O9,371.096479,37,244,15,Active,0.999999466762397,-53.9049009903375,2.065920160563114,2.29601697211488,0.36097509403455774
https://comptox.epa.gov/dashboard/chemical/details/DTXSID9022576,Alphaxalone,23930-19-0,C21H32O3,332.235145,11,244,5,Active,0.9919535984119483,-44.22054941690783,1.694764722189973,19.15708812260535,1.2823294969977375
https://comptox.epa.gov/dashboard/chemical/details/DTXSID1032278,(+)-Vincristine,57-22-7,C46H56N4O10,824.399644,48,244,20,Active,0.9999999999999999,-49.58242313868643,1.9002600077151537,0.0406348673603025,-1.3911011535260815
https://comptox.epa.gov/dashboard/chemical/details/DTXSID7022883,Daunorubicin,20830-81-3,C27H29NO10,527.179146,111,244,45,Active,0.9999999999978387,-114.58379995328592,4.391455657062734,2.7624426247378757,0.4412932665959709
https://comptox.epa.gov/dashboard/chemical/details/DTXSID5022980,Emetine,483-18-1,C29H40N2O4,480.298808,81,244,33,Active,1,-107.12824258073297,4.105719369615457,0.3032009109998914,-0.5182694981533367
https://comptox.epa.gov/dashboard/chemical/details/DTXSID1022687,Bromocriptine,25614-03-3,C32H40BrN5O5,653.221282,14,78,18,Active,0.9999418451554473,-84.174394714428,3.226006835165235,18.902144214094548,1.2765110722965023
https://comptox.epa.gov/dashboard/chemical/details/DTXSID9022360,"4-(1,1,3,3-Tetramethylbutyl)phenol",140-66-9,C14H22O,206.167065,315,709,44,Active,0.9869585499107284,-41.05154319330214,1.5733116868255168,16.57787467227029,1.2195288520725531
https://comptox.epa.gov/dashboard/chemical/details/DTXSID2045654,Flurofamide,70788-28-2,C7H9FN3O2P,217.041642,2,244,1,Active,0.999999663815484,-36.57204649360494,1.4016337434277686,0.007306850517545423,-2.136269777295431
https://comptox.epa.gov/dashboard/chemical/details/DTXSID2044000,Metitepine,20229-30-5,C20H24N2S2,356.138091,88,244,36,Active,0.9997185284699738,-75.79885052769187,2.905011799961164,32.34952317910129,1.5098678836998873
https://comptox.epa.gov/dashboard/chemical/details/DTXSID8021193,Pronethalol,54-80-8,C15H19NO,229.146664,7,244,3,Active,0.9999999999999977,-46.7988169685879,1.7935775354311354,0.000049042182383824564,-4.309430211895768
https://comptox.epa.gov/dashboard/chemical/details/DTXSID4048690,Carfilzomib,868540-17-4,C40H57N5O7,719.425799,107,256,42,Active,1,-78.05107958934587,2.9913290983736256,0.034668797436082636,-1.4600612225469876
https://comptox.epa.gov/dashboard/chemical/details/DTXSID8041828,Cythioate,115-93-5,C8H12NO5PS2,296.989452,13,244,5,Active,0.999934128600512,-67.77814012563636,2.597615867175479,19.15708812260535,1.2823294969977375
https://comptox.epa.gov/dashboard/chemical/details/DTXSID9048691,Atazanavir,198904-31-3,C38H52N6O7,704.389748,22,244,9,Active,0.9911814211563946,-49.295518634249575,1.8892643136505505,29.689772896833606,1.4726068756011235
https://comptox.epa.gov/dashboard/chemical/details/DTXSID8022614,Apomorphine,58-00-4,C17H17NO2,267.125929,71,244,29,Active,0.9995898814554898,-64.85191774311461,2.485467589314319,28.723317222699624,1.458234594634361
https://comptox.epa.gov/dashboard/chemical/details/DTXSID0021096,N-Oxydiethylene-2-benzothiazylsulfenamide,102-77-2,C11H12N2OS2,252.039105,12,244,5,Active,0.9623695453923032,-37.672763033184054,1.4438190076320268,33.01276095368636,1.5186818471660777
https://comptox.epa.gov/dashboard/chemical/details/DTXSID3045699,Giparmen,67268-43-3,C13H10O3,214.062994,4,78,5,Active,0.9884923190292577,-38.51806114924836,1.4762152904853485,10.931005311691905,1.0386601053388078
https://comptox.epa.gov/dashboard/chemical/details/DTXSID2032005,4-Hydroxyphenyl retinamide,65646-68-6,C26H33NO2,391.251129,147,244,60,Active,0.9999499973499272,-64.06565314186858,2.455333782157481,10.955530315909566,1.0396334049637075
https://comptox.epa.gov/dashboard/chemical/details/DTXSID3044758,Fluvastatin sodium,93957-55-2,C24H25FNNaO4,433.166531,31,259,12,Active,0.9999999999998139,-81.76395756237679,3.133626168162701,2.4639935580538794,0.39163956806003797
https://comptox.epa.gov/dashboard/chemical/details/DTXSID7023196,Lanatoside A,17575-20-1,C49H76O19,968.498080,21,78,27,Active,0.9999999999999999,-91.74269498980419,3.5160640253806057,0.4638022136854318,-0.33366718284535063
https://comptox.epa.gov/dashboard/chemical/details/DTXSID9020116,5-Azacytidine,320-67-2,C8H12N4O5,244.080770,118,408,29,Active,0.9999999999966183,-96.23438347569638,3.688209222338434,3.7673193167254517,0.5760324324184384
https://comptox.epa.gov/dashboard/chemical/details/DTXSID4048692,Pivoxil Sulbactam,69388-79-0,C14H21NO7S,347.103873,20,244,8,Active,0.9999999999319696,-121.69683174598651,4.664064557427854,9.014265197122558,0.9549303307432502
https://comptox.epa.gov/dashboard/chemical/details/DTXSID7037684,Polybrene,28728-55-4,, ,2,78,3,Active,0.9999999999999996,-46.5714190595956,1.7848624480081698,0.00004904215142781783,-4.309430486027678
https://comptox.epa.gov/dashboard/chemical/details/DTXSID2046208,Nuclomedone,75963-52-9,C13H11ClN2O2S,294.022977,2,78,3,Active,0.914494917740712,-32.72658427002825,1.2542553457604584,11.70529453890082,1.0683823462692894
https://comptox.epa.gov/dashboard/chemical/details/DTXSID0046220,Benmoxin,7654-03-7,C15H16N2O,240.126263,5,78,6,Active,0.9999999993626477,-35.61277319391614,1.3648693303056256,0.00013548097885368105,-3.8681216742268716
https://comptox.epa.gov/dashboard/chemical/details/DTXSID6046474,Ampiroxicam,99464-64-9,C20H21N3O7S,447.110021,10,244,4,Active,0.9999573889324954,-35.07829800103773,1.344385421495807,0.000049100387927951285,-4.308915076628496
https://comptox.epa.gov/dashboard/chemical/details/DTXSID6046478,Gestodene,60282-87-3,C21H26O2,310.193280,32,244,13,Active,0.9999999947526684,-46.540946566253965,1.7836945813173768,0.03250666042709767,-1.4880276454710262
https://comptox.epa.gov/dashboard/chemical/details/DTXSID0046488,Cerivastatin sodium,143201-11-0,C26H33FNNaO5,481.224046,102,465,22,Active,0.9999999999989737,-56.440030521141296,2.163079697286227,0.2261772966963599,-0.6455509909858798
https://comptox.epa.gov/dashboard/chemical/details/DTXSID9046497,Valrubicin,56124-62-0,C34H36F3NO13,723.213875,33,78,42,Active,0.9999937781022976,-39.87149383239418,1.528085970418091,5.7263802323777035,0.7578801818520025
https://comptox.epa.gov/dashboard/chemical/details/DTXSID1046508,2-{[(2E)-2-(1-Azabicyclo[2.2.2]oct-3-ylidene)-2-fluoroethyl]oxy}-9H-carbazole,182959-33-7,C21H22ClFN2O,372.140469,14,78,18,Active,0.992521727441057,-63.00666784053289,2.4147478791398393,29.587235232398623,1.4711043845789555
https://comptox.epa.gov/dashboard/chemical/details/DTXSID5047825,Vinorelbine tartrate,125317-39-7,C53H66N4O20,1078.427041,70,244,29,Active,0.9999946666031297,-39.317953159589166,1.506871371844864,0.8952035684508822,-0.04807819529624092
https://comptox.epa.gov/dashboard/chemical/details/DTXSID2046670,Roxatidine acetate hydrochloride,93793-83-0,C19H29ClN2O4,384.181585,7,244,3,Active,0.9755574937145901,-41.450058498411096,1.5885848955318111,19.15708812260535,1.2823294969977375
https://comptox.epa.gov/dashboard/chemical/details/DTXSID0023036,Etretinate,54350-48-0,C23H30O3,354.219495,37,244,15,Active,0.9994850871011869,-62.6597114508144,2.4014506800505746,31.062915805782048,1.492242219548572
https://comptox.epa.gov/dashboard/chemical/details/DTXSID0040599,Everolimus,159351-69-6,C53H83NO14,957.581356,39,93,42,Active,0.9996798701258686,-77.61451988990322,2.974597827787865,26.15255211836275,1.4175140762564364
https://comptox.epa.gov/dashboard/chemical/details/DTXSID5045750,Amperozide hydrochloride,75529-73-6,, ,57,244,23,Active,0.9999617108415818,-72.3896981423444,2.774355096879868,17.50919210000776,1.243266107556708
https://comptox.epa.gov/dashboard/chemical/details/DTXSID2037186,4'-(Acridin-9-ylamino)-3'-methoxymethanesulfonanilide hydrochloride,54301-15-4,C21H20ClN3O3S,429.091390,44,78,56,Active,0.9999999984476151,-60.778947741687006,2.3293698934698104,0.6462056220949933,-0.18962926786865186
https://comptox.epa.gov/dashboard/chemical/details/DTXSID5045756,Azepexole hydrochloride,36067-72-8,C9H17Cl2N3O,253.074868,2,244,1,Active,0.9999982244539624,-32.5883573213199,1.248957759922746,0.0001418084943522944,-3.8482977540624077
https://comptox.epa.gov/dashboard/chemical/details/DTXSID0045757,Butaclamol hydrochloride,36504-94-6,C25H32ClNO,397.217242,15,78,19,Active,0.9999999644316727,-90.2889015096521,3.4603469902917228,17.039139190382535,1.2314476506237615
https://comptox.epa.gov/dashboard/chemical/details/DTXSID4020379,Dehydroepiandrosterone,53-43-0,C19H28O2,288.208930,77,423,18,Active,0.999996263324247,-66.09860479760269,2.533247213661308,16.402334970234747,1.2149056768590305
https://comptox.epa.gov/dashboard/chemical/details/DTXSID0047797,Idarubicin hydrochloride,57852-57-0,C26H28ClNO9,533.145259,105,244,43,Active,0.9999999999999584,-109.1478534439203,4.183121511574662,0.6771171125706524,-0.16933621027421525
https://comptox.epa.gov/dashboard/chemical/details/DTXSID9044112,Oxfendazole,53716-50-0,C15H13N3O3S,315.067762,40,262,15,Active,0.9974351058974585,-34.271546608421254,1.3134664524234494,8.718000097144028,0.9404168695209764
https://comptox.epa.gov/dashboard/chemical/details/DTXSID8044204,Mibefradil dihydrochloride,116666-63-8,C29H40Cl2FN3O3,567.243076,133,244,55,Active,0.9999975619210679,-63.277146854735406,2.4251140617722937,9.841665233903555,0.9930685883407088
https://comptox.epa.gov/dashboard/chemical/details/DTXSID6045791,Octoclothepine maleate,4789-68-8,C23H25ClN2O4S,460.122356,94,244,39,Active,0.9972200748091496,-60.19428584123335,2.3069625652849974,31.237321362978793,1.4946737855396477
https://comptox.epa.gov/dashboard/chemical/details/DTXSID1045798,Salmeterol xinafoate,94749-08-3,C36H45NO7,603.319603,58,244,24,Active,0.9968570715804793,-57.15110625257826,2.190331870321961,35.77812551807501,1.5536175833391916
https://comptox.epa.gov/dashboard/chemical/details/DTXSID8045806,Trequinsin hydrochloride,78416-81-6,C24H28ClN3O3,441.181919,74,244,30,Active,0.9999998900015201,-94.79604687008535,3.6330845762187725,15.403200115394498,1.1876109577246485
https://comptox.epa.gov/dashboard/chemical/details/DTXSID3045807,N-alpha-p-Tosyl-L-lysine chloromethyl ketone hydrochloride,4272-74-6,C14H22Cl2N2O3S,368.072819,31,244,13,Active,0.997301933778258,-61.62825090825148,2.361919670985405,19.670265765512873,1.2938102277239119
https://comptox.epa.gov/dashboard/chemical/details/DTXSID6021244,Rifampicin,13292-46-1,C43H58N4O12,822.405123,106,653,16,Active,0.9992896438669499,-59.576786488851916,2.2832967327209386,19.15708812260535,1.2823294969977375
https://comptox.epa.gov/dashboard/chemical/details/DTXSID2045860,Fendiline hydrochloride,13636-18-5,C23H26ClN,351.175378,109,244,45,Active,0.9999032083693137,-88.83279826860134,3.404541432980945,28.085026948949988,1.4484748449390494
https://comptox.epa.gov/dashboard/chemical/details/DTXSID7045861,Puromycin dihydrochloride,58-58-2,C22H31Cl2N7O5,543.176372,39,78,50,Active,0.9999999999998975,-96.77264657413278,3.7088383036708765,2.677832974453523,0.42778348509744124
https://comptox.epa.gov/dashboard/chemical/details/DTXSID8023004,Estradiol valerate,979-32-8,C23H32O3,356.235145,18,78,23,Active,0.9963093437117999,-34.43161974974059,1.3196012996032183,0.44941453719582947,-0.34735288358173205
https://comptox.epa.gov/dashboard/chemical/details/DTXSID7023198,Lanatoside C,17575-22-3,C49H76O20,984.492995,18,78,23,Active,1,-94.75352700445663,3.6314549906706506,0.3083165218227438,-0.5110032020195441
https://comptox.epa.gov/dashboard/chemical/details/DTXSID4045846,Tyrothricin,1404-88-2,, ,47,78,60,Active,0.9999999999999101,-72.79133289576653,2.7897478593009755,1.098341614617553,0.040737438719453775
https://comptox.epa.gov/dashboard/chemical/details/DTXSID4045848,Acriflavine hydrochloride,69235-50-3,, ,112,259,43,Active,0.9999999745929132,-123.48919308107081,4.732757298702496,17.523916949267228,1.243631186268268
https://comptox.epa.gov/dashboard/chemical/details/DTXSID8045854,Benfluorex hydrochloride,23642-66-2,C19H21ClF3NO2,387.121291,34,244,14,Active,0.98666884819535,-43.68505244357164,1.674241653363002,28.82497813632892,1.4597689865556245
https://comptox.epa.gov/dashboard/chemical/details/DTXSID8045856,Oftasceine,1461-15-0,C30H26N2O13,622.143489,7,78,9,Active,0.9999911904423939,-76.95689921471555,2.949394334489234,19.15708812260535,1.2823294969977375
https://comptox.epa.gov/dashboard/chemical/details/DTXSID1023150,Iodamide,440-58-4,C12H11I3N2O4,627.785290,4,244,2,Active,0.9999999999987067,-38.29298129925118,1.4675890433111063,0.00011353074605332618,-3.9448865082237345
https://comptox.epa.gov/dashboard/chemical/details/DTXSID7045863,Pimethixene maleate,13187-06-9,C23H23NO4S,409.134779,52,244,21,Active,0.999334808227873,-63.337422550084845,2.4274241443793776,28.110414529318433,1.4488672499641888
https://comptox.epa.gov/dashboard/chemical/details/DTXSID7045867,Estradiol acetate,4245-41-4,C20H26O3,314.188195,47,256,18,Active,0.9910806680877393,-29.510211684335943,1.1309869815377818,0.21841348127200153,-0.660720558909862
https://comptox.epa.gov/dashboard/chemical/details/DTXSID5045881,Alexidine dihydrochloride,1715-30-6,C26H58Cl2N10,580.422297,147,244,60,Active,0.9999818412596366,-67.35013491571556,2.5812124497541222,6.405835628573563,0.8065757906313713
https://comptox.epa.gov/dashboard/chemical/details/DTXSID2023016,Ethisterone,434-03-7,C21H28O2,312.208930,30,332,9,Active,0.9491633722942746,-28.450465139386957,1.0903719036492303,0.16329566991268316,-0.7870253312336966
https://comptox.epa.gov/dashboard/chemical/details/DTXSID1021114,Perhexiline maleate,6724-53-4,C23H39NO4,393.287909,131,244,54,Active,0.995849783117713,-54.2344660819069,2.078550833366188,17.948213330144963,1.2540212228598207
https://comptox.epa.gov/dashboard/chemical/details/DTXSID9045895,Lasalocid sodium,25999-20-6,C34H53NaO8,612.363813,38,78,49,Active,0.9999998976470023,-102.6941692082091,3.9357822877283173,16.40456035962438,1.2149645958346769
https://comptox.epa.gov/dashboard/chemical/details/DTXSID9045899,Exalamide,53370-90-4,C13H19NO2,221.141579,32,244,13,Active,0.9995998903718939,-54.89554581915019,2.1038868961697443,18.2673850184783,1.261676382419469
https://comptox.epa.gov/dashboard/chemical/details/DTXSID1045902,Salinomycin sodium,55721-31-8,C42H69NaO11,772.473757,16,78,21,Active,0.9999999999999839,-68.73783905470005,2.634396592660513,2.865973903071209,0.45727223148917984
https://comptox.epa.gov/dashboard/chemical/details/DTXSID6045907,Clobetasol propionate,25122-46-7,C25H32ClFO5,466.192230,31,244,13,Active,0.9881995452216662,-45.19358985099766,1.7320567645255969,9.298771439673013,0.9684255730468267
https://comptox.epa.gov/dashboard/chemical/details/DTXSID7046413,Methisazone,1910-68-5,C10H10N4OS,234.057532,14,78,18,Active,0.9999999999998503,-112.4003804812144,4.30777550510165,2.863195078938612,0.45685093894731443
https://comptox.epa.gov/dashboard/chemical/details/DTXSID8023638,Teniposide,29767-20-2,C32H32O13S,656.156362,25,78,32,Active,1,-99.1333299097398,3.7993121419701086,0.2636252498462181,-0.5790129956572654
https://comptox.epa.gov/dashboard/chemical/details/DTXSID2048878,"2,5-Dimethoxy-4-propylthiophenethylamine hydrochloride",850140-15-7,C13H22ClNO2S,291.105978,23,78,29,Active,0.9999980878575992,-49.306639141258316,1.8896905101410915,7.579963257819097,0.87966710049154
https://comptox.epa.gov/dashboard/chemical/details/DTXSID6044226,Valdecoxib,181695-72-7,C16H14N2O3S,314.072513,14,244,6,Active,0.9946602698354031,-47.98467068175417,1.8390257052357317,19.15708812260535,1.2823294969977375
https://comptox.epa.gov/dashboard/chemical/details/DTXSID9045924,Olmesartan medoxomil,144689-63-4,C29H30N6O6,558.222683,3,78,4,Active,0.9999993027680246,-36.507032755719315,1.3991420740369733,0.00003468626777650643,-4.45984242749344
https://comptox.epa.gov/dashboard/chemical/details/DTXSID2045943,Oxiconazole nitrate,64211-46-7,C18H14Cl4N4O4,489.976916,112,244,46,Active,0.9995560255604051,-57.11168128964044,2.1888208977709254,27.85727945066197,1.44493870084397
https://comptox.epa.gov/dashboard/chemical/details/DTXSID7045944,Securinine,5610-40-2,C13H15NO2,217.110279,17,78,22,Active,0.9999999998117862,-94.39816944889907,3.617835814589307,5.373727843638256,0.7302756674936641
https://comptox.epa.gov/dashboard/chemical/details/DTXSID1045952,Topotecan hydrochloride,119413-54-6,C23H24ClN3O5,457.140449,88,259,34,Active,0.9999999999999999,-114.9860364421798,4.4068714811613425,1.195008282456052,0.07737091533645328
https://comptox.epa.gov/dashboard/chemical/details/DTXSID6045953,Irinotecan hydrochloride,100286-90-6,C33H39ClN4O6,622.255813,42,244,17,Active,0.9999999998295629,-73.00435837725908,2.797912119485926,3.436589287868701,0.5361276320294313
https://comptox.epa.gov/dashboard/chemical/details/DTXSID5042322,Potassium ricinoleate,7492-30-0,C18H33KO3,336.206676,17,78,22,Active,0.9999999999997958,-37.189739286324404,1.4253069896460007,0.00004917988494081109,-4.3082124916532045
https://comptox.epa.gov/dashboard/chemical/details/DTXSID5045962,alpha-Dihydroartemisinin,81496-81-3,C15H24O5,284.162374,18,78,23,Active,0.9999999999999777,-71.60722027491636,2.7443664173383957,0.4511716341613585,-0.3456582129131216
https://comptox.epa.gov/dashboard/chemical/details/DTXSID5022801,Chloroxine,773-76-2,C9H5Cl2NO,212.974819,76,244,31,Active,0.999888458461437,-72.80051908898615,2.7900999226833876,12.671944171786802,1.1028432508980117
https://comptox.epa.gov/dashboard/chemical/details/DTXSID4045973,Cloxyquin,130-16-5,C9H6ClNO,179.013791,54,244,22,Active,0.9999998436712596,-107.21150402122785,4.108910387228989,16.36789260869397,1.2139927669298753
https://comptox.epa.gov/dashboard/chemical/details/DTXSID3045980,Andrographolide,5508-58-7,C20H30O5,350.209324,8,78,10,Active,0.9999999572753341,-83.49192848663847,3.1998511292277256,10.158950386877326,1.006848839371617
https://comptox.epa.gov/dashboard/chemical/details/DTXSID6046008,Gramicidin S,113-73-5,C60H92N12O10,1140.705937,36,78,46,Active,1,-97.43615935848257,3.73426761367416,1.09660325455219,0.040049530469548324
https://comptox.epa.gov/dashboard/chemical/details/DTXSID5046013,Aurothioglucose,12192-57-3,C6H11AuO5S,391.999289,8,78,10,Active,0.9997159745640757,-41.88834951949755,1.6053825194958846,4.016191096936001,0.6038143690698132
https://comptox.epa.gov/dashboard/chemical/details/DTXSID3022904,Dexamethasone valerate,33755-46-3,C27H37FO6,476.257417,19,244,8,Active,0.9633927935438465,-41.709209723477024,1.5985169375291481,19.15708812260535,1.2823294969977375
https://comptox.epa.gov/dashboard/chemical/details/DTXSID9046029,Efavirenz,154598-52-4,C14H9ClF3NO2,315.027391,91,259,35,Active,0.9999043395814066,-77.0817017072794,2.954177424351924,22.882914546353557,1.3595113387742175
https://comptox.epa.gov/dashboard/chemical/details/DTXSID8046030,Tazobactam sodium,89785-84-2,C10H11N4NaO5S,322.034785,27,244,11,Active,1,-106.93316083788686,4.098242808150743,1.4398307026295534,0.15831143012566704
https://comptox.epa.gov/dashboard/chemical/details/DTXSID3022742,Carubicin,50935-04-1,C26H27NO10,513.163496,44,78,56,Active,0.9999999999959247,-78.65317739120218,3.014404662276593,0.2879097339053346,-0.5407436518641484
https://comptox.epa.gov/dashboard/chemical/details/DTXSID0022858,Cortisone acetate,50-04-4,C23H30O6,402.204239,6,256,2,Active,0.9251143078093252,-28.417665007550976,1.0891148295727706,0.1589660936174021,-0.7986954978503709
https://comptox.epa.gov/dashboard/chemical/details/DTXSID9025328,Fluorescein sodium,518-47-8,C20H10Na2O5,376.032362,40,244,16,Active,0.9999999999999758,-138.90764361219476,5.323673657172456,6.950310088298784,0.8420041810840527
https://comptox.epa.gov/dashboard/chemical/details/DTXSID1022897,Deslanoside,17598-65-1,C47H74O19,942.482430,71,244,29,Active,0.9999999999999865,-91.05686352483428,3.4897793458023267,1.0395518982501732,0.01684617578489384
https://comptox.epa.gov/dashboard/chemical/details/DTXSID9040502,Imatinib mesylate,220127-57-1,C30H35N7O4S,589.247124,52,256,20,Active,0.9996051220931611,-83.99571706918961,3.2191589652543695,29.533025164832424,1.4703079354548247
https://comptox.epa.gov/dashboard/chemical/details/DTXSID3023340,Mycophenolate mofetil,128794-94-5,C23H31NO7,433.210052,53,244,22,Active,0.9999999999999981,-58.99140367881486,2.2608617754780083,0.579395523382307,-0.23702486463428027
https://comptox.epa.gov/dashboard/chemical/details/DTXSID1044221,Indinavir sulfate,157810-81-6,C36H49N5O8S,711.330185,48,326,15,Active,0.9999999366775256,-118.64864970088544,4.547242141945269,20.94471692363743,1.3210744950704538
https://comptox.epa.gov/dashboard/chemical/details/DTXSID5046069,Benzoxiquine,86-75-9,C16H11NO2,249.078979,73,244,30,Active,0.9999999788329935,-108.82697063553331,4.17082358966319,10.633485689859207,1.0266756509511026
https://comptox.epa.gov/dashboard/chemical/details/DTXSID9022574,Allylestrenol,432-60-0,C21H32O,300.245316,10,78,13,Active,0.9999943920209479,-63.130369882500105,2.4194887939306615,11.582740426374574,1.0638113237479818
https://comptox.epa.gov/dashboard/chemical/details/DTXSID8022325,"2,2-Bis(4-hydroxyphenyl)-1,1,1-trichloroethane",2971-36-0,C14H11Cl3O2,315.982463,394,861,46,Active,0.9999999999995296,-78.20976750246247,2.9974108563014252,7.020187182661283,0.8463486920889398
https://comptox.epa.gov/dashboard/chemical/details/DTXSID7046091,Zaldaride,109826-26-8,C26H28N4O2,428.221226,66,244,27,Active,0.9996386641514896,-65.7572104147937,2.520163180017048,31.091769869127315,1.4926454445429698
https://comptox.epa.gov/dashboard/chemical/details/DTXSID2046092,Devazepide,103420-77-5,C25H20N4O2,408.158626,42,259,16,Active,0.9999999903393856,-66.60227583041669,2.5525505445619365,6.3427491889909,0.8022775384523512
https://comptox.epa.gov/dashboard/chemical/details/DTXSID2046094,Eplerenone,107724-20-9,C24H30O6,414.204239,4,256,2,Active,0.9986310826179753,-43.011546673733925,1.6484293594416621,11.161411171329618,1.0477191072518028
https://comptox.epa.gov/dashboard/chemical/details/DTXSID2040652,Artemisinin,63968-64-9,C15H22O5,282.146724,21,244,9,Active,0.9999999999624024,-66.46576430314312,2.547318702722652,1.205938174627088,0.08132504320499344
https://comptox.epa.gov/dashboard/chemical/details/DTXSID8032548,"4-(4-Chlorophenyl)-2-phenyl-2-(1H-1,2,4-triazol-1-ylmethyl)butyronitrile",114369-43-6,C19H17ClN4,336.114174,201,717,28,Active,0.9999996435549731,-101.20398179087672,3.8786704449844396,20.759026847155045,1.3172069905628985
https://comptox.epa.gov/dashboard/chemical/details/DTXSID7023302,Methylprednisolone acetate,53-36-1,C24H32O6,416.219889,9,78,12,Active,0.9949346527205777,-37.96124003112966,1.454874967942971,2.4009125774729156,0.38037634672411114
https://comptox.epa.gov/dashboard/chemical/details/DTXSID3046112,Phanquinone,84-12-8,C12H6N2O2,210.042927,32,93,34,Active,0.9996850085005989,-53.18116282502806,2.0381826962655776,8.967698016431852,0.9526809751438463
https://comptox.epa.gov/dashboard/chemical/details/DTXSID5022851,Clothiapine,2058-52-8,C18H18ClN3S,343.090997,17,244,7,Active,0.9907069284650156,-44.01412705879899,1.686853528525329,27.75669369334861,1.4433677328112107
https://comptox.epa.gov/dashboard/chemical/details/DTXSID4020115,Auranofin,34031-32-8,C20H34AuO9PS,678.132685,49,78,63,Active,0.9999999999999536,-115.73675222478273,4.435642870063631,1.2672781355608957,0.10287194202067076
https://comptox.epa.gov/dashboard/chemical/details/DTXSID2046127,Pravadoline,92623-83-1,C23H26N2O3,378.194343,24,244,10,Active,0.9885188429659116,-39.24050229718088,1.5039030462350842,30.436282570225057,1.483391607434028
https://comptox.epa.gov/dashboard/chemical/details/DTXSID6046137,Indocate,31386-25-1,C22H26N2O2,350.199428,60,244,25,Active,0.9698422337949356,-37.08914843892745,1.4214518177453466,19.15708812260535,1.2823294969977375
https://comptox.epa.gov/dashboard/chemical/details/DTXSID6046139,Guaiactamine,15687-23-7,C13H21NO2,223.157229,2,78,3,Active,0.9999999999999976,-43.504538292955104,1.6673233988782665,0.00004904220648174751,-4.3094299984959585
https://comptox.epa.gov/dashboard/chemical/details/DTXSID5046140,Chlormidazole,3689-76-7,C15H13ClN2,256.076726,44,259,17,Active,0.9999810852970763,-56.18241889380348,2.153206660795388,6.8755647333128955,0.8373083753006808
https://comptox.epa.gov/dashboard/chemical/details/DTXSID8046531,Piconol,586-98-1,C6H7NO,109.052764,5,244,2,Active,0.9999999401999685,-37.92052436404359,1.45331452880036,0.00010642700066963213,-3.9729481769824964
https://comptox.epa.gov/dashboard/chemical/details/DTXSID2046545,Diphenylcyclopropenone,886-38-4,C15H10O,206.073165,96,244,39,Active,0.9999999621985218,-120.47034321755142,4.617059047148786,15.474438632406024,1.1896149030381662
https://comptox.epa.gov/dashboard/chemical/details/DTXSID8046167,Rolicyclidine,2201-39-0,C16H23N,229.183050,21,78,27,Active,0.999970966395708,-35.305883696111906,1.3531077058720233,0.0001346468629452627,-3.8708037604955647
https://comptox.epa.gov/dashboard/chemical/details/DTXSID0025234,Eosin,17372-87-1,C20H6Br4Na2O5,687.674414,96,370,26,Active,0.9999945843910321,-68.88496594860997,2.640035271346594,9.619244471658947,0.9831409624042363
https://comptox.epa.gov/dashboard/chemical/details/DTXSID6032647,2-(Thiocyanomethylthio)benzothiazole,21564-17-0,C9H6N2S3,237.969312,366,758,48,Active,0.9998906719308834,-98.00994049760754,3.756257933687578,67.45460526190408,1.829011605180017
https://comptox.epa.gov/dashboard/chemical/details/DTXSID6046210,Flurogestone acetate,2529-45-5,C23H31FO5,406.215552,5,78,6,Active,0.9997807290328221,-42.069041166945794,1.6123075765955275,7.554897586156038,0.8782285814389394
https://comptox.epa.gov/dashboard/chemical/details/DTXSID2032552,Flufenacet,142459-58-3,C14H13F4N3O2S,363.066460,122,752,16,Active,0.9999972671165828,-63.85009149990316,2.4470723229246687,25.243586725707857,1.4021510615275448
https://comptox.epa.gov/dashboard/chemical/details/DTXSID1046213,Octaverine,549-68-8,C23H27NO5,397.188923,19,78,24,Active,0.9999436758639184,-83.53816195421282,3.2016230395920857,18.556765625759013,1.2685022825890622
https://comptox.epa.gov/dashboard/chemical/details/DTXSID9040760,"{4-[({2-[3-Fluoro-4-(trifluoromethyl)phenyl]-4-methyl-1,3-thiazol-5-yl}methyl)sulfanyl]-2-methylphenoxy}acetic acid",317318-84-6,C21H17F4NO3S2,471.058598,105,332,32,Active,0.9994120335175585,-73.9012836864608,2.8322870287197133,57.977472768763796,1.7632592805860476
https://comptox.epa.gov/dashboard/chemical/details/DTXSID8047686,(3aR)-(+)-Sclareolide,564-20-5,C16H26O2,250.193280,37,328,11,Active,0.9771625623034769,-38.40684252811016,1.471952806232189,63.031393156848715,1.7995569062632526
https://comptox.epa.gov/dashboard/chemical/details/DTXSID9046231,Bromebric acid,5711-40-0,C11H9BrO4,283.968422,23,78,29,Active,0.9535729881888617,-38.42394007464422,1.4726080744069179,33.509170405942925,1.5251636760423428
https://comptox.epa.gov/dashboard/chemical/details/DTXSID4046236,Acetomenaphthone,573-20-6,C15H14O4,258.089209,23,78,29,Active,0.9998961245492148,-80.15183205077267,3.071841014408721,27.803394331858872,1.4440978192852862
https://comptox.epa.gov/dashboard/chemical/details/DTXSID9046237,Halethazole hydrochloride,2607-31-0,C19H22Cl2N2OS,396.082990,23,78,29,Active,0.9998178100265358,-97.42945865155058,3.7340108072375187,29.469516813471213,1.4693730151521478
https://comptox.epa.gov/dashboard/chemical/details/DTXSID4032619,Halofenozide,112226-61-6,C18H19ClN2O2,330.113506,37,360,10,Active,0.927147014386871,-33.53789315745987,1.285348982075447,38.12462214559385,1.5812055480690257
https://comptox.epa.gov/dashboard/chemical/details/DTXSID6046268,Veralipride,66644-81-3,C17H25N3O5S,383.151492,2,78,3,Active,0.9045762965828841,-35.367338373542395,1.3554629732917207,29.8399591126102,1.4747982237208745
https://comptox.epa.gov/dashboard/chemical/details/DTXSID8047183,Triethanolamine Laurate,2224-49-9,C18H39NO5,349.282823,23,247,9,Active,0.987113584125955,-36.75782662100977,1.4087538179216708,20.940896205304032,1.320995264195232
https://comptox.epa.gov/dashboard/chemical/details/DTXSID6022391,Apigenin,520-36-5,C15H10O5,270.052823,169,424,40,Active,0.9999999181675738,-93.04571018445249,3.566002441196016,34.96981456307165,1.5436933293510449
https://comptox.epa.gov/dashboard/chemical/details/DTXSID5046277,Tenonitrozole,3810-35-3,C8H5N3O3S2,254.977233,66,244,27,Active,0.9844522351503427,-52.18500907601381,2.0000048297766293,19.15708812260535,1.2823294969977375
https://comptox.epa.gov/dashboard/chemical/details/DTXSID0046305,Pinokalant hydrochloride,143482-60-4,C41H49ClN2O9,748.312659,42,244,17,Active,0.9988336291555092,-57.48061608438022,2.202960425279245,30.085329692572625,1.4783547751057358
https://comptox.epa.gov/dashboard/chemical/details/DTXSID4046284,Nitroxoline,4008-48-4,C9H6N2O3,190.037842,81,244,33,Active,0.9999997014280957,-84.94531722674853,3.2555526525431473,11.091608096858137,1.0449945161186978
https://comptox.epa.gov/dashboard/chemical/details/DTXSID8046296,Fenoverine,37561-27-6,C26H25N3O3S,459.161663,17,244,7,Active,0.9910089699163076,-50.68459185133111,1.9425009268516658,30.70243179970092,1.4871727753262087
https://comptox.epa.gov/dashboard/chemical/details/DTXSID9023170,Isobutyl 4-aminobenzoate,94-14-4,C11H15NO2,193.110279,10,244,4,Active,0.9024985589167573,-34.67274126895397,1.3288423481634932,19.15708812260535,1.2823294969977375
https://comptox.epa.gov/dashboard/chemical/details/DTXSID0022721,Calcifediol,19356-17-3,C27H44O2,400.334131,34,78,44,Active,0.9972793107851183,-57.48511271863554,2.203132760024177,35.30266484910774,1.5478074896818892
https://comptox.epa.gov/dashboard/chemical/details/DTXSID5022722,Calcitriol,32222-06-3,C27H44O3,416.329045,33,78,42,Active,0.9988122533808239,-66.28021105818924,2.5402073235611016,29.38098032238622,1.4680662823153678
https://comptox.epa.gov/dashboard/chemical/details/DTXSID9046310,cis-Flupentixol,53772-82-0,C23H25F3N2OS,434.163969,97,244,40,Active,0.9936301814569894,-50.84056640861576,1.9484786946707184,31.299604423845793,1.4955388488043861
https://comptox.epa.gov/dashboard/chemical/details/DTXSID1047817,Trimetrexate trihydrochloride,NOCAS_47817,C19H26Cl3N5O3,477.110123,72,244,30,Active,0.9923527489069978,-43.90170508437357,1.6825449254263747,19.15708812260535,1.2823294969977375
https://comptox.epa.gov/dashboard/chemical/details/DTXSID5046308,Phenylmercury borate,102-98-7,C6H7BHgO3,340.019467,51,78,65,Active,0.9999999973449286,-89.56011272203713,3.432415959504819,6.1862299118242365,0.7914260565629103
https://comptox.epa.gov/dashboard/chemical/details/DTXSID1047819,Mefloquine hydrochloride,51773-92-3,C17H17ClF6N2O,414.093360,124,244,51,Active,0.9999979819718761,-81.21226482791754,3.1124823923349734,17.317201183161394,1.2384777024082694
https://comptox.epa.gov/dashboard/chemical/details/DTXSID0046309,Cilnidipine,132203-70-4,C27H28N2O7,492.189651,64,256,25,Active,0.9999941763396322,-109.12239449721626,4.182145790438062,18.166078548012727,1.2592611876952975
https://comptox.epa.gov/dashboard/chemical/details/DTXSID7020897,Misoprostol,59122-46-2,C22H38O5,382.271924,5,78,6,Active,0.999999857002528,-36.07047830262082,1.3824110045187963,0.000048924242498662394,-4.31047588986409
https://comptox.epa.gov/dashboard/chemical/details/DTXSID9046318,(+/-) -Niguldipine hydrochloride (1:x),102992-93-8,, ,118,244,48,Active,0.9999999851899023,-102.72793651604786,3.937076429091169,13.267210113579434,1.1227796071400722
https://comptox.epa.gov/dashboard/chemical/details/DTXSID3046322,Dihydroergocristine,17479-19-5,C35H41N5O5,611.310769,12,78,15,Active,0.9991957257230788,-56.043647188631745,2.147888197016345,19.15708812260535,1.2823294969977375
https://comptox.epa.gov/dashboard/chemical/details/DTXSID5046354,Tacrolimus,104987-11-3,C44H69NO12,803.481977,12,78,15,Active,0.9999921728241944,-80.1954402178221,3.073512309408201,13.943693547699814,1.1443778293511158
https://comptox.epa.gov/dashboard/chemical/details/DTXSID1021243,Rhodamine 6G,989-38-8,C28H31ClN2O3,478.202321,220,377,58,Active,1,-105.2391465723017,4.033319245371522,0.13563505886958882,-0.8676280397783416
https://comptox.epa.gov/dashboard/chemical/details/DTXSID9041075,Neostigmine bromide,114-80-7,C12H19BrN2O2,302.062991,5,244,2,Active,0.9999999862340926,-35.72667505052101,1.3692346502962467,0.0000490421543785188,-4.309430459897644
https://comptox.epa.gov/dashboard/chemical/details/DTXSID5046352,Tanespimycin,75747-14-7,C31H43N3O8,585.305015,28,78,36,Active,1,-95.34201665191875,3.654009018312638,0.22418191292225353,-0.6493994293633802
https://comptox.epa.gov/dashboard/chemical/details/DTXSID5046358,MK-571 sodium,115103-85-0,C26H26ClN2NaO3S2,536.097107,36,78,46,Active,0.9996643476988343,-77.90750897512159,2.985826715084886,26.836966127097163,1.4287334180270002
https://comptox.epa.gov/dashboard/chemical/details/DTXSID4046363,Chromomycin A3,7059-24-7,C57H82O26,1182.509433,19,78,24,Active,1,-123.24462412889457,4.723384126325475,0.4481897454352517,-0.34853808432891853
https://comptox.epa.gov/dashboard/chemical/details/DTXSID9020114,Auramine hydrochloride,2465-27-2,C17H22ClN3,303.150225,155,408,38,Active,0.9999999999976418,-92.04502865183002,3.5276510461546167,8.4480582776936,0.926756901116992
https://comptox.epa.gov/dashboard/chemical/details/DTXSID2020212,4-Methyl-2-tert-butylphenol,2409-55-4,C11H16O,164.120115,177,480,37,Active,0.9240545954511301,-34.78896490077681,1.3332966508281008,38.3161358045977,1.583381703867863
https://comptox.epa.gov/dashboard/chemical/details/DTXSID8020674,Griseofulvin,126-07-8,C17H17ClO6,352.071366,62,443,14,Active,0.999999998168625,-66.22033090566167,2.537912400241486,7.026679371110742,0.8467501370388214
https://comptox.epa.gov/dashboard/chemical/details/DTXSID4027604,2-[4-(Diethylamino)-2-hydroxybenzoyl]benzoic acid,5809-23-4,C18H19NO4,313.131408,21,326,6,Active,0.9813083428082036,-38.84686282531362,1.4888167051791983,35.789161774833744,1.5537515268105868
https://comptox.epa.gov/dashboard/chemical/details/DTXSID5037028,Hexadecyltrimethylammonium bromide,57-09-0,C19H42BrN,363.250063,205,379,54,Active,0.9999999327100126,-89.47412886009378,3.4291206043402913,10.452595213304608,1.0192241322544506
https://comptox.epa.gov/dashboard/chemical/details/DTXSID9023413,Paclitaxel,33069-62-4,C47H51NO14,853.330955,21,78,27,Active,0.9999999999999053,-43.28240808573333,1.6588101975748861,0.028505517750302002,-1.545071066427711
https://comptox.epa.gov/dashboard/chemical/details/DTXSID0040757,Ciglitizone,74772-77-3,C18H23NO3S,333.139865,43,244,18,Active,0.9999118624009976,-44.835475769099716,1.718331943813893,4.179012717074893,0.6210736927389953
https://comptox.epa.gov/dashboard/chemical/details/DTXSID7046386,Cyclovalone,579-23-7,C22H22O5,366.146724,120,244,49,Active,0.9999999870158869,-109.3681860675294,4.191565819991541,8.054263163465915,0.9060258155587126
https://comptox.epa.gov/dashboard/chemical/details/DTXSID1046390,Sulfisomidine,515-64-0,C12H14N4O2S,278.083747,2,244,1,Active,1,-44.855744965660854,1.719108766348482,0.00011561414205346783,-3.936989039270753
https://comptox.epa.gov/dashboard/chemical/details/DTXSID1041897,Dipyrithione,3696-28-4,C10H8N2O2S2,252.002720,113,244,46,Active,1,-114.89159155017909,4.403251854692101,0.07967677520148413,-1.0986682516493944
https://comptox.epa.gov/dashboard/chemical/details/DTXSID6046391,Nithiamide,140-40-9,C5H5N3O3S,187.005162,2,244,1,Active,0.9999975251117866,-34.90698712293508,1.337819884962135,0.00013387380455017226,-3.8733043942522007
https://comptox.epa.gov/dashboard/chemical/details/DTXSID6046399,Nifuraldezone,3270-71-1,C7H6N4O5,226.033819,30,244,12,Active,0.9559620569458809,-34.02393849293509,1.3039768032764525,36.16183546038876,1.5582504657770078
https://comptox.epa.gov/dashboard/chemical/details/DTXSID3046401,Tiliquinol,5541-67-3,C10H9NO,159.068414,61,244,25,Active,0.9996073470564064,-92.32247145842324,3.5382841180462963,29.377247105545788,1.4680110963253643
https://comptox.epa.gov/dashboard/chemical/details/DTXSID1046421,4-Hydroxyphenylsulfonic acid,98-67-9,C6H6O4S,173.998680,3,244,1,Active,1,-46.81150279979441,1.7940637234022019,0.00004904226159481846,-4.309429510441059
https://comptox.epa.gov/dashboard/chemical/details/DTXSID1046427,Lomerizine dihydrochloride,101477-54-7,C27H32Cl2F2N2O3,540.175805,101,244,41,Active,0.9999906711030094,-90.98521547749215,3.487033414676405,23.00540924773951,1.3618299634192943
https://comptox.epa.gov/dashboard/chemical/details/DTXSID5023746,Zafirlukast,107753-78-6,C31H33N3O6S,575.209007,45,244,18,Active,0.9758618410069919,-46.63337077383551,1.787236764500331,29.705690686202125,1.4728396545992262
https://comptox.epa.gov/dashboard/chemical/details/DTXSID5046437,Clofarabine,123318-82-1,C10H11ClFN5O3,303.053445,35,244,14,Active,0.9999989757155762,-73.41176536172563,2.8135261042498447,9.725932194567918,0.9879312375098015
https://comptox.epa.gov/dashboard/chemical/details/DTXSID9046443,Duloxetine hydrochloride,136434-34-9,C18H20ClNOS,333.095413,100,244,41,Active,0.9999997884195131,-92.31996044476419,3.538187882756993,16.288752902760706,1.2118878351874456
https://comptox.epa.gov/dashboard/chemical/details/DTXSID9046445,Levosimendan,141505-33-1,C14H12N6O,280.107259,90,256,35,Active,0.9999999999995447,-99.9060022666066,3.8289250226216676,5.330616970091971,0.7267774775443313
https://comptox.epa.gov/dashboard/chemical/details/DTXSID4046448,Pitavastatin calcium,147526-32-7,C50H46CaF2N2O8,880.284814,81,403,20,Active,0.9999999999829094,-57.9634867722897,2.221466577238897,1.1216019339155767,0.049838749452950186
https://comptox.epa.gov/dashboard/chemical/details/DTXSID9046449,Perospirone hydrochloride,129273-38-7,C23H31ClN4O2S,462.185625,42,244,17,Active,0.9996544972271446,-75.77224808380628,2.9039922539804865,26.36794205206776,1.4210762355838125
https://comptox.epa.gov/dashboard/chemical/details/DTXSID3046453,Rimonabant,168273-06-1,C22H21Cl3N4O,462.078094,68,244,28,Active,0.999999853143212,-86.32407304653773,3.308393848654551,16.45718937920426,1.2163556667614952
https://comptox.epa.gov/dashboard/chemical/details/DTXSID8046454,Erlotinib,183321-74-6,C22H23N3O4,393.168856,38,244,16,Active,0.9999999581561466,-72.10163476435724,2.763314988667625,6.871390107698763,0.8370446053319962
https://comptox.epa.gov/dashboard/chemical/details/DTXSID3046455,Telithromycin,191114-48-4,C43H65N5O10,811.473143,9,78,12,Active,0.9995372856634704,-60.66457493999688,2.3249865243792325,13.878325290848293,1.1423370626012146
https://comptox.epa.gov/dashboard/chemical/details/DTXSID8046456,Lopinavir,192725-17-0,C37H48N4O5,628.362471,73,244,30,Active,0.9999998247646369,-136.2622035114045,5.222286437506393,23.759764558698166,1.375842132800536
https://comptox.epa.gov/dashboard/chemical/details/DTXSID1021247,C.I. Basic Red 9 monohydrochloride,569-61-9,C19H18ClN3,323.118925,126,334,38,Active,0.9999999999999977,-80.74716272403215,3.0946572262464693,3.2843042473397492,0.5164433819493561
https://comptox.epa.gov/dashboard/chemical/details/DTXSID8046458,Estramustine,2998-57-4,C23H31Cl2NO3,439.168099,20,244,8,Active,0.999996799150742,-48.44164339194934,1.856539310074531,7.200132700393068,0.8573405006697927
https://comptox.epa.gov/dashboard/chemical/details/DTXSID3023051,Feprazone,30748-29-9,C20H20N2O2,320.152478,42,244,17,Active,0.9999921181948633,-93.549146223835,3.5852967659087316,17.958648989752426,1.2542736620437165
https://comptox.epa.gov/dashboard/chemical/details/DTXSID2046460,Halometasone hydrate,1310709-74-0,C22H29ClF2O6,462.162073,22,256,9,Active,0.9861106630657549,-34.27973442480131,1.3137802527388156,3.4168678735997897,0.5336281854490541
https://comptox.epa.gov/dashboard/chemical/details/DTXSID4022367,Estrone,53-16-7,C18H22O2,270.161980,121,686,18,Active,0.9999999999998886,-76.77928314491757,2.9425871497491785,0.5066139149911517,-0.29532288576363336
https://comptox.epa.gov/dashboard/chemical/details/DTXSID3042681,Artesunate,88495-63-0,C19H28O8,384.178418,14,78,18,Active,0.9999999989302323,-62.62148310739257,2.3999855682716986,0.9832248353193007,-0.007347160119662307
https://comptox.epa.gov/dashboard/chemical/details/DTXSID6046470,Liranaftate,88678-31-3,C18H20N2O2S,328.124549,20,244,8,Active,0.9951633716913778,-46.617319823302005,1.7866216074052588,27.3905195836505,1.4376002706684203
https://comptox.epa.gov/dashboard/chemical/details/DTXSID6046472,Ebastine,90729-43-4,C32H39NO2,469.298079,114,244,47,Active,0.9130549187166164,-33.47793304721413,1.2830509943542847,32.34307464327661,1.5097813030514498
https://comptox.epa.gov/dashboard/chemical/details/DTXSID7043952,Triclabendazole,68786-66-3,C14H9Cl3N2OS,357.950117,34,78,44,Active,0.9999606658386563,-88.91765394210506,3.4077935500131407,18.673240834140728,1.2712196984654007
https://comptox.epa.gov/dashboard/chemical/details/DTXSID0034192,17beta-Trenbolone,10161-33-8,C18H22O2,270.161980,189,717,26,Active,0.9986179385934112,-74.57802243771911,2.858223227543443,49.59078583848317,1.695400990376466
https://comptox.epa.gov/dashboard/chemical/details/DTXSID3037094,4-Hydroxytamoxifen,68392-35-8,C26H29NO2,387.219829,361,715,50,Active,0.999511485056433,-103.13326650817113,3.952610812552117,22.65616294743299,1.3551863595494218
https://comptox.epa.gov/dashboard/chemical/details/DTXSID5023667,Tibolone,5630-53-5,C21H28O2,312.208930,31,244,13,Active,0.9999963397790604,-34.76636473689344,1.332430493329601,0.09342364993197608,-1.0295431694358252
https://comptox.epa.gov/dashboard/chemical/details/DTXSID0020103,Arsenic oxide (As2O3),1327-53-3,As2O3,197.827934,16,84,19,Active,0.9998685207162492,-91.91731719350558,3.5227564693788485,30.293247781499883,1.4813458371483272
https://comptox.epa.gov/dashboard/chemical/details/DTXSID8033562,Hydroxyflutamide,52806-53-8,C11H11F3N2O4,292.067091,130,676,19,Active,0.9999999999999926,-71.56564260895053,2.7427729418515683,1.7661788012193076,0.24703466778750355
https://comptox.epa.gov/dashboard/chemical/details/DTXSID6040371,Fenaminosulf,140-56-7,C8H10N3NaO3S,251.034057,93,653,14,Active,0.9996589535188078,-37.12388216081063,1.422782997192327,12.867235031440728,1.10948523380443
https://comptox.epa.gov/dashboard/chemical/details/DTXSID5024687,4-tert-Butylcatechol,98-29-3,C10H14O2,166.099380,153,464,33,Active,0.9996453417666966,-86.98939932322926,3.333892661250753,58.77402014616001,1.769185397496458
https://comptox.epa.gov/dashboard/chemical/details/DTXSID6046507,Triparanol,78-41-1,C27H32ClNO2,437.212157,120,244,49,Active,0.9999484052118871,-87.5987514975026,3.3572462509723984,30.026315984227324,1.4775020506182812
https://comptox.epa.gov/dashboard/chemical/details/DTXSID9024986,"4,4'-Dichlorodiphenyl sulfone",80-07-9,C12H8Cl2O2S,285.962206,46,510,9,Active,0.9962474834249951,-47.924080081022105,1.8367035537932233,30.26548479555403,1.480947634876613
https://comptox.epa.gov/dashboard/chemical/details/DTXSID7020342,Colcemid,477-30-5,C21H25NO5,371.173273,9,78,12,Active,0.9999999995120059,-47.06796516719497,1.8038927141897654,0.08822939434053279,-1.054386702020773
https://comptox.epa.gov/dashboard/chemical/details/DTXSID9022312,4-Octylphenol,1806-26-4,C14H22O,206.167065,200,621,32,Active,0.973283263357804,-35.22521886115808,1.35001620388022,17.397474188990312,1.240486200845317
https://comptox.epa.gov/dashboard/chemical/details/DTXSID9046528,Didecyldimethylammonium bromide,2390-68-3,C22H48BrN,405.297014,43,78,55,Active,0.9999999934205566,-83.69253084551704,3.207539269820694,7.970463067322822,0.9014835537350048
https://comptox.epa.gov/dashboard/chemical/details/DTXSID1020807,2-Mercaptobenzothiazole,149-30-4,C7H5NS2,166.986342,86,632,14,Active,0.9998620426294822,-90.65761263208918,3.4744779454975054,58.6380805125786,1.7681797454591432
https://comptox.epa.gov/dashboard/chemical/details/DTXSID6046553,Quinestrol,152-43-2,C25H32O2,364.240230,63,256,25,Active,0.9998987804767252,-38.815023177865555,1.4875964419311503,6.811930119882421,0.8332701841077794
https://comptox.epa.gov/dashboard/chemical/details/DTXSID6024460,C.I. Solvent Yellow 1,60-09-3,C12H11N3,197.095297,197,638,31,Active,0.9977491178680908,-55.29936906156851,2.1193635330337193,50.58873556468288,1.7040538246122918
https://comptox.epa.gov/dashboard/chemical/details/DTXSID2041759,Quaternium 17,124-03-8,C20H44BrN,377.265713,293,464,63,Active,0.9999999999323871,-88.58800924230715,3.3951598262028075,6.083078731238826,0.784123437426478
https://comptox.epa.gov/dashboard/chemical/details/DTXSID9020453,Dieldrin,60-57-1,C12H8Cl6O,377.870631,203,672,30,Active,0.9942002320407407,-55.82658151252655,2.139569095261342,58.85509570823763,1.7697840702748344
https://comptox.epa.gov/dashboard/chemical/details/DTXSID0046565,Xenalipin,84392-17-6,C14H9F3O2,266.055464,5,244,2,Active,0.999998254235974,-37.212944397895384,1.4261963319310593,0.00014435050645278266,-3.840581688061314
https://comptox.epa.gov/dashboard/chemical/details/DTXSID4043777,Proflavin hemisulfate,1811-28-5,C26H24N6O4S,516.157974,112,259,43,Active,0.9999981359759227,-117.34265761293024,4.4971896358748795,17.41043630922969,1.240809654765611
https://comptox.epa.gov/dashboard/chemical/details/DTXSID9046576,Carbocyanine,605-91-4,C25H25IN2,480.106240,132,244,54,Active,0.9999999869984834,-82.67806162843235,3.168659457979065,6.905825654485184,0.8392156098879204
https://comptox.epa.gov/dashboard/chemical/details/DTXSID3032751,"1,3-Diiminobenz(f)isoindoline",65558-69-2,C12H9N3,195.079647,137,247,55,Active,0.9979994251516509,-53.828014670879924,2.062973471217235,34.03889014727074,1.531975391284057
https://comptox.epa.gov/dashboard/chemical/details/DTXSID2046591,"3,3'-Diethylthiacarbocyanine iodide",905-97-5,C21H21IN2S2,492.019090,121,244,50,Active,1,-107.18544957954772,4.107911843583601,1.310129384643645,0.11731418745885845
https://comptox.epa.gov/dashboard/chemical/details/DTXSID5039721,Polyoxyethylene (9) lauryl ether,3055-99-0,C30H62O10,582.434298,116,244,48,Active,0.9999999781626107,-70.62307718355393,2.70664886260828,5.083664379188931,0.7061768709383052
https://comptox.epa.gov/dashboard/chemical/details/DTXSID3024491,2-Amino-6-nitrobenzothiazole,6285-57-0,C7H5N3O2S,195.010248,29,328,9,Active,0.9907175565080718,-46.273350872216135,1.7734389027234818,40.849282007202476,1.6111844275012281
https://comptox.epa.gov/dashboard/chemical/details/DTXSID9047833,Lofepramine hydrochloride,26786-32-3,C26H28Cl2N2O,454.157869,28,244,11,Active,0.9564942433998261,-37.03592196251558,1.4194118983933988,36.18073529524341,1.5584773887101373
https://comptox.epa.gov/dashboard/chemical/details/DTXSID4046606,Benzyldimethyltetradecylammonium chloride dihydrate,147228-81-7,C23H46ClNO2,403.321707,103,244,42,Active,0.9999939081316497,-112.83741957048954,4.3245251484346285,20.793309916971733,1.317923626621516
https://comptox.epa.gov/dashboard/chemical/details/DTXSID7031458,Indole-3-carbinol,700-06-1,C9H9NO,147.068414,92,466,20,Active,0.9999782479759874,-71.0352770056225,2.722446534191883,29.14925162500269,1.4646274092046763
https://comptox.epa.gov/dashboard/chemical/details/DTXSID3046619,Tioconazole,65899-73-2,C16H13Cl3N2OS,385.981417,103,244,42,Active,0.999727713426915,-78.013469098782,2.9898876659755116,29.42207631336507,1.4686733175967748
https://comptox.epa.gov/dashboard/chemical/details/DTXSID8041115,Rifapentine,61379-65-5,C47H64N4O12,876.452074,37,78,47,Active,0.9999997168737572,-93.58197199567168,3.5865548226452724,16.7877874151419,1.2249934610746347
https://comptox.epa.gov/dashboard/chemical/details/DTXSID2046624,Nilvadipine,75530-68-6,C19H19N3O6,385.127385,14,78,18,Active,0.9996311864953631,-78.21881341803567,2.9977575435044455,29.863488128421324,1.4751405330089518
https://comptox.epa.gov/dashboard/chemical/details/DTXSID3020120,Azelnidipine,123524-52-7,C33H34N4O6,582.247835,135,244,55,Active,0.9989165395493713,-59.305924894593495,2.2729158876025877,22.305781864222475,1.3484174507727136
https://comptox.epa.gov/dashboard/chemical/details/DTXSID7046627,Bosentan,147536-97-8,C27H29N5O6S,551.183855,21,345,6,Active,0.9543740473485282,-39.020893360191934,1.495486473307019,19.15708812260535,1.2823294969977375
https://comptox.epa.gov/dashboard/chemical/details/DTXSID1046633,Prosultiamine,59-58-5,C15H24N4O2S2,356.134068,38,244,16,Active,0.999762923142417,-58.40420701994734,2.238357301979631,36.41748135311631,1.5613099065256892
https://comptox.epa.gov/dashboard/chemical/details/DTXSID6022898,Desogestrel,54024-22-5,C22H30O,310.229666,29,78,37,Active,0.9959900836575513,-51.51083442037796,1.9741669006230547,6.173873145257265,0.7905577017769867
https://comptox.epa.gov/dashboard/chemical/details/DTXSID3022796,Chlormadinone,1961-77-9,C21H27ClO3,362.164872,20,78,26,Active,0.9999999999808142,-48.5864199002463,1.8620879095853666,0.5566024221288,-0.2544549081081859
https://comptox.epa.gov/dashboard/chemical/details/DTXSID4046658,Aclarubicin hydrochloride,75443-99-1,C42H54ClNO15,847.318198,37,78,47,Active,1,-111.40939022803195,4.269795531011017,0.9325369116816988,-0.030333968932234646
https://comptox.epa.gov/dashboard/chemical/details/DTXSID6046636,Halobetasol propionate,66852-54-8,C25H31ClF2O5,484.182808,12,78,15,Active,0.9993997074930109,-58.87240478496005,2.2563011101325054,13.317172744373067,1.1244120332541847
https://comptox.epa.gov/dashboard/chemical/details/DTXSID4023094,Gestrinone,16320-04-0,C21H24O2,308.177630,54,256,21,Active,0.9999999999999913,-47.51792887359524,1.821137697029835,0.019544635440574297,-1.7089724259031847
https://comptox.epa.gov/dashboard/chemical/details/DTXSID0046648,Calcipotriene,112965-21-6,C27H40O3,412.297745,95,244,39,Active,0.960950781744724,-37.62452912799123,1.441970429945586,19.335015648196894,1.286344527892033
https://comptox.epa.gov/dashboard/chemical/details/DTXSID9046651,Anethole trithione,532-11-6,C10H8OS3,239.973728,30,244,12,Active,0.999471447082168,-59.94818306510868,2.297530608683173,19.15708812260535,1.2823294969977375
https://comptox.epa.gov/dashboard/chemical/details/DTXSID9047839,Sorafenib tosylate,475207-59-1,C28H24ClF3N4O6S,636.105718,102,244,42,Active,0.9999999999999098,-93.28193972655701,3.5750560033877323,4.758660503545399,0.6774847220931091
https://comptox.epa.gov/dashboard/chemical/details/DTXSID3046665,Lercanidipine hydrochloride,132866-11-6,C36H42ClN3O6,647.276214,50,244,20,Active,0.9999979926138193,-98.71304339478588,3.7832045456568952,20.272533184704102,1.3069080200003813
https://comptox.epa.gov/dashboard/chemical/details/DTXSID9020796,Manidipine dihydrochloride,89226-75-5,C35H40Cl2N4O6,682.232490,67,256,26,Active,0.999999921888733,-81.2294497064243,3.1131410075315826,8.756505709463706,0.9423308351808896
https://comptox.epa.gov/dashboard/chemical/details/DTXSID9022609,Androstenediol,521-17-5,C19H30O2,290.224580,11,244,5,Active,0.999998959827,-37.02640121861481,1.4190470132640913,0.7602086346058727,-0.1190672018989405
https://comptox.epa.gov/dashboard/chemical/details/DTXSID8046666,C.I. Basic Violet 1,8004-87-3,, ,47,85,55,Active,0.9999999892946478,-92.37859517298301,3.5404350748473394,1.4066393870537586,0.1481827738484797
https://comptox.epa.gov/dashboard/chemical/details/DTXSID9048649,Aranidipine,86780-90-7,C19H20N2O7,388.127051,29,256,11,Active,0.9999999999998351,-49.873994165636574,1.911434547538914,0.00012738070182250795,-3.8948963626351367
https://comptox.epa.gov/dashboard/chemical/details/DTXSID6023024,Ethylestrenol,965-90-2,C20H32O,288.245316,60,271,22,Active,0.999999999999809,-98.23217156931517,3.764775000650128,1.7578781683821534,0.2449887725393291
https://comptox.epa.gov/dashboard/chemical/details/DTXSID1046683,Deslorelin acetate,82318-06-7,C66H87N17O14,1341.661841,47,78,60,Active,0.9997871339703428,-89.39316659660767,3.4260177033181605,26.873972783492356,1.4293318729985678
https://comptox.epa.gov/dashboard/chemical/details/DTXSID0046690,Amorolfine,78613-35-1,C21H35NO,317.271865,51,244,21,Active,0.9975544763638297,-51.147566679620574,1.9602445645177082,29.747034411318687,1.473443675846169
https://comptox.epa.gov/dashboard/chemical/details/DTXSID2022048,Flavone,525-82-6,C15H10O2,222.068080,70,373,19,Active,0.9990830185040771,-64.82080874869135,2.484275328544461,44.801002138119635,1.6512877286898349
https://comptox.epa.gov/dashboard/chemical/details/DTXSID7025421,Benzohydroxamic acid,495-18-1,C7H7NO2,137.047678,40,440,9,Active,0.9999999995854336,-102.78075307338496,3.9391006381818006,32.35411324989412,1.5099295013316074
https://comptox.epa.gov/dashboard/chemical/details/DTXSID2046707,Narasin,55134-13-9,C43H72O11,764.507463,28,78,36,Active,0.9999999999997735,-64.80403699801448,2.4836325465855906,0.7292854361355428,-0.1371024592316321
https://comptox.epa.gov/dashboard/chemical/details/DTXSID7046708,Polyethylene glycol polymer with hexadecyl ether,NOCAS_46708,, ,46,78,59,Active,0.9998617282160932,-103.60563533220477,3.970714477689495,30.955045785695294,1.4907314507155887
https://comptox.epa.gov/dashboard/chemical/details/DTXSID6046719,Nitroblue tetrazolium dichloride,298-83-9,C40H30Cl2N10O6,816.172684,45,78,58,Active,0.999999941495724,-66.0453535662224,2.5312063455683855,12.724805081840817,1.104651138550698
https://comptox.epa.gov/dashboard/chemical/details/DTXSID9032589,Bromadiolone,28772-56-7,C30H23BrO4,526.077972,210,489,43,Active,0.9970032056872785,-55.64035551168114,2.132431932545163,19.15708812260535,1.2823294969977375
https://comptox.epa.gov/dashboard/chemical/details/DTXSID0046723,Flavin adenine dinucleotide disodium,84366-81-4,C27H31N9Na2O15P2,829.121024,5,78,6,Active,0.9950173711906801,-46.50470728456424,1.7823057008766068,16.26371867521525,1.2112198534030805
https://comptox.epa.gov/dashboard/chemical/details/DTXSID5046726,Aprindine hydrochloride,33237-74-0,C22H31ClN2,358.217577,69,244,28,Active,0.9999399392226733,-107.66681479022304,4.126360297714072,29.12257745642455,1.4642298090189747
https://comptox.epa.gov/dashboard/chemical/details/DTXSID4046735,Piroctone olamine,68890-66-4,C17H32N2O3,312.241293,31,78,40,Active,0.9999999921442313,-61.53818331696294,2.3584678057702235,3.428663048281194,0.5351248069398187
https://comptox.epa.gov/dashboard/chemical/details/DTXSID2046751,Valnemulin,101312-92-9,C31H52N2O5S,564.359694,13,78,17,Active,0.996729163307636,-58.00952126358988,2.2232308617828083,29.80688604313813,1.4743166071993024
https://comptox.epa.gov/dashboard/chemical/details/DTXSID7046752,Rubitecan,91421-42-0,C20H15N3O6,393.096085,36,78,46,Active,1,-91.48782115656644,3.506295915601863,0.11630241767126555,-0.9344112571513778
https://comptox.epa.gov/dashboard/chemical/details/DTXSID2046755,Pirarubicin,72496-41-4,C32H37NO12,627.231576,101,244,41,Active,0.9999855714365515,-78.8077322648392,3.0203280203292726,13.209794809899778,1.1208960716932277
https://comptox.epa.gov/dashboard/chemical/details/DTXSID6046763,Triazolam,28911-01-5,C17H12Cl2N4,342.043902,4,78,5,Active,0.9810506104568256,-39.282492393910196,1.5055123282443885,31.63382161046689,1.5001516612195847
https://comptox.epa.gov/dashboard/chemical/details/DTXSID1046764,alpha-Ethyltryptamine,2235-90-7,C12H16N2,188.131349,2,78,3,Active,0.9896038661171239,-38.91492587860892,1.4914252404219852,19.15708812260535,1.2823294969977375
https://comptox.epa.gov/dashboard/chemical/details/DTXSID0023294,Methyldigoxin,30685-43-9,C42H66O14,794.445257,23,78,29,Active,0.9999999999999999,-90.38280266626191,3.4639457779525173,0.3340992382417158,-0.4761245145677847
https://comptox.epa.gov/dashboard/chemical/details/DTXSID4046787,Diclazuril,101831-37-2,C17H9Cl3N4O2,405.979109,24,78,31,Active,0.9748654455595823,-46.54411332943432,1.7838159483874916,31.654805562020655,1.5004396502346549
https://comptox.epa.gov/dashboard/chemical/details/DTXSID5046778,Lestaurtinib,111358-88-4,C26H21N3O4,439.153206,46,78,59,Active,0.9999409623006835,-114.4664564713378,4.386958435833987,14.09601168089,1.149096250953328
https://comptox.epa.gov/dashboard/chemical/details/DTXSID6022892,Delavirdine,136817-59-9,C22H28N6O3S,456.194360,11,244,5,Active,0.9906078116502537,-43.29319803186065,1.6592237252287039,33.81651540258283,1.529128854018736
https://comptox.epa.gov/dashboard/chemical/details/DTXSID9046782,Etonogestrel,54048-10-1,C22H28O2,324.208930,14,93,15,Active,0.9999979110001338,-42.360681818250605,1.6234847847918354,0.1502698837460694,-0.8231280495757842
https://comptox.epa.gov/dashboard/chemical/details/DTXSID8020383,Deserpidine,131-01-1,C32H38N2O8,578.262816,28,78,36,Active,0.9999999999999999,-93.74213903955962,3.592693268666817,2.282326917547789,0.35837785231626657
https://comptox.epa.gov/dashboard/chemical/details/DTXSID3047849,"2'-Deoxy-2',2'-difluorocytidine monohydrochloride",122111-03-9,C9H12ClF2N3O4,299.048440,28,244,11,Active,0.9999999999212945,-59.895099678566396,2.2954961732898433,0.6152760109564864,-0.21093001732270028
https://comptox.epa.gov/dashboard/chemical/details/DTXSID3046792,Cinacalcet hydrochloride,364782-34-3,C22H23ClF3N,393.147112,147,244,60,Active,0.9999602097160346,-76.62817293507882,2.9367958093842508,16.86378721649822,1.2269551137362198
https://comptox.epa.gov/dashboard/chemical/details/DTXSID0022569,Alfacalcidol,41294-56-8,C27H44O2,400.334131,20,78,26,Active,0.9999999974653314,-75.0356028799099,2.8757601238781714,8.913797951268382,0.9500627857246127
https://comptox.epa.gov/dashboard/chemical/details/DTXSID0046804,Pimobendan hydrochloride,77469-98-8,C19H19ClN4O2,370.119654,43,244,18,Active,0.998846117225089,-57.13037337656982,2.189537277144989,17.76812435561638,1.2496415850929274
https://comptox.epa.gov/dashboard/chemical/details/DTXSID5046807,Zeaxanthin,144-68-3,C40H56O2,568.428031,30,78,38,Active,0.9997283102169996,-73.05109910539305,2.7997034707507895,32.24731189865495,1.5084935181577253
https://comptox.epa.gov/dashboard/chemical/details/DTXSID0046808,Bufogenin,465-39-4,C24H32O4,384.230060,17,78,22,Active,0.9999999765569925,-92.95902640872562,3.5626802616431776,4.882770451018997,0.6886663076961452
https://comptox.epa.gov/dashboard/chemical/details/DTXSID3040980,Bortezomib,179324-69-7,C19H25BN4O4,384.196885,115,256,45,Active,1,-80.64794485084494,3.0908546739601306,0.008384097346938861,-2.076543687780084
https://comptox.epa.gov/dashboard/chemical/details/DTXSID8035180,Allethrin,584-79-2,C19H26O3,302.188195,242,770,31,Active,0.999206485317525,-85.71484661978212,3.285045078241118,40.686524358773184,1.6094505918863053
https://comptox.epa.gov/dashboard/chemical/details/DTXSID9020827,Methoxychlor,72-43-5,C16H15Cl3O2,344.013763,233,840,28,Active,0.9999999996332096,-120.59982841547932,4.622021602982841,22.242049748005375,1.3471748077853887
https://comptox.epa.gov/dashboard/chemical/details/DTXSID3046823,Clobetasone butyrate,25122-57-0,C26H32ClFO5,478.192230,27,259,10,Active,0.9999993024909817,-64.19651704270316,2.460349177159738,4.714797600866827,0.673463053867965
https://comptox.epa.gov/dashboard/chemical/details/DTXSID2025680,Mono(2-ethylhexyl) phthalate,4376-20-9,C16H22O4,278.151809,82,757,11,Active,0.9633490007697275,-38.90552166589817,1.4910648213825952,52.437340915944596,1.7196406606150691
https://comptox.epa.gov/dashboard/chemical/details/DTXSID8024238,Oryzalin,19044-88-3,C12H18N4O6S,346.094705,336,815,41,Active,1,-87.94584691104666,3.370548778188026,2.2202411099246886,0.3464001397767257
https://comptox.epa.gov/dashboard/chemical/details/DTXSID2046834,Miripirium chloride,2748-88-1,C20H36ClN,325.253628,27,78,35,Active,0.999999999983781,-104.46576489511493,4.003679179823554,6.379866209528699,0.8048115713430025
https://comptox.epa.gov/dashboard/chemical/details/DTXSID7046837,Bunamidine hydrochloride,1055-55-6,C25H39ClN2O,418.275092,46,78,59,Active,0.9999976032550133,-73.13463368589566,2.8029049565302637,12.730195187442472,1.1048350625836896
https://comptox.epa.gov/dashboard/chemical/details/DTXSID5032498,Triclosan,3380-34-5,C12H7Cl3O2,287.951163,374,882,42,Active,0.999999885007067,-92.62745105984132,3.549972545175456,20.33475075216934,1.3082388535234495
https://comptox.epa.gov/dashboard/chemical/details/DTXSID1046843,Siccanin,22733-60-4,C22H30O3,342.219495,32,78,41,Active,0.9999529354714067,-92.58138671619089,3.5482071165320086,22.206810806959556,1.3464861925696292
https://comptox.epa.gov/dashboard/chemical/details/DTXSID8024109,Flutolanil,66332-96-5,C17H16F3NO2,323.113313,95,683,14,Active,0.9902157428060558,-43.0908590309536,1.6514690273522161,39.71973215492036,1.599006311222329
https://comptox.epa.gov/dashboard/chemical/details/DTXSID8022955,Dithiazanine iodide,514-73-8,C23H23IN2S2,518.034740,41,78,53,Active,0.9999999999737758,-86.83791641573283,3.328087037145559,3.304505496713288,0.519106478612339
https://comptox.epa.gov/dashboard/chemical/details/DTXSID0032520,Azoxystrobin,131860-33-8,C22H17N3O5,403.116821,274,883,31,Active,0.9999999999998883,-108.33523789732928,4.1519777971879055,12.825429305766107,1.108071911172142
https://comptox.epa.gov/dashboard/chemical/details/DTXSID7020182,Bisphenol A,80-05-7,C15H16O2,228.115030,236,981,24,Active,0.9999908332677281,-86.11908356443925,3.3005375703572115,38.8891955172414,1.5898289591917751
https://comptox.epa.gov/dashboard/chemical/details/DTXSID0046852,Cambendazole,26097-80-3,C14H14N4O2S,302.083747,20,78,26,Active,0.9999974131657792,-46.61547568320518,1.7865509302286955,4.680260924211117,0.6702700656352972
https://comptox.epa.gov/dashboard/chemical/details/DTXSID5046855,Carbomycin A,4564-87-8,C42H67NO16,841.445985,15,78,19,Active,0.9837868351894759,-38.380313858151396,1.470936087657554,5.736357709890703,0.7586362253982066
https://comptox.epa.gov/dashboard/chemical/details/DTXSID7047851,Acetophenazine dimaleate,5714-00-1,C31H37N3O10S,643.219966,13,78,17,Active,0.9976339240433916,-46.27369057930441,1.773451922091099,30.575910380314426,1.4853793967716404
https://comptox.epa.gov/dashboard/chemical/details/DTXSID2047852,Carphenazine dimaleate,2975-34-0,C32H39N3O10S,657.235616,17,78,22,Active,0.9955735163588327,-48.111537653745444,1.8438879168404494,31.193370556740295,1.494062304385396
https://comptox.epa.gov/dashboard/chemical/details/DTXSID0046858,2-Dodecylisoquinolinium tosylate,5412-37-3,C28H39NO3S,469.265065,40,78,51,Active,0.9999999999999585,-108.66581627724213,4.164647304545515,4.594673670601157,0.6622546717417365
https://comptox.epa.gov/dashboard/chemical/details/DTXSID7047853,Vinrosidine sulfate (1:x),18556-44-0,, ,63,259,24,Active,0.9999999999997955,-45.81884746153799,1.756019934468017,0.05841835359381071,-1.2334506869242403
https://comptox.epa.gov/dashboard/chemical/details/DTXSID4040979,Dasatinib,302962-49-8,C22H26ClN7O2S,487.155722,89,256,35,Active,0.9999688993749537,-58.697227160453025,2.2495873794790815,6.365080307053741,0.8038038874382648
https://comptox.epa.gov/dashboard/chemical/details/DTXSID4046862,Epothilone B,152044-54-7,C27H41NO6S,507.265459,15,78,19,Active,0.9999999941664233,-38.73235863308696,1.48442830051016,0.021689862480280257,-1.6637432015240625
https://comptox.epa.gov/dashboard/chemical/details/DTXSID9046865,Haloprogin,777-11-7,C9H4Cl3IO,359.837240,26,78,33,Active,0.9999287194636951,-84.73977269497856,3.2476751018144445,22.477962400732768,1.3517569404279293
https://comptox.epa.gov/dashboard/chemical/details/DTXSID9046867,Pyrrolnitrin,1018-71-9,C10H6Cl2N2O2,255.980633,25,78,32,Active,0.9999882423577743,-75.09097031007234,2.8778820958716205,17.822601950323154,1.2509711076793821
https://comptox.epa.gov/dashboard/chemical/details/DTXSID8046872,4-Chloromercuriphenol,623-07-4,C6H5ClHgO,329.973535,52,78,67,Active,0.9999999984099875,-96.60928805050473,3.7025775433102646,6.20355399678175,0.792640566752895
https://comptox.epa.gov/dashboard/chemical/details/DTXSID2042224,o-(Chloromercuri)phenol,90-03-9,C6H5ClHgO,329.973535,49,78,63,Active,0.9999999921111036,-97.19924331642875,3.7251877411830194,6.272159767672254,0.7974171123891879
https://comptox.epa.gov/dashboard/chemical/details/DTXSID2046880,Trabectedin,114899-77-3,C39H43N3O11S,761.261830,28,78,36,Active,1,-110.74847350290955,4.244465715691841,0.018230962191305617,-1.7391904096035473
https://comptox.epa.gov/dashboard/chemical/details/DTXSID7046889,Furazabol,1239-29-8,C20H30N2O2,330.230728,68,256,27,Active,0.9998956462648263,-97.84333296986394,3.749872654350384,23.57235247970324,1.372402926519734
https://comptox.epa.gov/dashboard/chemical/details/DTXSID6023492,Plicamycin,18378-89-7,C52H76O24,1084.472653,37,93,40,Active,1,-115.6434177247169,4.43206579967078,0.1627691431727,-0.7884279226653816
https://comptox.epa.gov/dashboard/chemical/details/DTXSID0040464,Docetaxel,114977-28-5,C43H53NO14,807.346605,39,259,15,Active,0.9999999814338684,-34.75040941645075,1.3318190012840685,0.003914654298641865,-2.407306584262809
https://comptox.epa.gov/dashboard/chemical/details/DTXSID6046898,Febantel,58306-30-2,C20H22N4O6S,446.126006,16,78,21,Active,0.9996439262908418,-61.757054183189766,2.366856091933275,19.15708812260535,1.2823294969977375
https://comptox.epa.gov/dashboard/chemical/details/DTXSID8046903,Nitrovin,804-36-4,C14H12N6O6,360.081832,150,244,61,Active,0.9999999997673316,-90.20539107700158,3.457146429985323,5.127783751148397,0.7099297018338407
https://comptox.epa.gov/dashboard/chemical/details/DTXSID2046919,Vatalanib,212141-54-3,C20H15ClN4,346.098524,47,259,18,Active,0.995810995827724,-46.376763383620684,1.7774022156735125,25.176673298162473,1.4009983443699978
https://comptox.epa.gov/dashboard/chemical/details/DTXSID1046920,Tenovin-1,380315-80-0,C20H23N3O2S,369.151098,18,78,23,Active,0.9999999994737327,-48.0699058939365,1.8422923681922025,0.3756538485284231,-0.4252121575067846
https://comptox.epa.gov/dashboard/chemical/details/DTXSID1046922,Norgestimate,35189-28-7,C23H31NO3,369.230394,94,244,39,Active,0.9999995257176306,-37.67674110244052,1.443971468230712,0.13616112316378387,-0.8659468748430523
https://comptox.epa.gov/dashboard/chemical/details/DTXSID3047843,Diphenoxylate hydrochloride,3810-80-8,C30H33ClN2O2,488.223056,58,256,23,Active,0.9915779982777235,-51.10975009377857,1.9587952334613603,12.800461145026345,1.1072256156738667
https://comptox.epa.gov/dashboard/chemical/details/DTXSID6048919,Etonitazene,911-65-9,C22H28N4O3,396.216141,63,256,25,Active,0.999998854790464,-87.86435642864512,3.36742563303064,41.69953540869268,1.6201312163510933
https://comptox.epa.gov/dashboard/chemical/details/DTXSID9048930,(±)-cis-3-Methyl fentanyl hydrochloride,78995-18-3,C23H31ClN2O,386.212491,47,244,19,Active,0.999674027599748,-67.25881788476099,2.5777126994199993,40.159560879615505,1.603788955416781
https://comptox.epa.gov/dashboard/chemical/details/DTXSID5048928,Sufentanil citrate,60561-17-3,C28H38N2O9S,578.229802,35,244,14,Active,0.9877707492505372,-38.03774122393933,1.4578068972041147,60.33606584881063,1.7805769890366094
https://comptox.epa.gov/dashboard/chemical/details/DTXSID2048905,Buprenorphine hydrochloride,53152-21-9,C29H42ClNO4,503.280237,144,244,59,Active,0.9997721299197097,-94.18387617175985,3.6096229657874064,55.36275951099212,1.7432177290377278
https://comptox.epa.gov/dashboard/chemical/details/DTXSID8048941,Varenicline dihydrochloride,230615-23-3,C13H14ClN3,247.087625,5,244,2,Active,0.9887299864756653,-49.44807306160317,1.8951110040490626,73.97506645472733,1.869085363976752
https://comptox.epa.gov/dashboard/chemical/details/DTXSID8048579,Romidepsin,128517-07-7,C24H36N4O6S2,540.207627,47,78,60,Active,0.9999881740427339,-74.1310054578222,2.8410911788073068,4.968647748476392,0.6962382085958859
https://comptox.epa.gov/dashboard/chemical/details/DTXSID4020614,Ethynodiol diacetate,297-76-7,C24H32O4,384.230060,69,247,28,Active,0.9999596629403052,-37.43741500148184,1.4347992295689966,1.5903514518848882,0.2014931096964025
https://comptox.epa.gov/dashboard/chemical/details/DTXSID1048596,Deferasirox,201530-41-8,C21H15N3O4,373.106256,33,244,14,Active,0.9999659170640196,-50.36139130333464,1.930114176932013,9.052340359945434,0.9567608746758908
https://comptox.epa.gov/dashboard/chemical/details/DTXSID6048597,Delapril hydrochloride,83435-67-0,C26H33ClN2O5,488.207800,20,244,8,Active,0.957763061597574,-35.549948138688485,1.3624615427798388,31.076073885710436,1.4924261453452135
https://comptox.epa.gov/dashboard/chemical/details/DTXSID6035491,Dioctyldimethylammonium chloride,5538-94-3,C18H40ClN,305.284928,21,78,27,Active,0.9999998860222538,-95.6300947837492,3.665049691969984,15.051776795217314,1.1775877694854433
https://comptox.epa.gov/dashboard/chemical/details/DTXSID7048667,Estramustine phosphate,4891-15-0,C23H32Cl2NO6P,519.134430,17,78,22,Active,0.9999034865073353,-53.11017518685346,2.0354620755026906,13.36987126533899,1.126127225584941
https://comptox.epa.gov/dashboard/chemical/details/DTXSID2048614,Pinaverium bromide,53251-94-8,C26H41Br2NO4,589.140235,8,78,10,Active,0.9991175756211268,-52.46284300623824,2.01065289158908,28.1220287850934,1.4490466484384112
https://comptox.epa.gov/dashboard/chemical/details/DTXSID1048623,Tocophersolan,9002-96-4,(C2H4)nC33H54O6, ,51,244,21,Active,0.9996891001377478,-78.85593150006223,3.0221752692795825,28.423986649646164,1.4536849904992013
https://comptox.epa.gov/dashboard/chemical/details/DTXSID3048607,Luliconazole,187164-19-8,C14H9Cl2N3S2,352.961495,45,256,18,Active,0.9999871392791815,-78.37002873268548,3.003552912040174,19.15708812260535,1.2823294969977375
https://comptox.epa.gov/dashboard/chemical/details/DTXSID1034214,1-Hydroxyvitamin D2,54573-75-0,C28H44O2,412.334131,23,78,29,Active,0.9999999791948525,-91.4787494810521,3.5059482411420118,10.85104447031114,1.0354715433330157
https://comptox.epa.gov/dashboard/chemical/details/DTXSID9048641,Sultamicillin tosylate,83105-70-8,C32H38N4O12S3,766.164836,5,78,6,Active,0.999999999423804,-92.16426961371384,3.5322209888239273,6.636253376291759,0.8219229593029911
https://comptox.epa.gov/dashboard/chemical/details/DTXSID9048645,Etoposide phosphate,117091-64-2,C29H33O16P,668.150622,21,78,27,Active,0.9999999999990614,-80.03677463669106,3.0674314073598916,1.8574616536430688,0.26891985673510665
https://comptox.epa.gov/dashboard/chemical/details/DTXSID4048648,Maxacalcitol,103909-75-7,C26H42O4,418.308310,15,78,19,Active,0.9809623820663964,-37.416149006188775,1.4339842044487714,14.559811121110364,1.1631557410764977
https://comptox.epa.gov/dashboard/chemical/details/DTXSID3048653,Dronedarone,141626-36-0,C31H44N2O5S,556.297094,145,244,59,Active,0.9998286969718209,-88.36619152129448,3.386658601019361,31.130876160895916,1.4931913438269953
https://comptox.epa.gov/dashboard/chemical/details/DTXSID8045488,Clorsulon,60200-06-8,C8H8Cl3N3O4S2,378.902181,1,244,0,Active,0.9837114650999003,-41.645070410456846,1.5960587807118896,24.381005922318597,1.387051619965704
https://comptox.epa.gov/dashboard/chemical/details/DTXSID8048654,Barnidipine hydrochloride,104757-53-1,C27H30ClN3O6,527.182313,14,78,18,Active,0.9998175357308079,-82.06757859811913,3.1452625278885744,29.837747362560076,1.474766032442111
https://comptox.epa.gov/dashboard/chemical/details/DTXSID3048657,Bazedoxifene acetate,198481-33-3,C32H38N2O5,530.278072,105,244,43,Active,0.9994965775417547,-79.82779377982455,3.059422158526475,31.407213676896134,1.4970294092280438
https://comptox.epa.gov/dashboard/chemical/details/DTXSID2048664,Noristerat,3836-23-5,C27H38O3,410.282095,26,78,33,Active,0.9999988479776465,-45.41627218948962,1.740591126411807,2.182823082070545,0.339018537544161
https://comptox.epa.gov/dashboard/chemical/details/DTXSID7022671,Betamethasone butyrate propionate,5534-02-1,C29H39FO7,518.267982,12,78,15,Active,0.9895674868839599,-56.62841804558806,2.1702997009890983,27.48766215019657,1.439137804287097
https://comptox.epa.gov/dashboard/chemical/details/DTXSID3023001,Estradiol enanthate,4956-37-0,C25H36O3,384.266445,12,78,15,Active,0.9999999995018695,-54.380544241783426,2.0841493190319156,0.770396358792525,-0.11328577853156307
https://comptox.epa.gov/dashboard/chemical/details/DTXSID6048672,Thioglycolic acid anilide,4822-44-0,C8H9NOS,167.040485,18,244,7,Active,0.9999999999999787,-46.91878845374937,1.7981754756060409,0.00004909246882893364,-4.308985126958552
https://comptox.epa.gov/dashboard/chemical/details/DTXSID6034186,Spironolactone,52-01-7,C24H32O4S,416.202131,219,692,32,Active,0.9999999504588709,-73.6603995662659,2.8230550785421338,8.52977634363625,0.9309376438289474
https://comptox.epa.gov/dashboard/chemical/details/DTXSID6048676,Binospirone mesylate,124756-23-6,C21H30N2O7S,454.177372,23,244,9,Active,0.9995052661277869,-58.17015199168472,2.229387078629149,29.192505181296468,1.4652713659619307
https://comptox.epa.gov/dashboard/chemical/details/DTXSID6048678,D-Asparagine hydrate,5794-24-1,C4H10N2O4,150.064057,3,78,4,Active,0.9999999938517286,-39.172953402684286,1.5013142162697108,0.0000587926172056239,-4.230677206375625
https://comptox.epa.gov/dashboard/chemical/details/DTXSID2045781,Stilonium iodide,2551-76-0,C22H30INO,451.137210,37,244,15,Active,0.9999996991957651,-80.83474101947112,3.0980136885133707,13.007944378450546,1.1142086712248047
https://comptox.epa.gov/dashboard/chemical/details/DTXSID8046905,Sodium dibunate,14992-59-7,C18H23NaO3S,342.126560,8,78,10,Active,0.9316205791177479,-33.8415852617988,1.2969880655248367,62.375921615053926,1.7950169754551009
https://comptox.epa.gov/dashboard/chemical/details/DTXSID5048683,"Eprinomectin (B1a, B1b mixture)",1142337-10-7,, ,37,78,47,Active,0.999999995321615,-57.15556768342909,2.1905028558867308,2.0850204041276763,0.31911030936095075
https://comptox.epa.gov/dashboard/chemical/details/DTXSID0048684,Cloflucarban,369-77-7,C14H9Cl2F3N2O,348.004403,124,244,51,Active,0.9999999969330784,-102.13981550960612,3.9145365297177066,11.228733469023975,1.0503307733198872
https://comptox.epa.gov/dashboard/chemical/details/DTXSID5048685,PP242,1092351-67-1,C16H16N6O,308.138559,84,244,34,Active,0.9999998225102587,-114.57316362041406,4.391048016679193,14.494945381357255,1.1612165832218997
https://comptox.epa.gov/dashboard/chemical/details/DTXSID0048688,2-[(4-Chloro-3-methylphenyl)amino]benzoic acid,898128-45-5,C14H12ClNO2,261.055656,21,93,23,Active,0.9993322213714211,-78.42708085769902,3.0057394504272783,32.88812308980502,1.5170390892017225
https://comptox.epa.gov/dashboard/chemical/details/DTXSID4048698,Benzyldodecyldimethylammonium bromide,7281-04-1,C21H38BrN,383.218763,130,244,53,Active,0.9999999172695031,-119.80452690642855,4.591541453848186,15.910561010347692,1.2016854932482643
https://comptox.epa.gov/dashboard/chemical/details/DTXSID1048700,Brilliant Green,633-03-4,C27H34N2O4S,482.223929,43,78,55,Active,1,-111.17888898087782,4.26096150729922,0.37251645404693484,-0.42885453971040177
https://comptox.epa.gov/dashboard/chemical/details/DTXSID1048708,Medazepam,2898-12-6,C16H15ClN2,270.092376,16,78,21,Active,0.9999999911238865,-77.71977388233289,2.9786317160048044,0.0000977440334290859,-4.009909743680544
https://comptox.epa.gov/dashboard/chemical/details/DTXSID1022843,Clomiphene,911-45-5,C26H28ClNO,405.185942,102,244,42,Active,0.9952933695309907,-52.59084359731462,2.015558549457111,30.87495245261933,1.4896062974553836
https://comptox.epa.gov/dashboard/chemical/details/DTXSID8023000,Estradiol dipropionate,113-38-2,C24H32O4,384.230060,18,78,23,Active,0.9999994724874938,-75.21384131803636,2.882591161055639,5.1921992107410455,0.7153513468250275
https://comptox.epa.gov/dashboard/chemical/details/DTXSID2023197,Lanatoside B,17575-21-2,C49H76O20,984.492995,23,78,29,Active,0.9999999844433917,-87.64090417624803,3.3588617639821994,4.1179557238583175,0.6146816727853184
https://comptox.epa.gov/dashboard/chemical/details/DTXSID6048961,Flavopiridol hydrochloride,131740-09-5,C21H21Cl2NO5,437.079678,77,256,30,Active,1,-116.74550043385624,4.474303422699289,0.1911023243213505,-0.7187340307168453
https://comptox.epa.gov/dashboard/chemical/details/DTXSID0040547,Menadione sodium bisulfite,130-37-0,C11H9NaO5S,276.006839,26,78,33,Active,0.9498732591830489,-46.43732059793858,1.779723087572513,29.400582201470346,1.4683559305612195
https://comptox.epa.gov/dashboard/chemical/details/DTXSID3023425,(-)-Paroxetine,61869-08-7,C19H20FNO3,329.142722,54,244,22,Active,0.9999999081239385,-69.49277334026334,2.6633296568493345,8.94875464141591,0.9517626006797857
https://comptox.epa.gov/dashboard/chemical/details/DTXSID4048727,Dicyclopentamethylenethiuram disulfide,94-37-1,C12H20N2S4,320.050933,85,244,35,Active,0.9999999999999335,-116.85410159183215,4.478465591956647,6.0710180708719035,0.7832615255872086
https://comptox.epa.gov/dashboard/chemical/details/DTXSID3048730,Beclazone,5534-09-8,C28H37ClO7,520.222781,14,78,18,Active,0.9997323077484427,-84.26255734841313,3.229385692367679,31.929580478739144,1.5041932124020958
https://comptox.epa.gov/dashboard/chemical/details/DTXSID8048731,Dithiazanine chloride,54646-38-7,C23H23ClN2S2,426.099119,33,78,42,Active,0.9999999538477937,-94.37792923237203,3.6170601027224976,7.835016232034014,0.8940399005462171
https://comptox.epa.gov/dashboard/chemical/details/DTXSID8048733,Pazopanib,444731-52-6,C21H23N7O2S,437.163394,55,259,21,Active,0.9999758659327292,-79.97980092876912,3.0652478743293963,18.274146640026743,1.2618371055652946
https://comptox.epa.gov/dashboard/chemical/details/DTXSID5048764,Bardoxolone methyl,218600-53-4,C32H43NO4,505.319209,44,78,56,Active,1,-116.78176740454953,4.475693364328738,2.040623551779744,0.3097628947386711
https://comptox.epa.gov/dashboard/chemical/details/DTXSID7048742,4'-Demethylepipodophyllotoxin,6559-91-7,C21H20O8,400.115818,13,93,14,Active,0.9999938373059066,-35.72335457464479,1.3691073921447738,0.20705690283139627,-0.6839102864771635
https://comptox.epa.gov/dashboard/chemical/details/DTXSID2048169,Fabesetron,129300-27-2,C18H19N3O,293.152812,9,78,12,Active,0.9999999781236597,-72.50245214271409,2.778676424964482,8.634667062020196,0.9362455965745788
https://comptox.epa.gov/dashboard/chemical/details/DTXSID1048752,"3,7-Bis(3,4-dimethoxyphenyl)tetrahydro-1H,5H-[1,2,4]triazolo[1,2-a][1,2,4]triazole-1,5-dithione",907169-79-3,C20H22N4O4S2,446.108248,14,78,18,Active,1,-102.11085743874439,3.913426703685098,0.08887216255551206,-1.051234251872927
https://comptox.epa.gov/dashboard/chemical/details/DTXSID6048755,Aloin,8015-61-0,, ,5,78,6,Active,0.9999993379792796,-38.27694600460121,1.4669744862320777,0.0002315582116047469,-3.6353398132820747
https://comptox.epa.gov/dashboard/chemical/details/DTXSID9048772,Nitroscanate,19881-18-6,C13H8N2O3S,272.025563,29,78,37,Active,0.9999993587750806,-84.76600178519692,3.2486803389131094,18.635797015907144,1.2703479713967276
https://comptox.epa.gov/dashboard/chemical/details/DTXSID3048780,Tolvaptan,150683-30-0,C26H25ClN2O3,448.155370,21,244,9,Active,0.996986999604637,-53.32638773444494,2.0437484808726962,22.565074241704707,1.3534367667376024
https://comptox.epa.gov/dashboard/chemical/details/DTXSID3048811,Monatepil,103377-41-9,C28H30FN3OS,475.209362,59,244,24,Active,0.999962878464604,-89.12842948794697,3.415871580795287,32.047235721543785,1.5057905748016585
https://comptox.epa.gov/dashboard/chemical/details/DTXSID8048812,Lemildipine,94739-29-4,C20H22Cl2N2O6,456.085492,81,256,32,Active,0.9900138880274993,-47.78586596617117,1.831406459816627,33.658506065305836,1.527094835882453
https://comptox.epa.gov/dashboard/chemical/details/DTXSID3048786,"N-[(3R)-1-(2-Fluorophenyl)-4-oxo-3,4,6,7-tetrahydro[1,4]diazepino[6,7,1-hi]indol-3-yl]-1H-indole-2-carboxamide",167820-10-2,C26H19FN4O2,438.149204,51,259,20,Active,0.9993589123880653,-56.775475717115576,2.17593572670833,15.270911444665932,1.1838649587051453
https://comptox.epa.gov/dashboard/chemical/details/DTXSID7048798,Minopafant,128420-61-1,C46H73ClN4O9,860.506608,121,244,50,Active,0.9999999266961273,-87.23485091345046,3.343299660973675,14.000588795745864,1.1461463003472634
https://comptox.epa.gov/dashboard/chemical/details/DTXSID8048814,Oxendolone,33765-68-3,C20H30O2,302.224580,36,271,13,Active,0.9999995134014219,-45.3535596582697,1.738187651399574,0.22451376769268716,-0.6487570219228906
https://comptox.epa.gov/dashboard/chemical/details/DTXSID7048619,Temoporfin,122341-38-2,C44H32N4O4,680.242356,110,244,45,Active,0.9997058523106892,-72.51787018803671,2.7792673257932248,29.976764486605553,1.4767847558824005
https://comptox.epa.gov/dashboard/chemical/details/DTXSID8048818,Tolindate,27877-51-6,C18H19NOS,297.118735,20,244,8,Active,0.9267322618754243,-32.83402756310018,1.2583731395268245,19.157088122605348,1.2823294969977375
https://comptox.epa.gov/dashboard/chemical/details/DTXSID5020312,Israpafant,117279-73-9,C28H29ClN4S,488.180146,122,244,50,Active,0.9999999425059953,-83.1874032888417,3.188180117242366,11.854423258532753,1.0738804295305981
https://comptox.epa.gov/dashboard/chemical/details/DTXSID0048842,Proglumetacin,57132-53-3,C46H58ClN5O8,843.397392,83,244,34,Active,0.9999217816376587,-74.33857179703679,2.8490462158625567,33.878373928014156,1.5299225571770259
https://comptox.epa.gov/dashboard/chemical/details/DTXSID5048843,Ethyl 4-nitrophenyl ethylphosphonate,546-71-4,C10H14NO5P,259.060960,21,244,9,Active,0.9769986398891491,-35.99030319065499,1.3793382712952384,12.376992609295613,1.0926151316102877
https://comptox.epa.gov/dashboard/chemical/details/DTXSID0048846,Mosapramine,89419-40-9,C28H35ClN4O,478.249939,100,244,41,Active,0.999883888392157,-70.36552582744028,2.6967781360286884,30.567650267179555,1.4852620558272072
https://comptox.epa.gov/dashboard/chemical/details/DTXSID5048849,Difeterol,14587-50-9,C25H29NO2,375.219829,72,244,30,Active,0.9970498553362509,-56.59378724245576,2.16897246593156,32.13242668320716,1.5069435252816588
https://comptox.epa.gov/dashboard/chemical/details/DTXSID2022672,Betamethasone dipropionate,5593-20-4,C28H37FO7,504.252332,16,78,21,Active,0.9000809234671878,-35.82672655959394,1.373069151907252,28.62714208931905,1.4567779936104546
https://comptox.epa.gov/dashboard/chemical/details/DTXSID8048943,Canertinib,267243-28-7,C24H25ClFN5O3,485.162996,91,244,37,Active,0.9999334910059496,-44.70331542727702,1.713266862354095,3.5328593299957616,0.5481263452121263
https://comptox.epa.gov/dashboard/chemical/details/DTXSID8048945,C.I. 1040,212631-79-3,C17H14ClF2IN2O2,477.975660,87,244,36,Active,0.999498220137282,-66.35527387036852,2.5430841264888637,34.53816446983066,1.5382992532717967
https://comptox.epa.gov/dashboard/chemical/details/DTXSID4023381,Norethindrone acetate,51-98-9,C22H28O3,340.203845,17,78,22,Active,0.9999999821659273,-93.97609651141534,3.6016597531411643,11.864625430118782,1.0742540319591478
https://comptox.epa.gov/dashboard/chemical/details/DTXSID2048953,Estramustine phosphate sodium,52205-73-9,C23H30Cl2NNa2O6P,563.098319,16,78,21,Active,0.9972846580036605,-46.865411719190455,1.7961297975692692,15.680281925031432,1.1953538668551005
https://comptox.epa.gov/dashboard/chemical/details/DTXSID0045678,Omacetaxine mepesuccinate,26833-87-4,C29H39NO9,545.262482,33,78,42,Active,1,-110.13329053433927,4.220888659174619,0.09174946847126932,-1.0373964430504057
https://comptox.epa.gov/dashboard/chemical/details/DTXSID2048955,Clobetasol,25122-41-2,C22H28ClFO4,410.166015,11,78,14,Active,0.9871122139098553,-59.60906089411408,2.284533658181821,19.15708812260535,1.2823294969977375
https://comptox.epa.gov/dashboard/chemical/details/DTXSID5037577,Moxidectin,113507-06-5,C37H53NO8,639.377118,37,78,47,Active,0.9998767276229411,-57.753263401739375,2.213409708726713,12.281028931321117,1.089234754465986
https://comptox.epa.gov/dashboard/chemical/details/DTXSID7048958,Toltrazuril sulfone,69004-04-2,C18H14F3N3O6S,457.055541,12,93,13,Active,0.9998687567827045,-64.14793986316683,2.4584874433896413,25.708421566872204,1.4100754128606292
https://comptox.epa.gov/dashboard/chemical/details/DTXSID4046361,Rosaramicin,35834-26-5,C31H51NO9,581.356382,26,78,33,Active,0.9999986968649744,-95.29517472145736,3.6522137884407337,18.662266868238028,1.2709643954969034
https://comptox.epa.gov/dashboard/chemical/details/DTXSID9043988,Efonidipine,111011-63-3,C34H38N3O7P,631.244738,12,78,15,Active,0.9999623015109533,-80.84624537251757,3.098454596008909,26.123604200671345,1.417033095132872
https://comptox.epa.gov/dashboard/chemical/details/DTXSID6048967,Sertindole,106516-24-9,C24H26ClFN4O,440.177917,113,244,46,Active,0.9993792111196773,-61.9174408176133,2.373002953822509,28.67020853435777,1.4574308518230628
https://comptox.epa.gov/dashboard/chemical/details/DTXSID1048627,Ritonavir,155213-67-5,C37H48N6O5S2,720.312761,61,244,25,Active,0.9997543917163666,-84.23016495326712,3.228144244912037,28.813877604633777,1.4596017070474172
https://comptox.epa.gov/dashboard/chemical/details/DTXSID0048977,Eprinomectin B1a,133305-88-1,C50H75NO14,913.518756,38,78,49,Active,0.9999999996711586,-89.54985391183409,3.4320227877814227,7.489928939136935,0.8744776973407072
https://comptox.epa.gov/dashboard/chemical/details/DTXSID4048983,Maduramicin ammonium,84878-61-5,C47H83NO17,933.566100,95,244,39,Active,0.9999999999999788,-71.59103180049507,2.7437459896024894,0.6754129671460771,-0.17043060566991838
https://comptox.epa.gov/dashboard/chemical/details/DTXSID4048985,17beta-Estradiol 17-propionate,3758-34-7,C21H28O3,328.203845,24,78,31,Active,0.9998160286004081,-39.127371094976304,1.4995672617863738,0.23027378241679086,-0.6377555053699905
https://comptox.epa.gov/dashboard/chemical/details/DTXSID2049006,Hydrocortisone 21-hemisuccinate sodium salt,125-04-2,C25H33NaO8,484.207312,12,244,5,Active,0.9922367906737007,-47.00003165396394,1.80128914360558,19.15708812260535,1.2823294969977375
https://comptox.epa.gov/dashboard/chemical/details/DTXSID8048993,(R)-Butaprost,69648-38-0,C24H40O5,408.287574,14,78,18,Active,0.9993088818824093,-93.8862807928263,3.5982175410164854,30.595854817005936,1.4856625914474444
https://comptox.epa.gov/dashboard/chemical/details/DTXSID3048996,Cannabinol,521-35-7,C21H26O2,310.193280,42,78,54,Active,0.999978723774238,-87.56699854490802,3.356029310328461,23.384203978919352,1.3689225906889595
https://comptox.epa.gov/dashboard/chemical/details/DTXSID3048998,"5,7-Dichloro-8-hydroxy-2-methylquinoline",72-80-0,C10H7Cl2NO,226.990469,33,244,14,Active,0.9999999999970134,-35.357231828931816,1.3550756371890467,0.00005629769356377677,-4.249509397209806
https://comptox.epa.gov/dashboard/chemical/details/DTXSID2049000,Desmethyldiazepam,1088-11-5,C15H11ClN2O,270.055991,6,78,8,Active,0.9912466168857265,-43.1498530014307,1.6537299875009444,18.01354259092863,1.2555991307205085
https://comptox.epa.gov/dashboard/chemical/details/DTXSID1049013,Fiduxosin hydrochloride,208992-74-9,C30H30ClN5O4S,591.170703,24,78,31,Active,0.9974896232761437,-45.62116362991629,1.748443647235102,30.997063547991456,1.4913205536630563
https://comptox.epa.gov/dashboard/chemical/details/DTXSID1049015,Prochlorperazine dimaleate salt,84-02-6,C28H32ClN3O8S,605.159864,97,244,40,Active,0.9997303389158516,-83.81533060507361,3.2122456043898957,18.938303304729374,1.277341067676724
https://comptox.epa.gov/dashboard/chemical/details/DTXSID4023753,Ziprasidone,146939-27-7,C21H21ClN4OS,412.112460,95,256,37,Active,0.9235233174373043,-34.07610577398562,1.305976128674775,16.9252248498043,1.2285344469513102
https://comptox.epa.gov/dashboard/chemical/details/DTXSID4035708,Methylbenzethonium chloride,25155-18-4,C28H44ClNO2, ,207,395,52,Active,0.9999999178261558,-71.90407082291546,2.755743296258839,9.341005793189883,0.9703936414243832
https://comptox.epa.gov/dashboard/chemical/details/DTXSID3022902,Dexamethasone dipropionate,55541-30-5,C28H37FO7,504.252332,13,78,17,Active,0.9989999686884234,-73.9760742425825,2.835153397359167,31.348008248315487,1.4962099523678454
https://comptox.epa.gov/dashboard/chemical/details/DTXSID5049021,Penfluridol,26864-56-2,C28H27ClF5NO,523.170133,148,244,61,Active,0.9999985077939896,-98.08049535856559,3.7589619681445763,16.541560416856754,1.2185764754986017
https://comptox.epa.gov/dashboard/chemical/details/DTXSID5049023,Potassium antimony(III) tartrate hydrate,331753-56-1,, ,14,78,18,Active,0.999870414344471,-88.13858683154737,3.377935588667079,27.94122049104773,1.44624537246358
https://comptox.epa.gov/dashboard/chemical/details/DTXSID8023137,Hydroxyzine,68-88-2,C21H27ClN2O2,374.176106,24,244,10,Active,0.9999713803780268,-63.44275567915981,2.43146106553002,0.00004895966238927576,-4.310161585612906
https://comptox.epa.gov/dashboard/chemical/details/DTXSID8046088,Nefazodone hydrochloride,82752-99-6,C25H33Cl2N5O2,505.201131,77,244,32,Active,0.9999426976563738,-81.98795046986768,3.1422107579663545,18.412349605996262,1.2651092125022727
https://comptox.epa.gov/dashboard/chemical/details/DTXSID3049047,Aprepitant,170729-80-3,C23H21F7N4O3,534.150188,109,244,45,Active,0.9998783419113745,-85.69883908064,3.2844315848995635,32.232686555049916,1.5082965049354904
https://comptox.epa.gov/dashboard/chemical/details/DTXSID7049051,Bosutinib methanoate,918639-10-8,C27H33Cl2N5O4,561.190960,112,244,46,Active,0.9991074322881491,-124.5930260424089,4.775062000628044,32.70251846781795,1.5145811995887026
https://comptox.epa.gov/dashboard/chemical/details/DTXSID6023571,Salmeterol,89365-50-4,C25H37NO4,415.272259,15,78,19,Active,0.9986650796554264,-63.1281513526437,2.419403768163561,32.59549931141291,1.5131576381306309
https://comptox.epa.gov/dashboard/chemical/details/DTXSID2049050,rac Benidipine hydrochloride,91599-74-5,C28H32ClN3O6,541.197964,50,256,20,Active,0.9998757902817856,-81.17946623462285,3.111225377223532,31.45314791242791,1.4976641172719767
https://comptox.epa.gov/dashboard/chemical/details/DTXSID2047800,Bleomycin sulfate,9041-93-4,, ,23,93,25,Active,0.9973917234895926,-49.099453850888196,1.8817500768876387,14.523272117793036,1.1620644746702535
https://comptox.epa.gov/dashboard/chemical/details/DTXSID0022692,Brotizolam,57801-81-7,C15H10BrClN4S,391.949808,10,78,13,Active,0.987517970000803,-36.91528950568874,1.414788626297574,6.468673758499817,0.810815248457522
https://comptox.epa.gov/dashboard/chemical/details/DTXSID4027608,Terbutylazine,5915-41-3,C9H16ClN5,229.109423,47,603,8,Active,0.9117962157296894,-34.45751866774965,1.3205938827611259,55.67040523395081,1.7456243826187434
https://comptox.epa.gov/dashboard/chemical/details/DTXSID1049510,NTP Mix17 AR1 8-GP,NOCAS_49510,, ,23,244,9,Active,0.9999993315987398,-38.62073382930559,1.4801502491954535,0.9562253499219838,-0.01943974716469914
https://comptox.epa.gov/dashboard/chemical/details/DTXSID2049559,NTP Mix28 AR2 3-EQP,NOCAS_49559,, ,16,244,7,Active,0.9999994194295693,-39.00497429654128,1.4948763708130164,0.36602413465587785,-0.4364902774408349
https://comptox.epa.gov/dashboard/chemical/details/DTXSID5033389,Sodium deoxycholate,302-95-4,C24H39NaO4,414.274604,59,244,24,Active,0.9985736170841483,-52.68606350448053,2.019207878595778,52.76845477710232,1.7223743768831432
https://comptox.epa.gov/dashboard/chemical/details/DTXSID6021240,Retinol acetate,127-47-9,C22H32O2,328.240230,66,382,17,Active,0.99996426327646,-102.91688168214677,3.9443178045637746,58.26967630598619,1.7654426055465686
https://comptox.epa.gov/dashboard/chemical/details/DTXSID4026212,"3,4,5-Trichlorophenol",609-19-8,C6H3Cl3O,195.924948,79,244,32,Active,0.9999997176471175,-112.21220421824808,4.300563598053138,34.43062572174656,1.5369449153864172
https://comptox.epa.gov/dashboard/chemical/details/DTXSID5033468,Domiphen bromide,538-71-6,C22H40BrNO,413.229328,152,244,62,Active,0.9999999526828258,-97.74716319913824,3.7461869214294654,11.801540097254408,1.0719386862971894
https://comptox.epa.gov/dashboard/chemical/details/DTXSID5020782,"1-(2,4-Dichlorobenzyl)-1H-indazole-3-carboxylic acid",50264-69-2,C15H10Cl2N2O2,320.011933,26,244,11,Active,0.9987134715156698,-50.63182852058165,1.9404787576846485,38.1015325670498,1.5809424447576848
https://comptox.epa.gov/dashboard/chemical/details/DTXSID5025948,Potassium dichromate,7778-50-9,Cr2K2O7,293.772827,104,244,43,Active,0.999999997424309,-96.08634289535469,3.6825355263684854,14.905249917749812,1.1733392622867802
https://comptox.epa.gov/dashboard/chemical/details/DTXSID3023550,Raloxifene,84449-90-1,C28H27NO4S,473.166080,137,244,56,Active,0.9999999151200889,-110.1629524548887,4.2220254604401495,23.276378263586665,1.3669154062827389
https://comptox.epa.gov/dashboard/chemical/details/DTXSID1025485,N-Isopropyl-N'-phenyl-p-phenylenediamine,101-72-4,C15H18N2,226.146999,242,466,52,Active,0.9999999999148881,-103.83531983659775,3.979517199510271,10.100093667598946,1.0043254014195462
https://comptox.epa.gov/dashboard/chemical/details/DTXSID0022777,Celecoxib,169590-42-5,C17H14F3N3O2S,381.075882,266,645,41,Active,0.999999752318335,-64.61782106798921,2.476495769836364,13.410270549010328,1.127437539727588
https://comptox.epa.gov/dashboard/chemical/details/DTXSID1024126,Heptachlor epoxide B,1024-57-3,C10H5Cl7O,385.816009,193,642,30,Active,0.9960164438153323,-56.637155481513226,2.17063456562474,61.640807171661834,1.7898683170662306
https://comptox.epa.gov/dashboard/chemical/details/DTXSID2032390,Fenarimol,60168-88-9,C17H12Cl2N2O,330.032668,291,791,37,Active,0.9999996068483263,-78.78863185867675,3.0195959920082664,26.62715576251575,1.4253247788079038
https://comptox.epa.gov/dashboard/chemical/details/DTXSID0032651,Thidiazuron,51707-55-2,C9H8N4OS,220.041882,155,700,22,Active,0.9983195920608031,-59.64441954477021,2.285888788195953,48.45602653345815,1.6853477984654506
https://comptox.epa.gov/dashboard/chemical/details/DTXSID0037522,Dialifor,10311-84-9,C14H17ClNO4PS2,393.002515,37,247,15,Active,0.9983500762015189,-60.90678788872487,2.3342694022759245,60.99562296142074,1.7852986712090384
https://comptox.epa.gov/dashboard/chemical/details/DTXSID5040708,4-Hexylaniline,33228-45-4,C12H19N,177.151750,51,368,14,Active,0.9999822460175477,-60.5662525066106,2.3212182900696146,27.61728958078823,1.4411810537549965
https://comptox.epa.gov/dashboard/chemical/details/DTXSID9025299,"2-Ethylhexyl-2-cyano-3,3-diphenylacrylate",6197-30-4,C24H27NO2,361.204179,36,244,15,Active,0.9956427896886635,-36.34221001237121,1.3928251970527599,18.273083135594938,1.2618118301006873
https://comptox.epa.gov/dashboard/chemical/details/DTXSID4026139,Thiocarbanilide,102-08-9,C13H12N2S,228.072120,46,244,19,Active,0.9999320304284037,-80.85352951856606,3.0987337629102036,49.55464489753073,1.6950843683838008
https://comptox.epa.gov/dashboard/chemical/details/DTXSID8024602,Berberine chloride,633-65-8,C20H18ClNO4,371.092436,86,263,33,Active,0.9999999999960277,-78.45230826555853,3.006706297773961,6.672126086196495,0.8242642447672692
https://comptox.epa.gov/dashboard/chemical/details/DTXSID8025040,"N,N'-Diethylcarbanilide",85-98-3,C17H20N2O,268.157563,21,244,9,Active,0.9973029309241255,-47.63938239928709,1.8257924368158007,44.65956473072006,1.649914485955132
https://comptox.epa.gov/dashboard/chemical/details/DTXSID7022417,Butyl 4-aminobenzoate,94-25-7,C11H15NO2,193.110279,25,244,10,Active,0.999598196393458,-40.816261973055006,1.5642944693298837,9.220923789596497,0.9647744326183548
https://comptox.epa.gov/dashboard/chemical/details/DTXSID1022396,Chrysin,480-40-0,C15H10O4,254.057909,127,423,30,Active,0.9996672833135593,-70.60459046877102,2.705940354178231,63.66476463691343,1.8038991378678755
https://comptox.epa.gov/dashboard/chemical/details/DTXSID3024235,Flusilazole,85509-19-9,C16H15F2N3Si,315.100330,281,766,37,Active,0.9996475925128904,-81.63779962408337,3.1287911304695206,30.95403727694105,1.4907173012639965
https://comptox.epa.gov/dashboard/chemical/details/DTXSID0024002,Fenpropathrin,39515-41-8,C22H23NO3,349.167794,124,687,18,Active,0.9964530240301489,-55.590998157266526,2.1305402983582176,7.648546459575466,0.8835789090666896
https://comptox.epa.gov/dashboard/chemical/details/DTXSID0020319,Chlorothalonil,1897-45-6,C8Cl4N2,263.881559,349,748,47,Active,1,-111.49220547856066,4.272969448271342,0.9239760010426087,-0.03433930881249241
https://comptox.epa.gov/dashboard/chemical/details/DTXSID0041985,Fluorosalan,4776-06-1,C14H8Br2F3NO2,436.887389,155,333,47,Active,1,-104.24623491911906,3.9952656330972727,1.5550745008045277,0.19175120012378857
https://comptox.epa.gov/dashboard/chemical/details/DTXSID6047498,Triphenyllead acetate,1162-06-7,C20H18O2Pb,498.107333,171,247,69,Active,1,-114.0291653868289,4.370199134714346,0.24801491943784423,-0.6055221932276604
https://comptox.epa.gov/dashboard/chemical/details/DTXSID5023950,Carbosulfan,55285-14-8,C20H32N2O3S,380.213364,153,611,25,Active,0.9999999870539318,-77.2298607506514,2.9598556604501005,19.46408531595213,1.2892339995482256
https://comptox.epa.gov/dashboard/chemical/details/DTXSID3025091,C.I. Disperse Black 6,119-90-4,C14H16N2O2,244.121178,87,614,14,Active,0.9667479165194626,-37.70921644287341,1.445216094587293,44.27374083397547,1.6461462184983064
https://comptox.epa.gov/dashboard/chemical/details/DTXSID9026974,"2,4-Di-tert-pentylphenol",120-95-6,C16H26O,234.198365,292,630,46,Active,0.9946290614913654,-40.40597433576584,1.5485700827540243,16.21352860681173,1.2098775421587145
https://comptox.epa.gov/dashboard/chemical/details/DTXSID5020784,Lovastatin,75330-75-5,C24H36O5,404.256274,203,677,30,Active,0.9999999974395917,-55.738659521296995,2.1361994607587103,3.5538539860481717,0.5506995803752368
https://comptox.epa.gov/dashboard/chemical/details/DTXSID8021301,Tamoxifen citrate,54965-24-1,C32H37NO8,563.251917,403,700,58,Active,0.9947710144437597,-99.48945426197497,3.8129607057450796,10.596367036708957,1.0251569929676474
https://comptox.epa.gov/dashboard/chemical/details/DTXSID3025629,2-Methyl-4-nitroaniline,99-52-5,C7H8N2O2,152.058578,24,244,10,Active,0.9968068131310026,-41.071283140298206,1.5740682257249192,28.764701797388668,1.4588598760698481
https://comptox.epa.gov/dashboard/chemical/details/DTXSID0026676,"1,1'-Oxybis(4-nitrobenzene)",101-63-3,C12H8N2O5,260.043321,12,244,5,Active,0.9820189470023194,-30.505837900142158,1.169144630171399,6.5580570842591435,0.8167751926430219
https://comptox.epa.gov/dashboard/chemical/details/DTXSID0020573,17beta-Estradiol,50-28-2,C18H24O2,272.177630,195,671,29,Active,0.9999988200843355,-89.85840005497963,3.4438479036035003,28.202438267346146,1.450286657265365
https://comptox.epa.gov/dashboard/chemical/details/DTXSID7041623,Benodanil,15310-01-7,C13H10INO,322.980710,86,614,14,Active,0.9993675002340666,-51.47504525069003,1.9727952708485865,19.495085813918358,1.2899251512156786
https://comptox.epa.gov/dashboard/chemical/details/DTXSID3020207,Dinoseb,88-85-7,C10H12N2O5,240.074621,255,626,41,Active,0.9999999999536919,-97.71825343481379,3.745078946758188,15.066237031860311,1.1780047957541522
https://comptox.epa.gov/dashboard/chemical/details/DTXSID2020054,3-Amino-9-ethylcarbazole hydrochloride,6109-97-3,C14H15ClN2,246.092376,47,244,19,Active,0.9951038348962242,-51.01801387881804,1.9552794177848842,64.67308563552061,1.8107235821858816
https://comptox.epa.gov/dashboard/chemical/details/DTXSID2020260,Chenodeoxycholic acid,474-25-9,C24H40O4,392.292660,45,244,18,Active,0.9550390455124477,-37.747821774421595,1.4466956545398268,64.24249336372759,1.807822388327509
https://comptox.epa.gov/dashboard/chemical/details/DTXSID8047268,CI-959,104795-68-8,C14H14N5NaO3S,355.071505,241,639,38,Active,0.9994581382914558,-82.95451366993876,3.1792545585262175,59.11984320019124,1.7717332735366
https://comptox.epa.gov/dashboard/chemical/details/DTXSID1047281,CP-612372,353280-07-6,C22H20N4O4,404.148455,54,613,9,Active,0.9618198146141226,-38.46376669295174,1.4741344405104988,60.73767620515159,1.7834581719980274
https://comptox.epa.gov/dashboard/chemical/details/DTXSID0047290,UK-416244,402910-27-4,C17H22N2O3S2,366.107185,150,664,23,Active,0.9976627377104089,-65.17986045736383,2.498036084060255,18.608264136697183,1.269705862060636
https://comptox.epa.gov/dashboard/chemical/details/DTXSID9023673,Timiperone,57648-21-2,C22H24FN3OS,397.162412,8,78,10,Active,0.9962346695691496,-46.27445229714391,1.7734811151368586,31.852824656006074,1.5031479508981447
https://comptox.epa.gov/dashboard/chemical/details/DTXSID5049071,Unoprostone isopropyl ester,120373-24-2,C25H44O5,424.318875,30,78,38,Active,0.9999417664100004,-56.90098417646641,2.1807458729423534,11.06795836688815,1.0440675168345859
https://comptox.epa.gov/dashboard/chemical/details/DTXSID4024646,"2-Bromo-4,6-dinitroaniline",1817-73-8,C6H4BrN3O4,260.938519,27,244,11,Active,0.9988998139075939,-45.49028448313244,1.743427667927645,19.557671758303186,1.2913171529717886
https://comptox.epa.gov/dashboard/chemical/details/DTXSID5023794,Oxymetholone,434-07-1,C21H32O3,332.235145,117,256,46,Active,0.9999999996398474,-108.41267286594764,4.154945513663814,24.589878157688712,1.3907563768243394
https://comptox.epa.gov/dashboard/chemical/details/DTXSID4021181,Prazepam,2955-38-6,C19H17ClN2O,324.102941,47,256,18,Active,0.9999212531247578,-67.0362338177547,2.5691821038155136,36.971652624207536,1.5678688638685536
https://comptox.epa.gov/dashboard/chemical/details/DTXSID4020826,3-Methoxycatechol,934-00-9,C7H8O3,140.047344,51,244,21,Active,0.9989534092087652,-85.58891575395404,3.2802187431626426,71.03260739238858,1.8514577566028338
https://comptox.epa.gov/dashboard/chemical/details/DTXSID6021080,Omeprazole,73590-58-6,C17H19N3O3S,345.114713,60,244,25,Active,0.9999960212902244,-92.6342077773921,3.5502314982344716,42.24456028767107,1.6257707940160488
https://comptox.epa.gov/dashboard/chemical/details/DTXSID4047880,3-Hydroxybenzophenone,13020-57-0,C13H10O2,198.068080,18,244,7,Active,0.9447922682128331,-34.23000779101106,1.3118744658182047,58.258237549648044,1.765357342048595
https://comptox.epa.gov/dashboard/chemical/details/DTXSID4021391,Tris(methylphenyl) phosphate,1330-78-5,C21H21O4P, ,100,557,18,Active,0.9062636940000041,-31.979215684154124,1.2256122390936701,18.103744651258854,1.2577684153760071
https://comptox.epa.gov/dashboard/chemical/details/DTXSID6038875,"2,2'-Dihydroxy-4,4'-dimethoxybenzophenone",131-54-4,C15H14O5,274.084124,35,244,14,Active,0.985707057172169,-38.469430505715344,1.4743515076928704,33.795176912849705,1.5288547242540882
https://comptox.epa.gov/dashboard/chemical/details/DTXSID9047885,Nonylparaben,38713-56-3,C16H24O3,264.172545,116,244,48,Active,0.9730690120041026,-33.0837251901224,1.267942869778299,20.288292120796577,1.307245489431955
https://comptox.epa.gov/dashboard/chemical/details/DTXSID4047886,"4′-Hydroxy-2,4-dimethoxybenzophenone",41351-30-8,C15H14O4,258.089209,22,244,9,Active,0.987679437800136,-45.65772534732852,1.7498448851136446,59.00455490532435,1.7708855386572755
https://comptox.epa.gov/dashboard/chemical/details/DTXSID1022425,"4,4'-Dihydoxybenzophenone",611-99-4,C13H10O3,214.062994,21,244,9,Active,0.9974591903165584,-60.26092353802394,2.3095164733476023,38.3103448275862,1.5833160610419115
https://comptox.epa.gov/dashboard/chemical/details/DTXSID3047891,Bisphenol E,2081-08-5,C14H14O2,214.099380,53,326,16,Active,0.9999689483038215,-80.84928072571246,3.0985709267551775,42.0861601384714,1.624139303349672
https://comptox.epa.gov/dashboard/chemical/details/DTXSID3047895,Menthyl anthranilate,134-09-8,C17H25NO2,275.188529,116,244,48,Active,0.9998965257752699,-65.42775103577966,2.5075365586767417,34.090613785562624,1.5326348205683815
https://comptox.epa.gov/dashboard/chemical/details/DTXSID8047896,Enzacamene,36861-47-9,C18H22O,254.167065,43,259,17,Active,0.9920114031726888,-39.42244565997827,1.5108760756698503,55.97102038474061,1.7479632244236643
https://comptox.epa.gov/dashboard/chemical/details/DTXSID5047904,Methyltrioctylammonium trifluoromethanesulfonate,121107-18-4,C26H54F3NO3S,517.377650,151,244,62,Active,0.9999999983465596,-81.91667294888938,3.1394790273652644,2.418458328091352,0.38353860855891875
https://comptox.epa.gov/dashboard/chemical/details/DTXSID2047303,CJ-013790,179465-71-5,C18H17FN2O4,344.117235,203,678,30,Active,0.9999984110640822,-79.61252144418071,3.051171787038031,36.185021758960616,1.558528838114309
https://comptox.epa.gov/dashboard/chemical/details/DTXSID7047304,CP-100829,135080-03-4,C14H7Cl2FN2O3S,371.953847,295,630,47,Active,0.9998405118641025,-71.0337593947409,2.7223883713373263,42.99249778070749,1.633392677516776
https://comptox.epa.gov/dashboard/chemical/details/DTXSID3020330,Cinnamyl anthranilate,87-29-6,C16H15NO2,253.110279,53,244,22,Active,0.971548460711504,-34.567804824808,1.3248206300718892,49.20370234451132,1.6919977825904526
https://comptox.epa.gov/dashboard/chemical/details/DTXSID8020707,2-Hydrazino-4-phenylthiazole,34176-52-8,C9H9N3S,191.051718,49,244,20,Active,0.9378100807577968,-38.422157328488126,1.4725397501700233,57.57097500502337,1.7602035846004498
https://comptox.epa.gov/dashboard/chemical/details/DTXSID5020447,"2,4-Dichlorophenyl benzenesulfonate",97-16-5,C12H8Cl2O3S,301.957121,46,326,14,Active,0.9990597890202824,-52.71985518994252,2.020502954237747,46.121852081854385,1.6639067386222135
https://comptox.epa.gov/dashboard/chemical/details/DTXSID2025006,"3,5-Dichlorophenol",591-35-5,C6H4Cl2O,161.963920,35,244,14,Active,0.9915675623710604,-37.804716091272894,1.448876144885698,71.79693224111257,1.856105887985756
https://comptox.epa.gov/dashboard/chemical/details/DTXSID8024498,2-Aminophenol,95-55-6,C6H7NO,109.052764,66,244,27,Active,0.999231362169838,-64.29034842052587,2.46394529052932,36.71226966260629,1.5648112347212448
https://comptox.epa.gov/dashboard/chemical/details/DTXSID0025997,13-cis-Retinal,472-86-6,C20H28O,284.214016,96,244,39,Active,0.9999916578311221,-103.39773240808398,3.9627465409251155,28.862466577975137,1.4603334430232189
https://comptox.epa.gov/dashboard/chemical/details/DTXSID6024882,Cycloheximide,66-81-9,C15H23NO4,281.162708,259,632,41,Active,1,-101.75976488217518,3.899970984863353,0.3015502693827447,-0.5206402792262326
https://comptox.epa.gov/dashboard/chemical/details/DTXSID0033382,Daunomycin hydrochloride,23541-50-6,C27H30ClNO10,563.155824,141,244,58,Active,0.9999999999993038,-102.51600486198728,3.928954090143478,1.6710363964221904,0.22298590925495657
https://comptox.epa.gov/dashboard/chemical/details/DTXSID4032376,Dimethenamid,87674-68-8,C12H18ClNO2S,275.074678,108,680,16,Active,0.9999999988871302,-94.47247587628098,3.620683628861616,19.17602097401493,1.2827584960409273
https://comptox.epa.gov/dashboard/chemical/details/DTXSID4022448,Metolachlor,51218-45-2,C15H22ClNO2,283.133907,105,759,14,Active,0.998246104637356,-42.402138175877944,1.6250736111032165,36.455938697318,1.561768285284758
https://comptox.epa.gov/dashboard/chemical/details/DTXSID8024159,Isoxaben,82558-50-7,C18H24N2O4,332.173607,105,687,15,Active,0.99895904093029,-56.75009685029545,2.1749630746553126,64.92730999863088,1.812427410004259
https://comptox.epa.gov/dashboard/chemical/details/DTXSID2029117,"1,1':3',1''-Terphenyl",92-06-8,C18H14,230.109550,103,438,24,Active,0.9975756604483362,-44.45776775446101,1.7038561802392926,38.6417624521073,1.5870569263813714
https://comptox.epa.gov/dashboard/chemical/details/DTXSID7041883,Dinoterb,1420-07-1,C10H12N2O5,240.074621,83,247,34,Active,0.999999999999958,-103.55499572773911,3.968773700916576,8.110380640314272,0.9090412372085436
https://comptox.epa.gov/dashboard/chemical/details/DTXSID4024066,"1,2-Dinitrobenzene",528-29-0,C6H4N2O4,168.017107,113,611,18,Active,0.9991808495432449,-59.55826878179306,2.2825870365033882,44.81727977380248,1.6514454930942044
https://comptox.epa.gov/dashboard/chemical/details/DTXSID5021758,Tris(2-butoxyethyl) phosphate,78-51-3,C18H39O7P,398.243341,48,505,10,Active,0.9404512045576948,-43.18801441139029,1.6551925340364657,7.609347113637662,0.8813473956525327
https://comptox.epa.gov/dashboard/chemical/details/DTXSID1027134,Bis(2-ethylhexyl) phosphate,298-07-7,C16H35O4P,322.227297,165,483,34,Active,0.9999995865536907,-96.29499771650434,3.6905322797933553,38.37547892720305,1.5840538085280733
https://comptox.epa.gov/dashboard/chemical/details/DTXSID5021413,"Tris(2,3-dibromopropyl) phosphate",126-72-7,C9H15Br6O4P,691.580824,142,487,29,Active,0.999999999999546,-97.99343230157984,3.7556252525331453,11.35876595605572,1.0553311511296477
https://comptox.epa.gov/dashboard/chemical/details/DTXSID3032464,Profenofos,41198-08-7,C11H15BrClO3PS,371.935143,114,733,16,Active,0.9436423877868788,-40.210556606905435,1.5410806445328775,3.7823017389279014,0.5777561724001166
https://comptox.epa.gov/dashboard/chemical/details/DTXSID2034625,Fluoxastrobin,361377-29-9,C21H16ClFN4O5,458.079325,274,760,36,Active,1,-109.64041143969833,4.20199893227351,7.049814365141737,0.8481776813522464
https://comptox.epa.gov/dashboard/chemical/details/DTXSID0025864,4-Ethoxyaniline,156-43-4,C8H11NO,137.084064,23,368,6,Active,0.948153616637828,-41.862793992839045,1.6044030969059595,72.74277915307746,1.8617898893470863
https://comptox.epa.gov/dashboard/chemical/details/DTXSID5032525,Bifenazate,149877-41-8,C17H20N2O3,300.147393,107,683,16,Active,0.9999952829535229,-98.52657799786263,3.776058208020171,42.45690890099843,1.6279483719282601
https://comptox.epa.gov/dashboard/chemical/details/DTXSID1025857,"1,10-Phenanthroline",66-71-7,C12H8N2,180.068748,122,367,33,Active,0.9999999999996095,-84.73123811857832,3.2473480118259057,0.45570633633141266,-0.34131493276353186
https://comptox.epa.gov/dashboard/chemical/details/DTXSID2044509,"3,4,5,6-Tetrachloropyridine-2-carboxylic acid",10469-09-7,C6HCl4NO2,258.876139,15,326,5,Active,0.9953413470660174,-44.793268249169806,1.7167143290006093,38.31417624521075,1.5833594926617194
https://comptox.epa.gov/dashboard/chemical/details/DTXSID1049065,rac Nebivolol hydrochloride,169293-50-9,C22H26ClF2NO4,441.151842,105,244,43,Active,0.9976686369868755,-60.25297290924825,2.309211763312428,30.40355931872943,1.4829244290692043
https://comptox.epa.gov/dashboard/chemical/details/DTXSID3041409,2-Chloro-N-phenylacetamide,587-65-5,C8H8ClNO,169.029442,133,365,36,Active,0.9999999999924784,-95.44242278038101,3.6578571108093008,14.166551274907311,1.151264137857112
https://comptox.epa.gov/dashboard/chemical/details/DTXSID4020450,Dicofol,115-32-2,C14H9Cl5O,367.909603,277,691,40,Active,0.9999899907755253,-79.65029118740338,3.0526193228381056,46.545109404396875,1.66787405545132
https://comptox.epa.gov/dashboard/chemical/details/DTXSID2049054,Dibromopropamidine dihydrochloride,50357-61-4,C17H20Br2Cl2N4O2,539.933007,10,78,13,Active,0.9990920240615488,-52.10536955700862,1.9969526233006383,26.86776580890655,1.4292315541441905
https://comptox.epa.gov/dashboard/chemical/details/DTXSID0049070,Sultopride hydrochloride,23694-17-9,C17H27ClN2O4S,390.138006,2,78,3,Active,0.9999995297979153,-36.46886795061171,1.3976793973814705,0.00009422321800480515,-4.025842067388552
https://comptox.epa.gov/dashboard/chemical/details/DTXSID0049074,Vindesine sulfate salt,59917-39-4,C43H57N5O11S,851.377529,16,78,21,Active,0.9999999937487866,-41.5192823752474,1.5912379196561683,0.15492411023726466,-0.8098809894184372
https://comptox.epa.gov/dashboard/chemical/details/DTXSID5049077,Quadrisol,71109-09-6,C19H22O2,282.161980,2,78,3,Active,0.9343138129373051,-34.43381231997281,1.3196853304605793,19.15708812260535,1.2823294969977375
https://comptox.epa.gov/dashboard/chemical/details/DTXSID6042315,Potassium ethyl xanthate,140-89-6,C3H5KOS2,159.941889,42,244,17,Active,0.9999999998926783,-108.24774766736462,4.148624710054536,18.010161695444225,1.2555176119380198
https://comptox.epa.gov/dashboard/chemical/details/DTXSID7048291,Iodophthalein,386-17-4,C20H10I4O4,821.675790,24,78,31,Active,0.9984567481861629,-47.51266306618182,1.8209358835120073,27.527053936347485,1.439759733817893
https://comptox.epa.gov/dashboard/chemical/details/DTXSID1023605,Sulbactam,68373-14-8,C8H11NO5S,233.035794,16,244,7,Active,0.9999999981558861,-93.96732963550986,3.6013237602101777,6.351794099422618,0.8028964115012327
https://comptox.epa.gov/dashboard/chemical/details/DTXSID4049082,Prazosin,19216-56-9,C19H21N5O4,383.159354,31,244,13,Active,0.9989048343587208,-73.36590758936785,2.8117685925080194,36.11012600980311,1.557629003942381
https://comptox.epa.gov/dashboard/chemical/details/DTXSID7025635,N-Methyl-4-nitroaniline,100-15-2,C7H8N2O2,152.058578,29,244,12,Active,0.9760785293182372,-41.73799468253034,1.5996201290040735,38.3773946360153,1.5840754880229937
https://comptox.epa.gov/dashboard/chemical/details/DTXSID8044913,N-[3-(Dimethylamino)propyl]dodecanamide,3179-80-4,C17H36N2O,284.282764,167,329,51,Active,0.9999999888430515,-93.37815132458621,3.578743339351565,32.02089681874598,1.5054334911678657
https://comptox.epa.gov/dashboard/chemical/details/DTXSID7024875,"Bis(2,3-epoxypropyl) cyclohexane-1,2-dicarboxylate",5493-45-8,C14H20O6,284.125988,28,244,11,Active,0.9999657716123058,-103.54216527462806,3.96828197027123,64.27205972115769,1.8080222179312417
https://comptox.epa.gov/dashboard/chemical/details/DTXSID3020099,Sodium aristolochate-I,10190-99-5,C17H10NNaO7,363.035496,102,247,41,Active,1,-103.27304849640204,3.957967995707348,4.623032939368697,0.6649269878216204
https://comptox.epa.gov/dashboard/chemical/details/DTXSID7025138,"N,N-Dimethyl-4-nitrosoaniline",138-89-6,C8H10N2O,150.079313,148,341,43,Active,0.9999989264917131,-82.05807539283644,3.1448983149316305,12.835324885974643,1.1084068659486632
https://comptox.epa.gov/dashboard/chemical/details/DTXSID6022399,Coumestrol,479-13-0,C15H8O5,268.037173,45,248,18,Active,0.9648932061236658,-40.82199721244527,1.5645142739573725,70.36167884471523,1.8473361932683305
https://comptox.epa.gov/dashboard/chemical/details/DTXSID4022159,"1,9-Decadiene",1647-16-1,C10H18,138.140851,37,244,15,Active,0.999913413509658,-93.65739980128302,3.589445614046734,72.35036031695319,1.859440698319947
https://comptox.epa.gov/dashboard/chemical/details/DTXSID8021309,Temazepam,846-50-4,C16H13ClN2O2,300.066555,18,244,7,Active,0.9909494697469354,-41.30179026153122,1.5829024745624043,23.7203844404058,1.375121723435643
https://comptox.epa.gov/dashboard/chemical/details/DTXSID2033281,Cadmium acetate dihydrate,5743-04-4,C4H10CdO6,267.951103,110,244,45,Active,0.9999999999999856,-91.30622335807942,3.4993361300143624,2.0907794583798442,0.32030822456321667
https://comptox.epa.gov/dashboard/chemical/details/DTXSID6026084,"4,5,6,7-Tetrabromo-1,3-Isobenzofurandione",632-79-1,C8Br4O3,459.658096,6,328,2,Active,0.9979961631542381,-43.514254229585696,1.667695764822645,38.2432950191571,1.5825553037658957
https://comptox.epa.gov/dashboard/chemical/details/DTXSID6020983,1-Nitropyrene,5522-43-0,C16H9NO2,247.063329,32,256,12,Active,0.905972090236696,-30.650380177685946,1.1746842527241785,0.0009584858743264977,-3.0184142831482137
https://comptox.epa.gov/dashboard/chemical/details/DTXSID5024471,2-Amino-4-chloro-5-nitrophenol,6358-07-2,C6H5ClN2O3,187.998870,46,244,19,Active,0.9998064112485724,-68.79758725154208,2.636686458742177,41.455317577536974,1.6175802465017122
https://comptox.epa.gov/dashboard/chemical/details/DTXSID6045086,Estradiol phosphate,4995-43-1,C18H25O5P,352.143961,6,78,8,Active,0.999995875113232,-48.85695246444418,1.8724561445361259,7.236193498790081,0.859510171556102
https://comptox.epa.gov/dashboard/chemical/details/DTXSID2023434,Pentetic acid,67-43-6,C14H23N3O10,393.138344,15,331,5,Active,0.9990326906361697,-59.15360881835093,2.26707833207598,29.019874030684445,1.4626955229226208
https://comptox.epa.gov/dashboard/chemical/details/DTXSID4022810,Chlorprothixene,113-59-7,C18H18ClNS,315.084849,72,244,30,Active,0.9972575653791638,-68.16444808389603,2.612421225955337,30.264930525734794,1.4809396813107005
https://comptox.epa.gov/dashboard/chemical/details/DTXSID3045192,6-(Trifluoromethoxy)-2-Benzothiazolamine,1744-22-5,C8H5F3N2OS,234.007468,30,244,12,Active,0.9906645586808414,-44.75695980528015,1.7153227978994992,28.581737782263108,1.4560886305537557
https://comptox.epa.gov/dashboard/chemical/details/DTXSID5045205,Spiperone,749-02-0,C23H26FN3O2,395.200905,52,244,21,Active,0.9924510700809475,-48.3964795314088,1.8548083926940078,25.677520854036572,1.409553090604511
https://comptox.epa.gov/dashboard/chemical/details/DTXSID2023642,Terfenadine,50679-08-8,C32H41NO2,471.313730,93,244,38,Active,0.9999204266664985,-96.94090445035602,3.71528683306759,32.112093879663945,1.506668624804609
https://comptox.epa.gov/dashboard/chemical/details/DTXSID3045144,Dequalinium dichloride,522-51-0,C30H40Cl2N4,526.263003,13,78,17,Active,0.99999637714972,-70.77230180291907,2.7123679371995504,6.146136915007269,0.7886022306307146
https://comptox.epa.gov/dashboard/chemical/details/DTXSID6040668,Dipyridamole,58-32-2,C24H40N8O4,504.317252,77,244,32,Active,0.9998494321486764,-57.563190484592376,2.2061251118849263,19.15708812260535,1.2823294969977375
https://comptox.epa.gov/dashboard/chemical/details/DTXSID6023363,Nicardipine,55985-32-5,C26H29N3O6,479.205636,94,244,39,Active,0.9999985979273746,-108.77353226733625,4.168775549500279,17.894564463409676,1.2527211325421894
https://comptox.epa.gov/dashboard/chemical/details/DTXSID6023997,alpha-Cyhalothrin,68085-85-8,C23H19ClF3NO3,449.100556,23,244,9,Active,0.998653032177175,-33.14863296209853,1.2704304779964601,6.439460772183092,0.8088495019141384
https://comptox.epa.gov/dashboard/chemical/details/DTXSID1027714,9-Octadecen-1-ol-ethylene oxide copolymer,9004-98-2,(C2H4O)nC18H36O, ,141,244,58,Active,1,-104.47332058718888,4.003968753800981,6.015667567963149,0.7792838286826134
https://comptox.epa.gov/dashboard/chemical/details/DTXSID5047873,1-Methyl-3-octylimidazolium chloride,64697-40-1,C12H23ClN2,230.154976,53,244,22,Active,0.999999948852189,-92.18083731628109,3.5328559505828596,22.27632999584183,1.347843642792494
https://comptox.epa.gov/dashboard/chemical/details/DTXSID0025527,Medroxyprogesterone acetate,71-58-9,C24H34O4,386.245710,75,465,16,Active,0.9999929312824203,-32.3702470476904,1.2405986236802382,0.09235181945815037,-1.0345545439394854
https://comptox.epa.gov/dashboard/chemical/details/DTXSID3027950,Trimethylolpropane ethoxylate triacrylate,28961-43-5,(C2H4O)n(C2H4O)n(C2H4O)nC15H20O6, ,109,244,45,Active,0.9999999999953405,-109.16366351834188,4.183727437026475,8.479478755305099,0.9283691564250725
https://comptox.epa.gov/dashboard/chemical/details/DTXSID1045085,Trifluoperazine dihydrochloride,440-17-5,C21H26Cl2F3N3S,479.117659,109,244,45,Active,0.999953872667492,-93.13465766299255,3.569411377781951,30.33708405341066,1.4819738348431837
https://comptox.epa.gov/dashboard/chemical/details/DTXSID9043853,Amiloride,2609-46-3,C6H8ClN7O,229.047886,4,244,2,Active,0.9999999312225183,-34.787203950239245,1.3332291619142826,0.00006662612518147223,-4.1763554435416825
https://comptox.epa.gov/dashboard/chemical/details/DTXSID2045109,Nortriptyline hydrochloride,894-71-3,C19H22ClN,299.144077,14,78,18,Active,0.99958555598501,-71.67826460059972,2.7470892106656515,23.15813777917125,1.364703633434227
https://comptox.epa.gov/dashboard/chemical/details/DTXSID1045110,Etymemazine hydrochloride,3737-33-5,C20H27ClN2S,362.158348,23,78,29,Active,0.9995198129009877,-72.53837069670271,2.78005301342787,30.699793373019926,1.487135452439426
https://comptox.epa.gov/dashboard/chemical/details/DTXSID4041070,Mycophenolic acid,24280-93-1,C17H20O6,320.125988,49,244,20,Active,0.9999999999999994,-59.56166031128498,2.2827170178042304,0.27932735064587766,-0.5538865377933488
https://comptox.epa.gov/dashboard/chemical/details/DTXSID5043897,Clobenztropine,5627-46-3,C21H24ClNO,341.154642,41,78,53,Active,0.9996984613812957,-80.62432458408736,3.08994942073833,18.864803320114028,1.2756522817111757
https://comptox.epa.gov/dashboard/chemical/details/DTXSID1042570,Vanoxerine dihydrochloride,67469-78-7,C28H34Cl2F2N2O,522.201625,136,244,56,Active,0.9999999742353163,-92.19923219536659,3.5335609393845395,15.962149478120832,1.2030913734577304
https://comptox.epa.gov/dashboard/chemical/details/DTXSID3022958,DL-Dobutamine,34368-04-2,C18H23NO3,301.167794,16,244,7,Active,0.9999087701965271,-83.84740508136039,3.2134748675177924,30.94225803355858,1.490552003472324
https://comptox.epa.gov/dashboard/chemical/details/DTXSID5023370,Nimodipine,66085-59-4,C21H26N2O7,418.174001,33,256,13,Active,0.9992654554998297,-58.53989434765928,2.2435575561439647,29.9064034767324,1.4757641882193853
https://comptox.epa.gov/dashboard/chemical/details/DTXSID7032004,Flutamide,13311-84-7,C11H11F3N2O3,276.072177,208,723,29,Active,0.9999998693887175,-75.32413415034692,2.88681816419728,9.738413272170538,0.988488200895311
https://comptox.epa.gov/dashboard/chemical/details/DTXSID5029762,2-[4-(Dibutylamino)-2-hydroxybenzoyl]benzoic acid,54574-82-2,C22H27NO4,369.194008,77,244,32,Active,0.9992119649833369,-59.69993398063736,2.288016394223479,37.814546037412285,1.577658891070082
https://comptox.epa.gov/dashboard/chemical/details/DTXSID5024269,Potassium silver cyanide,506-61-6,C2AgKN2,197.874940,155,244,64,Active,0.9999995266238303,-119.57929192455231,4.5829092612019995,11.430621406664065,1.058069840732069
https://comptox.epa.gov/dashboard/chemical/details/DTXSID0047876,(-)-Enterodiol,80226-00-2,C18H22O4,302.151809,16,244,7,Active,0.9684272977534705,-36.801670233164664,1.4104341364195927,53.60336751898187,1.7291920741885065
https://comptox.epa.gov/dashboard/chemical/details/DTXSID1024334,Thallium nitrate,10102-45-1,NO3Tl,266.962246,25,244,10,Active,0.9997151861334351,-68.90634602223413,2.6408546685502436,64.07980148878421,1.806721157688242
https://comptox.epa.gov/dashboard/chemical/details/DTXSID5021463,Zinc diethyldithiocarbamate,14324-55-1,C10H20N2S4Zn,359.980075,137,244,56,Active,1,-105.73344244423606,4.05226327065218,0.46759652043716204,-0.33012872924792735
https://comptox.epa.gov/dashboard/chemical/details/DTXSID1024885,N-Cyclohexyl-4-methylbenzenesulfonamide,80-30-8,C13H19NO2S,253.113650,18,244,7,Active,0.9346152503744654,-43.229020181204106,1.6567640914459294,7.5576602132619675,0.8783873624655467
https://comptox.epa.gov/dashboard/chemical/details/DTXSID1021320,Tetrachlorovinphos,961-11-5,C10H9Cl4O4P,363.899257,52,244,21,Active,0.9999999999784273,-94.73722083563193,3.6308300522643537,17.424094516749573,1.241150218242247
https://comptox.epa.gov/dashboard/chemical/details/DTXSID9020110,Astemizole,68844-77-9,C28H31FN4O,458.248190,233,464,50,Active,0.9999999980454538,-101.14185745589647,3.876289512754914,7.685349866971217,0.8856636430571534
https://comptox.epa.gov/dashboard/chemical/details/DTXSID0022220,"2,3,4,5-Tetrachlorophenol",4901-51-3,C6H2Cl4O,229.885976,77,244,32,Active,0.9999807863321212,-103.32165902829772,3.959831007715792,36.381129089001014,1.5608761732737406
https://comptox.epa.gov/dashboard/chemical/details/DTXSID3020419,Dibutyltin diacetate,1067-33-0,C12H24O4Sn,352.069661,94,244,39,Active,0.9999999890133576,-86.09772268916247,3.2997189089355072,19.67162027691564,1.2938401325854882
https://comptox.epa.gov/dashboard/chemical/details/DTXSID9021132,"N-Phenyl-1,4-benzenediamine hydrochloride",2198-59-6,C12H13ClN2,220.076726,45,244,18,Active,0.9999435463893198,-88.89644689936596,3.4069807842657647,40.97163048164156,1.6124832472113764
https://comptox.epa.gov/dashboard/chemical/details/DTXSID0027773,Trimethylolpropane triacrylate,15625-89-5,C15H20O6,296.125988,259,443,58,Active,0.9999999999999974,-101.91649990860274,3.9059778978715256,4.649078153831537,0.6673668469988504
https://comptox.epa.gov/dashboard/chemical/details/DTXSID8025331,"1-Fluoro-2,4-dinitrobenzene",70-34-8,C6H3FN2O4,186.007685,69,244,28,Active,0.9999436894782683,-95.90296235602719,3.6755074167478123,26.95104439521025,1.430575599440689
https://comptox.epa.gov/dashboard/chemical/details/DTXSID9020538,"N,N'-Diphenyl-p-phenylenediamine",74-31-7,C18H16N2,260.131349,47,244,19,Active,0.9999999927498805,-78.7439212966271,3.017882447417116,19.555873288855274,1.2912772146150526
https://comptox.epa.gov/dashboard/chemical/details/DTXSID7024956,"N,N'-Bis(1-methylpropyl)-1,4-benzenediamine",101-96-2,C14H24N2,220.193949,143,244,59,Active,0.9999999999999964,-101.82081200767117,3.9023106327430366,7.969466004153853,0.9014292223724227
https://comptox.epa.gov/dashboard/chemical/details/DTXSID7020635,Fluoxetine hydrochloride,56296-78-7,C17H19ClF3NO,345.110726,177,308,57,Active,0.9989189894497623,-80.96250578581721,3.102910308333734,61.79711699366697,1.7909682145233203
https://comptox.epa.gov/dashboard/chemical/details/DTXSID6025149,"N,N-Dimethyl-p-phenylenediamine",99-98-9,C8H12N2,136.100048,89,244,36,Active,0.9999999907208822,-107.99411930164246,4.138904333160976,22.550173828324695,1.3531498939918616
https://comptox.epa.gov/dashboard/chemical/details/DTXSID0047874,Methyl triclosan,4640-01-1,C13H9Cl3O2,301.966813,17,244,7,Active,0.9971484643156321,-59.172409836639176,2.267798886274341,59.60227706507061,1.7752628519869547
https://comptox.epa.gov/dashboard/chemical/details/DTXSID3021562,Dichloroacetonitrile,3018-12-0,C2HCl2N,108.948604,15,244,6,Active,0.9955423932027728,-47.221161063909975,1.8097639890780322,63.517866310660686,1.8028959008631524
https://comptox.epa.gov/dashboard/chemical/details/DTXSID5023954,Technical chlordane,12789-03-6,, ,122,247,49,Active,0.9999589707733956,-55.742252955544174,2.136337180114845,33.071473826098305,1.519453549624291
https://comptox.epa.gov/dashboard/chemical/details/DTXSID7022837,Clioquinol,130-26-7,C9H5ClINO,304.910440,86,244,35,Active,0.9999999993429034,-94.82724347205992,3.6342801945721366,17.06349747184718,1.232068052449726
https://comptox.epa.gov/dashboard/chemical/details/DTXSID5026207,"2,3,4-Trichlorophenol",15950-66-0,C6H3Cl3O,195.924948,28,244,11,Active,0.9959311082603587,-53.09117263294823,2.0347337973963633,61.87848245855934,1.7915396542846789
https://comptox.epa.gov/dashboard/chemical/details/DTXSID2025715,Nifedipine,21829-25-4,C17H18N2O6,346.116486,78,244,32,Active,0.9999918795547649,-97.48588939908474,3.736173531161775,52.01271579543422,1.716109530648096
https://comptox.epa.gov/dashboard/chemical/details/DTXSID1033163,Alizarin Yellow R,2243-76-7,C13H9N3O5,287.054220,55,244,23,Active,0.9999999873545165,-92.75380287532661,3.5548150132653538,23.9522275481661,1.3793459088524962
https://comptox.epa.gov/dashboard/chemical/details/DTXSID1025431,3-Hydroxy-N-phenylaniline,101-18-8,C12H11NO,185.084064,28,244,11,Active,0.9994015750670996,-61.044258865538424,2.339538015282789,39.70114942528735,1.5988030806128213
https://comptox.epa.gov/dashboard/chemical/details/DTXSID8024236,Octabromodiphenyl ether,32536-52-0,C12O, ,31,259,12,Active,0.9999338220972681,-99.07025787843882,3.7968948890183647,62.55242229781613,1.79624413209828
https://comptox.epa.gov/dashboard/chemical/details/DTXSID8034089,Valerenic acid,3569-10-6,C15H22O2,234.161980,31,244,13,Active,0.9992851002940824,-45.25638609818419,1.7344634479752816,53.64915750699863,1.7295629063031916
https://comptox.epa.gov/dashboard/chemical/details/DTXSID6033538,Guggulsterone E,39025-24-6,C21H28O2,312.208930,75,271,28,Active,1,-93.24911966586896,3.573798165532534,2.6532275549951394,0.42377449899879327
https://comptox.epa.gov/dashboard/chemical/details/DTXSID9020241,Capsaicin,404-86-4,C18H27NO3,305.199094,46,365,13,Active,0.9984631459817063,-55.03579644609974,2.1092620400327973,61.60381336118411,1.7896075964251494
https://comptox.epa.gov/dashboard/chemical/details/DTXSID3030056,"2,2',4,4'-Tetrabromodiphenyl ether",5436-43-1,C12H6Br4O,481.715217,56,304,18,Active,0.965984762009208,-41.4073044218652,1.586946333785853,58.516935101481984,1.7672815713259398
https://comptox.epa.gov/dashboard/chemical/details/DTXSID8025703,alpha-Naphylisothiocyanate,551-06-4,C11H7NS,185.029920,84,244,34,Active,0.999489813084426,-52.27761424800002,2.0035539484701785,28.98022604968183,1.4621017687040507
https://comptox.epa.gov/dashboard/chemical/details/DTXSID9022079,Pentabromophenol,608-71-9,C6HBr5O,483.594430,79,244,32,Active,0.9999996650119017,-98.6838268807829,3.7820848147197963,33.12238264215492,1.5201215699945323
https://comptox.epa.gov/dashboard/chemical/details/DTXSID5025861,Phenethyl anthranilate,133-18-6,C15H15NO2,241.110279,80,329,24,Active,0.999999999896665,-93.70942716389058,3.591439577032236,17.465845889838896,1.242189623835288
https://comptox.epa.gov/dashboard/chemical/details/DTXSID2029662,Dichloro(dioctyl)stannane,3542-36-7,C16H34Cl2Sn,416.105958,63,244,26,Active,0.9999996298291863,-79.10133075764358,3.031580263339685,18.353120180505734,1.2637099084781656
https://comptox.epa.gov/dashboard/chemical/details/DTXSID7020398,C.I. Oxidation Base 12A,39156-41-7,C7H12N2O5S,236.046693,102,244,42,Active,0.9999999999207968,-92.38482172510737,3.5406737091705307,12.832284586230179,1.108303982553156
https://comptox.epa.gov/dashboard/chemical/details/DTXSID4020749,Isobutylparaben,4247-02-3,C11H14O3,194.094294,38,244,16,Active,0.996221479828899,-47.131711938169246,1.8063358267251204,38.28927203065135,1.5830771094639973
https://comptox.epa.gov/dashboard/chemical/details/DTXSID4020876,Methylhydroquinone,95-71-6,C7H8O2,124.052429,66,244,27,Active,0.9992785077656888,-77.35801039480307,2.964767030818249,68.34289508375682,1.834693372066916
https://comptox.epa.gov/dashboard/chemical/details/DTXSID8021191,Proflavin hydrochloride,952-23-8,C13H12ClN3,245.071975,122,259,47,Active,0.9999999901951524,-118.05119179316816,4.524344403261689,17.642573535764743,1.2465619362867182
https://comptox.epa.gov/dashboard/chemical/details/DTXSID6021321,Tetracycline hydrochloride,64-75-5,C22H25ClN2O8,480.129944,17,244,7,Active,0.9999957171116932,-84.92090913430957,3.254617205685364,31.16986915728588,1.4937349792294223
https://comptox.epa.gov/dashboard/chemical/details/DTXSID5020867,"4,4'-Methylenebis(o-toluidine)",838-88-0,C15H18N2,226.146999,80,644,12,Active,0.9870754409330589,-42.31024790622293,1.6215518912381917,50.14343408674617,1.700214073416642
https://comptox.epa.gov/dashboard/chemical/details/DTXSID1021667,Tribromoacetaldehyde,115-17-3,C2HBr3O,277.757754,115,244,47,Active,0.9999999983049073,-122.4008412852902,4.691045916706056,26.044794365399024,1.4157209328447364
https://comptox.epa.gov/dashboard/chemical/details/DTXSID8047890,"3,3'-Dimethylbisphenol A",79-97-0,C17H20O2,256.146330,200,466,43,Active,0.9999999998430688,-104.36197151206338,3.9997012698628684,21.974759376168045,1.3419241282429846
https://comptox.epa.gov/dashboard/chemical/details/DTXSID3021770,"2,2',6,6'-Tetrachlorobisphenol A",79-95-8,C15H12Cl4O2,363.959140,241,566,43,Active,0.9515335049552853,-38.78946515308919,1.4866169236001707,63.18850460479678,1.8006380776369793
https://comptox.epa.gov/dashboard/chemical/details/DTXSID5022485,"Bis(4-hydroxyphenyl)-2,2-dichloroethylene",14868-03-2,C14H10Cl2O2,280.005785,69,244,28,Active,0.999999994449003,-100.41623908447889,3.848479989041008,21.677549054193104,1.3360101776628677
https://comptox.epa.gov/dashboard/chemical/details/DTXSID3047893,"4,4'-Octahydro-1H-4,7-methanoindene-5,5-diyldiphenol",1943-97-1,C22H24O2,320.177630,127,244,52,Active,0.9999996274639215,-79.25930310991832,3.0376345972013588,19.686866517821997,1.294176596670661
https://comptox.epa.gov/dashboard/chemical/details/DTXSID8025830,Pentabromoethane,75-95-6,C2HBr5,419.599515,46,244,19,Active,0.9996163761943783,-56.19319652343109,2.153619716415966,27.89759438937775,1.4455667556584832
https://comptox.epa.gov/dashboard/chemical/details/DTXSID5047900,Tetraoctylphosphonium bromide,23906-97-0,C32H68BrP,562.424202,160,244,66,Active,1,-96.24184845228322,3.6884953196198604,0.3016980823665821,-0.5204274502501307
https://comptox.epa.gov/dashboard/chemical/details/DTXSID4047913,1-Decyl-3-methylimidazolium bis(trifluoromethylsulfonyl)imide,433337-23-6,C16H27F6N3O4S2,503.134718,88,244,36,Active,1,-84.69259745509086,3.2458670977670785,1.8707664623805322,0.27201957561874845
https://comptox.epa.gov/dashboard/chemical/details/DTXSID4047915,1-Decyl-3-methylimidazolium tetrafluoroborate,244193-56-4,C14H27BF4N2,310.220342,66,244,27,Active,1,-88.7373251538842,3.4008823995932156,2.067614895324187,0.31546965221194223
https://comptox.epa.gov/dashboard/chemical/details/DTXSID9047916,1-Decyl-3-methylimidazolium trifluoromethanesulfonate,412009-62-2,C15H27F3N2O3S,372.169448,72,244,30,Active,1,-88.71016801427194,3.399841594746208,1.984514584131569,0.29765429487058975
https://comptox.epa.gov/dashboard/chemical/details/DTXSID4047917,1-Dodecyl-3-methylimidazolium bis(trifluoromethylsulfonyl)imide,404001-48-5,C18H31F6N3O4S2,531.166018,132,244,54,Active,1,-98.03523894491511,3.7572275036406517,0.7102479749395006,-0.1485899958645889
https://comptox.epa.gov/dashboard/chemical/details/DTXSID9047918,1-Dodecyl-3-methylimidazolium chloride,114569-84-5,C16H31ClN2,286.217577,143,244,59,Active,1,-101.8977845988337,3.9052606284757427,1.7384701192004754,0.2401672304360891
https://comptox.epa.gov/dashboard/chemical/details/DTXSID4047919,1-Dodecyl-3-methylimidazolium hexafluorophosphate,219947-93-0,C16H31F6N2P,396.212905,135,244,55,Active,1,-100.83332930455926,3.86446508647384,1.029155627770068,0.012481053257283655
https://comptox.epa.gov/dashboard/chemical/details/DTXSID8047923,1-Hexadecyl-3-methylimidazolium chloride,61546-01-8,C20H39ClN2,342.280177,133,244,55,Active,0.9999999995127811,-89.76442187558717,3.44024616402337,3.372643194812521,0.5279703978981894
https://comptox.epa.gov/dashboard/chemical/details/DTXSID8047925,1-Hexyl-3-methylimidazolium bromide,85100-78-3,C10H19BrN2,246.073162,31,244,13,Active,0.9998002963006414,-57.82933594583654,2.2163252099080215,38.4750957854406,1.585179709700047
https://comptox.epa.gov/dashboard/chemical/details/DTXSID3047926,Methyltrioctylammonium bis(trifluoromethylsulfonyl)imide,375395-33-8,C27H54F6N2O4S2,648.342920,132,244,54,Active,1,-99.82119560409554,3.825674783949249,1.546392307025755,0.18931968050279455
https://comptox.epa.gov/dashboard/chemical/details/DTXSID7047934,1-Hexylpyridinium bromide,74440-81-6,C11H18BrN,243.062263,33,244,14,Active,0.999174626523861,-65.88851431265762,2.5251954380265045,73.91534341690443,1.8687345990123236
https://comptox.epa.gov/dashboard/chemical/details/DTXSID2047935,1-Hexylpyridinium chloride,6220-15-1,C11H18ClN,199.112777,40,244,16,Active,0.9997129992266975,-71.75798485856608,2.750144511484542,70.35797524815936,1.8473133329002014
https://comptox.epa.gov/dashboard/chemical/details/DTXSID0026208,"2,3,5-Trichlorophenol",933-78-8,C6H3Cl3O,195.924948,48,244,20,Active,0.9999042742162313,-98.82877734598502,3.78764008117688,57.32297457869996,1.7583287185291612
https://comptox.epa.gov/dashboard/chemical/details/DTXSID7020211,"2,6-Di-tert-butyl-4-(hydroxymethyl)phenol",88-26-6,C15H24O2,236.177630,31,244,13,Active,0.9997750768127805,-57.79414772888867,2.214976611812648,38.9310344827586,1.5902959440260116
https://comptox.epa.gov/dashboard/chemical/details/DTXSID5020861,4-Methylcatechol,452-86-8,C7H8O2,124.052429,69,244,28,Active,0.9989386742027674,-78.92433488120173,3.0247968476806286,68.2283091564722,1.8339646086664976
https://comptox.epa.gov/dashboard/chemical/details/DTXSID4026181,Tribromsalan,87-10-5,C13H8Br3NO2,446.810518,130,330,39,Active,0.9999996534272684,-84.88034767279892,3.2530626765138555,10.779636496645884,1.0326041161232093
https://comptox.epa.gov/dashboard/chemical/details/DTXSID8025757,Nitrogen mustard hydrochloride,55-86-7,C5H12Cl3N,191.003533,112,244,46,Active,0.9999999952057724,-103.23401883798981,3.95647217331101,27.194360478562228,1.4344788501010988
https://comptox.epa.gov/dashboard/chemical/details/DTXSID3021221,Quinapril hydrochloride,82586-55-8,C25H31ClN2O5,474.192150,21,244,9,Active,0.990535546305125,-39.4500811734416,1.5119352143263083,22.66726087454751,1.3553990428904534
https://comptox.epa.gov/dashboard/chemical/details/DTXSID1021168,Piperonyl sulfoxide,120-62-7,C18H28O3S,324.175916,78,244,32,Active,0.9997868442319056,-76.61447650200893,2.936270889818737,71.62509480915092,1.8550652098454474
https://comptox.epa.gov/dashboard/chemical/details/DTXSID7020558,Emetine dihydrochloride,316-42-7,C29H42Cl2N2O4,552.252163,84,244,34,Active,1,-99.77733587915097,3.8239938479242297,0.2530712571499068,-0.5967571775206879
https://comptox.epa.gov/dashboard/chemical/details/DTXSID1022265,Alachlor,15972-60-8,C14H20ClNO2,269.118257,127,664,19,Active,0.9999999722485043,-93.92396566075,3.5996618239473768,24.244928790947515,1.3846209129001317
https://comptox.epa.gov/dashboard/chemical/details/DTXSID3022956,Sodium diethyldithiocarbamate,148-18-5,C5H10NNaS2,171.015236,64,244,26,Active,0.9999999635102769,-105.20052928594333,4.031839227247598,26.08984328145232,1.4164714703533872
https://comptox.epa.gov/dashboard/chemical/details/DTXSID4022442,Bisphenol B,77-40-7,C16H18O2,242.130680,234,687,34,Active,0.9999999922953166,-95.77748653864863,3.670698521526356,23.395227087119935,1.3691272650530741
https://comptox.epa.gov/dashboard/chemical/details/DTXSID7025005,"3,4-Dichlorophenol",95-77-2,C6H4Cl2O,161.963920,20,244,8,Active,0.9737215551594097,-36.90300559230845,1.4143178419377715,60.438842459690946,1.7813161380266367
https://comptox.epa.gov/dashboard/chemical/details/DTXSID2020684,"alpha-1,2,3,4,5,6-Hexachlorocyclohexane",319-84-6,C6H6Cl6,287.860066,28,244,11,Active,0.988255761293547,-42.399957334641975,1.6249900297628632,54.369367896591065,1.7353542838823752
https://comptox.epa.gov/dashboard/chemical/details/DTXSID2025139,Benzalkonium chloride C18 (BAC C18),122-19-0,C27H50ClN,423.363178,280,460,61,Active,0.9999983532069434,-92.13274199132962,3.5310126840222944,12.296722178294296,1.0897893610660305
https://comptox.epa.gov/dashboard/chemical/details/DTXSID1026902,"N,N,N-Trimethyloctadecan-1-aminium chloride",112-03-8,C21H46ClN,347.331878,296,447,66,Active,0.9999999998357542,-87.53034213725482,3.354624443420383,12.209523368411924,1.0866987104224484
https://comptox.epa.gov/dashboard/chemical/details/DTXSID1029120,"4,4'-Biphenyldiol",92-88-6,C12H10O2,186.068080,47,244,19,Active,0.9999999602104404,-117.90355810760644,4.518686301646126,34.64815811308018,1.5396801525816786
https://comptox.epa.gov/dashboard/chemical/details/DTXSID8029602,"4,4'-Butane-1,1-diylbis(2-tert-butyl-5-methylphenol)",85-60-9,C26H38O2,382.287180,153,244,63,Active,0.9999999083606588,-88.56166841308189,3.394150306675962,11.455167006062807,1.0590014251956745
https://comptox.epa.gov/dashboard/chemical/details/DTXSID5047950,Trihexyltetradecylphosphonium hexafluorophosphate,374683-44-0,C32H68F6P2,628.470045,147,244,60,Active,1,-98.82365124759306,3.787443622045736,0.596239303170328,-0.22457939934096524
https://comptox.epa.gov/dashboard/chemical/details/DTXSID0033960,Rifabutin,72559-06-9,C46H62N4O11,846.441509,62,244,25,Active,0.9985450461011646,-44.14433557796219,1.691843805844724,20.016827152795347,1.3013952390156338
https://comptox.epa.gov/dashboard/chemical/details/DTXSID9029649,"1,3-Benzenedimethanamine",1477-55-0,C8H12N2,136.100048,13,358,4,Active,0.929788493822255,-29.289787586730228,1.1225391673548153,0.008013745477866575,-2.0961644551792644
https://comptox.epa.gov/dashboard/chemical/details/DTXSID5047952,1-Methyl-3-octylimidazolium hexafluorophosphate,304680-36-2,C12H23F6N2P,340.150305,48,244,20,Active,0.9999999986517831,-73.82716502572598,2.829446410655811,15.168330672553898,1.180937787801224
https://comptox.epa.gov/dashboard/chemical/details/DTXSID5020865,"4,4'-Methylenebis(2-chloroaniline)",101-14-4,C13H12Cl2N2,266.037754,56,244,23,Active,0.9999997867831248,-84.77954623462506,3.2491994336637395,25.23511668553562,1.4020053172237399
https://comptox.epa.gov/dashboard/chemical/details/DTXSID7021283,Strobane,8001-50-1,, ,120,244,49,Active,0.9999915461466218,-92.2265375050103,3.534607422888766,35.762444176723726,1.5534271929032242
https://comptox.epa.gov/dashboard/chemical/details/DTXSID6020274,Chlormadinone acetate,302-22-7,C23H29ClO4,404.175437,67,244,27,Active,0.9999999999998898,-48.46346182134477,1.8573755073837133,0.27391544134515877,-0.562383484715838
https://comptox.epa.gov/dashboard/chemical/details/DTXSID2020470,Diglycidyl resorcinol ether,101-90-6,C12H14O4,222.089209,86,244,35,Active,0.9999999887101828,-103.4928014526112,3.96639008821165,31.359760301548004,1.4963727344934958
https://comptox.epa.gov/dashboard/chemical/details/DTXSID0027143,3-(Trifluoromethyl)phenyl isocyanate,329-01-1,C8H4F3NO,187.024498,33,244,14,Active,0.9998692803308059,-79.80963438010725,3.0587261945363657,56.55036326087117,1.752435399034863
https://comptox.epa.gov/dashboard/chemical/details/DTXSID4024488,2-Amino-4-methylphenol,95-84-1,C7H9NO,123.068414,54,244,22,Active,0.9979231729494767,-56.346358180436425,2.15948967905794,69.256492762661,1.84046049454249
https://comptox.epa.gov/dashboard/chemical/details/DTXSID6047943,1-Methyl-3-octylimidazolium tetrafluoroborate,244193-52-0,C12H23BF4N2,282.189041,43,244,18,Active,0.9999999990950639,-91.3696858550581,3.501768347670627,16.91007131343822,1.2281454391156246
https://comptox.epa.gov/dashboard/chemical/details/DTXSID1047944,Trihexyltetradecylphosphonium chloride,258864-54-9,C32H68ClP,518.474717,158,244,65,Active,0.999999999999999,-90.2745180684944,3.4597957409522366,0.610156322223127,-0.21455888436389367
https://comptox.epa.gov/dashboard/chemical/details/DTXSID7025716,Ninhydrin,485-47-2,C9H6O4,178.026609,61,244,25,Active,0.9999995428675823,-77.8230357769135,2.9825892565236205,24.501666242196094,1.3891956196782085
https://comptox.epa.gov/dashboard/chemical/details/DTXSID9025744,2-Nitrobenzyl chloride,612-23-7,C7H6ClNO2,171.008706,48,244,20,Active,1,-97.8509863560521,3.7501659724816157,0.00019562666020470456,-3.708571959411419
https://comptox.epa.gov/dashboard/chemical/details/DTXSID0039227,2-Acetylaminofluorene,53-96-3,C15H13NO,223.099714,26,244,11,Active,0.9995096951515748,-56.83120610321728,2.1780716090880063,40.67861956636431,1.6093662066675507
https://comptox.epa.gov/dashboard/chemical/details/DTXSID0021834,4-Nitrophenol,100-02-7,C6H5NO3,139.026943,42,611,7,Active,0.9149387620568564,-36.85338418570748,1.4124160878781393,39.55172413793105,1.5971654200023118
https://comptox.epa.gov/dashboard/chemical/details/DTXSID1047946,1-Methyl-3-octylimidazolium trifluoromethanesulfonate,403842-84-2,C13H23F3N2O3S,344.138148,50,244,20,Active,0.9999999987174251,-81.70232084014064,3.1312639238257436,16.734354348325436,1.2236089608904654
https://comptox.epa.gov/dashboard/chemical/details/DTXSID0025076,"1,8-Dihydroxy-4,5-dinitroanthraquinone",81-55-0,C14H6N2O8,330.012415,141,244,58,Active,0.9999999999999961,-103.9749742372144,3.984869492835084,7.7100709636193,0.8870583753228698
https://comptox.epa.gov/dashboard/chemical/details/DTXSID5020946,5-Nitro-2-furanmethanediol diacetate,92-55-7,C9H9NO7,243.037902,123,244,50,Active,0.9999999992107603,-116.29269583221162,4.456949561767404,31.562458884929004,1.4991708297261794
https://comptox.epa.gov/dashboard/chemical/details/DTXSID7026655,1-Ethoxy-4-nitrobenzene,100-29-8,C8H9NO3,167.058243,98,244,40,Active,0.9966887651570523,-64.26873948030948,2.463117121950558,47.60345230904996,1.6776384498717942
https://comptox.epa.gov/dashboard/chemical/details/DTXSID7025558,4-Methoxy-3-nitro-N-phenylbenzamide,97-32-5,C14H12N2O4,272.079707,27,244,11,Active,0.9848229026838713,-36.43083221721787,1.3962216674349073,61.10589690702236,1.7860831230184009
https://comptox.epa.gov/dashboard/chemical/details/DTXSID8026018,Silybin,22888-70-6,C25H22O10,482.121297,58,244,24,Active,0.9996146391104394,-72.65746013452049,2.7846171488956633,37.33757791711214,1.5721461419111211
https://comptox.epa.gov/dashboard/chemical/details/DTXSID6025565,4-(Methylamino)phenol hemisulfate,55-55-0,C14H20N2O6S,344.104208,133,244,55,Active,0.9999865939189413,-70.07133956809457,2.6855033667038755,25.951674273225933,1.4141653816128923
https://comptox.epa.gov/dashboard/chemical/details/DTXSID7021368,Toxaphene,8001-35-2,, ,144,256,56,Active,0.999999276439292,-69.8616897456821,2.677468479581867,17.095954055071406,1.23289334200254
https://comptox.epa.gov/dashboard/chemical/details/DTXSID2033736,Nelfinavir mesylate,159989-65-8,C33H51N3O8S2,681.311758,178,300,59,Active,0.9999999999997857,-86.1541956568539,3.3018832509589062,6.566801377601498,0.8173538806219665
https://comptox.epa.gov/dashboard/chemical/details/DTXSID8046242,Mexenone,1641-17-4,C15H14O3,242.094294,28,244,11,Active,0.9484667135305624,-34.04879688519823,1.3049295079988823,17.72420329307114,1.2485667226590933
https://comptox.epa.gov/dashboard/chemical/details/DTXSID7024742,Castor oil,8001-79-4,, ,6,244,2,Active,0.9888317638685147,-30.67035618498992,1.1754498386998253,2.52284263537948,0.4018901618462468
https://comptox.epa.gov/dashboard/chemical/details/DTXSID7022384,(Z)-4-Hydroxytamoxifen,68047-06-3,C26H29NO2,387.219829,158,248,64,Active,0.9999890181617715,-77.81998433298071,2.982472309095395,15.91924506710335,1.2019224684917778
https://comptox.epa.gov/dashboard/chemical/details/DTXSID4026137,Fenticlor,97-24-5,C12H8Cl2O2S,285.962206,147,244,60,Active,0.9999999999764311,-96.5041054330973,3.6985463905606886,13.541901313993531,1.1316796445711224
https://comptox.epa.gov/dashboard/chemical/details/DTXSID3020380,Dehydroepiandrosterone 3-acetate,853-23-6,C21H30O3,330.219495,50,256,20,Active,0.9974775694547029,-43.1584252511809,1.654058521330985,11.75292292250172,1.0701458879908194
https://comptox.epa.gov/dashboard/chemical/details/DTXSID9047960,"4,4'-Thiodiphenol",2664-63-3,C12H10O2S,218.040151,48,244,20,Active,0.9999959554268771,-97.17838058228047,3.724388171157112,39.1185956686885,1.5923832555151907
https://comptox.epa.gov/dashboard/chemical/details/DTXSID4047961,4-Hydroxy-4'-chlorobenzophenone,42019-78-3,C13H9ClO2,232.029107,54,244,22,Active,0.9999473472059078,-78.83884492421242,3.0215204215593463,45.68733102573954,1.6597957880699332
https://comptox.epa.gov/dashboard/chemical/details/DTXSID1020275,[4-(4-Chlorophenoxy)phenyl]amine,101-79-1,C12H10ClNO,219.045092,31,244,13,Active,0.9999999999106396,-90.92675816310563,3.484793022019991,11.231132409753398,1.0504235474024028
https://comptox.epa.gov/dashboard/chemical/details/DTXSID3022403,"2,2′-Dihydroxy-4-methoxybenzophenone",131-53-3,C14H12O4,244.073559,61,368,17,Active,0.9926359309539976,-46.69207746025431,1.7894867144084887,56.156235078156676,1.7493979833882873
https://comptox.epa.gov/dashboard/chemical/details/DTXSID6024331,Thallium(I) acetate,563-68-8,C2H3O2Tl,263.987732,61,300,20,Active,0.999672572762765,-68.7731457591669,2.635749731822649,61.79493940500483,1.7909529107122588
https://comptox.epa.gov/dashboard/chemical/details/DTXSID5025998,Retinal,116-31-4,C20H28O,284.214016,149,244,61,Active,0.9999999987037027,-103.19177188463232,3.9548530472007655,10.869839839751648,1.0362231450775996
https://comptox.epa.gov/dashboard/chemical/details/DTXSID9047962,4-Benzylphenol,101-53-1,C13H12O,184.088815,39,244,16,Active,0.9999122964821534,-59.70766954068553,2.2883128616905024,35.9233716475096,1.5553770913357348
https://comptox.epa.gov/dashboard/chemical/details/DTXSID6025307,Ethyl linolenate,1191-41-9,C20H34O2,306.255880,27,244,11,Active,0.9990329965567979,-69.2165102606905,2.652741798320273,57.994944841103745,1.7633901397130443
https://comptox.epa.gov/dashboard/chemical/details/DTXSID4047963,"1,1-Bis(4-hydroxyphenyl)cyclohexane",843-55-0,C18H20O2,268.146330,117,247,47,Active,0.9999999999910417,-88.08002287190101,3.3756911088017416,10.52736752160477,1.0223197848823258
https://comptox.epa.gov/dashboard/chemical/details/DTXSID8025258,Ethidium bromide,1239-45-8,C21H20BrN3,393.084061,106,244,43,Active,0.9999902304308224,-99.78354077942478,3.824231652434292,21.546463072629596,1.3333759893873103
https://comptox.epa.gov/dashboard/chemical/details/DTXSID4021341,"4,4'-Thiobis(6-tert-butyl-m-cresol)",96-69-5,C22H30O2S,358.196651,153,244,63,Active,0.9999986276784185,-81.1208418632142,3.1089785820607845,11.364440015302476,1.0555480406544078
https://comptox.epa.gov/dashboard/chemical/details/DTXSID7034042,Tetra-N-octylammonium bromide,14866-33-2,C32H68BrN,545.453514,157,244,64,Active,1,-106.41698917056208,4.078460386993362,0.29987724954318107,-0.5230564811315712
https://comptox.epa.gov/dashboard/chemical/details/DTXSID3024499,4-Aminophenol,123-30-8,C6H7NO,109.052764,113,244,46,Active,0.9999999999941855,-95.15515119625549,3.64684734831464,11.295643388775801,1.0529109729489137
https://comptox.epa.gov/dashboard/chemical/details/DTXSID8021690,Undecanoic acid,112-37-8,C11H22O2,186.161980,11,244,5,Active,0.9809406360627672,-31.226320238429146,1.1967573140025696,12.310432232294987,1.090273301737581
https://comptox.epa.gov/dashboard/chemical/details/DTXSID9047966,"1,2-Benzenedicarboxylic acid, dinonyl ester",84-76-4,C26H42O4,418.308310,9,244,4,Active,0.9461225185089686,-29.526399252010528,1.1316073745223714,3.5996042012663882,0.556254750029519
https://comptox.epa.gov/dashboard/chemical/details/DTXSID5024473,2-Amino-4-chlorophenol,95-85-2,C6H6ClNO,143.013791,45,244,18,Active,0.9999920247825054,-80.34662095440386,3.0793063527299585,32.03394071839678,1.5056103675424521
https://comptox.epa.gov/dashboard/chemical/details/DTXSID8028008,Cyanox CY 1790,40601-76-1,C42H57N3O6,699.424737,29,244,12,Active,0.9962975783047945,-51.83479330185768,1.9865827138820829,38.32375478927205,1.583468052712754
https://comptox.epa.gov/dashboard/chemical/details/DTXSID0047953,Trihexyltetradecylphosphonium bromide,654057-97-3,C32H68BrP,562.424202,159,244,65,Active,1,-106.22147362296208,4.0709671998421095,0.8210443170750426,-0.08563340056423487
https://comptox.epa.gov/dashboard/chemical/details/DTXSID4024064,Dinex,131-89-5,C12H14N2O5,266.090272,89,244,36,Active,0.9999999996426124,-115.47591190724509,4.4256460931326185,3.1991549341537464,0.5050352733503334
https://comptox.epa.gov/dashboard/chemical/details/DTXSID4029195,3-Methylpiperidine,626-56-2,C6H13N,99.104799,26,244,11,Active,0.9996234481337632,-87.801038889474,3.364998970922229,70.49234942556926,1.848141985323965
https://comptox.epa.gov/dashboard/chemical/details/DTXSID0047955,1-Methyl-3-octylimidazolium bis(trifluoromethylsulfonyl)imide,178631-04-4,C14H23F6N3O4S2,475.103418,57,244,23,Active,0.999999999999907,-96.88026649860362,3.7129628668841996,10.720527669834063,1.0302161620785162
https://comptox.epa.gov/dashboard/chemical/details/DTXSID9026219,Triethanolamine stearate,4568-28-9,C24H51NO5,433.376724,27,244,11,Active,0.9922377049113167,-45.77277122870233,1.7542540501682748,36.21899562345616,1.5589364028737138
https://comptox.epa.gov/dashboard/chemical/details/DTXSID9025114,6PPD,793-24-8,C18H24N2,268.193949,122,244,50,Active,0.9999999996990587,-89.36801110326358,3.4250536121150663,13.544266100912502,1.1317554776630963
https://comptox.epa.gov/dashboard/chemical/details/DTXSID7026572,N-tert-Butyl-2-benzothiazolesulfenamide,95-31-8,C11H14N2S2,238.059841,20,244,8,Active,0.9998258276191884,-89.04188894221389,3.4125548905713656,60.19608992162415,1.7795682822775472
https://comptox.epa.gov/dashboard/chemical/details/DTXSID2025058,"N,N-Diethyl-4-aminoaniline",93-05-0,C10H16N2,164.131349,104,244,43,Active,0.9999999999991214,-108.08476965452225,4.14237853287447,12.326475218017997,1.090838906911169
https://comptox.epa.gov/dashboard/chemical/details/DTXSID0047957,Octylparaben,1219-38-1,C15H22O3,250.156895,154,406,38,Active,0.997578441517455,-43.24972274700164,1.6575575229757298,38.2126436781609,1.5822070846687908
https://comptox.epa.gov/dashboard/chemical/details/DTXSID2026101,"2,3,5,6-Tetrachlorophenol",935-95-5,C6H2Cl4O,229.885976,71,244,29,Active,0.9999999885904257,-99.29187452675762,3.8053884080355003,35.38584914635553,1.5488296217344586
https://comptox.epa.gov/dashboard/chemical/details/DTXSID7024081,Endothal,145-73-3,C8H10O5,186.052823,140,583,24,Active,0.9998446993732116,-61.16676731758544,2.3442331854115435,18.229786402314446,1.260781580073537
https://comptox.epa.gov/dashboard/chemical/details/DTXSID3024108,Flurprimidol,56425-91-3,C15H15F3N2O2,312.108562,19,244,8,Active,0.9765782630244589,-40.99131609593837,1.5710034667496038,48.89224171976258,1.689239950215429
https://comptox.epa.gov/dashboard/chemical/details/DTXSID7023932,Bromoxynil octanoate,1689-99-2,C15H17Br2NO2,400.962605,46,244,19,Active,0.9999999994595584,-104.03762869034084,3.9872707419884064,19.248653519066234,1.284400355159225
https://comptox.epa.gov/dashboard/chemical/details/DTXSID3025045,Diethylene glycol diacrylate,4074-88-8,C10H14O5,214.084124,101,244,41,Active,0.9999999484605943,-106.7633484149989,4.091734700325423,20.8231688731613,1.3185468212074418
https://comptox.epa.gov/dashboard/chemical/details/DTXSID9021762,2-Butanol,78-92-2,C4H10O,74.073165,2,244,1,Active,0.9684485190308242,-37.23416814627184,1.4270097379265827,0.0001850648801278006,-3.732675989749717
https://comptox.epa.gov/dashboard/chemical/details/DTXSID3025257,Ethacrynic acid,58-54-8,C13H12Cl2O4,302.011264,94,244,39,Active,0.9999999985171808,-99.90124577755567,3.8287427288702034,26.275315773803122,1.4195479440341014
https://comptox.epa.gov/dashboard/chemical/details/DTXSID6025513,Malachite green oxalate,2437-29-8,C52H54N4O12,926.373823,165,244,68,Active,1,-108.3050330977756,4.1508201899351835,0.08115895817436378,-1.090663536577442
https://comptox.epa.gov/dashboard/chemical/details/DTXSID4022315,Zearalanol,26538-44-3,C18H26O5,322.178024,74,256,29,Active,0.9999999999996335,-119.67584681241405,4.58660975384311,11.079285292679229,1.044511745639986
https://comptox.epa.gov/dashboard/chemical/details/DTXSID6020276,3-Chloro-4-(dichloromethyl)-5-hydroxy-2(5H)-furanone,77439-76-0,C5H3Cl3O3,215.914777,83,244,34,Active,0.9999998677031575,-100.54788873942806,3.85352549828588,24.766413957664952,1.3938631276539049
https://comptox.epa.gov/dashboard/chemical/details/DTXSID5033757,Nitazoxanide,55981-09-4,C12H9N3O5S,307.026292,112,244,46,Active,0.9999999999999417,-108.5707642479672,4.161004409373206,7.1331802588100715,0.8532831989845646
https://comptox.epa.gov/dashboard/chemical/details/DTXSID4020373,"p,p'-DDD",72-54-8,C14H10Cl4,317.953661,315,703,45,Active,0.9999968542270818,-81.58983976929022,3.1269530558400427,27.56897251702216,1.4404205804509744
https://comptox.epa.gov/dashboard/chemical/details/DTXSID7024902,Dazomet,533-74-4,C5H10N2S2,162.028541,176,673,26,Active,0.9999999999999595,-110.8982658365845,4.2502065480902225,7.846048341321113,0.8946509795906534
https://comptox.epa.gov/dashboard/chemical/details/DTXSID3021275,Sodium diethyldithiocarbamate trihydrate,20624-25-3,C5H16NNaO3S2,225.046930,99,326,30,Active,0.999999999940923,-101.51727884406169,3.8906776407408303,8.235547123359027,0.9156924565431438
https://comptox.epa.gov/dashboard/chemical/details/DTXSID8023927,p-Bromodiphenyl ether,101-55-3,C12H9BrO,247.983678,56,602,9,Active,0.9990614469961985,-68.4977074415449,2.625193482522259,70.95383772468467,1.8509758903865698
https://comptox.epa.gov/dashboard/chemical/details/DTXSID2024163,Linuron,330-55-2,C9H10Cl2N2O2,248.011933,128,799,16,Active,0.9997954673262534,-61.10468116224232,2.341853716427115,38.45402298850575,1.5849417815968312
https://comptox.epa.gov/dashboard/chemical/details/DTXSID8031077,Curcumin,458-37-7,C21H20O6,368.125988,255,473,54,Active,0.9999999994467297,-80.31584698372018,3.07812693183709,11.400911786408756,1.056939585369034
https://comptox.epa.gov/dashboard/chemical/details/DTXSID6020804,Melphalan,148-82-3,C13H18Cl2N2O2,304.074533,54,244,22,Active,0.999988634233823,-51.86382925693021,1.9876955248484975,11.436474783024805,1.0582921767111024
https://comptox.epa.gov/dashboard/chemical/details/DTXSID2020717,4-(Benzyloxyl)phenol,103-16-2,C13H12O2,200.083730,50,259,19,Active,0.9999921261174723,-79.62727392439004,3.0517371799006985,34.91243567832507,1.5429801485780419
https://comptox.epa.gov/dashboard/chemical/details/DTXSID9022445,Bis(4-hydroxyphenyl)methane,620-92-8,C13H12O2,200.083730,43,465,9,Active,0.9996015123821841,-65.13404684209972,2.496280264651193,51.724094898242434,1.7136928998377616
https://comptox.epa.gov/dashboard/chemical/details/DTXSID7020768,Kaempferol,520-18-3,C15H10O6,286.047738,97,410,24,Active,0.9999997652286344,-100.33282194893921,3.845283004372049,26.645473604035526,1.4256234439160669
https://comptox.epa.gov/dashboard/chemical/details/DTXSID8047973,"4,4'-Propane-2,2-diylbis(2,6-dimethylphenol)",5613-46-7,C19H24O2,284.177630,127,244,52,Active,0.9999999999999971,-72.4516788621329,2.776730525017659,0.00163603221576555,-2.7862081487139285
https://comptox.epa.gov/dashboard/chemical/details/DTXSID0020155,Benzyl isothiocyanate,622-78-6,C8H7NS,149.029920,49,244,20,Active,0.9995833509481256,-78.55138443109448,3.0105034190755786,68.91096728446549,1.838288346030745
https://comptox.epa.gov/dashboard/chemical/details/DTXSID5033836,4-Nonylphenol,104-40-5,C15H24O,220.182715,211,648,33,Active,0.9999979036755166,-81.17735229637404,3.1111443599585678,34.94036110941592,1.54332738911332
https://comptox.epa.gov/dashboard/chemical/details/DTXSID5021679,"1,1,1-Trichloropropanone",918-00-3,C3H3Cl3O,159.924948,81,244,33,Active,0.9999999980582569,-107.28098731125317,4.111573353435184,5.332088090550318,0.7268973157087925
https://comptox.epa.gov/dashboard/chemical/details/DTXSID7025637,2-Methyl-3-nitrobenzoic acid,1975-50-4,C8H7NO4,181.037508,18,244,7,Active,0.9996564498905324,-88.7875600775288,3.402807666862333,73.96717087555832,1.8690390079593
https://comptox.epa.gov/dashboard/chemical/details/DTXSID5036684,4-Hydroxybenzophenone,1137-42-4,C13H10O2,198.068080,24,250,10,Active,0.9998845944617417,-102.65512625119942,3.9342859556595733,70.25490514241437,1.8466766517360451
https://comptox.epa.gov/dashboard/chemical/details/DTXSID4020117,6-Azacytidine,3131-60-0,C8H12N4O5,244.080770,22,244,9,Active,0.9945224262931696,-61.22099066515888,2.3463113101250137,55.79015840842014,1.7465575945310912
https://comptox.epa.gov/dashboard/chemical/details/DTXSID8022377,17alpha-Estradiol,57-91-0,C18H24O2,272.177630,195,664,29,Active,1,-73.30708205851097,2.8095140878540765,0.37516303169150383,-0.42577996326576123
https://comptox.epa.gov/dashboard/chemical/details/DTXSID5020310,Chlorfenson,80-33-1,C12H8Cl2O3S,301.957121,34,341,10,Active,0.9935337947754295,-42.68145438767475,1.6357784817647276,30.971725806865404,1.49096540579321
https://comptox.epa.gov/dashboard/chemical/details/DTXSID0020523,"2,4-Dinitrophenol",51-28-5,C6H4N2O5,184.012021,141,584,24,Active,0.9986902443908932,-68.0868837420872,2.609448551216311,38.44827586206895,1.584876869485223
https://comptox.epa.gov/dashboard/chemical/details/DTXSID6024048,Difenzoquat metilsulfate,43222-48-6,C18H20N2O4S,360.114378,172,693,25,Active,0.9999903453136308,-61.3746797336482,2.352201485957211,22.24871793095489,1.3473049900785725
https://comptox.epa.gov/dashboard/chemical/details/DTXSID7037553,Fluorodifen,15457-05-3,C13H7F3N2O5,328.030706,33,247,13,Active,0.9998990396851548,-76.34461397493881,2.925928334225237,7.603782858643129,0.8810297062155544
https://comptox.epa.gov/dashboard/chemical/details/DTXSID1021952,Triphenyl phosphate,115-86-6,C18H15O4P,326.070796,186,748,25,Active,0.9999995937078618,-86.36080023440024,3.3098014282336243,30.251825162764902,1.4807515817721386
https://comptox.epa.gov/dashboard/chemical/details/DTXSID7024160,Lactofen,77501-63-4,C19H15ClF3NO7,461.048914,141,742,19,Active,0.9999999807714235,-73.44228091982957,2.814695621409501,17.304348673955406,1.2381552573354049
https://comptox.epa.gov/dashboard/chemical/details/DTXSID7020423,Mucochloric acid,87-56-9,C4H2Cl2O3,167.938099,76,328,23,Active,0.9999607070491339,-110.51310814739317,4.235445273688867,61.088996169488986,1.7859629887490733
https://comptox.epa.gov/dashboard/chemical/details/DTXSID0020284,"2-Chloro-1,4-diaminobenzene sulfate (1:1)",61702-44-1,C6H9ClN2O4S,239.997156,194,448,43,Active,0.999964900725224,-102.22147972045198,3.9176663330655166,50.92012794717928,1.7068894862362156
https://comptox.epa.gov/dashboard/chemical/details/DTXSID2026573,"2-(Morpholin-4-yldithio)-1,3-benzothiazole",95-32-9,C11H12N2OS3,284.011177,175,442,40,Active,0.9999999997832865,-95.92569658252027,3.6763787122327125,11.385634556597562,1.0563572401992114
https://comptox.epa.gov/dashboard/chemical/details/DTXSID9025401,"1,6-Hexanediol diacrylate",13048-33-4,C12H18O4,226.120509,210,451,47,Active,0.9989766586081045,-75.50736686899148,2.8938406085496116,71.25282417208261,1.852802082688182
https://comptox.epa.gov/dashboard/chemical/details/DTXSID6020690,Hexachlorophene,70-30-4,C13H6Cl6O2,403.849896,333,556,60,Active,1,-100.09756820102196,3.8362668397610165,1.2704072418776837,0.10394296075883369
https://comptox.epa.gov/dashboard/chemical/details/DTXSID1025930,Pindone,83-26-1,C14H14O3,230.094294,78,331,24,Active,0.9999881614427769,-81.8404954808101,3.1365595049434747,39.457320094041464,1.596127585024298
https://comptox.epa.gov/dashboard/chemical/details/DTXSID7027461,Thiocarbazide,2231-57-4,CH6N4S,106.031317,50,395,13,Active,0.9999903437952348,-82.54036047725641,3.163382023476438,43.98562173271352,1.6433107350627034
https://comptox.epa.gov/dashboard/chemical/details/DTXSID4031980,Resveratrol,501-36-0,C14H12O3,228.078644,122,485,25,Active,0.9999999853028686,-96.43855218435242,3.696034044267784,24.60124409523285,1.390957070112837
https://comptox.epa.gov/dashboard/chemical/details/DTXSID1020770,Kepone,143-50-0,C10Cl10O,485.683442,450,770,58,Active,0.999999280408145,-67.09894446238926,2.571585506523843,20.15859641314245,1.3044602901123794
https://comptox.epa.gov/dashboard/chemical/details/DTXSID4026262,"Tris(2,3-epoxypropyl)isocyanurate",2451-62-9,C12H15N3O6,297.096085,159,593,27,Active,0.9997472473032799,-84.49588218639114,3.2383279309746156,37.683375446648796,1.5761497973107732
https://comptox.epa.gov/dashboard/chemical/details/DTXSID5022934,Digoxin,20830-75-5,C41H64O14,780.429607,107,370,29,Active,1,-104.51015449001079,4.005380423260233,0.07514088360969652,-1.124123702211694
https://comptox.epa.gov/dashboard/chemical/details/DTXSID0020232,Caffeine,58-08-2,C8H10N4O2,194.080376,54,670,8,Active,0.9900814394979888,-37.19255273484475,1.425414815834568,14.265754620066694,1.1542947496112372
https://comptox.epa.gov/dashboard/chemical/details/DTXSID3025253,Ergotamine D-tartrate,379-79-3,C70H76N10O16,1312.544076,85,330,26,Active,0.9999999999999947,-90.1153794435173,3.453696709368385,6.182047813671171,0.7911323596941653
https://comptox.epa.gov/dashboard/chemical/details/DTXSID7041629,"2,2'-Dibenzoylaminodiphenyl disulfide",135-57-9,C26H20N2O2S2,456.096620,175,457,38,Active,0.9999999939328394,-73.81359191716723,2.828926217536116,10.717473013167925,1.0300923986210178
https://comptox.epa.gov/dashboard/chemical/details/DTXSID4024274,Propachlor,1918-16-7,C11H14ClNO,211.076392,225,478,47,Active,0.9999999999999999,-95.30126465632205,3.6524471868698627,3.778558801056532,0.5773261849964781
https://comptox.epa.gov/dashboard/chemical/details/DTXSID9020299,Chlorobenzilate,510-15-6,C16H14Cl2O3,324.032000,222,627,35,Active,0.9999392746976866,-85.95457290674761,3.294232654141642,15.554457398298743,1.1918548657799928
https://comptox.epa.gov/dashboard/chemical/details/DTXSID9049401,Thioridazine hydrochloride,130-61-0,C21H27ClN2S2,406.130419,157,244,64,Active,0.9999920340915985,-87.95804533416137,3.3710162861098802,11.714964272738476,1.0687409684621156
https://comptox.epa.gov/dashboard/chemical/details/DTXSID5020653,Gentian Violet,548-62-9,C25H30ClN3,407.212826,489,724,68,Active,1,-87.1875401105591,3.341486461436898,0.2846914742844991,-0.5456255385665613
https://comptox.epa.gov/dashboard/chemical/details/DTXSID8022111,"N-(3,4-Dichlorophenyl)propanamide",709-98-8,C9H9Cl2NO,217.006119,120,743,16,Active,0.9999999943863056,-90.9408966966009,3.485334885205936,24.583109367248074,1.3906368132792282
https://comptox.epa.gov/dashboard/chemical/details/DTXSID8026698,"4,4'-Dithiodimorpholine",103-34-4,C8H16N2O2S2,236.065320,70,366,19,Active,0.9999760918705576,-95.22454451815887,3.64950686646781,61.21287155560387,1.786842753155476
https://comptox.epa.gov/dashboard/chemical/details/DTXSID2033314,Chlorhexidine,55-56-1,C22H30Cl2N10,504.203196,160,334,48,Active,0.9999999999997377,-101.6439078599299,3.8955307326116655,3.750662699183544,0.5741080093733217
https://comptox.epa.gov/dashboard/chemical/details/DTXSID2020420,Propyzamide,23950-58-5,C12H11Cl2NO,255.021769,87,742,12,Active,0.9829119303576763,-47.37824366096941,1.8157842228262933,35.4654711429522,1.5498057336311932
https://comptox.epa.gov/dashboard/chemical/details/DTXSID9022310,Daidzein,486-66-8,C15H10O4,254.057909,101,668,15,Active,0.999962733555003,-60.734197981388405,2.327654846594985,28.923566119288544,1.461251838084765
https://comptox.epa.gov/dashboard/chemical/details/DTXSID7024241,Oxyfluorfen,42874-03-3,C15H11ClF3NO4,361.032870,181,718,25,Active,0.9982442506704319,-48.32697940182464,1.8521447811070872,31.22507213136446,1.4945034502877224
https://comptox.epa.gov/dashboard/chemical/details/DTXSID1025805,2-n-Octyl-4-isothiazolin-3-one,26530-20-1,C11H19NOS,213.118735,381,671,57,Active,0.9999999999998647,-117.35747661126284,4.497757578062922,3.2444588566871992,0.5111422711971888
https://comptox.epa.gov/dashboard/chemical/details/DTXSID4024270,Prochloraz,67747-09-5,C15H16Cl3N3O2,375.030810,325,853,38,Active,0.9999988087762333,-102.54751059476652,3.930161556019978,24.264502889442387,1.3849713982854044
https://comptox.epa.gov/dashboard/chemical/details/DTXSID7037717,Bisphenol AF,1478-61-1,C15H10F6O2,336.058499,417,807,52,Active,0.999999996122059,-106.46273866236217,4.080213748853025,24.725093953000492,1.3931379505499915
https://comptox.epa.gov/dashboard/chemical/details/DTXSID8024280,Propiconazole,60207-90-1,C15H17Cl2N3O2,341.069782,252,800,32,Active,0.9998931903653359,-94.52137520374309,3.622557709039596,61.313794218728205,1.787558191959414
https://comptox.epa.gov/dashboard/chemical/details/DTXSID5026120,"3,3',5,5'-Tetramethylbenzidine",54827-17-7,C16H20N2,240.162649,24,326,7,Active,0.9886363790536679,-45.775022885696856,1.7543403455420572,50.12989961258352,1.7000968349193637
https://comptox.epa.gov/dashboard/chemical/details/DTXSID3020625,Finasteride,98319-26-7,C23H36N2O2,372.277678,44,447,10,Active,0.9999966493639306,-85.31203061978222,3.2696070442199376,30.052702547527506,1.4778835328679765
https://comptox.epa.gov/dashboard/chemical/details/DTXSID9020160,Bifenthrin,82657-04-3,C23H22ClF3O2,422.126042,149,825,18,Active,0.9702114985713505,-44.54980006023032,1.7073833436774744,7.459239354747154,0.8726945431725878
https://comptox.epa.gov/dashboard/chemical/details/DTXSID0020022,Acifluorfen,50594-66-6,C14H7ClF3NO5,360.996485,49,692,7,Active,0.9999991685208264,-76.71253467678332,2.940028996344352,30.219145474518918,1.4802821793627627
https://comptox.epa.gov/dashboard/chemical/details/DTXSID2027258,Isopropyl formate,625-55-8,C4H8O2,88.052429,19,362,5,Active,0.9998053096220811,-95.25339110970914,3.6506124200251375,76.14688879658506,1.8816521636657846
https://comptox.epa.gov/dashboard/chemical/details/DTXSID3024239,Oxadiazon,19666-30-9,C15H18Cl2N2O3,344.069448,225,745,30,Active,0.9999993654988948,-84.410679696365,3.2350625221037834,37.86206896551725,1.578204342215117
https://comptox.epa.gov/dashboard/chemical/details/DTXSID8027585,4-(Diglycidylamino)phenyl glycidyl ether,5026-74-4,C15H19NO4,277.131408,113,341,33,Active,0.99999991943908,-89.73378034235003,3.439071818832076,22.109367043963534,1.344576309595959
https://comptox.epa.gov/dashboard/chemical/details/DTXSID5027061,2-Naphthalenol,135-19-3,C10H8O,144.057515,99,626,16,Active,0.9999408232607083,-97.99806627579876,3.7558028508699666,66.66964719780269,1.82392815693368
https://comptox.epa.gov/dashboard/chemical/details/DTXSID1020433,"3,3'-Dichlorobenzidine dihydrochloride",612-83-9,C12H12Cl4N2,323.975459,155,487,32,Active,0.9999999958544149,-94.43361370817607,3.619194225577386,3.8770827462328925,0.5885050699906658
https://comptox.epa.gov/dashboard/chemical/details/DTXSID7020427,"2,6-Dichloro-1,4-benzenediamine",609-20-1,C6H6Cl2N2,175.990804,39,328,12,Active,0.9109021216384446,-36.42954744442487,1.3961724281641539,33.65849356750131,1.527094674623705
https://comptox.epa.gov/dashboard/chemical/details/DTXSID6049222,3-(Dodecyldimethylammonio)propanesulfonate,14933-08-5,C17H37NO3S,335.249415,18,244,7,Active,0.9999999569665178,-70.06049288067737,2.6850876644245125,18.906275901280907,1.276605991309127
https://comptox.epa.gov/dashboard/chemical/details/DTXSID9033923,Procymidone,32809-16-8,C13H11Cl2NO2,283.016684,63,696,9,Active,0.9999995331875134,-92.99080187849614,3.5638980652640777,9.330485911479453,0.9699042614505907
https://comptox.epa.gov/dashboard/chemical/details/DTXSID8027870,"3-(Dodecenyl)dihydro-2,5-furandione",25377-73-5,, ,30,442,7,Active,0.9995582317638968,-54.5839138473544,2.091943515115685,38.47701149425285,1.5852013330654278
https://comptox.epa.gov/dashboard/chemical/details/DTXSID7020972,Nitrofurantoin,67-20-9,C8H6N4O5,238.033819,103,601,17,Active,0.9999999999999711,-101.00632798519331,3.87109530850387,11.530607408642513,1.0618521856358538
https://comptox.epa.gov/dashboard/chemical/details/DTXSID9021716,"2,3,4,6-Tetrachlorophenol",58-90-2,C6H2Cl4O,229.885976,142,443,32,Active,0.9994629462459782,-84.34759223553368,3.2326446778110443,61.26272874272419,1.7871963370920785
https://comptox.epa.gov/dashboard/chemical/details/DTXSID4020535,Bis(1-piperidinylthioxomethyl)hexasulfide,971-15-3,C12H20N2S8,447.939218,77,244,32,Active,0.999728180127114,-64.67631071759371,2.4787374017489032,0.2506881152395863,-0.6008662548260426
https://comptox.epa.gov/dashboard/chemical/details/DTXSID3033307,Cetylpyridinium bromide,140-72-7,C21H38BrN,383.218763,169,332,51,Active,1,-98.84381494606548,3.78821640133705,1.822077077608529,0.2605667445755277
https://comptox.epa.gov/dashboard/chemical/details/DTXSID0021333,Tetramethylthiuram monosulfide,97-74-5,C6H12N2S3,208.016262,162,466,35,Active,0.9999999999999994,-90.8715639873868,3.4826776900507586,0.33009556541160706,-0.48136031005383006
https://comptox.epa.gov/dashboard/chemical/details/DTXSID3027403,Tributyltin chloride,1461-22-9,C12H27ClSn,326.082331,557,828,67,Active,0.9999999999948156,-83.26770202676131,3.1912575884646146,0.36697033363551496,-0.4353690432660502
https://comptox.epa.gov/dashboard/chemical/details/DTXSID7020425,Dichlone,117-80-6,C10H4Cl2O2,225.958835,174,375,46,Active,0.9999999999999828,-80.63391018930994,3.09031679169564,4.783633738767314,0.6797579202860424
https://comptox.epa.gov/dashboard/chemical/details/DTXSID0040208,Rifamycin SV sodium salt,14897-39-3,C37H46NNaO12,719.291770,63,244,26,Active,0.9999999999537263,-126.53514621232665,4.849494290448752,26.76718364249077,1.427602678513421
https://comptox.epa.gov/dashboard/chemical/details/DTXSID3020209,Butylparaben,94-26-8,C11H14O3,194.094294,121,677,18,Active,0.9942929652919201,-43.845406645398484,1.6803872722640452,50.05302056033169,1.6994302910681125
https://comptox.epa.gov/dashboard/chemical/details/DTXSID6024123,Haloxyfop-methyl,69806-40-2,C16H13ClF3NO4,375.048520,48,376,13,Active,0.9999823790380631,-68.3084720762843,2.6179409850869426,30.197273192252897,1.4799677280225687
https://comptox.epa.gov/dashboard/chemical/details/DTXSID9020451,"N,N'-Dicyclohexylthiourea",1212-29-9,C13H24N2S,240.166020,75,456,16,Active,0.9999999999929711,-102.91910958006828,3.9444031893645475,14.912209871605263,1.173542007230848
https://comptox.epa.gov/dashboard/chemical/details/DTXSID5024211,Napropamide,15299-99-7,C17H21NO2,271.157229,161,768,21,Active,0.9995085156188457,-73.19295771630892,2.8051402410417343,53.43500508384799,1.7278258550455798
https://comptox.epa.gov/dashboard/chemical/details/DTXSID9021217,Pyrimethamine,58-14-0,C12H13ClN4,248.082874,144,633,23,Active,0.9991469862850249,-59.42703002764642,2.2775572751448183,45.49372876383921,1.657951533998429
https://comptox.epa.gov/dashboard/chemical/details/DTXSID5021097,Oxytetracycline hydrochloride,2058-46-0,C22H25ClN2O9,496.124858,42,659,6,Active,0.999369876401228,-59.28361578386143,2.272060884796185,35.24778560432172,1.5471318382059436
https://comptox.epa.gov/dashboard/chemical/details/DTXSID6021793,1-Naphthol,90-15-3,C10H8O,144.057515,57,503,11,Active,0.9952351995740734,-51.408920539898986,1.9702610231155444,64.96646916052774,1.812689264090776
https://comptox.epa.gov/dashboard/chemical/details/DTXSID3027740,2-Ethylhexyl acid phosphate,12645-31-7,, ,38,244,16,Active,0.999777672199125,-63.380454889971666,2.4290733706444314,37.821357455553304,1.5777371121577919
https://comptox.epa.gov/dashboard/chemical/details/DTXSID8029282,"4,4'-(4-Methylpentane-2,2-diyl)diphenol",6807-17-6,C18H22O2,270.161980,171,341,50,Active,0.9999999993961352,-70.46967584497766,2.7007697141041596,12.912497965192058,1.1110102660896573
https://comptox.epa.gov/dashboard/chemical/details/DTXSID5021590,Dodecanoic acid,143-07-7,C12H24O2,200.177630,33,363,9,Active,0.9987102824522932,-39.035197931544616,1.496034699939529,16.448845655372512,1.216135425502255
https://comptox.epa.gov/dashboard/chemical/details/DTXSID8024107,1-Methyl-3-phenyl-5-(3-(trifluoromethyl)phenyl)-4-pyridone,59756-60-4,C19H14F3NO,329.102749,78,605,13,Active,0.998608966609725,-47.57500463810025,1.8233251414069538,22.332742754223467,1.3489420634152016
https://comptox.epa.gov/dashboard/chemical/details/DTXSID3029572,Benoxacor,98730-04-2,C11H11Cl2NO2,259.016684,130,481,27,Active,0.9999999050241806,-58.26676499039994,2.2330897983847056,12.654586287298523,1.1022479514634305
https://comptox.epa.gov/dashboard/chemical/details/DTXSID0047246,Darbufelone mesylate,139340-56-0,C19H28N2O5S2,428.143964,321,636,50,Active,0.9999999959352908,-91.00868044573289,3.4879327160398232,23.929181267648463,1.378927839565161
https://comptox.epa.gov/dashboard/chemical/details/DTXSID0021125,Phenolphthalein,77-09-8,C20H14O4,318.089209,230,672,34,Active,0.9999988947720501,-109.46108192428336,4.195126079258787,36.00233083515375,1.5563306184360937
https://comptox.epa.gov/dashboard/chemical/details/DTXSID2044890,2-[(4-Hydroxyphenyl)methyl]phenol,2467-03-0,C13H12O2,200.083730,46,449,10,Active,0.9976307255177917,-77.31035324625299,2.962940557488816,38.72030651340995,1.5879387865639305
https://comptox.epa.gov/dashboard/chemical/details/DTXSID3042390,Sodium (2-pyridylthio)-N-oxide,3811-73-2,C5H4NNaOS,148.991129,208,618,34,Active,1,-102.83886598529983,3.9413278315187386,0.2710645736188445,-0.5669272381819532
https://comptox.epa.gov/dashboard/chemical/details/DTXSID5044607,sec-Butylparaben,17696-61-6,C11H14O3,194.094294,48,329,15,Active,0.9694994736036157,-37.7700403083052,1.4475471859635933,66.76787044743664,1.8245675246882367
https://comptox.epa.gov/dashboard/chemical/details/DTXSID1026081,"3,3',5,5'-Tetrabromobisphenol A",79-94-7,C15H12Br4O2,539.757082,309,747,41,Active,0.9992879840037474,-63.889896485618635,2.4485978599532086,56.127905368047074,1.7491788351276925
https://comptox.epa.gov/dashboard/chemical/details/DTXSID0021385,Folpet,133-07-3,C9H4Cl3NO2S,294.902833,179,710,25,Active,1,-113.09793505676124,4.334509476118007,3.7090754973518782,0.5692656733797343
https://comptox.epa.gov/dashboard/chemical/details/DTXSID0023951,Carboxin,5234-68-4,C12H13NO2S,235.066700,73,677,11,Active,0.9206044904760349,-35.69610185104658,1.3680629240152082,65.85726704685881,1.8186037043428587
https://comptox.epa.gov/dashboard/chemical/details/DTXSID9026265,Tris(2-ethylhexyl) trimellitate,3319-31-1,C33H54O6,546.392039,27,631,4,Active,0.9776660770492015,-30.485707521808628,1.1683731278835745,6.619950719735646,0.8208547564749663
https://comptox.epa.gov/dashboard/chemical/details/DTXSID2025842,Pentaerythritol triacrylate,3524-68-3,C14H18O7,298.105253,274,446,61,Active,0.9999999999999972,-111.75824217486267,4.283165377848106,4.228414653048712,0.6261775691512261
https://comptox.epa.gov/dashboard/chemical/details/DTXSID4024276,Propargite,2312-35-8,C19H26O4S,350.155180,334,771,43,Active,1,-110.70056597005119,4.242629646314908,1.820769125944421,0.2602548806191665
https://comptox.epa.gov/dashboard/chemical/details/DTXSID5047328,"Potassium 5-carbamoyl-3-[5'-fluoro-2'-(2,2,3,3,3-pentafluoropropoxy)-3-biphenylyl]-1,2,4-triazol-1-ide hydrate (1:1:1)",NOCAS_47328,C18H13F6KN4O3,486.052891,306,636,48,Active,0.9999999964958587,-94.26580003500634,3.6127627203849055,13.954603829955111,1.1447175114153576
https://comptox.epa.gov/dashboard/chemical/details/DTXSID9032113,Tebuconazole,107534-96-3,C16H22ClN3O,307.145140,180,746,24,Active,0.999977270523176,-88.1752624646965,3.379341192397578,35.49349266434072,1.5501487373080567
https://comptox.epa.gov/dashboard/chemical/details/DTXSID5020233,Ergocalciferol,50-14-6,C28H44O,396.339216,111,397,28,Active,0.9999999109824745,-108.05834762069803,4.141365901159029,28.61223724500133,1.4565518174407477
https://comptox.epa.gov/dashboard/chemical/details/DTXSID9047330,PharmaGSID_47330,425377-76-0,C21H15F2N5O,391.124466,195,653,30,Active,0.9999999350131661,-124.75833320808385,4.7813974432312065,32.87197124348482,1.5168257483316525
https://comptox.epa.gov/dashboard/chemical/details/DTXSID1020560,Endosulfan,115-29-7,C9H6Cl6O3S,403.816881,345,810,43,Active,0.9996991162711016,-72.579276006928,2.7816207206959653,37.368883138903605,1.572510118083527
https://comptox.epa.gov/dashboard/chemical/details/DTXSID3047974,"2,3',4,4'-Tetrahydroxybenzophenone",61445-50-9,C13H10O5,246.052823,67,244,27,Active,0.9999923484005087,-65.20523454074245,2.4990085527865604,22.50599800521376,1.3522982760413114
https://comptox.epa.gov/dashboard/chemical/details/DTXSID6023652,6-Thioguanine,154-42-7,C5H5N5S,167.026566,168,640,26,Active,0.9999999999998775,-87.67048617942567,3.359995502392469,6.051052157081559,0.7818308963525387
https://comptox.epa.gov/dashboard/chemical/details/DTXSID2025892,N-Phenyl-1-naphthylamine,90-30-2,C16H13N,219.104799,234,485,48,Active,0.9999687164388644,-78.31161719087153,3.001314273630196,34.08410157002972,1.532551850826161
https://comptox.epa.gov/dashboard/chemical/details/DTXSID3024318,Terbutryn,886-50-0,C10H19N5S,241.136117,55,451,12,Active,0.9938935967932272,-42.53965091653906,1.6303438247210285,54.09723684901291,1.7331750830017105
https://comptox.epa.gov/dashboard/chemical/details/DTXSID1022394,Biochanin A,491-80-5,C16H12O5,284.068473,152,431,35,Active,0.9999829451860069,-104.05427081806208,3.987908556111841,38.52118312750376,1.5856996174414753
https://comptox.epa.gov/dashboard/chemical/details/DTXSID7021106,Pentachlorophenol,87-86-5,C6HCl5O,263.847003,258,618,42,Active,0.9999997802095042,-92.16221450715307,3.5321422262995927,30.84393633745922,1.4891697980607213
https://comptox.epa.gov/dashboard/chemical/details/DTXSID1020485,C.I. Disperse Black 6 dihydrochloride,20325-40-0,C14H18Cl2N2O2,316.074533,231,632,37,Active,0.9999768682363898,-78.92343138215004,3.0247622208309055,40.887346769357165,1.6115889295611068
https://comptox.epa.gov/dashboard/chemical/details/DTXSID1021118,Phenazopyridine hydrochloride,136-40-3,C11H12ClN5,249.078123,74,331,22,Active,0.9999999955554266,-98.48039798934374,3.7742883464888184,35.012006469826034,1.5442170000482087
https://comptox.epa.gov/dashboard/chemical/details/DTXSID1020982,3-Nitropropionic acid,504-88-1,C3H5NO4,119.021858,21,244,9,Active,0.9996497477822475,-83.74858327001104,3.2096874944103533,64.55587659802734,1.809935782743855
https://comptox.epa.gov/dashboard/chemical/details/DTXSID7025926,Piperonal acetone,3160-37-0,C11H10O3,190.062994,59,244,24,Active,0.9999998235850424,-83.18958976466433,3.1882639145298035,14.741905385942905,1.168553619555709
https://comptox.epa.gov/dashboard/chemical/details/DTXSID7025217,(2-Dodecenyl)succinic anhydride,19780-11-1,C16H26O3,266.188195,27,372,7,Active,0.9987426394956568,-49.113710495463096,1.882296466713205,22.032116252126723,1.3430562144671307
https://comptox.epa.gov/dashboard/chemical/details/DTXSID7020847,2-Methyl-1-nitroanthraquinone,129-15-7,C15H9NO4,267.053158,41,244,17,Active,1,-74.22495876456296,2.8446919651362177,0.1526079408875745,-0.8164228674694208
https://comptox.epa.gov/dashboard/chemical/details/DTXSID7020762,Isopropanol,67-63-0,C3H8O,60.057515,39,300,13,Active,0.9717014516316504,-43.371918010339236,1.6622406900610327,77.29246470388517,1.8881371563111067
https://comptox.epa.gov/dashboard/chemical/details/DTXSID0024559,C.I. Basic Orange 2,532-82-1,C12H13ClN4,248.082874,69,244,28,Active,0.9998107073719601,-68.06024805034626,2.6084277310024304,37.6417624521073,1.5756699496464341
https://comptox.epa.gov/dashboard/chemical/details/DTXSID6023810,Benzethonium chloride,121-54-0,C27H42ClNO2,447.290407,287,466,62,Active,0.9999999999998219,-99.49351669634733,3.8131163996600415,4.451238432769381,0.6484808581024829
https://comptox.epa.gov/dashboard/chemical/details/DTXSID6020432,"3,3'-Dichlorobenzidine",91-94-1,C12H10Cl2N2,252.022104,80,244,33,Active,0.9999999999999994,-105.69337497892484,4.05072767402092,7.967344015851494,0.9013135696395775
https://comptox.epa.gov/dashboard/chemical/details/DTXSID6020226,Cadmium chloride,10108-64-2,CdCl2,183.841070,244,428,57,Active,0.9999999998664875,-101.76299230329828,3.9000946766658116,7.608644604592361,0.8813072989291639
https://comptox.epa.gov/dashboard/chemical/details/DTXSID7026520,7-Amino-4-hydroxynaphthalene-2-sulfonic acid,87-02-5,C10H9NO4S,239.025229,65,331,20,Active,0.9999999999999515,-81.42280163188957,3.120551273269275,3.8187446265333365,0.5819206164786589
https://comptox.epa.gov/dashboard/chemical/details/DTXSID6022345,"o,p'-DDT",789-02-6,C14H9Cl5,351.914689,287,710,40,Active,0.9910200519430268,-51.71827753475152,1.982117215052371,49.41967842527367,1.6938999151133383
https://comptox.epa.gov/dashboard/chemical/details/DTXSID4047254,CP-457920,220860-50-4,C18H17N3O3,323.126991,61,626,10,Active,0.9996265125363943,-61.78226089396445,2.3678221460584874,49.783874844554234,1.6970886961720633
https://comptox.epa.gov/dashboard/chemical/details/DTXSID9024934,Diazoaminobenzene,136-35-6,C12H11N3,197.095297,92,328,28,Active,0.9456338124721761,-37.10471922202187,1.422048572291214,54.97012045539209,1.7401266886312714
https://comptox.epa.gov/dashboard/chemical/details/DTXSID5020811,Mercuric chloride,7487-94-7,Cl2Hg,271.908348,406,721,56,Active,0.9999757988452717,-53.43753936381546,2.048008397647929,0.9740979744883655,-0.011397359712995835
https://comptox.epa.gov/dashboard/chemical/details/DTXSID1020069,o-Aminoazotoluene,97-56-3,C14H15N3,225.126597,314,659,48,Active,0.9999999999912875,-106.88519269956237,4.096404416052647,11.459408337377678,1.059162195079419
https://comptox.epa.gov/dashboard/chemical/details/DTXSID5028665,DINP branched,68515-48-0,, ,6,383,2,Active,0.9968664902243092,-32.310708247155034,1.2383167827696353,7.023785717690264,0.8465712536035929
https://comptox.epa.gov/dashboard/chemical/details/DTXSID8044836,"2,4,4'-Trihydroxybenzophenone",1470-79-7,C13H10O4,230.057909,108,508,21,Active,0.9999961043273786,-97.55326811333516,3.7387558389223945,27.974721792696776,1.4467657761835009
https://comptox.epa.gov/dashboard/chemical/details/DTXSID6027925,"(1,1,3,3-Tetramethylbutyl)phenol",27193-28-8,C14H22O, ,138,244,57,Active,0.9961395657473635,-41.32303503292475,1.5837166862708412,18.60087238372975,1.2695333131724986
https://comptox.epa.gov/dashboard/chemical/details/DTXSID7020716,Hydroquinone,123-31-9,C6H6O2,110.036779,121,627,19,Active,0.9997761129636358,-99.82032666151373,3.825641481485741,60.241637882476276,1.7798967711881861
https://comptox.epa.gov/dashboard/chemical/details/DTXSID8026563,Oleic acid diethanolamide,93-83-4,C22H43NO3,369.324294,68,244,28,Active,0.9984328860603288,-62.08510565141641,2.3794287547053155,38.20114942528735,1.582076430491541
https://comptox.epa.gov/dashboard/chemical/details/DTXSID6032061,Sodium dichromate dihydrate,7789-12-0,Cr2H4Na2O9,297.846082,101,244,41,Active,0.9999999706997754,-77.19167557702664,2.958392203165574,11.237105913947298,1.0506544742719495
https://comptox.epa.gov/dashboard/chemical/details/DTXSID0026040,C.I. Solvent Black 5,11099-03-9,C8H19ClN2O,194.118591,151,244,62,Active,1,-102.35386531276271,3.9227400473122387,1.0704948535398828,0.02958458374199114
https://comptox.epa.gov/dashboard/chemical/details/DTXSID4026054,Styrax balsam,8046-19-3,, ,14,244,6,Active,0.9948039117087093,-47.35716241633464,1.814976278325875,21.525877645543343,1.3329608673891649
https://comptox.epa.gov/dashboard/chemical/details/DTXSID4028460,Benzyl-C12-18-alkyldimethylammonium chlorides,68391-01-5,, ,148,244,61,Active,0.9999999979693527,-106.04170416541275,4.064077485924051,11.68367036531476,1.0675792956017252
https://comptox.epa.gov/dashboard/chemical/details/DTXSID3029362,"4,4,15,15-Tetraethoxy-3,16-dioxa-8,9,10,11-tetrathia-4,15-disilaoctadecane",40372-72-3,C18H42O6S4Si2,538.140277,35,244,14,Active,0.9804135477039262,-46.496229418272925,1.7819807843185942,31.317530762107644,1.49578751268776
https://comptox.epa.gov/dashboard/chemical/details/DTXSID7021312,"3,3',4,4'-Tetraaminobiphenyl tetrahydrochloride",7411-49-6,C12H18Cl4N4,358.028557,63,244,26,Active,0.9999922407460217,-109.35381373680752,4.191014996462566,41.12539185485822,1.614110049063608
https://comptox.epa.gov/dashboard/chemical/details/DTXSID3039240,Antimony potassium tartrate trihydrate,28300-74-5,C8H10K2O15Sb2,665.737000,54,244,22,Active,0.9999999987621233,-94.86508043205438,3.635730306473483,13.378032342955281,1.1263922415755043
https://comptox.epa.gov/dashboard/chemical/details/DTXSID6020513,"Dimethyldithiocarbamic acid, dimethylamine",598-64-1,C5H14N2S2,166.059841,77,244,32,Active,0.9999999999838668,-111.29263894197393,4.26532100585268,1.8078593700114056,0.257164644500283
https://comptox.epa.gov/dashboard/chemical/details/DTXSID8020624,Ferbam,14484-64-1,C9H18FeN3S6,415.917436,123,259,47,Active,1,-116.64627682944429,4.470500650762186,0.07249637740921608,-1.1396836942634145
https://comptox.epa.gov/dashboard/chemical/details/DTXSID6021408,Triphenyltin acetate,900-95-8,C20H18O2Sn,410.032882,167,244,68,Active,0.9999999999999998,-100.252051850414,3.8421874681249126,0.08370577274824142,-1.0772445899606844
https://comptox.epa.gov/dashboard/chemical/details/DTXSID4022369,Fulvestrant,129453-61-8,C32H47F5O3S,606.316607,136,654,21,Active,0.999999959140108,-52.802605288881466,2.02367437454547,5.273664691830998,0.7221125131864838
https://comptox.epa.gov/dashboard/chemical/details/DTXSID4025581,(+)-2-Methylbutyl-4-methoxybenzyladine-4'-aminocyannate,24140-30-5,C22H25NO3,351.183444,59,244,24,Active,0.9995627725055459,-73.94449294072345,2.8339430352768926,48.42784723876674,1.6850951637997005
https://comptox.epa.gov/dashboard/chemical/details/DTXSID6049351,Trihexyltetradecylphosphonium dicyanamide,701921-71-3,C34H68N3P,549.515086,153,244,63,Active,1,-89.77802786473826,3.440767617300813,0.35298566656060065,-0.45224292934311755
https://comptox.epa.gov/dashboard/chemical/details/DTXSID1049304,Trihexyltetradecylphosphonium bis(trifluoromethylsulfonyl)imide,460092-03-9,C34H68F6NO4PS2,763.423158,56,244,23,Active,1,-92.14767379757012,3.5315849496044422,0.41884956035313414,-0.377941936080023
https://comptox.epa.gov/dashboard/chemical/details/DTXSID5049237,1-Decyl-3-methylimidazolium bromide,188589-32-4,C14H27BrN2,302.135762,58,244,24,Active,0.9999999999999991,-96.33961362697246,3.6922421968366033,2.814830097452168,0.44945218605562576
https://comptox.epa.gov/dashboard/chemical/details/DTXSID6049228,1-Decyl-3-methylimidazolium chloride,171058-18-7,C14H27ClN2,258.186277,63,244,26,Active,0.9999999999999992,-94.40795004721525,3.6182106587105753,4.5952239150142296,0.6623066784393856
https://comptox.epa.gov/dashboard/chemical/details/DTXSID5049283,1-Decyl-3-methylimidazolium hexafluorophosphate,362043-46-7,C14H27F6N2P,368.181605,83,259,32,Active,1,-94.11815371391054,3.6071041345090227,1.7880707623437238,0.2523847018689028
https://comptox.epa.gov/dashboard/chemical/details/DTXSID1049352,"1,3-Didecyl-2-methylimidazolium chloride",70862-65-6,C24H47ClN2,398.342777,153,244,63,Active,1,-102.17483537058851,3.9158786755243855,1.2780446065904947,0.10654601192725978
https://comptox.epa.gov/dashboard/chemical/details/DTXSID6022393,"3-(4-Hydroxyphenyl)-1-(2,4,6-trihydroxyphenyl)propan-1-one",60-82-2,C15H14O5,274.084124,48,244,20,Active,0.9999998366841658,-124.34369171552206,4.765506193954208,46.65911931384432,1.668936537270694
https://comptox.epa.gov/dashboard/chemical/details/DTXSID3049253,1-Dodecyl-3-methylimidazolium tetrafluoroborate,244193-59-7,C16H31BF4N2,338.251642,147,244,60,Active,1,-92.10897638732072,3.530101860710352,1.208675522588979,0.08230972711161642
https://comptox.epa.gov/dashboard/chemical/details/DTXSID9049299,1-Dodecyl-3-methylimidazolium trifluoromethanesulfonate,404001-52-1,C17H31F3N2O3S,400.200749,147,244,60,Active,1,-106.58714265499061,4.084981566096056,1.0622099403494452,0.02621036130709913
https://comptox.epa.gov/dashboard/chemical/details/DTXSID6049359,1-Dodecyl-3-methylimidazolium iodide,81995-09-7,C16H31IN2,378.153190,117,244,48,Active,1,-109.14562743951599,4.183036199343457,1.2555553524874705,0.09883586380319191
https://comptox.epa.gov/dashboard/chemical/details/DTXSID9047889,1-Ethyl-3-methyl-1H-imidazol-3-ium diethyl phosphate,848641-69-0,C10H21N2O4P,264.123894,153,263,58,Active,1,-103.93234036320813,3.9832355378845268,1.42649140032858,0.15426915783599632
https://comptox.epa.gov/dashboard/chemical/details/DTXSID5024479,"2-Amino-4,6-dinitrophenol",96-91-3,C6H5N3O5,199.022920,37,244,15,Active,0.9540531232438382,-37.536326159743886,1.438590026921446,39.02681992337165,1.5913631645018784
https://comptox.epa.gov/dashboard/chemical/details/DTXSID8049254,1-Hexadecyl-3-methylimidazolium tetrafluoroborate,244193-64-4,C20H39BF4N2,394.314242,153,244,63,Active,1,-99.0147425080051,3.7947672471733176,2.311060139698094,0.3638112470797971
https://comptox.epa.gov/dashboard/chemical/details/DTXSID4049298,1-Hexadecyl-3-methylimidazolium bis(trifluoromethylsulfonyl)imide,404001-50-9,C22H39F6N3O4S2,587.228618,153,244,63,Active,1,-117.95593451655228,4.52069364192857,1.505993498043293,0.17782309685139155
https://comptox.epa.gov/dashboard/chemical/details/DTXSID4049290,1-Hexyl-3-methylimidazolium bis(trifluoromethylsulfonyl)imide,382150-50-7,C12H19F6N3O4S2,447.072117,44,244,18,Active,0.999668008247829,-76.2619364882159,2.92275969680067,49.973048072209686,1.698735839748157
https://comptox.epa.gov/dashboard/chemical/details/DTXSID8049250,1-Methyl-3-octadecylimidazolium hexafluorophosphate,219947-96-3,C22H43F6N2P,480.306805,120,244,49,Active,1,-109.12747037247075,4.182340324753645,2.7691142583961796,0.4423408758493007
https://comptox.epa.gov/dashboard/chemical/details/DTXSID9049297,1-Methyl-3-tetradecylimidazolium bis(trifluoromethylsulfonyl)imide,404001-49-6,C20H35F6N3O4S2,559.197318,151,244,62,Active,1,-106.3478962023699,4.075812379978807,0.7851355995989009,-0.10505533042437484
https://comptox.epa.gov/dashboard/chemical/details/DTXSID1049229,1-Methyl-3-tetradecylimidazolium chloride,171058-21-2,C18H35ClN2,314.248877,150,244,61,Active,1,-93.87984674191704,3.5979709542452767,2.3822699366661024,0.37699097014528127
https://comptox.epa.gov/dashboard/chemical/details/DTXSID0049238,1-Ethylpyridinium bromide,1906-79-2,C7H10BrN,186.999662,67,259,26,Active,0.9999999999998257,-112.42850310542555,4.3088533124115305,13.61163521610688,1.133910301740648
https://comptox.epa.gov/dashboard/chemical/details/DTXSID2049391,Tributyltetradecylphosphonium dodecylbenzenesulfonate,817629-57-5,C44H85O3PS,724.595705,142,244,58,Active,1,-87.97327679131678,3.371600035895781,1.4701210520297294,0.16735309669650003
https://comptox.epa.gov/dashboard/chemical/details/DTXSID0048189,Lauryl gallate,1166-52-5,C19H30O5,338.209324,191,376,51,Active,1,-86.73484685463251,3.324136867860289,0.6662814904162908,-0.1763422514500449
https://comptox.epa.gov/dashboard/chemical/details/DTXSID4028880,Triphenyl phosphates isopropylated,68937-41-7,, ,187,550,34,Active,0.9999714410966424,-56.22010445106458,2.1546509701453247,14.402711336944602,1.1584442565280022
https://comptox.epa.gov/dashboard/chemical/details/DTXSID2020345,Copper dimethyldithiocarbamate,137-29-1,C6H12CuN2S4,302.917931,120,244,49,Active,0.9999999997318605,-76.74138026938172,2.9411345116165744,3.190625116292674,0.5038757795962746
https://comptox.epa.gov/dashboard/chemical/details/DTXSID6021246,C.I. Basic Violet 14,632-99-5,C20H20ClN3,337.134575,43,244,18,Active,0.9999998992720002,-78.7812105665775,3.0193115689468453,1.522473496333137,0.18254974104451466
https://comptox.epa.gov/dashboard/chemical/details/DTXSID8021270,Sodium bithionolate,6385-58-6,C12H4Cl4Na2O2S,397.848150,111,244,45,Active,0.9999999999999993,-96.93931078785329,3.7152257555137305,5.980276372125129,0.7767212549107176
https://comptox.epa.gov/dashboard/chemical/details/DTXSID4021680,"1,1,3-Trichloropropanone",921-03-9,C3H3Cl3O,159.924948,107,244,44,Active,0.9999999994264491,-118.67743949933167,4.548345518891258,11.390622956180726,1.0565474764086433
https://comptox.epa.gov/dashboard/chemical/details/DTXSID3045645,Podofilox,518-28-5,C22H22O8,414.131468,43,259,17,Active,0.9999999999845571,-32.407608111947965,1.2420304967465414,0.017571244591855814,-1.755197475827873
https://comptox.epa.gov/dashboard/chemical/details/DTXSID2049210,"3,3-Diphenylacrylaldehyde",1210-39-5,C15H12O,208.088815,70,244,29,Active,0.9999999999999989,-91.59756099482769,3.5105017250944264,7.23688133786543,0.8595514516183497
https://comptox.epa.gov/dashboard/chemical/details/DTXSID2049216,Ammonium tetrachloroplatinate(II),13820-41-2,Cl4H8N2Pt,370.908951,19,244,8,Active,0.9614598168627094,-33.31188371976185,1.2766871081968256,13.100022118046844,1.1172720289181755
https://comptox.epa.gov/dashboard/chemical/details/DTXSID6049226,Tetrabutylthiuram disulfide,1634-02-2,C18H36N2S4,408.176134,35,244,14,Active,0.9999998598243787,-71.10668801008704,2.725183380584306,12.193947996392112,1.0861443385514002
https://comptox.epa.gov/dashboard/chemical/details/DTXSID7049265,2-Bromo-5-hydroxy-benzaldehyde,2973-80-0,C7H5BrO2,199.947292,23,244,9,Active,0.966762338958612,-36.686105311652625,1.4060050790088683,24.20670142531742,1.3839356134655578
https://comptox.epa.gov/dashboard/chemical/details/DTXSID1049273,12-Bromo-1-dodecanol,3344-77-2,C12H25BrO,264.108878,38,244,16,Active,0.9998534561513,-59.08344841962087,2.2643894154923925,38.8065134099617,1.5889046250941872
https://comptox.epa.gov/dashboard/chemical/details/DTXSID2047353,SSR 241586 HCl,NOCAS_47353,C32H43Cl3N4O3,636.240074,421,687,61,Active,0.9999999966027453,-82.3439931254524,3.1558561906947205,12.959446445574473,1.1125864513210906
https://comptox.epa.gov/dashboard/chemical/details/DTXSID0048185,Apomorphine hydrochloride,41372-20-7,C34H38Cl2N2O5,624.215778,155,369,42,Active,0.9997846356690987,-94.02864466088559,3.6036736754264562,62.85817452058195,1.7983617644138257
https://comptox.epa.gov/dashboard/chemical/details/DTXSID8049414,"10,11-Dihydro-5H-dibenz[b,f]azepine",494-19-9,C14H13N,195.104799,47,256,18,Active,0.9118242874258331,-33.97789975347144,1.3022123559205079,38.4712643678161,1.5851364597391586
https://comptox.epa.gov/dashboard/chemical/details/DTXSID0049315,2-Aminodiphenylamine,534-85-0,C12H12N2,184.100048,50,244,20,Active,0.9999698583840302,-102.8002828722119,3.939849123094806,37.045316130701785,1.5687333052389187
https://comptox.epa.gov/dashboard/chemical/details/DTXSID9037038,2-Nitro-4-thiocyanoaniline,54029-45-7,C7H5N3O2S,195.010248,85,244,35,Active,0.9999999455691674,-108.23274505820959,4.148049730931209,35.19960148453422,1.5465377466017824
https://comptox.epa.gov/dashboard/chemical/details/DTXSID2047355,Trelanserin,189003-92-7,C24H24FN5O2S,465.163474,127,637,20,Active,0.9997919365444208,-75.44569463837108,2.8914770033440584,50.397282401445324,1.7024071183924092
https://comptox.epa.gov/dashboard/chemical/details/DTXSID0025440,Norspermidine,56-18-8,C6H17N3,131.142248,30,244,12,Active,0.9880049416388927,-51.19425117815241,1.9620337607676002,73.20693650812053,1.8645522333053348
https://comptox.epa.gov/dashboard/chemical/details/DTXSID1047366,SAR115740,NOCAS_47366,C24H17F2N3O,401.133969,313,638,49,Active,0.9999999992210287,-85.91903596867968,3.2928706912134027,12.584180940864401,1.0998249541363698
https://comptox.epa.gov/dashboard/chemical/details/DTXSID3042215,Nonanoyl chloride,764-85-2,C9H17ClO,176.096793,2,244,1,Active,0.9780110040954259,-34.77202798991084,1.332647539059545,38.67624521072795,1.5874443050331328
https://comptox.epa.gov/dashboard/chemical/details/DTXSID3024603,Beryllium sulfate tetrahydrate,7787-56-6,BeH8O8S,177.006171,6,244,2,Active,0.9973075852960211,-41.99714406986641,1.609552100569908,7.606684773447993,0.8811954191485794
https://comptox.epa.gov/dashboard/chemical/details/DTXSID3036496,Levonorgestrel,797-63-7,C21H28O2,312.208930,85,671,13,Active,1,-54.677208737210364,2.095519067436345,0.005487521156948244,-2.260623792339223
https://comptox.epa.gov/dashboard/chemical/details/DTXSID9025166,"1,8-Dinitronaphthalene",602-38-0,C10H6N2O4,218.032757,27,244,11,Active,0.9991115276590113,-51.182341862318815,1.9615773329618325,14.117566478278338,1.149759841465157
https://comptox.epa.gov/dashboard/chemical/details/DTXSID3024861,Cresyl diphenyl phosphate,26444-49-5,C19H17O4P, ,112,444,25,Active,0.9982321940074627,-40.77478501671453,1.5627048535671548,13.441417986629052,1.12844508652171
https://comptox.epa.gov/dashboard/chemical/details/DTXSID3025093,"4,4'-Dimethoxydiphenylamine",101-70-2,C14H15NO2,229.110279,27,244,11,Active,0.9851390204438848,-39.46141178512225,1.5123694631362035,55.29144201775736,1.7426579166196592
https://comptox.epa.gov/dashboard/chemical/details/DTXSID6025696,"1,4-Naphthalenediamine",2243-61-0,C10H10N2,158.084398,129,244,53,Active,0.9999999998785466,-128.59518913591648,4.928446002246395,12.61436091776259,1.100865252719639
https://comptox.epa.gov/dashboard/chemical/details/DTXSID0044658,"1H-Isoindole-1,3(2H)-diimine",3468-11-9,C8H7N3,145.063997,92,328,28,Active,0.9998322943920028,-76.1376047105942,2.91799464721764,60.669146111645226,1.7829678825061002
https://comptox.epa.gov/dashboard/chemical/details/DTXSID8049256,9-Cyanophenanthrene,2510-55-6,C15H9N,203.073499,23,244,9,Active,0.9999152925469931,-51.36683988319442,1.9686482703702741,17.48813056979551,1.2427433871450835
https://comptox.epa.gov/dashboard/chemical/details/DTXSID2049260,3-Aminofluoranthene,2693-46-1,C16H11N,217.089149,81,244,33,Active,1,-161.95230057708577,6.206866475309036,4.910114012051282,0.6910915764875051
https://comptox.epa.gov/dashboard/chemical/details/DTXSID2049262,4-Amino-m-cresol,2835-99-6,C7H9NO,123.068414,57,244,23,Active,0.9969752776019688,-65.8351913931547,2.5231518224665592,66.6435274303736,1.8237579761388734
https://comptox.epa.gov/dashboard/chemical/details/DTXSID7040283,Chlorfenethol,80-06-8,C14H12Cl2O,266.026520,77,259,30,Active,0.9999990176869181,-82.20885172157396,3.1506768592114978,41.1675266132881,1.6145547749287759
https://comptox.epa.gov/dashboard/chemical/details/DTXSID8049412,4-Hydroxyquinazoline,491-36-1,C8H6N2O,146.048013,58,244,24,Active,0.9999999978888603,-99.33700174368538,3.8071179210394823,0.0001541286075844679,-3.812116745038929
https://comptox.epa.gov/dashboard/chemical/details/DTXSID8049416,Tropolone,533-75-5,C7H6O2,122.036779,28,244,11,Active,0.9394672280005739,-36.940356655117974,1.4157493316958267,38.9406130268199,1.5904027841657673
https://comptox.epa.gov/dashboard/chemical/details/DTXSID3049417,Maleimide,541-59-3,C4H3NO2,97.016378,137,244,56,Active,0.9999997362702785,-103.42756085242824,3.9638897242608957,26.288781797182413,1.4197704616856923
https://comptox.epa.gov/dashboard/chemical/details/DTXSID4022816,C.I. Direct Red 28,573-58-0,C32H22N6Na2O6S2,696.083763,67,244,27,Active,0.9998504152764692,-44.17842748940023,1.6931503877298222,7.599847161812516,0.880804858405938
https://comptox.epa.gov/dashboard/chemical/details/DTXSID7049429,Acenaphthenequinone,82-86-0,C12H6O2,182.036779,30,244,12,Active,0.992242285989936,-39.146561419610194,1.5003027362575356,19.81939454742159,1.2970903833112093
https://comptox.epa.gov/dashboard/chemical/details/DTXSID6049430,Lapachol,84-79-7,C15H14O3,242.094294,83,259,32,Active,1,-90.1133075936167,3.453617305150945,3.4692686635862633,0.5402379333373072
https://comptox.epa.gov/dashboard/chemical/details/DTXSID5024891,Cytarabine hydrochloride,69-74-9,C9H14ClN3O5,279.062198,111,686,16,Active,0.9999628674660666,-43.692860869972115,1.6745409134530242,8.24406877382314,0.9161416061017538
https://comptox.epa.gov/dashboard/chemical/details/DTXSID9049243,3-Acetylphenanthrene,2039-76-1,C16H12O,220.088815,33,244,14,Active,0.9998732951561252,-62.24974539390819,2.385738618131364,33.17827057055116,1.520853744520128
https://comptox.epa.gov/dashboard/chemical/details/DTXSID6027050,Sodium dimethyldithiocarbamate,128-04-1,C3H6NNaS2,142.983936,159,642,25,Active,0.9999999999991549,-102.02509245481899,3.9101397370808253,5.551163618323952,0.7443840281763948
https://comptox.epa.gov/dashboard/chemical/details/DTXSID3022160,4-Hydroxyazobenzene,1689-82-3,C12H10N2O,198.079313,92,256,36,Active,0.9999903871821679,-91.37433593220737,3.5019465631566846,43.81916706320608,1.6416641180149325
https://comptox.epa.gov/dashboard/chemical/details/DTXSID1049223,2-Aminofluorene,153-78-6,C13H11N,181.089149,21,244,9,Active,0.9818331051555748,-39.93062480708256,1.5303521812909089,27.962956538985342,1.4465830876990016
https://comptox.epa.gov/dashboard/chemical/details/DTXSID6024701,tert-Butylphenyl diphenyl phosphate,56803-37-3,C22H23O4P, ,163,511,32,Active,0.999986643120474,-56.312498078788096,2.158191981346807,14.536509454844325,1.1624601351000974
https://comptox.epa.gov/dashboard/chemical/details/DTXSID6032192,Tri-o-cresyl phosphate,78-30-8,C21H21O4P,368.117746,200,534,37,Active,0.9999981586274582,-68.25840271354372,2.6160220629850195,22.07026523941942,1.3438075525238684
https://comptox.epa.gov/dashboard/chemical/details/DTXSID5020283,"4-Chloro-1,2-diaminobenzene",95-83-0,C6H7ClN2,142.029776,213,634,34,Active,0.9999225438612738,-72.20481725114806,2.7672694858610507,35.06167771867985,1.5448326934614858
https://comptox.epa.gov/dashboard/chemical/details/DTXSID0023581,Simvastatin,79902-63-9,C25H38O5,418.271924,227,677,34,Active,0.999999998913899,-57.70466733998032,2.211547251290236,6.37908854476297,0.8047586304049008
https://comptox.epa.gov/dashboard/chemical/details/DTXSID5020154,Clorophene,120-32-1,C13H11ClO,218.049843,340,868,39,Active,0.9999998314513736,-80.41619018411829,3.081972612598382,23.55750260440449,1.3721292478037221
https://comptox.epa.gov/dashboard/chemical/details/DTXSID5020730,8-Hydroxyquinoline,148-24-3,C9H7NO,145.052764,164,608,27,Active,1,-112.01701701102795,4.293082994637275,1.5867309264605496,0.2005032865147666
https://comptox.epa.gov/dashboard/chemical/details/DTXSID2026107,Tetraethylene glycol diacrylate,17831-71-9,C14H22O7,302.136553,103,244,42,Active,0.9999981832289726,-109.21800871379679,4.185810231593525,23.40860816980576,1.36937559216126
https://comptox.epa.gov/dashboard/chemical/details/DTXSID9020166,Bis(tributyltin)oxide,56-35-9,C24H54OSn2,598.221870,180,282,64,Active,0.999999999352462,-82.56730387272839,3.164414636520464,0.3935844555702221,-0.4049620621547868
https://comptox.epa.gov/dashboard/chemical/details/DTXSID3047342,SR125047,NOCAS_47342,C22H27Cl2NO,391.146970,331,705,47,Active,0.9997756879633545,-68.0754643658459,2.6090109004802082,32.931792993515174,1.5176153768094258
https://comptox.epa.gov/dashboard/chemical/details/DTXSID2020894,Bis(4-(dimethylamino)phenyl)methanone,90-94-8,C17H20N2O,268.157563,162,620,26,Active,0.9999999747666573,-54.068995429491366,2.072209125088715,1.0300568291451762,0.012861185776360504
https://comptox.epa.gov/dashboard/chemical/details/DTXSID6024046,Paraoxon,311-45-5,C10H14NO6P,275.055874,36,376,10,Active,0.9992373772341824,-50.963015809207356,1.9531716016361982,16.645476049581575,1.2212962202046098
https://comptox.epa.gov/dashboard/chemical/details/DTXSID5020360,N-Cyclohexyl-2-benzothiazolesulfenamide,95-33-0,C13H16N2S2,264.075491,58,441,13,Active,0.9998095331623912,-68.53582544961122,2.62665436566828,60.34905368516272,1.7806704644493716
https://comptox.epa.gov/dashboard/chemical/details/DTXSID7029241,"2,4-Bis(1-methyl-1-phenylethyl)phenol",2772-45-4,C24H26O,330.198365,351,643,55,Active,0.9990130569890425,-61.63697487571137,2.362254019438409,12.25301950800243,1.0882431249513063
https://comptox.epa.gov/dashboard/chemical/details/DTXSID4020406,Diazepam,439-14-5,C16H13ClN2O,284.071641,31,277,11,Active,0.9999970864686972,-68.52513270452289,2.6262445632710225,18.54335734742678,1.2681883676433219
https://comptox.epa.gov/dashboard/chemical/details/DTXSID5039224,Acetaldehyde,75-07-0,C2H4O,44.026215,144,328,44,Active,1,-110.74145874147234,4.244196873029885,1.4204856667076786,0.15243685586876224
https://comptox.epa.gov/dashboard/chemical/details/DTXSID9020031,Actinomycin D,50-76-0,C62H86N12O16,1254.628475,112,252,44,Active,1,-100.53304814995047,3.852956728611266,0.002248780437759218,-2.6480529453311465
https://comptox.epa.gov/dashboard/chemical/details/DTXSID6024832,Chrysophanic acid,481-74-3,C15H10O4,254.057909,19,244,8,Active,0.9952221253217455,-46.23986079832342,1.7721553864278836,19.19157088122605,1.2831105243512333
https://comptox.epa.gov/dashboard/chemical/details/DTXSID0024840,Cobaltocene,1277-43-6,C10H10Co,189.011444,7,244,3,Active,0.9745749758851749,-31.785308318335822,1.2181806859516373,0.0004947578287540276,-3.305607325049258
https://comptox.epa.gov/dashboard/chemical/details/DTXSID3025203,C.I. Direct Red 2,992-59-6,C34H26N6Na2O6S2,724.115063,49,244,20,Active,0.9999999999985214,-89.53912260248029,3.431611507398082,16.63707326845596,1.221076929217122
https://comptox.epa.gov/dashboard/chemical/details/DTXSID1033539,Z-Guggulsterone,39025-23-5,C21H28O2,312.208930,44,256,17,Active,0.9999999592212103,-117.23334622639427,4.493000246912562,12.661209521385794,1.102475195679162
https://comptox.epa.gov/dashboard/chemical/details/DTXSID7042352,Pyrazophos,13457-18-6,C14H20N3O5PS,373.086129,36,244,15,Active,0.9995866986192677,-68.01240097992574,2.606593978865063,56.23657486926875,1.7500188617864016
https://comptox.epa.gov/dashboard/chemical/details/DTXSID0025600,Methylene Blue trihydrate,7220-79-3,C16H24ClN3O3S,373.122690,94,244,39,Active,0.9998590753688141,-55.08536923150114,2.1111619306715794,5.696469508588019,0.755605777079946
https://comptox.epa.gov/dashboard/chemical/details/DTXSID9023835,Saquinavir mesylate,149845-06-7,C39H54N6O8S,766.372384,138,244,57,Active,0.9999999999974647,-108.72551070957951,4.1669351100877465,10.90994565323593,1.0378225872007587
https://comptox.epa.gov/dashboard/chemical/details/DTXSID8034085,Triton X 100,9002-93-1,(C2H4O)nC14H22O, ,76,244,31,Active,0.9999999999617648,-99.28938184210335,3.8052928752103474,10.654336977867793,1.0275264286337296
https://comptox.epa.gov/dashboard/chemical/details/DTXSID6026294,Vitamin D3,67-97-0,C27H44O,384.339216,97,244,40,Active,0.9999999999134038,-114.91788622577448,4.4042596053683845,19.936349863754277,1.2996456464961632
https://comptox.epa.gov/dashboard/chemical/details/DTXSID6026901,Hexadecyl trimethyl ammonium chloride,112-02-7,C19H42ClN,319.300578,105,244,43,Active,0.9999999999899928,-109.24275683522491,4.186758710155866,8.049132673518445,0.9057490859084463
https://comptox.epa.gov/dashboard/chemical/details/DTXSID3022536,4-Cumylphenol,599-64-4,C15H16O,212.120115,297,724,41,Active,0.9999566514053326,-69.57869924529616,2.666622790799321,38.31417624521075,1.5833594926617194
https://comptox.epa.gov/dashboard/chemical/details/DTXSID7029871,Clotrimazole,23593-75-1,C22H17ClN2,344.108026,395,653,60,Active,0.9998915817507854,-80.07459659457027,3.068880944301043,12.946403830210588,1.1121491496073534
https://comptox.epa.gov/dashboard/chemical/details/DTXSID8024652,Bronopol,52-51-7,C3H6BrNO4,198.948021,184,633,29,Active,0.9997839490353451,-72.34162402968234,2.77251264328613,72.8149686650655,1.8622206669559478
https://comptox.epa.gov/dashboard/chemical/details/DTXSID2029874,Fenofibrate,49562-28-9,C20H21ClO4,360.112837,154,648,24,Active,0.9999994839503094,-72.52833103037796,2.7796682404538995,27.03025324860985,1.4318501146576073
https://comptox.epa.gov/dashboard/chemical/details/DTXSID2024086,Ethion,563-12-2,C9H22O4P2S4,383.987618,106,619,17,Active,0.9897247728060421,-49.64960731175782,1.9028348596315652,58.55241230335923,1.767544792294056
https://comptox.epa.gov/dashboard/chemical/details/DTXSID1040742,Triamcinolone,124-94-7,C21H27FO6,394.179167,68,650,10,Active,0.953224026981102,-34.13733401616014,1.3083227179009915,10.38428153937412,1.0163764542385643
https://comptox.epa.gov/dashboard/chemical/details/DTXSID9026261,"Tris(1,3-dichloro-2-propyl) phosphate",13674-87-8,C9H15Cl6O4P,427.883912,237,790,30,Active,0.9996384270359144,-81.07681934216679,3.107291406830336,46.71377152787995,1.6694449323193203
https://comptox.epa.gov/dashboard/chemical/details/DTXSID5047249,Fandosentan potassium salt,221246-12-4,C25H17F3KNO6S,555.036574,147,635,23,Active,0.9999999892531376,-94.8807335985704,3.6363302183866484,23.504289185156612,1.371147121823698
https://comptox.epa.gov/dashboard/chemical/details/DTXSID9047251,CP-122721,145742-28-5,C20H23F3N2O2,380.171162,268,687,39,Active,0.9998670258649361,-90.34068531771808,3.4623316189824127,57.3595142573795,1.75860546490115
https://comptox.epa.gov/dashboard/chemical/details/DTXSID4047252,Ingliforib,186392-65-4,C23H24ClN3O5,457.140449,81,612,13,Active,0.9999975917067763,-87.53225188687598,3.354697635100017,38.31417624521075,1.5833594926617194
https://comptox.epa.gov/dashboard/chemical/details/DTXSID9047253,CP-401387,199171-88-5,C23H29N3O2,379.225977,227,608,37,Active,0.9999999999658858,-89.01270323162717,3.4114363401836694,12.256785739723771,1.0883765942833135
https://comptox.epa.gov/dashboard/chemical/details/DTXSID9047257,Zamifenacin,127308-82-1,C27H29NO3,415.214744,273,684,40,Active,0.9813741963974483,-44.31632170966246,1.698435221658298,61.41520424327165,1.7882759004821611
https://comptox.epa.gov/dashboard/chemical/details/DTXSID1047316,Aplaviroc hydrochloride,461023-63-2,C33H44ClN3O6,613.291864,164,590,28,Active,0.9999999999993577,-62.318750154222016,2.388383244554715,2.7713617999858884,0.44269322642478004
https://comptox.epa.gov/dashboard/chemical/details/DTXSID5047320,SB236057A,180084-01-9,C33H35ClN4O3,570.239769,372,673,55,Active,1,-105.36160846856097,4.038012631236903,3.471997950124981,0.5405794600961386
https://comptox.epa.gov/dashboard/chemical/details/DTXSID6047311,GSK163929B,NOCAS_47311,C36H40ClF2N5O3S,695.250845,244,658,37,Active,0.9999999999989746,-95.94119171274899,3.6769725673616884,7.2964777780739,0.8631132641344252
https://comptox.epa.gov/dashboard/chemical/details/DTXSID5047322,SB243213A,200940-23-4,C22H20ClF3N4O2,464.122688,181,633,29,Active,0.999999826536456,-91.52144263200373,3.5075844678978076,17.280227052674576,1.2375494445708746
https://comptox.epa.gov/dashboard/chemical/details/DTXSID1047318,SB202235,139149-55-6,C16H16N2O4,300.111007,42,600,7,Active,0.9969799564302211,-60.62508073544961,2.323472898124465,7.602605261197044,0.8809624418435379
https://comptox.epa.gov/dashboard/chemical/details/DTXSID1047310,Farglitazar,196808-45-4,C34H30N2O5,546.215472,351,720,49,Active,0.9999974059327802,-116.88773836974568,4.4797547307242045,41.97164071145951,1.6229559465287622
https://comptox.epa.gov/dashboard/chemical/details/DTXSID1047312,GSK232420A,864283-48-7,C12H9F6N3O,325.064981,44,614,7,Active,0.9999999903738674,-40.78105896103616,1.5629453042093444,0.7698475356800876,-0.11359527608609367
https://comptox.epa.gov/dashboard/chemical/details/DTXSID5047324,SB281832,219790-72-4,C22H19FN4O3,406.144119,63,598,11,Active,0.9999944813209086,-66.08024858768819,2.5325437068662455,31.15570101061861,1.4935375274289555
https://comptox.epa.gov/dashboard/chemical/details/DTXSID6047315,PharmaGSID_47315,444610-91-7,C33H34F3N3O4S2,657.194283,378,644,59,Active,0.9999999999895443,-94.98704256854165,3.6404045389081103,9.968286488479455,0.9986205111146348
https://comptox.epa.gov/dashboard/chemical/details/DTXSID9047338,HMR1426,262376-75-0,C16H12ClNOS,301.032813,177,642,28,Active,0.9996707345767051,-76.90762347363206,2.9475058281556574,60.41630287165852,1.781154145439668
https://comptox.epa.gov/dashboard/chemical/details/DTXSID8047347,SR271425,155990-20-8,C22H27N3O3S,413.177313,368,696,53,Active,0.9997619698206184,-81.67238590821968,3.13011665932429,55.631794080225276,1.7453230658113685
https://comptox.epa.gov/dashboard/chemical/details/DTXSID3047348,SSR504734,742693-38-5,C20H20ClF3N2O,396.121625,278,648,43,Active,0.9995877628004779,-62.678054398234224,2.4021536785568802,47.47650004066626,1.6764786953488615
https://comptox.epa.gov/dashboard/chemical/details/DTXSID2047351,SSR 240612,464930-42-5,C42H53ClN4O7S,792.332349,347,656,53,Active,0.9999999692937189,-90.09160899409312,3.4527857003545686,16.410942033565586,1.215133511475809
https://comptox.epa.gov/dashboard/chemical/details/DTXSID2047357,Surinabant,288104-79-0,C23H23BrCl2N4O,520.043230,261,667,39,Active,0.9999999999999989,-108.97693282185861,4.176570931711125,3.617710082329883,0.5584337602326659
https://comptox.epa.gov/dashboard/chemical/details/DTXSID7047358,Nelivaptan,439687-69-1,C30H32ClN3O8S,629.159864,250,655,38,Active,0.9999999999572841,-99.2505590504959,3.803804981041215,18.2197627816159,1.2605427182294116
https://comptox.epa.gov/dashboard/chemical/details/DTXSID1047362,SSR150106,NOCAS_47362,C17H17NO3,283.120843,260,680,38,Active,0.998921027276398,-61.07135699545857,2.3405765585671117,63.02638087157402,1.7995223695937859
https://comptox.epa.gov/dashboard/chemical/details/DTXSID1047364,SSR 103800,1075752-90-7,, ,239,651,37,Active,0.9979851839828401,-61.54084948343772,2.358569987333875,56.9540229885055,1.7555244062026738
https://comptox.epa.gov/dashboard/chemical/details/DTXSID6047369,SR146131 trifluoroacetate (1:1),221671-62-1,C34H37ClF3N3O7S,723.199284,368,613,60,Active,0.9999999999874833,-81.189550000276,3.1116118403163955,5.489606925017363,0.7395412485652989
https://comptox.epa.gov/dashboard/chemical/details/DTXSID0047371,AVE5638,725228-45-5,C25H23FN2O2,402.174356,412,702,59,Active,0.9999949522159441,-65.59095117758237,2.513791249010324,29.921067909245764,1.4759770898213016
https://comptox.epa.gov/dashboard/chemical/details/DTXSID5047374,SSR161421,477706-73-3,C25H20N4O2,408.158626,155,596,26,Active,0.9999999296670433,-60.39550573339869,2.3146743730110746,12.630441227429923,1.101418522312338
https://comptox.epa.gov/dashboard/chemical/details/DTXSID0047377,AVE6324,NOCAS_47377,C31H36Cl2N4O7S,678.168176,359,669,54,Active,0.999402153087137,-45.191346960191055,1.7319708051183782,6.583672752949882,0.8184682357643343
https://comptox.epa.gov/dashboard/chemical/details/DTXSID0047379,"3-Chloro-2-((3R)-5-chloro-1-(2,4-dimethoxybenzyl)-3-methyl-2-oxo-2,3-dihydro-1H-indol-3-yl)-N-ethyl-N-(3-pyridinylmethyl)benzamide hydrochloride (1:1)",1437319-51-1,C33H32Cl3N3O4,639.145840,304,653,47,Active,0.9999958020412366,-91.05514035672282,3.4897133049103837,11.464364347437398,1.0593499798637405
https://comptox.epa.gov/dashboard/chemical/details/DTXSID9047334,MK-968,NOCAS_47334,C19H21F2N5O,373.171417,213,620,34,Active,0.9999999999941964,-113.34998064308427,4.344169192555646,16.497437971960537,1.2174165041512444
https://comptox.epa.gov/dashboard/chemical/details/DTXSID4047387,SAR102779,NOCAS_47387,C35H38Cl2FN3O7,701.207084,317,653,49,Active,0.9999999997040213,-105.56602419186257,4.045846920070502,18.25597219544338,1.261404965627234
https://comptox.epa.gov/dashboard/chemical/details/DTXSID4047389,SAR 150640,433212-21-6,C25H35ClN2O7S,542.185350,262,695,38,Active,0.9999999951651518,-104.05408890213519,3.987901584133895,24.2427701992973,1.3845822447652227
https://comptox.epa.gov/dashboard/chemical/details/DTXSID8047391,SAR102608,1068967-96-3,C20H16FN5O,361.133888,99,646,15,Active,0.9999983350400915,-94.62967781954895,3.6267084365861533,38.31417624521075,1.5833594926617194
https://comptox.epa.gov/dashboard/chemical/details/DTXSID4047337,PharmaGSID_47337,1061517-62-1,C34H31N4NaO4,582.224300,301,646,47,Active,0.9998017390499153,-87.29084679388411,3.3454457184966655,55.84362515783553,1.74697360329242
https://comptox.epa.gov/dashboard/chemical/details/DTXSID3037208,Diclofenac sodium,15307-79-6,C14H10Cl2NNaO2,316.998628,76,607,13,Active,0.9999998362372636,-78.4612004380022,3.0070470927292448,31.445480691555,1.4975582379608683
https://comptox.epa.gov/dashboard/chemical/details/DTXSID7029879,Ketoconazole,65277-42-1,C26H28Cl2N4O4,530.148761,359,640,56,Active,0.9999999999930841,-79.03840268354712,3.029168527587409,8.525718955013858,0.930731012301451
https://comptox.epa.gov/dashboard/chemical/details/DTXSID4040713,Octyl gallate,1034-01-1,C15H22O5,282.146724,346,713,49,Active,1,-81.09988225483349,3.108175299303267,3.427459254817232,0.5349723006568179
https://comptox.epa.gov/dashboard/chemical/details/DTXSID3022370,Progesterone,57-83-0,C21H30O2,314.224580,261,660,40,Active,0.9999541670623229,-99.24854206095209,3.8037276793620425,59.66803954709996,1.7757417689005184
https://comptox.epa.gov/dashboard/chemical/details/DTXSID1022053,"4,6-Dinitro-o-cresol",534-52-1,C7H6N2O5,198.027671,224,641,35,Active,0.9999999995514418,-95.913768014817,3.6759215465937425,19.781392582455542,1.2962568620633508
https://comptox.epa.gov/dashboard/chemical/details/DTXSID1026900,Alkyl trimethyl ammonium compound C12 chloride (ATMAC C12 Cl),112-00-5,C15H34ClN,263.237978,321,656,49,Active,0.9999999999997322,-101.66425699776602,3.896310618917611,11.299243897373469,1.0530493831130756
https://comptox.epa.gov/dashboard/chemical/details/DTXSID1020699,4-Hexylresorcinol,136-77-6,C12H18O2,194.130680,246,655,38,Active,0.9983942657716043,-65.11764423380433,2.4956516301756495,38.31417624521075,1.5833594926617194
https://comptox.epa.gov/dashboard/chemical/details/DTXSID8041248,"2,5-Di-tert-butylbenzene-1,4-diol",88-58-4,C14H22O2,222.161980,255,686,37,Active,0.9999928588996615,-98.12403322431011,3.760630568827205,48.72043123614903,1.6877111236858016
https://comptox.epa.gov/dashboard/chemical/details/DTXSID7037185,Amiodarone hydrochloride,19774-82-4,C25H30ClI2NO3,681.000360,393,705,56,Active,0.9998697590141153,-93.34911524236549,3.577630523512161,43.40009761689277,1.6374907063426996
https://comptox.epa.gov/dashboard/chemical/details/DTXSID2037712,"4,4',4''-Ethane-1,1,1-triyltriphenol",27955-94-8,C20H18O3,306.125594,295,648,46,Active,0.9999999968630675,-90.68202705214966,3.4754136348631244,20.59978588477211,1.3138627063135597
https://comptox.epa.gov/dashboard/chemical/details/DTXSID1021322,Tetraethylthiuram disulfide,97-77-8,C10H20N2S4,296.050933,325,768,42,Active,1,-91.38073825000849,3.5021919337477936,0.13678648676469302,-0.8639568047606734
https://comptox.epa.gov/dashboard/chemical/details/DTXSID6032514,"1,2-Benzenedicarboxaldehyde",643-79-8,C8H6O2,134.036779,135,624,22,Active,0.9999893286061154,-109.23858454381607,4.186598805939757,24.120357441683307,1.3823837393636542
https://comptox.epa.gov/dashboard/chemical/details/DTXSID9035204,Tributyltin methacrylate,2155-70-6,C16H32O2Sn,376.142432,520,765,68,Active,1,-102.53068275792972,3.929516624543598,0.5355713987353936,-0.27118262378672586
https://comptox.epa.gov/dashboard/chemical/details/DTXSID5020576,17alpha-Ethinylestradiol,57-63-6,C20H24O2,296.177630,220,734,30,Active,1,-88.69121738508288,3.3991153066689135,0.6327607501568757,-0.1987604677514525
https://comptox.epa.gov/dashboard/chemical/details/DTXSID3047263,PharmaGSID_47263,349495-42-7,C15H16N4O2,284.127326,53,673,8,Active,0.9484975366353992,-36.97746705081962,1.417171597820761,38.31417624521075,1.5833594926617194
https://comptox.epa.gov/dashboard/chemical/details/DTXSID7047271,PD 0343701,676116-04-4,C26H34N4O4S2,530.202148,366,651,56,Active,1,-118.51756504379239,4.542218286398672,8.526979833149287,0.9307952358503884
https://comptox.epa.gov/dashboard/chemical/details/DTXSID2047272,CJ-013610,249296-43-3,C23H27N3O5S2,489.139213,239,639,37,Active,1,-100.1419295238381,3.8379669996624615,3.5120727631506345,0.5455635050437042
https://comptox.epa.gov/dashboard/chemical/details/DTXSID5032523,"1,2-Benzisothiazolin-3-one",2634-33-5,C7H5NOS,151.009185,270,635,43,Active,0.9999562801289597,-72.0617549761492,2.7617865848129783,11.572699730960522,1.0634346849230258
https://comptox.epa.gov/dashboard/chemical/details/DTXSID7047277,Elzasonan,361343-19-3,C22H23Cl2N3OS,447.093889,292,631,46,Active,0.9999999988692436,-87.86551723555662,3.3674701212748794,14.807678176457037,1.1704869670827966
https://comptox.epa.gov/dashboard/chemical/details/DTXSID2047278,CP-457677,214535-77-0,C22H21FN2O3,380.153621,52,619,8,Active,0.9046194732157528,-38.520809665313706,1.4763206281197139,62.241144295929,1.7940775685066856
https://comptox.epa.gov/dashboard/chemical/details/DTXSID7047279,CP-532623,261947-38-0,C27H27F9N2O3,598.187796,41,608,7,Active,0.9906842514830361,-43.08482757631461,1.6512378701938262,11.608762361475165,1.0647859210104962
https://comptox.epa.gov/dashboard/chemical/details/DTXSID1047283,CP-728663,368832-42-2,C26H33N3O2,419.257277,148,647,23,Active,0.9997407404470071,-36.890365365338944,1.4138334017616345,6.5038298546602,0.8131691712470295
https://comptox.epa.gov/dashboard/chemical/details/DTXSID4041367,"2,4-Dinitrophenyl thiocyanate",1594-56-5,C7H3N3O4S,224.984427,164,329,50,Active,0.9999999680186761,-77.59538227311137,2.97386437335925,23.299485484043704,1.3673463307295444
https://comptox.epa.gov/dashboard/chemical/details/DTXSID6047288,UK-337312,203942-49-8,C34H42Cl2F6N2O4S,758.214653,390,658,59,Active,0.971856140105472,-31.48319633403598,1.206602161037462,13.561073377509665,1.1322940658938971
https://comptox.epa.gov/dashboard/chemical/details/DTXSID0047294,CP-863187,668981-02-0,C18H14F2N4O,340.113567,118,615,19,Active,0.9954748255388325,-51.294619830008656,1.965880416963027,56.59100053730918,1.7527473723942613
https://comptox.epa.gov/dashboard/chemical/details/DTXSID5047295,UK-373911,291305-06-1,C17H18Cl2N2O2S,384.046604,293,618,47,Active,0.9999832148509409,-92.81248097986335,3.557063867765018,39.5954467381076,1.5976452472838818
https://comptox.epa.gov/dashboard/chemical/details/DTXSID7047308,CP-105696,158081-99-3,C28H28O4,428.198759,215,608,35,Active,0.99965828423358,-61.42733041325394,2.3542193377381526,62.77326282064653,1.7977747029405724
https://comptox.epa.gov/dashboard/chemical/details/DTXSID8023719,Troglitazone,97322-87-7,C24H27NO5S,441.160994,273,714,38,Active,0.9998501454426633,-93.87011367679159,3.5975979318466207,61.621703319968105,1.7897336987235242
https://comptox.epa.gov/dashboard/chemical/details/DTXSID8047349,AVE8488,NOCAS_47349,C23H25ClFN3O4,461.151762,194,625,31,Active,0.9991253365372564,-56.808697427446404,2.1772089578965876,52.36994661343729,1.7190821311766165
https://comptox.epa.gov/dashboard/chemical/details/DTXSID4047381,AVE8923,NOCAS_47381,C21H27BrClFN2O2S,504.064918,341,660,52,Active,0.997589215343072,-42.70191172315004,1.6365625147749614,10.40698943067312,1.017325113492954
https://comptox.epa.gov/dashboard/chemical/details/DTXSID4026214,Triclocarban,101-20-2,C13H9Cl3N2O,313.978046,259,647,40,Active,0.999999997835182,-76.0334859143801,2.9140042657079728,2.158152345412957,0.3340820985660293
https://comptox.epa.gov/dashboard/chemical/details/DTXSID1020510,"7,12-Dimethylbenz[a]anthracene",57-97-6,C20H16,256.125201,356,712,50,Active,0.9999999999698377,-98.04214321472475,3.757492111680582,15.683845012138425,1.195452541948392
https://comptox.epa.gov/dashboard/chemical/details/DTXSID0021464,Ziram,137-30-4,C6H12N2S4Zn,303.917475,379,642,59,Active,1,-115.81744561438074,4.438735466420029,0.5734181790265948,-0.24152854277114033
https://comptox.epa.gov/dashboard/chemical/details/DTXSID7024827,Chlorpromazine hydrochloride,69-09-0,C17H20Cl2N2S,354.072425,415,742,56,Active,0.9989859179407785,-73.54799724922609,2.818747228817891,63.95920857261375,1.8059030811737404
https://comptox.epa.gov/dashboard/chemical/details/DTXSID5022308,Genistein,446-72-0,C15H10O5,270.052823,188,671,28,Active,0.9999944919735043,-71.64053264101219,2.7456431229337883,31.065281192589282,1.4922752890560766
https://comptox.epa.gov/dashboard/chemical/details/DTXSID3020465,Diethylstilbestrol,56-53-1,C18H20O2,268.146330,423,838,50,Active,0.9999997797642992,-95.69462706689819,3.6675229094755424,27.883264569940607,1.4453436195590674
https://comptox.epa.gov/dashboard/chemical/details/DTXSID0028666,"1,2-Benzenedicarboxylic acid, di-C9-11-branched alkyl esters, C10-rich",68515-49-1,, ,8,589,1,Active,0.9273287263969939,-37.30681447112359,1.4297939283127026,0.7761609720429075,-0.11004819881906486
https://comptox.epa.gov/dashboard/chemical/details/DTXSID7021237,Reserpine,50-55-5,C33H40N2O9,608.273381,262,688,38,Active,0.9999999999986822,-79.80532218474278,3.0585609284626676,9.49396530842072,0.9774476404443828
https://comptox.epa.gov/dashboard/chemical/details/DTXSID5024845,Colchicine,64-86-8,C22H25NO6,399.168188,216,689,31,Active,0.9999999999999769,-39.756586245919245,1.5236821055535072,0.011296550439677535,-1.9470541541914932
https://comptox.epa.gov/dashboard/chemical/details/DTXSID7020267,Chlordane,57-74-9,C10H6Cl8,405.797772,307,649,47,Active,0.9999997315361439,-84.34276263657496,3.232459582102251,38.31417624521075,1.5833594926617194
https://comptox.epa.gov/dashboard/chemical/details/DTXSID7021150,Phenylmercuric acetate,62-38-4,C8H8HgO2,338.023072,503,740,68,Active,0.999999999999723,-66.28003178883192,2.5402004530136626,0.6132825142823796,-0.2123394176032812
https://comptox.epa.gov/dashboard/chemical/details/DTXSID8037708,Ammonium perfluorooctanoate,3825-26-1,C8H4F15NO2,431.000251,55,706,8,Active,0.9936500414414866,-39.90972296181877,1.5295511123207393,35.22272918395216,1.5468230036360808
https://comptox.epa.gov/dashboard/chemical/details/DTXSID9032537,Didecyldimethylammonium chloride,7173-51-5,C22H48ClN,361.347528,430,693,62,Active,0.9999987811582578,-98.39835534803116,3.7711440396892586,11.572053928367003,1.0634104488903624
https://comptox.epa.gov/dashboard/chemical/details/DTXSID1037303,Perfluoroheptanoic acid,375-85-9,C7HF13O2,363.976895,42,717,6,Active,0.9853352173812395,-40.99473533472123,1.5711345100166445,33.79822638371731,1.5288939105742565
https://comptox.epa.gov/dashboard/chemical/details/DTXSID9047592,9-Phenanthrol,484-17-3,C14H10O,194.073165,327,678,48,Active,0.9999999999998622,-117.84609836550302,4.51648414122191,8.687046607811583,0.9388721515994474
https://comptox.epa.gov/dashboard/chemical/details/DTXSID7041097,1-(2-Chlorophenyl)-N-methyl-N-(1-methylpropyl)-3-isoquinolinecarboxamide,85532-75-8,C21H21ClN2O,352.134241,133,642,21,Active,0.9984152804113807,-52.730293062323746,2.0209029885683845,24.2145593869732,1.3840765709441043
https://comptox.epa.gov/dashboard/chemical/details/DTXSID9047542,Picoxystrobin,117428-22-5,C18H16F3NO4,367.103142,307,694,44,Active,1,-96.20891117784899,3.6872329895155924,2.8310117313944922,0.4519416690363629
https://comptox.epa.gov/dashboard/chemical/details/DTXSID9047540,3-Hydroxyfluorene,6344-67-8,C13H10O,182.073165,190,662,29,Active,0.9961178761319395,-43.850373231494714,1.6805776180425713,60.68829889215007,1.7831049642806078
https://comptox.epa.gov/dashboard/chemical/details/DTXSID9047598,"4,4'-Sulfonylbis[2-(prop-2-en-1-yl)phenol]",41481-66-7,C18H18O4S,330.092580,334,740,45,Active,0.9999956172926366,-92.8400146813072,3.5581191044478193,34.60768275008722,1.5391725209196228
https://comptox.epa.gov/dashboard/chemical/details/DTXSID6041268,Fenchlorazole-ethyl,103112-35-2,C12H8Cl5N3O2,400.905915,100,329,30,Active,0.9999999237831512,-95.62773463883704,3.6649592387669117,31.012636527343865,1.4915386891848703
https://comptox.epa.gov/dashboard/chemical/details/DTXSID1046970,"2-(2,6-Diisopropylphenyl)-5-hydroxy-1H-isoindole-1,3-dione",105624-86-0,C20H21NO3,323.152144,320,698,46,Active,0.9999999996249599,-87.61431690011705,3.3578427993098905,14.87883617454185,1.1725689619395787
https://comptox.epa.gov/dashboard/chemical/details/DTXSID4042121,Mepanipyrim,110235-47-7,C14H13N3,223.110947,122,625,20,Active,0.9992055251878855,-56.321098466621436,2.1585215935766255,44.59013043271477,1.6492387427269437
https://comptox.epa.gov/dashboard/chemical/details/DTXSID0032572,Prallethrin,23031-36-9,C19H24O3,300.172545,218,792,28,Active,0.9998275181514116,-83.90068476201067,3.2155168259368145,74.60283770445028,1.872755347257455
https://comptox.epa.gov/dashboard/chemical/details/DTXSID2020058,"2-Amino-5-(5-nitro-2-furyl)-1,3,4-oxadiazole",3775-55-1,C6H4N4O4,196.023255,56,326,17,Active,0.9352963879199993,-33.93892868110706,1.3007187788505716,17.45788113697185,1.2419915322468849
https://comptox.epa.gov/dashboard/chemical/details/DTXSID3041617,Barban,101-27-9,C11H9Cl2NO2,257.001034,126,249,51,Active,0.9999999999685761,-89.47858181203215,3.429291264948408,9.69135440843528,0.9863844758129103
https://comptox.epa.gov/dashboard/chemical/details/DTXSID6021248,Rotenone,83-79-4,C23H22O6,394.141638,336,788,43,Active,1,-94.63499156261638,3.6269120872511094,0.18840125133962524,-0.7249162169991422
https://comptox.epa.gov/dashboard/chemical/details/DTXSID0041274,"1-Phenyl-1H-pyrrole-2,5-dione",941-69-5,C10H7NO2,173.047678,156,379,41,Active,0.9999999999860908,-80.15248634160767,3.0718660902849786,8.24183343311332,0.9160238332156585
https://comptox.epa.gov/dashboard/chemical/details/DTXSID0041357,"Ethyl (2E,4Z)-deca-2,4-dienoate",3025-30-7,C12H20O2,196.146330,121,367,33,Active,0.9994198167901077,-55.80863068267834,2.1388811247688464,68.16921938392271,1.8335883208549046
https://comptox.epa.gov/dashboard/chemical/details/DTXSID4034653,Hexaconazole,79983-71-4,C14H17Cl2N3O,313.074868,275,725,38,Active,0.9999998564376064,-81.85625288509776,3.1371634117979155,25.31006064141994,1.4032931857035922
https://comptox.epa.gov/dashboard/chemical/details/DTXSID4034948,Tebufenozide,112410-23-8,C22H28N2O2,352.215078,101,670,15,Active,0.9998925171036156,-71.92195363773862,2.756428660056788,46.05667252167405,1.6632925580815998
https://comptox.epa.gov/dashboard/chemical/details/DTXSID3041247,"1,3-Diphenyl-1,3-propanedione",120-46-7,C15H12O2,224.083730,73,363,20,Active,0.9999470627252456,-59.552528062017224,2.2823670218386143,38.82230884346147,1.5890813602166265
https://comptox.epa.gov/dashboard/chemical/details/DTXSID9041524,4-Nitropyridine-1-oxide,1124-33-0,C5H4N2O3,140.022192,48,247,19,Active,0.9205036277292326,-35.12923394892188,1.3463375557117685,55.01252338722734,1.7404615662007061
https://comptox.epa.gov/dashboard/chemical/details/DTXSID1034210,Prodiamine,29091-21-2,C13H17F3N4O4,350.120190,301,685,44,Active,0.9999998452697285,-84.35636432145216,3.2329808704172125,12.91775953705999,1.1111871959293838
https://comptox.epa.gov/dashboard/chemical/details/DTXSID7041336,"2,4,5-Trichlorophenol sodium salt",136-32-3,C6H2Cl3NaO,217.906892,30,244,12,Active,0.9998874754388932,-97.30287758766728,3.7291595531396973,57.963786889638286,1.7631567510494648
https://comptox.epa.gov/dashboard/chemical/details/DTXSID0034566,Emamectin benzoate,155569-91-8,, ,499,841,59,Active,0.9999967101518259,-60.055779712246334,2.3016542797862978,0.7707368907967319,-0.11309385330668738
https://comptox.epa.gov/dashboard/chemical/details/DTXSID8024151,Imazalil,35554-44-0,C14H14Cl2N2O,296.048318,352,830,42,Active,0.999795416794562,-70.5330512922739,2.7031985955573967,35.76560199293328,1.5534655393205807
https://comptox.epa.gov/dashboard/chemical/details/DTXSID1032690,Indoxacarb,173584-44-6,C22H17ClF3N3O7,527.070712,181,740,24,Active,0.9999996189310285,-57.202418841075385,2.192298439393035,7.6715998278937025,0.8848859407384349
https://comptox.epa.gov/dashboard/chemical/details/DTXSID5041308,"2,2-Bis(4-chlorophenyl)ethanol",2642-82-2,C14H12Cl2O,266.026520,113,332,34,Active,0.9999997972865685,-78.43190307941755,3.005924263401312,25.651317757445486,1.4091096805623329
https://comptox.epa.gov/dashboard/chemical/details/DTXSID9032329,Bensulide,741-58-2,C14H24NO4PS3,397.060509,314,811,39,Active,0.9999997955777414,-96.60551902699841,3.7024330944474655,35.07201500094771,1.5449607182240563
https://comptox.epa.gov/dashboard/chemical/details/DTXSID9034492,Cyazofamid,120116-88-3,C13H13ClN4O2S,324.044775,310,767,40,Active,0.9999995126667577,-103.01622961535901,3.948125341436354,33.61819009226036,1.5265743285531075
https://comptox.epa.gov/dashboard/chemical/details/DTXSID7040362,5-Chloro-N-(2-chloro-4-nitrophenyl)-2-hydroxybenzamide,50-65-7,C13H8Cl2N2O4,325.986112,324,716,45,Active,0.9999999999999981,-101.58980623328586,3.8934572728863017,0.3603797071817534,-0.4432396719302438
https://comptox.epa.gov/dashboard/chemical/details/DTXSID1021409,Triphenyltin hydroxide,76-87-9,C18H16OSn,368.022317,402,707,57,Active,1,-111.93513416711491,4.289944812117016,0.0961688442530816,-1.0169656032273224
https://comptox.epa.gov/dashboard/chemical/details/DTXSID0037237,Glybenclamide,10238-21-8,C23H28ClN3O5S,493.143820,15,250,6,Active,0.9921321729429063,-44.52474127729894,1.706422958927554,47.17190969605168,1.6736834584731581
https://comptox.epa.gov/dashboard/chemical/details/DTXSID1041978,Flufenoxuron,101463-69-8,C21H11ClF6N2O3,488.036239,58,379,15,Active,0.9963583816203294,-55.60067156955067,2.1309110345453193,31.5978696419348,1.4996578030633243
https://comptox.epa.gov/dashboard/chemical/details/DTXSID2020347,Coumaphos,56-72-4,C14H16ClO5PS,362.014459,197,818,24,Active,0.9992361471720279,-69.81438656815266,2.6756555722891835,59.753107739127714,1.7763604977181788
https://comptox.epa.gov/dashboard/chemical/details/DTXSID6040290,Chlorbromuron,13360-45-7,C9H10BrClN2O2,291.961418,21,244,9,Active,0.9993225799191133,-62.50897740743049,2.3956737563685175,51.50038668797768,1.7118104899309863
https://comptox.epa.gov/dashboard/chemical/details/DTXSID7044504,Cadmium dinitrate,10325-94-7,CdN2O6,237.879001,122,329,37,Active,0.9999999997254434,-89.98706122520305,3.448778878349078,7.505077617716194,0.875355188087821
https://comptox.epa.gov/dashboard/chemical/details/DTXSID9020243,Captan,133-06-2,C9H8Cl3NO2S,298.934133,252,741,34,Active,1,-101.43315003876397,3.8874533811326026,3.4051009322601287,0.5321299895744886
https://comptox.epa.gov/dashboard/chemical/details/DTXSID5040758,"4-[[(5,6,7,8-Tetrahydro-5,5,8,8-tetramethyl-2-naphthalenyl)carbonyl]amino]benzoic acid",102121-60-8,C22H25NO3,351.183444,95,331,29,Active,0.9994587975267771,-84.81747839250698,3.250653194050313,60.22047117727327,1.7797441491988137
https://comptox.epa.gov/dashboard/chemical/details/DTXSID3037541,Endosulfan sulfate,1031-07-8,C9H6Cl6O4S,419.811796,149,516,29,Active,0.999933182863883,-72.97226211097559,2.7966820212504104,37.205733470342764,1.57060987059868
https://comptox.epa.gov/dashboard/chemical/details/DTXSID6032562,Octylbicycloheptenedicarboximide,113-48-4,C17H25NO2,275.188529,183,782,23,Active,0.9936517745160494,-44.51470258209591,1.7060382231720903,43.16378890378221,1.635119559916856
https://comptox.epa.gov/dashboard/chemical/details/DTXSID4020242,Captafol,2425-06-1,C10H9Cl4NO2S,346.910811,294,684,43,Active,1,-106.17794429457733,4.069298926356143,0.4823909307486606,-0.3166008657991587
https://comptox.epa.gov/dashboard/chemical/details/DTXSID1024259,Phosalone,2310-17-0,C12H15ClNO4PS2,366.986865,180,788,23,Active,0.995912334334013,-54.885701389249434,2.1035096056854363,64.72648314835043,1.8110820106830336
https://comptox.epa.gov/dashboard/chemical/details/DTXSID8023892,Abamectin,71751-41-2,, ,435,803,54,Active,0.9999999999997669,-95.48477143300524,3.6594801345719223,4.049131237755797,0.6073618530612004
https://comptox.epa.gov/dashboard/chemical/details/DTXSID1035288,"(8E,10E)-8,10-Dodecadien-1-ol",33956-49-9,C12H22O,182.167065,61,369,17,Active,0.9988061050910231,-53.262038608543115,2.0412822829190254,60.50113001144476,1.7817634862748135
https://comptox.epa.gov/dashboard/chemical/details/DTXSID2020426,Dichloran,99-30-9,C6H4Cl2N2O2,205.964983,186,730,25,Active,0.9999966070793427,-67.51394669478172,2.587490581254098,27.571257105507236,1.440456568120226
https://comptox.epa.gov/dashboard/chemical/details/DTXSID2034881,Quinoxyfen,124495-18-7,C15H8Cl2FNO,306.996697,191,678,28,Active,0.9998633081966904,-69.59258709359207,2.667155046406033,37.01603173565773,1.5683898588339393
https://comptox.epa.gov/dashboard/chemical/details/DTXSID1024209,Naled,300-76-5,C4H7Br2Cl2O4P,377.782577,244,729,33,Active,0.9989997990353319,-71.63965692911253,2.7456095610343114,67.28822997841188,1.827939104306212
https://comptox.epa.gov/dashboard/chemical/details/DTXSID2032500,Triflumizole,68694-11-1,C15H15ClF3N3O,345.085574,391,805,49,Active,0.9987796903310538,-61.03738243283871,2.339274474107755,13.430459391689794,1.128090868056929
https://comptox.epa.gov/dashboard/chemical/details/DTXSID4042129,Phenylmercuric chloride,100-56-1,C6H5ClHg,313.978621,159,247,64,Active,1,-86.73305483783555,3.3240681883235332,0.48924215535951876,-0.31047612920882034
https://comptox.epa.gov/dashboard/chemical/details/DTXSID2040363,Diniconazole,83657-24-3,C15H17Cl2N3O,325.074868,306,736,42,Active,0.9999999999671327,-96.53019832835838,3.6995464079501463,20.48079968516369,1.3113469099245703
https://comptox.epa.gov/dashboard/chemical/details/DTXSID8023848,Acetochlor,34256-82-1,C14H20ClNO2,269.118257,177,734,24,Active,0.9999999999480302,-90.48910225647882,3.4680197389923135,18.820522939615593,1.2746316863937992
https://comptox.epa.gov/dashboard/chemical/details/DTXSID5023871,Amitraz,33089-61-1,C19H23N3,293.189198,168,686,24,Active,0.998372390037806,-56.492186313313624,2.165078582370132,66.65590526732227,1.823838631040269
https://comptox.epa.gov/dashboard/chemical/details/DTXSID2032550,"Fenpyroximate (Z,E)",111812-58-9,C24H27N3O4,421.200156,295,756,39,Active,0.999999999999998,-96.3168167904332,3.6913685018044577,1.1976296954328418,0.07832255587435245
https://comptox.epa.gov/dashboard/chemical/details/DTXSID7021788,3-(Trifluoromethyl)-4-nitrophenol,88-30-2,C7H4F3NO3,207.014327,108,373,29,Active,0.999999938249239,-99.06524053068546,3.7967025977853637,21.136511482406917,1.3250333098890734
https://comptox.epa.gov/dashboard/chemical/details/DTXSID4032613,Fenitrothion,122-14-5,C9H12NO5PS,277.017381,145,787,18,Active,0.9999947633793177,-79.1546667275191,3.0336243790587507,28.235523347198097,1.4507958418229903
https://comptox.epa.gov/dashboard/chemical/details/DTXSID7022253,Resmethrin,10453-86-8,C22H26O3,338.188195,150,725,21,Active,0.9945101813864975,-44.77777503243166,1.716120547206686,62.094919245042526,1.7930560666160034
https://comptox.epa.gov/dashboard/chemical/details/DTXSID9041289,Myristyltrimethylammonium chloride,4574-04-3,C17H38ClN,291.269278,177,375,47,Active,0.9999999998703305,-109.82940741944456,4.2092422551931294,6.713051836187598,0.8269200006905544
https://comptox.epa.gov/dashboard/chemical/details/DTXSID8040278,Iodenphos,18181-70-9,C8H8Cl2IO3PS,411.835350,76,329,23,Active,0.9927690066183046,-66.05759759045573,2.5316756011656563,63.81139059412856,1.8048982089818348
https://comptox.epa.gov/dashboard/chemical/details/DTXSID7034545,Dimethomorph,110488-70-5,C21H22ClNO4,387.123736,129,727,18,Active,0.9276794864088961,-39.07698315711177,1.4976361302051804,57.50436919149784,1.759700843709966
https://comptox.epa.gov/dashboard/chemical/details/DTXSID3020122,Azinphos-methyl,86-50-0,C10H12N3O3PS2,317.005771,176,835,21,Active,0.9891175701918756,-40.80389102845565,1.563820349474667,31.70720118238914,1.5011579082305042
https://comptox.epa.gov/dashboard/chemical/details/DTXSID4047412,1-(4-Methoxyphenyl)-1-pentene-3-one,104-27-8,C12H14O2,190.099380,25,326,8,Active,0.9917869512376061,-43.56344592410065,1.6695810500483597,66.03016238972715,1.8197423653462452
https://comptox.epa.gov/dashboard/chemical/details/DTXSID3021778,Diphenyl phthalate,84-62-8,C20H14O4,318.089209,51,442,12,Active,0.9951687706455962,-53.99689885590107,2.0694460040709357,49.79648840219745,1.69719871783361
https://comptox.epa.gov/dashboard/chemical/details/DTXSID6044779,"1,4-Butanediol diacrylate",1070-70-8,C10H14O4,198.089209,108,328,33,Active,0.9991875705243795,-83.06870927792303,3.18363113661927,63.16596722058228,1.8004831506041123
https://comptox.epa.gov/dashboard/chemical/details/DTXSID1032359,Cyprodinil,121552-61-2,C14H15N3,225.126597,170,671,25,Active,0.9986877641771083,-56.36732079173081,2.16029307690295,45.76503797697339,1.6605338270866634
https://comptox.epa.gov/dashboard/chemical/details/DTXSID3034402,Butachlor,23184-66-9,C17H26ClNO2,311.165207,221,697,32,Active,0.9999999997766427,-90.28268277218856,3.4601086554675575,11.698734551935999,1.0681388868030812
https://comptox.epa.gov/dashboard/chemical/details/DTXSID1041421,"5,7-Dimethoxy-2H-chromen-2-one",487-06-9,C11H10O4,206.057909,17,370,5,Active,0.9358180291901321,-34.08287454736565,1.3062355437767637,15.31489687722451,1.1851140768328863
https://comptox.epa.gov/dashboard/chemical/details/DTXSID9032581,Zoxamide,156052-68-5,C14H16Cl3NO2,335.024662,298,658,45,Active,0.9999999999997186,-80.63550300393685,3.090377836754425,5.676357827872625,0.7540697648284755
https://comptox.epa.gov/dashboard/chemical/details/DTXSID8034742,"Milbemectin (mixture of 70% Milbemycin A4, 30% Milbemycin A3)",NOCAS_34742,, ,404,734,55,Active,0.9999331718763762,-72.13132298225284,2.764452797786182,12.142979327660814,1.0843252556698388
https://comptox.epa.gov/dashboard/chemical/details/DTXSID1040372,Epoxiconazole,133855-98-8,C17H13ClFN3O,329.073118,78,391,20,Active,0.9934715174055085,-50.9140263514642,1.951294067190401,59.12525651329517,1.7717730379245906
https://comptox.epa.gov/dashboard/chemical/details/DTXSID7032553,Flumetralin,62924-70-3,C16H12ClF4N3O4,421.045246,167,694,24,Active,0.9999867159447583,-74.69072087569516,2.8625424261840346,38.31417624521076,1.5833594926617194
https://comptox.epa.gov/dashboard/chemical/details/DTXSID5041851,Dichlofluanid,1085-98-9,C9H11Cl2FN2O2S2,331.962304,131,247,53,Active,1,-94.87341108235535,3.6360495809381637,1.840598478397636,0.2649590586642528
https://comptox.epa.gov/dashboard/chemical/details/DTXSID0037570,Methabenzthiazuron,18691-97-9,C10H11N3OS,221.062283,27,326,8,Active,0.9777993515350936,-38.75775419448384,1.485401592387424,38.31417624521075,1.5833594926617194
https://comptox.epa.gov/dashboard/chemical/details/DTXSID8042187,"N,N'-Dibutylthiourea",109-46-6,C9H20N2S,188.134720,43,361,12,Active,0.9999537788333941,-101.54835362288395,3.8918685901883667,58.47626887578683,1.766979654333668
https://comptox.epa.gov/dashboard/chemical/details/DTXSID2044507,Maprotiline hydrochloride,10347-81-6,C20H24ClN,313.159727,147,332,44,Active,0.9999998483159012,-91.6983891041931,3.514365990125296,32.64120354132659,1.513766163614926
https://comptox.epa.gov/dashboard/chemical/details/DTXSID4032532,Carfentrazone-ethyl,128639-02-1,C15H14Cl2F3N3O3,411.036431,67,667,10,Active,0.9835957865012476,-36.65632072187972,1.4048635764116004,28.330241359540526,1.452250274508792
https://comptox.epa.gov/dashboard/chemical/details/DTXSID8034956,Tetraconazole,112281-77-3,C13H11Cl2F4N3O,371.021530,290,726,40,Active,0.9999968123570301,-102.0934056610682,3.912757859504392,16.891849110876628,1.2276771933658028
https://comptox.epa.gov/dashboard/chemical/details/DTXSID4032580,Trifloxystrobin,141517-21-7,C20H19F3N2O4,408.129692,233,768,30,Active,1,-97.3402460300164,3.730591708973389,2.968383423708315,0.4725199977005673
https://comptox.epa.gov/dashboard/chemical/details/DTXSID9034818,Azamethiphos,35575-96-3,C9H10ClN2O5PS,323.973657,154,655,24,Active,0.9964105230280743,-49.38886231922696,1.8928417360576633,64.96284610203331,1.812665043624302
https://comptox.epa.gov/dashboard/chemical/details/DTXSID6032649,Tetramethrin,7696-12-0,C19H25NO4,331.178358,142,717,20,Active,0.9999562858413518,-76.33583757701284,2.9255919763601956,38.99146414769051,1.5909695434548208
https://comptox.epa.gov/dashboard/chemical/details/DTXSID1022508,4-Dodecylphenol,104-43-8,C18H30O,262.229666,200,407,49,Active,0.9998268139334701,-46.497368495490974,1.7820244397663545,11.9240155981893,1.0764225354755805
https://comptox.epa.gov/dashboard/chemical/details/DTXSID4023200,Lansoprazole,103577-45-3,C16H14F3N3O2S,369.075882,51,329,16,Active,0.9999136494392583,-89.63831464118601,3.43541306957081,38.09400328077291,1.5808566148607759
https://comptox.epa.gov/dashboard/chemical/details/DTXSID8034586,Etoxazole,153233-91-1,C21H23F2NO2,359.169685,207,684,30,Active,0.9993942048785807,-69.6002334116092,2.667448093647665,40.29453838969134,1.6052461849013684
https://comptox.epa.gov/dashboard/chemical/details/DTXSID1034503,Cyhalofop-butyl,122008-85-9,C20H20FNO4,357.137636,46,660,7,Active,0.9996508827731326,-60.66946290293489,2.325173856903589,35.34969955798004,1.5483857270193147
https://comptox.epa.gov/dashboard/chemical/details/DTXSID1034634,Forchlorfenuron,68157-60-8,C12H10ClN3O,247.051240,246,692,36,Active,0.9999999993009338,-103.0208088489104,3.9483008418220322,15.37251177856446,1.1867448344773683
https://comptox.epa.gov/dashboard/chemical/details/DTXSID0034223,Tebufenpyrad,119168-77-3,C18H24ClN3O,333.160790,313,678,46,Active,1,-117.81024798390816,4.515110165484268,4.9056388910698026,0.6906955762006305
https://comptox.epa.gov/dashboard/chemical/details/DTXSID8034580,Ethofumesate,26225-79-6,C13H18O5S,286.087495,138,671,21,Active,0.9979128240630848,-51.54292835057795,1.9753969093275277,58.753163295542954,1.7690312541746716
https://comptox.epa.gov/dashboard/chemical/details/DTXSID3032549,Fenhexamid,126833-17-8,C14H17Cl2NO2,301.063634,112,699,16,Active,0.9999558642200271,-73.18776205621195,2.8049411159391076,34.308183029490465,1.5353977183137897
https://comptox.epa.gov/dashboard/chemical/details/DTXSID0028038,3-Iodo-2-propynyl-N-butylcarbamate,55406-53-6,C8H12INO2,280.991270,324,800,40,Active,0.9999999764541637,-103.05461428291551,3.9495964443806986,25.542277698107352,1.4072596222779539
https://comptox.epa.gov/dashboard/chemical/details/DTXSID2039336,S-Bioallethrin,28434-00-6,C19H26O3,302.188195,210,738,28,Active,0.9955300016330326,-75.31237184036664,2.886367370431284,55.470148190188816,1.744059326111309
https://comptox.epa.gov/dashboard/chemical/details/DTXSID2032398,Fludioxonil,131341-86-1,C12H6F2N2O2,248.039734,234,746,31,Active,0.9999999999984595,-86.51860623536382,3.3158493866355316,11.288103793134391,1.052620994064708
https://comptox.epa.gov/dashboard/chemical/details/DTXSID8025599,Methylene bis(thiocyanate),6317-18-6,C3H2N2S2,129.965940,304,703,43,Active,0.9994901331473051,-74.8029850484514,2.866844981490604,67.69654938896115,1.8305665325030858
https://comptox.epa.gov/dashboard/chemical/details/DTXSID1038666,Chlorpyrifos oxon,5598-15-2,C9H11Cl3NO4P,332.949128,228,768,30,Active,0.9995036535536383,-70.73619561437852,2.7109841575903384,45.34180748425393,1.6564988286442999
https://comptox.epa.gov/dashboard/chemical/details/DTXSID5032600,Cyclanilide,113136-77-9,C11H9Cl2NO3,272.995949,147,700,21,Active,0.9999473009609493,-103.07434567611794,3.9503526554536066,29.147195919765966,1.4645967801876882
https://comptox.epa.gov/dashboard/chemical/details/DTXSID3034612,Fluazifop-butyl,69806-50-4,C19H20F3NO4,383.134443,23,662,3,Active,0.9999996887530703,-38.62790602027828,1.4804251253876672,1.9422586578572996,0.288307066045645
https://comptox.epa.gov/dashboard/chemical/details/DTXSID8034401,Buprofezin,69327-76-0,C16H23N3OS,305.156184,227,676,34,Active,0.9999948898954427,-106.76701507010183,4.091875225890999,57.317716100463144,1.7582888770371126
https://comptox.epa.gov/dashboard/chemical/details/DTXSID7032638,Pyraclostrobin,175013-18-0,C19H18ClN3O4,387.098584,355,851,42,Active,1,-103.66078944048384,3.972828274063076,1.4907146669440847,0.1733945244520783
https://comptox.epa.gov/dashboard/chemical/details/DTXSID5032573,Pyridaben,96489-71-3,C19H25ClN2OS,364.137612,298,826,36,Active,0.9999999999999992,-52.07821011692637,1.9959117302874856,0.050400445230470776,-1.2975656270409317
https://comptox.epa.gov/dashboard/chemical/details/DTXSID2034590,Fenamidone,161326-34-7,C17H17N3OS,311.109233,198,752,26,Active,0.9999995820165526,-103.31262949481402,3.959484948360859,29.763832334257064,1.4736888494029419
https://comptox.epa.gov/dashboard/chemical/details/DTXSID3032628,Methoxyfenozide,161050-58-4,C22H28N2O3,368.209993,69,669,10,Active,0.9927953704944861,-45.75102928825918,1.7534207843192324,61.173074786345495,1.786560310302971
https://comptox.epa.gov/dashboard/chemical/details/DTXSID4022361,Vinclozolin,50471-44-8,C12H9Cl2NO3,284.995949,112,836,13,Active,0.9999999984247082,-68.96018676841858,2.6429181299602207,10.605968250308775,1.02555032269426
https://comptox.epa.gov/dashboard/chemical/details/DTXSID5021332,Bis(dimethylaminothiocarbonyl) disulfide,137-26-8,C6H12N2S4,239.988333,310,773,40,Active,1,-95.85947658172952,3.6738408124842157,0.06305121999177499,-1.2003065057511715
https://comptox.epa.gov/dashboard/chemical/details/DTXSID4032372,Difenoconazole,119446-68-3,C19H17Cl2N3O3,405.064697,343,732,47,Active,0.9999999999997314,-97.95429330865272,3.7541252398614446,8.155090553489819,0.9114287877751424
https://comptox.epa.gov/dashboard/chemical/details/DTXSID2024824,"Chlorinated paraffins (C12, 60% chlorine)",NOCAS_24824,, ,47,329,14,Active,0.9077578410893115,-37.33604352165885,1.4309141397158502,36.5941376272956,1.5634115170873206
https://comptox.epa.gov/dashboard/chemical/details/DTXSID4034609,Fipronil,120068-37-3,C12H4Cl2F6N4OS,435.938706,294,760,39,Active,0.9999999999741942,-98.99730532957633,3.794098962512786,10.330258483869141,1.014111188578048
https://comptox.epa.gov/dashboard/chemical/details/DTXSID0034855,Butyl (2R)-2-(4-{[5-(trifluoromethyl)pyridin-2-yl]oxy}phenoxy)propanoate,79241-46-6,C19H20F3NO4,383.134443,34,674,5,Active,0.9996764726163619,-34.48860533026136,1.3217852876543297,0.08623987867211919,-1.064291863150683
https://comptox.epa.gov/dashboard/chemical/details/DTXSID8034588,Famoxadone,131807-57-3,C22H18N2O4,374.126657,312,725,43,Active,0.9999999999999997,-98.75970252220004,3.784992769551722,6.641789539800474,0.8222851098725088
https://comptox.epa.gov/dashboard/chemical/details/DTXSID7031248,Diquat dibromide monohydrate,6385-62-2,C12H14Br2N2O,359.947289,36,406,9,Active,0.99869416906105,-62.94297197765779,2.412306717671391,34.27549389504074,1.534983721502263
https://comptox.epa.gov/dashboard/chemical/details/DTXSID9034365,Butafenacil,134605-64-4,C20H18ClF3N2O6,474.080549,67,655,10,Active,0.9994771599003981,-44.58216453590626,1.7086237211117445,18.261137014346307,1.2615278150210147
https://comptox.epa.gov/dashboard/chemical/details/DTXSID9032379,Dithiopyr,97886-45-8,C15H16F5NO2S2,401.054262,153,708,22,Active,0.9977417170231399,-53.88407145453122,2.0651218628727968,55.83314719015372,1.746892108753073
https://comptox.epa.gov/dashboard/chemical/details/DTXSID2032683,Mevinphos,7786-34-7,C7H13O6P,224.044975,28,652,4,Active,0.989347623367362,-44.66759810338517,1.7118979860895274,38.31417624521075,1.5833594926617194
https://comptox.epa.gov/dashboard/chemical/details/DTXSID7032551,Fluazinam,79622-59-6,C13H4Cl2F6N4O4,463.951379,460,792,58,Active,1,-103.1278525758524,3.9524033221065418,0.9506649423650312,-0.021972521255856112
https://comptox.epa.gov/dashboard/chemical/details/DTXSID3022162,Bromoxynil,1689-84-5,C7H3Br2NO,274.858140,184,673,27,Active,0.9999957268987408,-93.16609778822729,3.5706163292312585,30.0795226197418,1.4782709394576008
https://comptox.epa.gov/dashboard/chemical/details/DTXSID6041892,Diphenylsulfone,127-63-9,C12H10O2S,218.040151,10,445,2,Active,0.9973486051067144,-38.30353795943519,1.467993630216966,0.04825834551453573,-1.3164275714911464
https://comptox.epa.gov/dashboard/chemical/details/DTXSID4041600,Amiprofos-methyl,36001-88-4,C11H17N2O4PS,304.064665,32,259,12,Active,0.9839377349883309,-46.11964384599182,1.7675480386561508,58.69806401137717,1.7686237775160762
https://comptox.epa.gov/dashboard/chemical/details/DTXSID7032393,Fenoxycarb,72490-01-8,C17H19NO4,301.131408,174,663,26,Active,0.9999952914250949,-92.30454159897958,3.5375969512503245,31.45946842157008,1.4977513799678381
https://comptox.epa.gov/dashboard/chemical/details/DTXSID3044835,4-{2-Oxo-2-[3-(trifluoromethyl)phenyl]ethyl}benzonitrile,146653-56-7,C16H10F3NO,289.071448,41,338,12,Active,0.9979531264237349,-45.58023385436765,1.7468750023267583,38.31417624521075,1.5833594926617194
https://comptox.epa.gov/dashboard/chemical/details/DTXSID8042478,Tolylfluanid,731-27-1,C10H13Cl2FN2O2S2,345.977954,144,332,43,Active,1,-95.77846421366532,3.6707359911903445,1.8523436862414207,0.2677215693816907
https://comptox.epa.gov/dashboard/chemical/details/DTXSID3044544,3-Hydroxy-N-(3-nitrophenyl)naphthalene-2-carboxamide,135-65-9,C17H12N2O4,308.079707,103,329,31,Active,1,-101.53002093477929,3.891165984873137,2.453888451651018,0.38985481677178857
https://comptox.epa.gov/dashboard/chemical/details/DTXSID5044865,"2,2'-(Tetradecylimino)diethanol",18924-66-8,C18H39NO2,301.298079,156,378,41,Active,0.9999393292509968,-97.09185310416736,3.7210719817533207,51.60285523437639,1.712673732213026
https://comptox.epa.gov/dashboard/chemical/details/DTXSID5042459,Tetradecylpyridinium bromide,1155-74-4,C19H34BrN,355.187463,157,329,48,Active,1,-99.35225366546632,3.807702455137787,2.8892275788407917,0.46078175172376856
https://comptox.epa.gov/dashboard/chemical/details/DTXSID0027771,"N-(1-Methylheptyl)-N'-phenyl-1,4-benzenediamine",15233-47-3,C20H28N2,296.225249,101,329,31,Active,0.9997347497708803,-88.26350645344378,3.3827231675436633,51.70149504179109,1.7135031016821887
https://comptox.epa.gov/dashboard/chemical/details/DTXSID8027795,"3,4,5,6-Tetrachloropyridine-2-carbonitrile",17824-83-8,C6Cl4N2,239.881559,156,329,47,Active,0.9999999999999943,-116.53214665752675,4.466126580524394,7.116795524250199,0.8522844881023892
https://comptox.epa.gov/dashboard/chemical/details/DTXSID7044895,tert-Butyl 4-hydroxybenzoate,25804-49-3,C11H14O3,194.094294,40,329,12,Active,0.9934699813300942,-47.12059577927926,1.805909796877427,52.954145221180916,1.7238999621058673
https://comptox.epa.gov/dashboard/chemical/details/DTXSID0044781,"2,3,4,5-Tetrachloro-6-(trichloromethyl)pyridine",1134-04-9,C6Cl7N,330.785043,114,328,35,Active,0.9999139548825509,-66.60565149036553,2.5526799176581743,72.75733032539168,1.8618767551767412
https://comptox.epa.gov/dashboard/chemical/details/DTXSID8041799,Coumatetralyl,5836-29-3,C19H16O3,292.109944,13,244,5,Active,0.9984480746372432,-57.31468340982977,2.1966010098763418,43.62925157616197,1.6397777630869614
https://comptox.epa.gov/dashboard/chemical/details/DTXSID0041983,Fluoroglycofen-ethyl,77501-90-7,C18H13ClF3NO7,447.033264,37,326,11,Active,0.9999638361770967,-70.9453833745436,2.719001336049595,72.58927194981793,1.860872440572436
https://comptox.epa.gov/dashboard/chemical/details/DTXSID3042261,Pencycuron,66063-05-6,C19H21ClN2O,328.134241,61,247,25,Active,0.9999602645082917,-87.98312463485256,3.3719774572085903,55.74483752267725,1.7462046539762086
https://comptox.epa.gov/dashboard/chemical/details/DTXSID4042256,Parinol,17781-31-6,C18H13Cl2NO,329.037419,76,341,22,Active,0.999999789757949,-91.02880162286942,3.4887038656892413,32.7364053344579,1.5150309893973086
https://comptox.epa.gov/dashboard/chemical/details/DTXSID8042509,"2-Isovaleryl-1,3-indanedione",83-28-3,C14H14O3,230.094294,32,247,13,Active,0.9999996927385827,-102.41689733915318,3.9251557670647816,32.98516436342961,1.5183186524896157
https://comptox.epa.gov/dashboard/chemical/details/DTXSID5044817,Isobornyl cyclohexanol,3407-42-9,C16H28O,236.214016,82,331,25,Active,0.9986891483092303,-48.35876395948351,1.8533629330238084,34.21424743783673,1.5342069918790426
https://comptox.epa.gov/dashboard/chemical/details/DTXSID5044940,Tricyclodecanedimethanol diacrylate,42594-17-2,C18H24O4,304.167459,71,244,29,Active,0.9994828541721305,-68.58612380860164,2.628582064114478,58.39735955058962,1.7663932108361466
https://comptox.epa.gov/dashboard/chemical/details/DTXSID0044995,9-Ethyl-3-nitro-9H-carbazole,86-20-4,C14H12N2O2,240.089878,48,256,19,Active,0.9727928689407969,-39.928957729586074,1.5302882900872161,11.115990873722126,1.0459481815477822
https://comptox.epa.gov/dashboard/chemical/details/DTXSID7028015,Tripropylene glycol diacrylate,42978-66-5,, ,200,445,45,Active,0.9999528126372388,-107.25857911693193,4.110714553222967,62.759014360732415,1.797676114311706
https://comptox.epa.gov/dashboard/chemical/details/DTXSID6044309,"1,10-Phenanthroline hydrochloride hydrate",18851-33-7,C12H11ClN2O,234.055991,88,329,27,Active,0.9999999999999987,-78.24090620173092,2.9986042555176478,1.9458891965844505,0.28911810690767104
https://comptox.epa.gov/dashboard/chemical/details/DTXSID6041761,Cetylpyridinium chloride,123-03-5,C21H38ClN,339.269278,149,249,60,Active,0.9999999999999986,-88.30148752069127,3.384178802395128,5.5150542305265695,0.7415497872934612
https://comptox.epa.gov/dashboard/chemical/details/DTXSID7021784,Salicylanilide,87-17-2,C13H11NO2,213.078979,64,333,19,Active,0.9999015316587437,-86.83771446436977,3.3280792973040096,49.93908705609476,1.6984405986856448
https://comptox.epa.gov/dashboard/chemical/details/DTXSID7040287,Chloroxuron,1982-47-4,C15H15ClN2O2,290.082205,62,445,14,Active,0.9999961210576219,-77.64938156505566,2.975933911079092,38.31417624521075,1.5833594926617194
https://comptox.epa.gov/dashboard/chemical/details/DTXSID8042260,Penconazole,66246-88-6,C13H15Cl2N3,283.064303,61,247,25,Active,0.9999971755035283,-84.4406386949143,3.2362107089653893,42.39836589519219,1.6273491184706361
https://comptox.epa.gov/dashboard/chemical/details/DTXSID5042249,Phenylarsine oxide,637-03-6,C6H5AsO,167.955635,182,332,55,Active,1,-102.90177847141386,3.943738969857299,0.33538866716117977,-0.4744516163647483
https://comptox.epa.gov/dashboard/chemical/details/DTXSID8027084,Proxan-sodium,140-93-2,C4H7NaOS2,157.983601,39,246,16,Active,0.9999999955772596,-100.23255389584054,3.8414402036516826,20.213242404456246,1.3056359842434646
https://comptox.epa.gov/dashboard/chemical/details/DTXSID3042130,Diphenylmercury(II),587-85-9,C12H10Hg,356.048893,103,378,27,Active,0.9999685509869296,-71.81947436110654,2.75250111358616,38.31417624521075,1.5833594926617194
https://comptox.epa.gov/dashboard/chemical/details/DTXSID8022161,Ioxynil,1689-83-4,C7H3I2NO,370.830400,75,344,22,Active,0.999999542681357,-104.41546040496237,4.0017512463988805,30.06381892356702,1.4780441469790264
https://comptox.epa.gov/dashboard/chemical/details/DTXSID8034792,Oxycarboxin,5259-88-1,C12H13NO4S,267.056529,91,328,28,Active,0.9999999999999828,-95.82582825921465,3.6725512312666364,6.399299565938614,0.8061324409690478
https://comptox.epa.gov/dashboard/chemical/details/DTXSID8042137,Methfuroxam,28730-17-8,C14H15NO2,229.110279,41,262,16,Active,0.9986133245581618,-65.99408922757635,2.5292416256861285,17.93700280169617,1.2537498759750743
https://comptox.epa.gov/dashboard/chemical/details/DTXSID4049452,NTP Mix64 CT1 62-GP,NOCAS_49452,, ,1,244,0,Active,0.9983467691201421,-40.22646015560579,1.5416901524121416,0.12877088485928567,-0.8901823200065817
https://comptox.epa.gov/dashboard/chemical/details/DTXSID5049495,NTP Mix2 AR1 4-EQP,NOCAS_49495,, ,31,244,13,Active,0.9999986497656015,-36.503608995960974,1.3990108575023035,0.34560956750598976,-0.461414243457197
https://comptox.epa.gov/dashboard/chemical/details/DTXSID0049496,NTP Mix3 AR1 8-EQP,NOCAS_49496,, ,22,244,9,Active,0.9969443942503402,-31.171853002904495,1.1946698422162716,1.145740745041029,0.0590863578270621
https://comptox.epa.gov/dashboard/chemical/details/DTXSID7049502,NTP Mix9 AR1 8-7EQP,NOCAS_49502,, ,18,244,7,Active,0.999976299028932,-32.60215580914083,1.24948659076467,0.41838697225727334,-0.37842184700135695
https://comptox.epa.gov/dashboard/chemical/details/DTXSID7049504,NTP Mix11 AR1 8-7EQP,NOCAS_49504,, ,22,244,9,Active,0.9999998994342951,-93.4433617145394,3.581242545486952,1.8625396821325548,0.27010553433179985
https://comptox.epa.gov/dashboard/chemical/details/DTXSID2049509,NTP Mix16 AR1 8-GP,NOCAS_49509,, ,25,244,10,Active,0.9977983106377492,-32.18662769604869,1.233561361511922,0.6856842524527973,-0.16387582450485522
https://comptox.epa.gov/dashboard/chemical/details/DTXSID6049511,NTP Mix18 AR1 8-GP,NOCAS_49511,, ,25,244,10,Active,0.9999686646388323,-46.43119189014506,1.77948820316022,7.175451162513765,0.8558492128945563
https://comptox.epa.gov/dashboard/chemical/details/DTXSID4049537,NTP Mix82 ER AR1 18-EQP,NOCAS_49537,, ,23,244,9,Active,0.9967118641570918,-45.35054759617273,1.7380722132910407,8.314081826436373,0.9198142944779799
https://comptox.epa.gov/dashboard/chemical/details/DTXSID3049546,NTP Mix91 ER AR1 18-GP,NOCAS_49546,, ,23,244,9,Active,0.997829627883272,-31.796000191108458,1.2185904549171553,0.5475557437418622,-0.2615716610227398
https://comptox.epa.gov/dashboard/chemical/details/DTXSID8049547,NTP Mix92 ER AR1 18-GP,NOCAS_49547,, ,21,244,9,Active,0.9999830982771247,-36.258651999881685,1.3896228132359407,0.7227280084548677,-0.14102511439546636
https://comptox.epa.gov/dashboard/chemical/details/DTXSID2049553,NTP Mix23 AR2 2-EQP,NOCAS_49553,, ,25,244,10,Active,0.999999957760418,-47.43662050916315,1.8180215315937316,2.334922347721074,0.36827244185415847
https://comptox.epa.gov/dashboard/chemical/details/DTXSID7049554,NTP Mix24 AR2 2-EQP,NOCAS_49554,, ,32,244,13,Active,0.9999999999944628,-43.28495869862514,1.6589079505156796,0.312741913769743,-0.5048139105732479
https://comptox.epa.gov/dashboard/chemical/details/DTXSID2049555,NTP Mix25 AR2 2-EQP,NOCAS_49555,, ,22,244,9,Active,0.9999999999866125,-83.48803490159473,3.199701906509736,3.568999708964578,0.5525465125409552
https://comptox.epa.gov/dashboard/chemical/details/DTXSID7049556,NTP Mix26 AR2 2-EQP,NOCAS_49556,, ,29,244,12,Active,0.9999998581450502,-45.84708078254066,1.7571019842628866,1.5694455493352601,0.19574625279589206
https://comptox.epa.gov/dashboard/chemical/details/DTXSID3042477,Tolnaftate,2398-96-1,C19H17NOS,307.103085,56,332,17,Active,0.9995530635875046,-69.24064421983057,2.6536667389439574,56.86572149156859,1.7548505536873247
https://comptox.epa.gov/dashboard/chemical/details/DTXSID2040787,Benzalkonium chloride C12 (BAC C12),139-07-1,C21H38ClN,339.269278,167,331,50,Active,0.9999999999845727,-103.12669089298542,3.952358800291067,12.091514855534953,1.0824807137794417
https://comptox.epa.gov/dashboard/chemical/details/DTXSID0042248,"4,4'-Methylenebis(N,N-diglycidylaniline)",28768-32-3,C25H30N2O4,422.220557,121,329,37,Active,0.9999999999981303,-102.411916189063,3.924964863117181,10.147748817109548,1.0063697087769934
https://comptox.epa.gov/dashboard/chemical/details/DTXSID3030636,Doxorubicin hydrochloride,25316-40-9,C27H30ClNO11,579.150738,173,424,41,Active,1,-101.99019882814756,3.908802429238843,0.9022767863329733,-0.04466021596402807
https://comptox.epa.gov/dashboard/chemical/details/DTXSID9022601,Amphotericin B,1397-89-3,C47H73NO17,923.487850,43,247,17,Active,0.9532235436329958,-40.01087926114096,1.5334279553219927,34.94898507637358,1.5434345682896962
https://comptox.epa.gov/dashboard/chemical/details/DTXSID7049506,NTP Mix13 AR1 8-GP,NOCAS_49506,, ,14,244,6,Active,0.9802168712701116,-34.18943074687769,1.3103193394383932,6.571940254928699,0.8176936066387503
https://comptox.epa.gov/dashboard/chemical/details/DTXSID2049507,NTP Mix14 AR1 8-GP,NOCAS_49507,, ,13,244,5,Active,0.9999824549197636,-44.003969720131415,1.6864642457264463,4.157505486754822,0.6188328310402689
https://comptox.epa.gov/dashboard/chemical/details/DTXSID7049508,NTP Mix15 AR1 8-GP,NOCAS_49508,, ,16,244,7,Active,0.9924164632564225,-41.827165589302425,1.6030376285384695,2.6815447633112397,0.4283850510834618
https://comptox.epa.gov/dashboard/chemical/details/DTXSID4049539,NTP Mix84 ER AR1 18-EQP,NOCAS_49539,, ,24,244,10,Active,0.9950288411108236,-41.23600182840832,1.5803811147635094,10.3514159266314,1.01499975917111
https://comptox.epa.gov/dashboard/chemical/details/DTXSID3049540,NTP Mix85 ER AR1 18-EQP,NOCAS_49540,, ,24,244,10,Active,0.9653660278718846,-36.18261442338779,1.3867086521976475,19.15708812260535,1.2823294969977375
https://comptox.epa.gov/dashboard/chemical/details/DTXSID2049551,NTP Mix21 AR2 2-EQP,NOCAS_49551,, ,33,244,14,Active,0.9999999999993301,-71.91256505615954,2.756068840084819,1.5412869170068009,0.18788349197869833
https://comptox.epa.gov/dashboard/chemical/details/DTXSID7025895,"N-Phenyl-1,4-benzenediamine",101-54-2,C12H12N2,184.100048,213,662,32,Active,0.999589975343045,-80.28751854053661,3.077041236458468,43.42562522050351,1.637746079919596
https://comptox.epa.gov/dashboard/chemical/details/DTXSID4020375,DDT,50-29-3,C14H9Cl5,351.914689,268,713,38,Active,0.9998909152820523,-59.31390434264267,2.2732217021443475,29.624913061805557,1.4716570845258898
https://comptox.epa.gov/dashboard/chemical/details/DTXSID2026076,Tannic acid,1401-55-4,, ,254,622,41,Active,0.9999996276033737,-61.587294627051776,2.3603500102406922,5.244894452419621,0.7197367529313002
https://comptox.epa.gov/dashboard/chemical/details/DTXSID1046978,C12-14-Alkyldimethyl betaines,66455-29-6,, ,27,244,11,Active,0.9920115609259257,-42.40917667184033,1.6253433633973786,38.31417624521075,1.5833594926617194
https://comptox.epa.gov/dashboard/chemical/details/DTXSID6042369,Rhodamine B,81-88-9,C28H31ClN2O3,478.202321,129,367,35,Active,0.9998522434930242,-63.11284691799437,2.4188172214951287,36.85589331205135,1.5665069420801332
https://comptox.epa.gov/dashboard/chemical/details/DTXSID0022353,"3-Chloro[1,1′-biphenyl]-4-ol",92-04-6,C12H9ClO,204.034193,115,414,28,Active,0.9981947686967609,-48.608549187665524,1.8629360206138326,60.35169416324973,1.7806894659068342
https://comptox.epa.gov/dashboard/chemical/details/DTXSID1026035,Sodium 2-mercaptobenzothiolate,2492-26-4,C7H4NNaS2,188.968286,58,487,12,Active,0.9999910373343113,-91.02403779722758,3.488521290760912,17.467769106937748,1.2422374426810876
https://comptox.epa.gov/dashboard/chemical/details/DTXSID4042090,Lauryldiethanolamine,1541-67-9,C16H35NO2,273.266779,131,247,53,Active,0.9999998018140829,-102.66589029163119,3.934698490470482,31.53516354246903,1.498795087601661
https://comptox.epa.gov/dashboard/chemical/details/DTXSID1021372,"3,4,4'-Triaminodiphenyl ether",6264-66-0,C12H13N3O,215.105862,62,329,19,Active,0.9971609589267416,-55.66406799873667,2.1333407201352537,60.156999594102935,1.7792861671411009
https://comptox.epa.gov/dashboard/chemical/details/DTXSID2023224,Loratadine,79794-75-5,C22H23ClN2O2,382.144806,146,332,44,Active,0.9999999977581092,-93.00650266469965,3.5644998022148666,19.677898499810354,1.2939787161141938
https://comptox.epa.gov/dashboard/chemical/details/DTXSID5038888,Basic Blue 7,2390-60-5,C33H40ClN3,513.291076,321,507,63,Active,1,-96.42217371041907,3.695406334748306,0.15430582836397438,-0.8116176696691403
https://comptox.epa.gov/dashboard/chemical/details/DTXSID0043765,Ouabain,630-60-4,C29H44O12,584.283277,97,329,29,Active,1,-91.62570636246284,3.5115804040522884,0.052603338494732886,-1.2789866922753403
https://comptox.epa.gov/dashboard/chemical/details/DTXSID2037714,4-Heptylphenol,1987-50-4,C13H20O,192.151415,162,611,27,Active,0.9329547649637117,-45.82121185979657,1.7561105506817611,40.722870582948744,1.6098383841222645
https://comptox.epa.gov/dashboard/chemical/details/DTXSID9040269,Binapacryl,485-31-4,C15H18N2O6,322.116486,228,437,52,Active,0.9999999999479127,-99.3620889033362,3.8080793933349826,11.912696937371425,1.0760100933405459
https://comptox.epa.gov/dashboard/chemical/details/DTXSID3041619,Benalaxyl,71626-11-4,C20H23NO3,325.167794,31,247,13,Active,0.9959330676784612,-44.10693912204849,1.6904105763834627,48.09168255127319,1.6820699717078407
https://comptox.epa.gov/dashboard/chemical/details/DTXSID2034598,Fenoxaprop-P-ethyl,71283-80-2,C18H16ClNO5,361.071700,44,378,12,Active,0.9993177168362158,-53.50850848424922,2.0507283087133032,68.49206820435441,1.8356402804773404
https://comptox.epa.gov/dashboard/chemical/details/DTXSID2041884,Diofenolan,63837-33-2,C18H20O4,300.136159,42,244,17,Active,0.9431871786859383,-40.65328397655639,1.5580482927761965,65.05186355640117,1.813259742414424
https://comptox.epa.gov/dashboard/chemical/details/DTXSID3041794,Cloquintocet-mexyl,99607-70-2,C18H22ClNO3,335.128821,54,380,14,Active,0.9997762900166406,-74.87957402582124,2.869780275119167,60.86432076965832,1.7843627797640567
https://comptox.epa.gov/dashboard/chemical/details/DTXSID6041977,Flamprop-isopropyl,52756-22-6,C19H19ClFNO3,363.103749,40,247,16,Active,0.9998143863838702,-76.45084193669913,2.929999550084729,59.94885744401142,1.77778091036248
https://comptox.epa.gov/dashboard/chemical/details/DTXSID2032348,Chlorophacinone,3691-35-8,C23H15ClO3,374.070972,161,382,42,Active,0.9999999999975875,-103.49660018198988,3.9665356755601793,14.483280681888132,1.1608669472659197
https://comptox.epa.gov/dashboard/chemical/details/DTXSID5041772,Chlorfluazuron,71422-67-8,C20H9Cl3F5N3O3,538.962965,46,329,14,Active,0.9999999764167022,-59.17474134465013,2.267888241960296,6.522802627638954,0.8144342374793896
https://comptox.epa.gov/dashboard/chemical/details/DTXSID2041913,Etaconazole,60207-93-4,C14H15Cl2N3O2,327.054132,31,256,12,Active,0.99882824767921,-50.63845316371237,1.9407326489551797,60.178533259417264,1.779441598407315
https://comptox.epa.gov/dashboard/chemical/details/DTXSID7034250,Chlorfenvinphos,470-90-6,C12H14Cl3O4P,357.969529,129,472,27,Active,0.9999944464555145,-68.39477209017328,2.6212484568617644,30.540316803743544,1.4848735378089437
https://comptox.epa.gov/dashboard/chemical/details/DTXSID6032431,S-Metolachlor,87392-12-9,C15H22ClNO2,283.133907,44,364,12,Active,0.9411409800254706,-45.7583348855131,1.7537007733438765,7.602611438729428,0.8809627947314025
https://comptox.epa.gov/dashboard/chemical/details/DTXSID9044790,3-Methyl-N-phenylaniline,1205-64-7,C13H13N,183.104799,44,326,13,Active,0.9739204672157178,-32.81775820233824,1.2577496117996594,42.65761639552667,1.6299965844657043
https://comptox.epa.gov/dashboard/chemical/details/DTXSID9032533,Chlorfenapyr,122453-73-0,C15H11BrClF3N2O,405.969538,238,435,55,Active,1,-101.0651902017149,3.8733512191460058,1.0451460147187015,0.019176968874575304
https://comptox.epa.gov/dashboard/chemical/details/DTXSID9037539,Endosulfan I,959-98-8,C9H6Cl6O3S,403.816881,103,398,26,Active,0.9959145905485076,-45.10935816571546,1.72882856201366,58.37613385604745,1.7662353290798194
https://comptox.epa.gov/dashboard/chemical/details/DTXSID2041622,Benfuracarb,82560-54-1,C20H30N2O5S,410.187543,104,452,23,Active,0.999999692453516,-104.4990306425528,4.004954098746055,38.72138876051941,1.587950925088173
https://comptox.epa.gov/dashboard/chemical/details/DTXSID5037731,"4,4'-(9H-Fluorene-9,9-diyl)diphenol",3236-71-3,C25H18O2,350.130680,280,447,63,Active,0.9996745589587146,-48.08220180033548,1.8427636121877458,29.004692736728447,1.4624682690985602
https://comptox.epa.gov/dashboard/chemical/details/DTXSID8023474,Pimozide,2062-78-4,C28H29F2N3O,461.227869,144,332,43,Active,0.999999999867432,-110.52530874897636,4.235912865101125,15.234627175594541,1.1828318305597947
https://comptox.epa.gov/dashboard/chemical/details/DTXSID1044560,"5-Bromo-5-nitro-1,3-dioxane",30007-47-7,C4H6BrNO4,210.948021,86,328,26,Active,0.9999209576552642,-78.04705655763232,2.991174914576402,61.733594441615836,1.790521564521174
https://comptox.epa.gov/dashboard/chemical/details/DTXSID1040320,Bifenox,42576-02-3,C14H9Cl2NO5,340.985778,59,332,18,Active,0.9997042310763091,-74.38561415745636,2.850849127267749,24.063260596468364,1.381354474338442
https://comptox.epa.gov/dashboard/chemical/details/DTXSID8044676,2-(Dodecyloxy)ethanol,4536-30-5,C14H30O2,230.224580,54,329,16,Active,0.9999655212068188,-90.26525360509459,3.4594406778436353,57.1576062094395,1.7570740320188512
https://comptox.epa.gov/dashboard/chemical/details/DTXSID9042124,Mercuric iodide,7774-29-0,HgI2,455.779580,155,247,63,Active,0.9999981469671944,-49.889175225163285,1.9120163658218299,2.1490232436695162,0.3322411128124385
https://comptox.epa.gov/dashboard/chemical/details/DTXSID9022366,Estriol,50-27-1,C18H24O3,288.172545,73,562,13,Active,0.9999994075848844,-59.85736061534937,2.2940498133094254,14.500487714978313,1.1613826097081956
https://comptox.epa.gov/dashboard/chemical/details/DTXSID2044846,4-Chloro-3-nitrobenzaldehyde,16588-34-4,C7H4ClNO3,184.987971,63,326,19,Active,0.9999423356509458,-92.67231444806023,3.551691946871588,38.48893471786222,1.5853358910229745
https://comptox.epa.gov/dashboard/chemical/details/DTXSID4042462,Tetraiodoethene,513-92-8,C2I4,531.617880,126,247,51,Active,0.9999999999998466,-97.35414882835691,3.7311245375446735,6.614924005456322,0.8205248592263839
https://comptox.epa.gov/dashboard/chemical/details/DTXSID9037749,5-Chlorosalicylanilide,4638-48-6,C13H10ClNO2,247.040006,126,366,34,Active,0.999999999999908,-104.38091418199232,4.00042725289933,9.92000842066891,0.9965120408082603
https://comptox.epa.gov/dashboard/chemical/details/DTXSID3040720,"4-Amino-2,6-dichlorophenol",5930-28-9,C6H5Cl2NO,176.974819,61,326,19,Active,0.9995503540856097,-65.56519403428752,2.5128040994073424,70.74183997294398,1.8496763514881234
https://comptox.epa.gov/dashboard/chemical/details/DTXSID2044971,Triphenylolmethane triglycidyl ether,66072-38-6,C28H28O6, ,101,329,31,Active,0.9999999642775214,-105.52460220612006,4.044259411071063,27.881704423511792,1.445319318891555
https://comptox.epa.gov/dashboard/chemical/details/DTXSID0037730,"1,4-Dihydroxy-2-naphthoic acid",31519-22-9,C11H8O4,204.042259,156,391,40,Active,0.990081146814972,-42.52147521807959,1.629647236077141,54.9008415672799,1.7395790017401564
https://comptox.epa.gov/dashboard/chemical/details/DTXSID1044851,2-Hydroxy-3-phenoxypropyl prop-2-enoate,16969-10-1,C12H14O4,222.089209,84,329,26,Active,0.999643029371341,-89.92190076792376,3.446281585897155,69.65934235771643,1.8429793700394868
https://comptox.epa.gov/dashboard/chemical/details/DTXSID9044821,"Ethyl 2-cyano-3,3-diphenylacrylate",5232-99-5,C18H15NO2,277.110279,77,461,17,Active,0.999977130366184,-67.2015060726085,2.5755162084518504,38.31417624521076,1.5833594926617194
https://comptox.epa.gov/dashboard/chemical/details/DTXSID7044841,Bisphenol A glycidyl methacrylate,1565-94-2,C29H36O8,512.241018,120,331,36,Active,0.9999999981406793,-100.13322257804316,3.837633303569449,12.42571352816949,1.0943213368379077
https://comptox.epa.gov/dashboard/chemical/details/DTXSID8042264,Pentaerythritol tetraacrylate,4986-89-4,C17H20O8,352.115818,156,329,47,Active,1,-104.02954955188412,3.986961106784351,3.4586114166492132,0.5389017707206564
https://comptox.epa.gov/dashboard/chemical/details/DTXSID8044886,"4,4′-Biphenyltetracarboxylic dianhydride",2420-87-3,C16H6O6,294.016438,26,326,8,Active,0.9956467022926722,-68.61892755452507,2.6298392767018335,71.78203888707166,1.856015789812613
https://comptox.epa.gov/dashboard/chemical/details/DTXSID1044982,2-Amino-N-cyclohexyl-N-methylbenzenesulfonamide,70693-59-3,C13H20N2O2S,268.124549,22,259,8,Active,0.9912797899890522,-43.75934203756732,1.677088822491153,38.31417624521075,1.5833594926617194
https://comptox.epa.gov/dashboard/chemical/details/DTXSID4040767,"3,5-Dichlorosalicyl-3,4-dichloroanilide",1154-59-2,C13H7Cl4NO2,348.923089,148,330,45,Active,1,-91.85728228793525,3.520455615106294,1.4408297536278358,0.15861266823385659
https://comptox.epa.gov/dashboard/chemical/details/DTXSID3044960,"1,3-Propanediyl bis(p-aminobenzoate)",57609-64-0,C17H18N2O4,314.126657,38,340,11,Active,0.9999222600271492,-54.9848490083296,2.107309465463794,30.138253077745837,1.4791180754277584
https://comptox.epa.gov/dashboard/chemical/details/DTXSID2045076,Chlortetracycline hydrochloride,64-72-2,C22H24Cl2N2O8,514.090971,43,329,13,Active,0.9999999999454833,-143.05739999405398,5.48271421217218,28.537982257067164,1.4554232636069546
https://comptox.epa.gov/dashboard/chemical/details/DTXSID5044869,4-(3-Phenylpropyl)pyridine,2057-49-0,C14H15N,197.120449,42,326,13,Active,0.9966145993467941,-56.758920768148066,2.175301253734616,60.050832189244495,1.778519030268359
https://comptox.epa.gov/dashboard/chemical/details/DTXSID7041887,Dipentaerythritol pentaacrylate,60506-81-2,C25H32O12,524.189376,165,329,50,Active,1,-110.34833190284434,4.229130178783928,2.4749578440260303,0.3935678059916908
https://comptox.epa.gov/dashboard/chemical/details/DTXSID1044936,"(2,4,6-Trioxo-1,3,5-triazinane-1,3,5-triyl)triethane-2,1-diyl trisprop-2-enoate",40220-08-4,C18H21N3O9,423.127779,146,329,44,Active,0.999999999994881,-102.25047214416779,3.918777475680709,5.005758652241582,0.6994699066932071
https://comptox.epa.gov/dashboard/chemical/details/DTXSID4038922,Tetrabromobisphenol A bis(2-hydroxyethyl) ether,4162-45-2,C19H20Br4O4,627.809511,235,456,52,Active,0.9999999993290883,-99.24349507983771,3.803534252422328,14.305262098247816,1.1554958192737506
https://comptox.epa.gov/dashboard/chemical/details/DTXSID3044910,"Hex-3-yne-2,5-diol",3031-66-1,C6H10O2,114.068080,120,328,37,Active,0.9999885378690638,-113.49914179797241,4.349885834853376,66.58797292352274,1.8233957942659018
https://comptox.epa.gov/dashboard/chemical/details/DTXSID2021367,Toremifene citrate,89778-27-8,C32H36ClNO8,597.212945,157,332,47,Active,0.9999998056718262,-89.87600618373074,3.444522663331617,18.296395478281315,1.262365539015561
https://comptox.epa.gov/dashboard/chemical/details/DTXSID9044798,Sodium diisobutyldithiophosphinate,13360-78-6,C8H18NaPS2,232.048524,34,326,10,Active,0.999999999992529,-95.71069914554174,3.6681388763112444,11.684719100028248,1.0676182764394957
https://comptox.epa.gov/dashboard/chemical/details/DTXSID4021559,"2,6-Di-tert-butyl-4-nitrophenol",728-40-5,C14H21NO3,251.152144,139,453,31,Active,1,-104.17543742970715,3.992552299838029,6.002814194287504,0.7783549008030668
https://comptox.epa.gov/dashboard/chemical/details/DTXSID1032648,Z-Tetrachlorvinphos,22248-79-9,C10H9Cl4O4P,363.899257,144,515,28,Active,0.9999999999785281,-101.17685050794759,3.8776306311019266,19.48704039386145,1.2897458853867039
https://comptox.epa.gov/dashboard/chemical/details/DTXSID5044992,"2,5-Bis(2-methylbutan-2-yl)benzene-1,4-diol",79-74-3,C16H26O2,250.193280,109,331,33,Active,0.9999128861439814,-82.87614841858063,3.1762511887083713,59.12869802665152,1.7717983162379678
https://comptox.epa.gov/dashboard/chemical/details/DTXSID6046979,"1-(2,6-Dichlorophenyl)-2-indolinone",15362-40-0,C14H9Cl2NO,277.006119,55,329,17,Active,0.9999473380653765,-67.50967262197551,2.5873267762379335,52.57724434642961,1.7207978203306091
https://comptox.epa.gov/dashboard/chemical/details/DTXSID0042086,Laurocapram,59227-89-3,C18H35NO,281.271865,61,362,17,Active,0.9957770056207997,-66.28974658546568,2.5405727752673486,38.31417624521075,1.5833594926617194
https://comptox.epa.gov/dashboard/chemical/details/DTXSID3020706,2-Hydrazino-4-(4-nitrophenyl)thiazole,26049-70-7,C9H8N4O2S,236.036797,99,329,30,Active,0.9999999869283162,-98.37906110780828,3.77040458262456,24.64684350114049,1.3917613074747162
https://comptox.epa.gov/dashboard/chemical/details/DTXSID1044801,SEX,140-90-9,C3H5NaOS2,143.967951,48,244,20,Active,0.9999999999994849,-109.42500074984487,4.193743258321918,11.764268491059113,1.0705649276723999
https://comptox.epa.gov/dashboard/chemical/details/DTXSID1040611,"3-Oxa-2,4-disilaheptan-1-ol, 2,2,4-trimethyl-4-(trimethylsiloxy)-, monoether with polyethylene glycol",27306-78-1,(C2H4O)nC11H30O3Si3, ,90,363,25,Active,0.999999999998661,-93.3324484112649,3.5769917626249166,7.5365215118729,0.8771709431144592
https://comptox.epa.gov/dashboard/chemical/details/DTXSID1032484,Temephos,3383-96-8,C16H20O6P2S3,465.989726,136,504,27,Active,0.9999789000140509,-70.85032506074211,2.7153582000210763,42.3171192644146,1.6265160954602236
https://comptox.epa.gov/dashboard/chemical/details/DTXSID9044796,(Acryloyloxy)(tributyl)stannane,13331-52-7,C15H30O2Sn,362.126782,202,344,59,Active,0.9999999999974832,-87.43138343175691,3.3508318238070385,0.6400040032126659,-0.1938173095040295
https://comptox.epa.gov/dashboard/chemical/details/DTXSID4022999,Estradiol cypionate,313-06-4,C26H36O3,396.266445,116,344,34,Active,0.9999389711188647,-34.781734974990215,1.3330195619332603,0.24950536933357964,-0.6029201039610157
https://comptox.epa.gov/dashboard/chemical/details/DTXSID3042633,Clomipramine hydrochloride,17321-77-6,C19H24Cl2N2,350.131654,133,332,40,Active,0.999978151999849,-84.48473043507515,3.2379005370374037,36.88418121692518,1.5668401471025697
https://comptox.epa.gov/dashboard/chemical/details/DTXSID1047104,"trans,cis-2,6-Nonadienal",557-48-2,C9H14O,138.104465,33,328,10,Active,0.9898433131420169,-42.13409006108208,1.6148005933593015,57.36575022327664,1.7586526776156886
https://comptox.epa.gov/dashboard/chemical/details/DTXSID1047027,Ditridecyl phthalate (mixture of branched chain isomers),75359-31-8,, ,6,244,2,Active,0.9624802296887405,-29.274143831411994,1.1219396161283943,12.171713646047381,1.0853517265152157
https://comptox.epa.gov/dashboard/chemical/details/DTXSID9046992,Nicardipine hydrochloride,54527-84-3,C26H30ClN3O6,515.182313,138,344,40,Active,0.9999999999991857,-117.29725601765797,4.495449607245359,13.072616429116632,1.1163625184915738
https://comptox.epa.gov/dashboard/chemical/details/DTXSID1048122,Benzyl-C8-18-alkyldimethylammonium chlorides,63449-41-2,, ,182,372,49,Active,0.9999999796463126,-92.71330206976369,3.553262808749729,14.297824468004826,1.1552699610022463
https://comptox.epa.gov/dashboard/chemical/details/DTXSID0020814,Mestranol,72-33-3,C21H26O2,310.193280,137,539,25,Active,0.9999999999999992,-69.46314913748351,2.6621943011277014,3.083165478414995,0.4889968346304592
https://comptox.epa.gov/dashboard/chemical/details/DTXSID5023322,Mifepristone,84371-65-3,C29H35NO2,429.266779,363,736,49,Active,1,-91.51097813677347,3.5071834132391566,0.3690298905210584,-0.4329384556224672
https://comptox.epa.gov/dashboard/chemical/details/DTXSID0020365,Cyclosporin A,59865-13-3,C62H111N11O12,1201.841368,170,482,35,Active,0.9999999986630395,-96.16124135102214,3.6854060302877145,8.339164397215203,0.9211225355466752
https://comptox.epa.gov/dashboard/chemical/details/DTXSID7042019,Haloxyfop,69806-34-4,C15H11ClF3NO4,361.032870,32,250,13,Active,0.999981577285613,-58.46565084321689,2.2407121534106236,28.580858776680742,1.4560752740130458
https://comptox.epa.gov/dashboard/chemical/details/DTXSID8040725,4-Chloromercuribenzoic acid,59-85-8,C7H5ClHgO2,357.968450,110,329,33,Active,0.999999796919769,-71.88133812119935,2.754872059211436,9.670251633691903,0.9854377751897225
https://comptox.epa.gov/dashboard/chemical/details/DTXSID8042399,Sodium abietate,14351-66-7,C20H29NaO2,324.206524,60,362,17,Active,0.982340704149737,-42.427704437052604,1.6260534450964264,47.280333418990566,1.6746805305110415
https://comptox.epa.gov/dashboard/chemical/details/DTXSID1042491,Triethoxypentylsilane,2761-24-2,C11H26O3Si,234.165121,8,357,2,Active,0.9954174345513253,-33.633922075325074,1.2890293167717364,12.55826187460987,1.0989295350618913
https://comptox.epa.gov/dashboard/chemical/details/DTXSID9023201,Leflunomide,75706-12-6,C12H9F3N2O2,270.061612,65,344,19,Active,0.9999661389250362,-91.5443385015949,3.5084619583989123,42.654207693157645,1.6299618792968507
https://comptox.epa.gov/dashboard/chemical/details/DTXSID8020337,Clomiphene citrate (1:1),50-41-9,C32H36ClNO8,597.212945,447,806,55,Active,0.9999998094738322,-103.9994206721251,3.9858064091786454,22.99861018903076,1.3617015923014226
https://comptox.epa.gov/dashboard/chemical/details/DTXSID5022437,Nordihydroguaiaretic acid,500-38-9,C18H22O4,302.151809,154,395,39,Active,0.9999879274187252,-84.86150705890518,3.252340604803021,36.90337902243696,1.5670661337366174
https://comptox.epa.gov/dashboard/chemical/details/DTXSID3025209,C.I. Disperse Blue 27,15791-78-3,C22H16N2O7,420.095751,161,456,35,Active,0.9893663005599619,-40.270246246738935,1.54336826640108,54.75293366970811,1.738407393693576
https://comptox.epa.gov/dashboard/chemical/details/DTXSID5020368,Cytembena,21739-91-3,C11H8BrNaO4,305.950366,225,454,50,Active,0.9995933505076616,-96.05755826933668,3.6814323476572297,65.10409622117736,1.813608314379072
https://comptox.epa.gov/dashboard/chemical/details/DTXSID9040683,Megestrol acetate,595-33-5,C24H32O4,384.230060,50,250,20,Active,0.9999999999999953,-51.140435972451996,1.9599712782037,0.3496918625648916,-0.4563144737367468
https://comptox.epa.gov/dashboard/chemical/details/DTXSID3042180,"N-(3,4-Dichlorophenyl)-N'-methylurea",3567-62-2,C8H8Cl2N2O,218.001368,19,247,8,Active,0.99998435865281,-70.17431281985647,2.6894498449072537,32.88554473417366,1.5170050401465092
https://comptox.epa.gov/dashboard/chemical/details/DTXSID9042203,Nitralin,4726-14-1,C13H19N3O6S,345.099457,27,249,11,Active,0.999862079549938,-66.15952606274449,2.5355820379082914,36.981324469402786,1.567982461162054
https://comptox.epa.gov/dashboard/chemical/details/DTXSID3044201,Quetiapine fumarate,111974-72-2,C46H54N6O8S2,882.344455,40,326,12,Active,0.98505426968261,-46.76145121367041,1.7921454825940002,32.21080978714628,1.508001643219827
https://comptox.epa.gov/dashboard/chemical/details/DTXSID5041778,Chloropropylate,5836-10-2,C17H16Cl2O3,338.047650,93,247,38,Active,0.999999999867538,-87.88008341748957,3.368028374204852,17.13161976721683,1.233798426754645
https://comptox.epa.gov/dashboard/chemical/details/DTXSID1041683,Bromofos,2104-96-3,C8H8BrCl2O3PS,363.849221,33,252,13,Active,0.9946387247648079,-44.58774072793136,1.7088374302052072,61.74229210343914,1.790582748071214
https://comptox.epa.gov/dashboard/chemical/details/DTXSID5044520,Tetrabromophenolphthalein ethyl ester,1176-74-5,C22H14Br4O4,657.762561,183,464,39,Active,0.9995684863563529,-62.54855017746812,2.3971903936673176,30.0766283524904,1.4782291494069713
https://comptox.epa.gov/dashboard/chemical/details/DTXSID7044390,N-Methylhydrazinecarbothioamide,6610-29-3,C2H7N3S,105.036068,63,359,18,Active,0.9999999999999983,-90.89965697353546,3.483754361473739,6.447532098922102,0.8093935129425913
https://comptox.epa.gov/dashboard/chemical/details/DTXSID2041208,Decyl beta-D-glucopyranoside,58846-77-8,C16H32O6,320.219889,18,356,5,Active,0.9974883304139751,-44.241922983347074,1.6955838700039703,55.526218776230586,1.7444980998991706
https://comptox.epa.gov/dashboard/chemical/details/DTXSID2022880,Danazol,17230-88-5,C22H27NO2,337.204179,198,478,41,Active,0.999999999983431,-103.88218160928915,3.981313189841099,7.602927271437381,0.8809808361049971
https://comptox.epa.gov/dashboard/chemical/details/DTXSID3024944,"1,2-Dibromo-2,4-dicyanobutane",35691-65-7,C6H6Br2N2,263.889774,257,483,53,Active,0.9999870607463174,-97.54239276026384,3.7383390380239505,50.000485257100394,1.698974219205186
https://comptox.epa.gov/dashboard/chemical/details/DTXSID4044668,"1,1,2-Trimethyl-1H-benzo[e]indole",41532-84-7,C15H15N,209.120449,60,329,18,Active,0.9999992761099409,-96.00642711938924,3.6794727322684895,43.41870619470502,1.6376768780573254
https://comptox.epa.gov/dashboard/chemical/details/DTXSID0042169,Monotridecyl phosphate,5116-94-9,C13H29O4P,280.180346,44,385,11,Active,0.9999999968852412,-53.63106754407491,2.055425418399099,4.324140171503304,0.6358997636170081
https://comptox.epa.gov/dashboard/chemical/details/DTXSID3022877,Cytarabine,147-94-4,C9H13N3O5,243.085521,51,385,13,Active,0.9965895047208224,-33.25592074722373,1.274542311877985,5.858804792501389,0.7678090281403391
https://comptox.epa.gov/dashboard/chemical/details/DTXSID5023035,Etoposide,33419-42-0,C29H32O13,588.184291,74,334,22,Active,1,-88.82433179977325,3.404216953233846,1.2410796750354895,0.09379966330173437
https://comptox.epa.gov/dashboard/chemical/details/DTXSID7041411,2-Chloro-N-(2-methyl-4-bromophenyl)acetamide,96686-51-0,C9H9BrClNO,260.955605,124,247,50,Active,0.9999999999414733,-111.78181194536252,4.284068695786937,10.177563687513581,1.007643828717777
https://comptox.epa.gov/dashboard/chemical/details/DTXSID5037739,4-Anilinophenol,122-37-2,C12H11NO,185.084064,112,455,25,Active,0.9989039686911779,-54.42676432191793,2.085920716318961,37.94262760082616,1.579127403332428
https://comptox.epa.gov/dashboard/chemical/details/DTXSID1044481,"1,1'-Disulfanediyldiazepan-2-one",23847-08-7,C12H20N2O2S2,288.096620,57,329,17,Active,0.9997031882610546,-62.10047563827525,2.380017813680212,60.54087685982343,1.7820487068852533
https://comptox.epa.gov/dashboard/chemical/details/DTXSID6038877,3-Hydroxy-2-naphthoic o-anisidide,135-62-6,C18H15NO3,293.105193,124,344,36,Active,0.9999999998810284,-106.61959117224839,4.086225164447072,15.56364788905287,1.192111396793028
https://comptox.epa.gov/dashboard/chemical/details/DTXSID8040723,2-Chloro-5-nitro-N-phenylbenzamide,22978-25-2,C13H9ClN2O3,276.030170,57,329,17,Active,0.9999999975661946,-83.25205481001005,3.1906579045778205,18.700133396635394,1.2718447045694414
https://comptox.epa.gov/dashboard/chemical/details/DTXSID4044585,Dantrolene sodium,14663-23-1,C14H9N4NaO5,336.047064,41,247,17,Active,0.9995415565072134,-50.05911569559389,1.9185293811044495,19.739123465362265,1.2953278635003687
https://comptox.epa.gov/dashboard/chemical/details/DTXSID4042123,Mercury(II) acetate,1600-27-7,C4H6HgO4,319.997252,163,247,66,Active,0.9999999094277002,-61.153458135210414,2.3437231073354496,1.4333371535965183,0.15634835838341915
https://comptox.epa.gov/dashboard/chemical/details/DTXSID0044525,Phenylmercuric lactate,122-64-5,C9H10HgO3,368.033637,154,247,62,Active,0.9999999999999669,-75.4002408658359,2.889734975006581,0.5100490770381195,-0.2923880339777557
https://comptox.epa.gov/dashboard/chemical/details/DTXSID5037571,Methylparaoxon,950-35-6,C8H10NO6P,247.024574,30,249,12,Active,0.9375660209557506,-36.59716416084645,1.402596384935075,16.188575265928975,1.209208628779793
https://comptox.epa.gov/dashboard/chemical/details/DTXSID6035285,"9,12-Tetradecadien-1-ol, 1-acetate, (9E,12Z)-",31654-77-0,C16H28O2,252.208930,124,449,28,Active,0.9998794607290445,-81.66149388163751,3.129699219408956,58.883012169012375,1.7699900182948007
https://comptox.epa.gov/dashboard/chemical/details/DTXSID5020239,Candesartan cilexetil,145040-37-5,C33H34N6O6,610.253983,127,250,51,Active,0.9999998179669268,-90.72072988883004,3.476896931726675,23.305669700300562,1.3674615871212628
https://comptox.epa.gov/dashboard/chemical/details/DTXSID3032389,Farnesol,4602-84-0,C15H26O,222.198365,62,382,16,Active,0.9978089309222167,-54.69499105478086,2.0962005796494365,57.25242725182863,1.7577939035836208
https://comptox.epa.gov/dashboard/chemical/details/DTXSID8044381,Bismaleimide,13676-54-5,C21H14N2O4,358.095357,260,450,58,Active,0.9999964395278826,-75.59495769591061,2.897197551088938,6.9160443195343255,0.8398577676654371
https://comptox.epa.gov/dashboard/chemical/details/DTXSID9034317,Benzalkonium chloride,8001-54-5,, ,181,392,46,Active,0.9999999984212411,-94.914601493827,3.637628214789962,14.259302409642585,1.1540982795794235
https://comptox.epa.gov/dashboard/chemical/details/DTXSID7040990,Carbonyl cyanide chlorophenylhydrazone,555-60-2,C9H5ClN4,204.020274,126,247,51,Active,1,-101.94451834370639,3.9070517121051966,0.9598550402235414,-0.017794350277728507
https://comptox.epa.gov/dashboard/chemical/details/DTXSID0044367,Tetradonium bromide,1119-97-7,C17H38BrN,335.218763,290,465,62,Active,0.9999999999997424,-90.19457500148584,3.4567319009155058,5.399337961173592,0.73234051214973
https://comptox.epa.gov/dashboard/chemical/details/DTXSID3041665,Benzalkonium chloride C16 (BAC C16),122-18-9,C25H46ClN,395.331878,281,467,60,Active,0.9987973926860766,-85.46053439046372,3.275298492087091,10.918661577118817,1.0381694052829429
https://comptox.epa.gov/dashboard/chemical/details/DTXSID5044366,Dodecyltrimethylammonium bromide,1119-94-4,C15H34BrN,307.187463,107,329,33,Active,0.9999999999902272,-95.03103162134784,3.6420904314590055,12.388646277922057,1.0930238530953256
https://comptox.epa.gov/dashboard/chemical/details/DTXSID0023296,C.I. Basic Blue 9,61-73-4,C16H18ClN3S,319.090997,169,385,44,Active,0.9999999773202948,-62.342522485607645,2.389294325695221,4.290082430892399,0.6324656369254646
https://comptox.epa.gov/dashboard/chemical/details/DTXSID2032558,Kresoxim-methyl,143390-89-0,C18H19NO4,313.131408,144,472,31,Active,0.9999999999930225,-102.53611316935194,3.9297247465553484,17.80917145796487,1.2506437151059147
https://comptox.epa.gov/dashboard/chemical/details/DTXSID8040270,Dithianon,3347-22-6,C14H4N2O2S2,295.971420,154,250,62,Active,0.9999999999171371,-87.68556772360554,3.360573506722339,13.070326891047586,1.1162864494935378
https://comptox.epa.gov/dashboard/chemical/details/DTXSID7031531,Leucomalachite green,129-73-7,C23H26N2,330.209599,110,444,25,Active,0.9998626292235472,-63.92567539353228,2.449969096442354,45.24693445329979,1.65558916044475
https://comptox.epa.gov/dashboard/chemical/details/DTXSID7023063,Flufenamic acid,530-78-9,C14H10F3NO2,281.066363,52,332,16,Active,0.9999523373584641,-77.11947996548038,2.955625286490885,60.82870190456608,1.7841085486394939
https://comptox.epa.gov/dashboard/chemical/details/DTXSID4044379,Gold trichloride,13453-07-1,AuCl3,301.873127,133,329,40,Active,0.9999999999999954,-110.49145435975198,4.234615386320212,3.923239776889165,0.5936448517435079
https://comptox.epa.gov/dashboard/chemical/details/DTXSID2036588,"Glycols, polyethylene, mono(p-nonylphenyl) ether",26027-38-3,(C2H4O)nC15H24O, ,156,384,41,Active,0.9999999998808551,-87.59954395262685,3.3572766220330523,4.596500586417253,0.6624273198596144
https://comptox.epa.gov/dashboard/chemical/details/DTXSID1036541,Pregnenolone,145-13-1,C21H32O2,316.240230,57,462,12,Active,0.9999496972273496,-36.13608258353983,1.3849253066338143,3.1198863552720444,0.49413877473089685
https://comptox.epa.gov/dashboard/chemical/details/DTXSID3025540,Thimerosal,54-64-8,C9H9HgNaO2S,405.992738,196,332,59,Active,0.9999999998983699,-82.57268813018844,3.164620989668917,3.3313063193791357,0.522614568656224
https://comptox.epa.gov/dashboard/chemical/details/DTXSID2022127,4-Phenoxyphenol,831-82-3,C12H10O2,186.068080,52,329,16,Active,0.9999571428305506,-55.273025467848555,2.118353907556854,26.268763706870516,1.419439633961615
https://comptox.epa.gov/dashboard/chemical/details/DTXSID7042437,Swep,1918-18-9,C8H7Cl2NO2,218.985384,31,329,9,Active,0.9997112800113118,-51.7044516296707,1.9815873334364187,31.95794978262979,1.5045789099832838
https://comptox.epa.gov/dashboard/chemical/details/DTXSID1042154,Methyl red,493-52-7,C15H15N3O2,269.116427,108,366,30,Active,0.9999999616898831,-95.50387027313279,3.66021210287421,32.631706644446496,1.5136397880656332
https://comptox.epa.gov/dashboard/chemical/details/DTXSID5044528,Oxyphenisatin,125-13-3,C20H15NO3,317.105193,103,329,31,Active,0.9999999998117864,-104.9540369840577,4.02239234196382,18.763246895208972,1.2733079932466205
https://comptox.epa.gov/dashboard/chemical/details/DTXSID2044923,"3,5-Diethyl-1-phenyl-2-propyl-1,2-dihydropyridine",34562-31-7,C18H25N,255.198700,32,244,13,Active,0.9951635541487415,-46.54015867554651,1.7836643851892522,61.1962378323727,1.7867247237981285
https://comptox.epa.gov/dashboard/chemical/details/DTXSID4021715,Menadione,58-27-5,C11H8O2,172.052429,155,334,46,Active,0.9999997967187899,-86.93726595821201,3.3318946356937365,19.662948153815627,1.2936486340934494
https://comptox.epa.gov/dashboard/chemical/details/DTXSID1044857,Triethoxy(2-methylpropyl)silane,17980-47-1,C10H24O3Si,220.149471,12,244,5,Active,0.9612378561801634,-31.799790712087663,1.218735727676517,12.159138111708314,1.0849027914996112
https://comptox.epa.gov/dashboard/chemical/details/DTXSID4040268,Dinobuton,973-21-7,C14H18N2O7,326.111401,250,454,55,Active,0.9999999999883312,-112.40661371814218,4.308014395621772,12.998944506319756,1.1139080897152223
https://comptox.epa.gov/dashboard/chemical/details/DTXSID9044538,C.I. Disperse Orange 37,13301-61-6,C17H15Cl2N5O2,391.060280,75,377,20,Active,0.9893179928572808,-40.10897283164085,1.537187418398526,20.53040934667276,1.3123976086608424
https://comptox.epa.gov/dashboard/chemical/details/DTXSID0022933,Digitoxin,71-63-6,C41H64O13,764.434692,102,335,30,Active,1,-94.81447394008083,3.6337907987459337,0.1333240633486926,-0.8750914587152014
https://comptox.epa.gov/dashboard/chemical/details/DTXSID0022301,Flucythrinate,70124-77-5,C26H23F2NO4,451.159515,27,331,8,Active,0.9939632748677772,-36.342185771623306,1.3928242680194274,29.219710535947975,1.465675909296321
https://comptox.epa.gov/dashboard/chemical/details/DTXSID1037515,Crufomate,299-86-5,C12H19ClNO3P,291.079108,33,244,14,Active,0.9995043143116648,-62.625034786904806,2.4001216873661293,46.52732304771779,1.6677080660933672
https://comptox.epa.gov/dashboard/chemical/details/DTXSID7022673,Betamethasone valerate,2152-44-5,C27H37FO6,476.257417,50,247,20,Active,0.9999999382042886,-90.51507193523742,3.4690150340754147,27.85913044299119,1.4449675568221803
https://comptox.epa.gov/dashboard/chemical/details/DTXSID3032416,Cybutryne,28159-98-0,C11H19N5S,253.136117,43,373,12,Active,0.9977787687972515,-49.87873989520496,1.9116164289302493,47.34808079669124,1.6753023800383648
https://comptox.epa.gov/dashboard/chemical/details/DTXSID4034497,Metconazole,125116-23-6,C17H22ClN3O,319.145140,121,468,26,Active,0.9999964643320425,-89.7553779764555,3.4398995541010264,39.76438538033453,1.5994942741522338
https://comptox.epa.gov/dashboard/chemical/details/DTXSID3037757,10-Undecen-1-al,112-45-8,C11H20O,168.151415,12,446,3,Active,0.9994811198133575,-37.1698217087211,1.424543643004707,15.491041938937892,1.19008062970968
https://comptox.epa.gov/dashboard/chemical/details/DTXSID1047102,Dehydroabietylamine acetate,2026-24-6,C22H35NO2,345.266779,173,329,53,Active,0.9993658764121298,-41.202419156538795,1.5790940496249748,26.164850446558496,1.4177182567359166
https://comptox.epa.gov/dashboard/chemical/details/DTXSID5047035,(2E)-2-Decenal,3913-81-3,C10H18O,154.135765,11,247,4,Active,0.993908847512023,-42.21627002227352,1.6179501629809974,38.31417624521075,1.5833594926617194
https://comptox.epa.gov/dashboard/chemical/details/DTXSID3044205,Rabeprazole sodium,117976-90-6,C18H20N3NaO3S,381.112307,54,329,16,Active,0.9996077202429614,-71.3231083329531,2.7334777489988724,36.36151458410346,1.5606419648089782
https://comptox.epa.gov/dashboard/chemical/details/DTXSID1042499,Triphenylbismuthine dichloride,594-30-9,C18H15BiCl2,510.035480,178,329,54,Active,1,-96.91354797985537,3.714238388809446,1.5149647078369937,0.18040251576230035
https://comptox.epa.gov/dashboard/chemical/details/DTXSID9022526,Benzyl 4-hydroxybenzoate,94-18-8,C14H12O3,228.078644,101,385,26,Active,0.9926080604083639,-44.163864540028264,1.692592258688639,61.6018848082583,1.789594000302466
https://comptox.epa.gov/dashboard/chemical/details/DTXSID6043915,"17-((1-Oxohexyl)oxy)pregn-4-ene-3,20-dione",630-56-8,C27H40O4,428.292660,161,407,40,Active,0.9999999996932799,-114.58273344832128,4.391414782966551,12.654554144579162,1.1022468483516366
https://comptox.epa.gov/dashboard/chemical/details/DTXSID7032345,Chlorhexidine diacetate,56-95-1,C26H38Cl2N10O4,624.245455,214,391,55,Active,0.9999999999999999,-100.02090490071019,3.833328697685257,3.6505182643343246,0.5623545256516921
https://comptox.epa.gov/dashboard/chemical/details/DTXSID0040674,Fluocinolone acetonide,67-73-2,C24H30F2O6,452.201045,25,329,8,Active,0.9999908862248602,-59.255037239448406,2.270965604219137,27.923658571152153,1.4459723191506022
https://comptox.epa.gov/dashboard/chemical/details/DTXSID0023371,Nisoldipine,63675-72-9,C20H24N2O6,388.163437,119,332,36,Active,0.9999999899405719,-89.95876434339493,3.447694392568853,17.977211769761887,1.2547223343990481
https://comptox.epa.gov/dashboard/chemical/details/DTXSID1034181,Raloxifene hydrochloride,82640-04-8,C28H28ClNO4S,509.142757,416,734,57,Active,0.9999999987560096,-98.98530919655656,3.7936392074144734,17.21954782837101,1.2360217430397233
https://comptox.epa.gov/dashboard/chemical/details/DTXSID6044303,Atorvastatin calcium,134523-03-8,C66H68CaF2N4O10,1154.452942,100,434,23,Active,0.9999999999998911,-90.55582101279893,3.4705767536836887,4.38577457831496,0.64204630588464
https://comptox.epa.gov/dashboard/chemical/details/DTXSID1040326,8-Hydroxyquinoline citrate,134-30-5,C15H15NO8,337.079766,93,326,29,Active,0.9999999999999953,-78.55734050795533,3.010731687359884,0.5187875564594429,-0.2850104493686252
https://comptox.epa.gov/dashboard/chemical/details/DTXSID4047040,Zinc neodecanoate,27253-29-8,, ,7,244,3,Active,0.9929712784875392,-41.53013879893905,1.5916539950809283,28.420801313636087,1.453636318531086
https://comptox.epa.gov/dashboard/chemical/details/DTXSID0045254,21-Hydroxyprogesterone,64-85-7,C21H30O3,330.219495,63,341,18,Active,0.9949411646640292,-50.99911504971392,1.9545551149600962,65.72216588373746,1.8177118672380108
https://comptox.epa.gov/dashboard/chemical/details/DTXSID5032315,"4,5-Dichloro-2-octyl-3(2H)-isothiazolone",64359-81-5,C11H17Cl2NOS,281.040791,161,376,43,Active,0.9999999926742724,-89.27551204504738,3.421508560260946,9.772295075051188,0.9899965720479933
https://comptox.epa.gov/dashboard/chemical/details/DTXSID3023685,Tolcapone,134308-13-7,C14H11NO5,273.063722,95,332,29,Active,0.9999999985385228,-104.84220892132785,4.018106500693993,27.66042708846482,1.4418588815119608
https://comptox.epa.gov/dashboard/chemical/details/DTXSID8029868,Atorvastatin,134523-00-5,C33H35FN2O5,558.253000,59,332,18,Active,0.9999999999991204,-96.53129071876091,3.6995882741128576,10.954461674217484,1.039591040257177
https://comptox.epa.gov/dashboard/chemical/details/DTXSID4029565,"1,2-Benzenedicarboxylic acid, diundecyl ester, branched and linear",85507-79-5,, ,6,360,2,Active,0.9790046785396951,-38.55159103228155,1.4775003324772074,7.602500806043298,0.8809564748615677
https://comptox.epa.gov/dashboard/chemical/details/DTXSID9023380,Norethindrone,68-22-4,C20H26O2,298.193280,156,677,23,Active,0.9999999999669111,-33.61186343601776,1.2881839133515955,0.016867797606607095,-1.7729416186401625
https://comptox.epa.gov/dashboard/chemical/details/DTXSID7044342,Spirotetramat,203313-25-1,C21H27NO5,373.188923,25,329,8,Active,0.9686256025773119,-36.83356349581773,1.4116564544851227,38.2950191570881,1.5831422911158546
https://comptox.epa.gov/dashboard/chemical/details/DTXSID1037565,Mepronil,55814-41-0,C17H19NO2,269.141579,36,364,10,Active,0.9970701167625965,-40.92107623841863,1.568311504886041,38.31417624521075,1.5833594926617194
https://comptox.epa.gov/dashboard/chemical/details/DTXSID9032531,Bromuconazole,116255-48-2,C13H12BrCl2N3O,374.954080,110,437,25,Active,0.9999982119097852,-85.2774138951019,3.2682803487229446,36.216994923144924,1.5589124122276614
https://comptox.epa.gov/dashboard/chemical/details/DTXSID9047419,5-Methyl-2-phenyl-2-hexenal,21834-92-4,C13H16O,188.120115,28,328,9,Active,0.9688492009588706,-39.08363007665076,1.4978908752251872,55.373161505179375,1.7432993200634428
https://comptox.epa.gov/dashboard/chemical/details/DTXSID6047446,Fipexide hydrochloride,34161-23-4,C20H22Cl2N2O4,424.095663,63,329,19,Active,0.9996164108577116,-73.53813209331774,2.8183691440036402,58.8968731996543,1.7700922389605829
https://comptox.epa.gov/dashboard/chemical/details/DTXSID8047476,2-Thienyl disulfide,6911-51-9,C8H6S4,229.935235,67,247,27,Active,0.9999704384802439,-90.87609791615085,3.4828514541179976,71.59671640902765,1.8548931050153907
https://comptox.epa.gov/dashboard/chemical/details/DTXSID3044627,1-Hydroxybenzotriazole,2592-95-2,C6H5N3O,135.043262,8,244,3,Active,1,-80.47731240243388,3.084315138431036,1.8674102104586994,0.2712397290738925
https://comptox.epa.gov/dashboard/chemical/details/DTXSID1044645,Hydralazine hydrochloride,304-20-1,C8H9ClN4,196.051574,57,247,23,Active,0.999999999766288,-118.85449293266569,4.555131140434042,23.37893591152332,1.3688247404327352
https://comptox.epa.gov/dashboard/chemical/details/DTXSID7034674,Ipconazole,125225-28-7,C18H24ClN3O,333.160790,176,414,43,Active,0.9999999999507335,-104.37593004841824,4.000236234608887,14.44421104709481,1.1596938253598215
https://comptox.epa.gov/dashboard/chemical/details/DTXSID6044642,C.I. Disperse Red 82,30124-94-8,C21H21N5O6,439.149183,49,247,20,Active,0.9992636735971505,-42.337981021759774,1.6226147705209688,17.558903026716226,1.2444973803442747
https://comptox.epa.gov/dashboard/chemical/details/DTXSID7044639,"2,4-Dichloro-1,3-dinitro-5-(trifluoromethyl)benzene",29091-09-6,C7HCl2F3N2O4,303.926546,172,329,52,Active,0.9999999999998096,-112.89893139252561,4.3268826059370555,11.667589431624014,1.066981138420443
https://comptox.epa.gov/dashboard/chemical/details/DTXSID7047697,Naphthalen-2-yl 2-aminobenzoate,63449-68-3,C17H13NO2,263.094629,79,328,24,Active,0.999069878547463,-56.978292688203474,2.1837087429234963,31.221204586608714,1.4944496551397533
https://comptox.epa.gov/dashboard/chemical/details/DTXSID9040712,Triethyltin bromide,2767-54-6,C6H15BrSn,285.937915,233,388,60,Active,0.9999999998666478,-116.82766484376924,4.477452396313961,8.635483500161792,0.9362866587041414
https://comptox.epa.gov/dashboard/chemical/details/DTXSID1035783,S-Methoprene,65733-16-6,C19H34O3,310.250795,128,445,29,Active,0.9986772579504457,-55.30215696311694,2.11947038012756,75.44562784921581,1.877634077034375
https://comptox.epa.gov/dashboard/chemical/details/DTXSID3044966,"N-(4-Methylpentan-2-yl)-N-phenylbenzene-1,4-diamine",61931-82-6,C18H24N2,268.193949,120,329,36,Active,0.999999935825781,-71.56971149508706,2.7429288830321674,18.809568440940886,1.2743788313893976
https://comptox.epa.gov/dashboard/chemical/details/DTXSID5037498,Azinphos-ethyl,2642-71-9,C12H16N3O3PS2,345.037071,85,462,18,Active,0.9974001149368033,-78.5035481279863,3.008670079598419,38.31417624521075,1.5833594926617194
https://comptox.epa.gov/dashboard/chemical/details/DTXSID6041688,Bupirimate,41483-43-6,C13H24N4O3S,316.156912,45,251,18,Active,0.9995728366746003,-81.22297992352588,3.112893051322059,38.31417624521075,1.5833594926617194
https://comptox.epa.gov/dashboard/chemical/details/DTXSID3044590,C.I. Solvent Red 43,15086-94-9,C20H8Br4O5,643.710525,78,331,24,Active,0.9999999999999404,-99.12396286187153,3.798953147283531,9.387667436914969,0.972557696087298
https://comptox.epa.gov/dashboard/chemical/details/DTXSID2022381,meso-Hexestrol,84-16-2,C18H22O2,270.161980,335,722,46,Active,0.9999995049960629,-83.61741280375264,3.2046603502038873,30.18481852138526,1.4797885691112114
https://comptox.epa.gov/dashboard/chemical/details/DTXSID8044593,1-Benzylquinolinium chloride,15619-48-4,C16H14ClN,255.081477,130,624,21,Active,0.9995806937349254,-59.04316002967455,2.2628453518637133,37.7365466668847,1.5767621546488129
https://comptox.epa.gov/dashboard/chemical/details/DTXSID4047410,Linalyl cinnamate,78-37-5,C19H24O2,284.177630,56,328,17,Active,0.955979359024049,-80.28570126526962,3.076971588883899,71.65143802821979,1.8552249110132455
https://comptox.epa.gov/dashboard/chemical/details/DTXSID7047433,Equilin,474-86-2,C18H20O2,268.146330,137,571,24,Active,0.9999999999999372,-143.57913684264065,5.502709920432493,20.279844129269797,1.3070646126899885
https://comptox.epa.gov/dashboard/chemical/details/DTXSID4021553,Decanal,112-31-2,C10H20O,156.151415,24,475,5,Active,0.9997516784243099,-44.05272149156077,1.6883326707788755,30.00353730067055,1.4771724593730193
https://comptox.epa.gov/dashboard/chemical/details/DTXSID7047144,Chlorhexidine dihydrochloride,3697-42-5,C22H32Cl4N10,576.156552,268,453,59,Active,1,-100.60588718993547,3.8557483048578867,2.176955811310267,0.33784961365345795
https://comptox.epa.gov/dashboard/chemical/details/DTXSID0047242,"2,4-Diaminoanisole sulfate hydrate (1:1:x)",123333-56-2,, ,74,247,30,Active,0.9999664775902848,-101.15158598320333,3.8766623612404243,32.625714381085245,1.5135600298748155
https://comptox.epa.gov/dashboard/chemical/details/DTXSID4047709,Cananga oil,68606-83-7,, ,57,331,17,Active,0.9773351816091915,-36.94836863843325,1.4160563931606107,30.302088281958532,1.4814725591320017
https://comptox.epa.gov/dashboard/chemical/details/DTXSID0047111,Sclareol,515-03-7,C20H36O2,308.271530,123,331,37,Active,0.9999805534044974,-91.91382292741173,3.522622550669473,37.07600329742543,1.5690929121114787
https://comptox.epa.gov/dashboard/chemical/details/DTXSID7021152,4-Phenylphenol,92-69-3,C12H10O,170.073165,138,539,26,Active,0.9983610237331811,-54.36285802722979,2.0834714899933844,56.075198087739814,1.7487708164192566
https://comptox.epa.gov/dashboard/chemical/details/DTXSID4020589,"p,p'-Ethyl-DDD",72-56-0,C18H20Cl2,306.094206,120,442,27,Active,0.9839591615669657,-38.975049509677824,1.4937294951236826,34.90853113120153,1.5429315751093737
https://comptox.epa.gov/dashboard/chemical/details/DTXSID2020424,Chloranocryl,2164-09-2,C10H9Cl2NO,229.006119,66,326,20,Active,0.9979722864040724,-52.71120282101408,2.0201713498181584,37.54990845127276,1.5746088825078162
https://comptox.epa.gov/dashboard/chemical/details/DTXSID2020636,Fluvastatin,93957-54-1,C24H26FNO4,411.184586,48,329,15,Active,0.9999999999973861,-95.82007506669078,3.6723307385803627,9.438187481871985,0.9748885999971573
https://comptox.epa.gov/dashboard/chemical/details/DTXSID7021316,Tetradifon,116-29-0,C12H6Cl4O2S,353.884261,79,453,17,Active,0.9997307289265186,-60.36478635432066,2.3134970443565117,37.95309847189215,1.579247237262185
https://comptox.epa.gov/dashboard/chemical/details/DTXSID9020372,Mitotane,53-19-0,C14H10Cl4,317.953661,160,417,38,Active,0.9954410440487752,-50.352706735379726,1.929781338475876,35.711408924640175,1.552806984780462
https://comptox.epa.gov/dashboard/chemical/details/DTXSID6020511,"3,3'-Dimethylbenzidine dihydrochloride",612-82-8,C14H18Cl2N2,284.084704,79,401,20,Active,0.9942134308245285,-47.454511656310764,1.8187072147303074,50.12871152687441,1.7000865419567612
https://comptox.epa.gov/dashboard/chemical/details/DTXSID6020278,"1-Chloro-2,4-dinitrobenzene",97-00-7,C6H3ClN2O4,201.978134,173,372,47,Active,0.999999985914473,-94.11815458390808,3.607104167851918,18.898732010407215,1.2764326666411538
https://comptox.epa.gov/dashboard/chemical/details/DTXSID1021031,4-Nitrosodiphenylamine,156-10-5,C12H10N2O,198.079313,184,374,49,Active,0.9999997054266615,-91.6762072991713,3.513515866345263,16.1031374724348,1.2069105005173386
https://comptox.epa.gov/dashboard/chemical/details/DTXSID3022409,"4,4'-Sulfonyldiphenol",80-09-1,C12H10O4S,250.029980,56,429,13,Active,0.9922860213101593,-40.491147662430684,1.5518343739310114,51.291334687249446,1.7100440002894957
https://comptox.epa.gov/dashboard/chemical/details/DTXSID8022406,"2,4-Dihydroxybenzophenone",131-56-6,C13H10O3,214.062994,95,584,16,Active,0.9986455201984041,-56.25824756865789,2.156112815620876,57.8818139892358,1.7625421332481483
https://comptox.epa.gov/dashboard/chemical/details/DTXSID3021192,Promethazine hydrochloride,58-33-3,C17H21ClN2S,320.111398,116,331,35,Active,0.9995938794555422,-55.37719559650023,2.1223462563963134,57.813466430069134,1.7620290099618208
https://comptox.epa.gov/dashboard/chemical/details/DTXSID3020960,5-Nitroacenaphthene,602-87-9,C12H9NO2,199.063329,39,448,9,Active,0.9984394674799896,-54.772310793638965,2.099163879913082,29.816133800370636,1.4744513286534926
https://comptox.epa.gov/dashboard/chemical/details/DTXSID4022153,Tetrabutyltin,1461-25-2,C16H36Sn,348.183903,187,377,50,Active,0.9999995216007543,-88.29375930475334,3.3838826163931497,26.37188684669739,1.4211412036574242
https://comptox.epa.gov/dashboard/chemical/details/DTXSID4021131,N-Phenyl-2-naphthylamine,135-88-6,C16H13N,219.104799,154,452,34,Active,0.9993553458520488,-57.98833366641095,2.2224188412918755,35.971049196099685,1.5559531054145956
https://comptox.epa.gov/dashboard/chemical/details/DTXSID9023706,Trilostane,13647-35-3,C20H27NO3,329.199094,54,344,16,Active,0.999987573246316,-62.445607455275294,2.393245085518073,26.229210025156707,1.4187852106482368
https://comptox.epa.gov/dashboard/chemical/details/DTXSID1044487,Methyltrioctylammonium chloride,5137-55-3,C25H54ClN,403.394478,192,384,50,Active,0.9999999943499801,-68.1467643651816,2.6117434925705294,2.2403556108165197,0.3503169592080841
https://comptox.epa.gov/dashboard/chemical/details/DTXSID7041461,"3,3,4,4-Tetrachlorotetrahydrothiophene 1,1-dioxide",3737-41-5,C4H4Cl4O2S,255.868611,271,449,60,Active,0.9999999999999998,-104.31578366530164,3.9979311079287028,2.8080232201913407,0.44840069475380495
https://comptox.epa.gov/dashboard/chemical/details/DTXSID0042080,Isoxathion,18854-01-8,C13H16NO4PS,313.053766,27,244,11,Active,0.9243246575826707,-36.57414786288597,1.4017142789835848,56.62934755275055,1.7530415579911331
https://comptox.epa.gov/dashboard/chemical/details/DTXSID3040352,Dinocap,39300-45-3,, ,318,509,62,Active,0.9999999999999982,-107.5662529165646,4.122506236239918,6.895640416103862,0.8385746064457827
https://comptox.epa.gov/dashboard/chemical/details/DTXSID9040265,Dinitramine,29091-05-2,C11H13F3N4O4,322.088889,63,247,26,Active,0.9999684999549773,-73.02879645367678,2.7988487154879436,36.19005367144584,1.5585892271865491
https://comptox.epa.gov/dashboard/chemical/details/DTXSID5042083,Kadethrin,58769-20-3,C23H24O4S,396.139530,66,326,20,Active,0.9999986895097008,-72.13100228961565,2.7644405071526337,26.322319515447273,1.4203241565366866
https://comptox.epa.gov/dashboard/chemical/details/DTXSID5032654,"N,N'-Bis(1-formamido-2,2,2-trichloroethyl)piperazine",26644-46-2,C10H14Cl6N4O2,431.924792,19,376,5,Active,0.9999999996560179,-61.14647415122846,2.3434554442279345,7.7527187661973365,0.8894540300027967
https://comptox.epa.gov/dashboard/chemical/details/DTXSID8044549,Potassium dicyanoaurate,13967-50-5,C2AuKN2,287.936423,133,247,54,Active,1,-108.03875569494133,4.140615035214347,0.18217554379597542,-0.7395099254274926
https://comptox.epa.gov/dashboard/chemical/details/DTXSID6042498,Triphenylbismuth,603-33-8,C18H15Bi,440.097780,69,338,20,Active,0.9999968075020966,-74.87123677617711,2.8694607477328438,31.91689470280962,1.504020630829137
https://comptox.epa.gov/dashboard/chemical/details/DTXSID3042500,Triphenyltin fluoride,379-52-2,C18H15FSn,370.017981,201,329,61,Active,1,-106.66661405993699,4.088027329554492,0.23609077469355888,-0.6269209827559097
https://comptox.epa.gov/dashboard/chemical/details/DTXSID9036515,Testosterone propionate,57-85-2,C22H32O3,344.235145,263,673,39,Active,0.9983856890717372,-93.05983589371868,3.5665438128898534,68.41830305090915,1.8351722983675238
https://comptox.epa.gov/dashboard/chemical/details/DTXSID0041987,Flurochloridone,61213-25-0,C12H10Cl2F3NO,311.009154,23,256,9,Active,0.9999999984847482,-81.64562068191009,3.129090874662429,14.716113488916514,1.1677931283993823
https://comptox.epa.gov/dashboard/chemical/details/DTXSID6021824,Dichlorophen,97-23-4,C13H10Cl2O2,268.005785,191,412,46,Active,0.9999999999996686,-107.01324237035318,4.101311954914237,13.971112317915162,1.1452309840885615
https://comptox.epa.gov/dashboard/chemical/details/DTXSID2020266,Chloranil,118-75-2,C6Cl4O2,243.865240,251,452,56,Active,0.9999999968569718,-75.96361895199496,2.911326595153033,12.367781065457475,1.0922917887584926
https://comptox.epa.gov/dashboard/chemical/details/DTXSID8027292,Dibutyltin dichloride,683-18-1,C8H18Cl2Sn,303.980758,203,389,52,Active,1,-103.61859097613147,3.9712110063072927,0.03758409279256006,-1.4249959283217097
https://comptox.epa.gov/dashboard/chemical/details/DTXSID5025021,Dicyclohexyl phthalate,84-61-7,C20H26O4,330.183109,170,497,34,Active,0.9999505366623913,-88.99401910213047,3.4107202657804025,55.6213028953304,1.7452411577324773
https://comptox.epa.gov/dashboard/chemical/details/DTXSID5027304,Dimethyltin dichloride,753-73-1,C2H6Cl2Sn,219.886858,54,356,15,Active,0.999743077543633,-77.94952045301395,2.987436816533146,57.202638000377355,1.7574160575096234
https://comptox.epa.gov/dashboard/chemical/details/DTXSID6023868,Hydramethylnon,67485-29-4,C25H24F6N4,494.190516,203,389,52,Active,0.9999999967013679,-60.24083963677644,2.3087467523068868,3.8595852633950027,0.5865406395173403
https://comptox.epa.gov/dashboard/chemical/details/DTXSID6024911,"(E,E)-2,4-Decadienal",25152-84-5,C10H16O,152.120115,182,447,41,Active,0.999999332886517,-94.4747357918685,3.6207702407482474,35.62440680891636,1.5517476415285898
https://comptox.epa.gov/dashboard/chemical/details/DTXSID4027527,"1,2,5,6,9,10-Hexabromocyclododecane",3194-55-6,C12H18Br6,635.650879,173,475,36,Active,0.999890212170952,-79.89505939753386,3.062000131831042,57.02510209581237,1.7560660714955207
https://comptox.epa.gov/dashboard/chemical/details/DTXSID2047569,2-Hydroxyfluorene,2443-58-5,C13H10O,182.073165,61,262,23,Active,0.999966788114477,-74.58257809293778,2.8583978242830326,36.41302064888764,1.5612567074077075
https://comptox.epa.gov/dashboard/chemical/details/DTXSID1047730,Orange terpenes,8028-48-6,, ,42,244,17,Active,0.9965312211946026,-47.12496730762282,1.8060773369038716,30.41617445707958,1.4831045904974893
https://comptox.epa.gov/dashboard/chemical/details/DTXSID1047497,Octyl decyl phthalate,119-07-3,C26H42O4,418.308310,12,368,3,Active,0.9988145257785859,-37.6044357123868,1.4412003442645231,25.255580089128507,1.4023573481647116
https://comptox.epa.gov/dashboard/chemical/details/DTXSID5047112,Didodecyldimethylammonium bromide,3282-73-3,C26H56BrN,461.359614,174,329,53,Active,0.9999997720839073,-62.11180213243832,2.380451904685113,8.19657264095059,0.9136322921056106
https://comptox.epa.gov/dashboard/chemical/details/DTXSID9047629,2-Methylundecanal,110-41-8,C12H24O,184.182715,36,331,11,Active,0.993734093256454,-43.48571869300325,1.666602132532536,31.617996002353483,1.4999343402103482
https://comptox.epa.gov/dashboard/chemical/details/DTXSID7024291,Quinalphos,13593-03-8,C12H15N2O3PS,298.054101,35,252,14,Active,0.9587432832239016,-35.860580186034646,1.374366601454271,58.32065669969704,1.7658224055611011
https://comptox.epa.gov/dashboard/chemical/details/DTXSID7021314,"2,2',5,5'-Tetrachlorobenzidine",15721-02-5,C12H8Cl4N2,319.944159,173,344,50,Active,0.9999999991022374,-103.2866180314051,3.9584880518695384,21.984825168724896,1.3421230163027824
https://comptox.epa.gov/dashboard/chemical/details/DTXSID7020843,"Methyl (9Z,12Z)-octadecadienoate",112-63-0,C19H34O2,294.255880,188,493,38,Active,0.9999663672275827,-77.74633613713331,2.979649721727736,45.62103613088383,1.659165144614794
https://comptox.epa.gov/dashboard/chemical/details/DTXSID9021342,Bithionol,97-18-7,C12H6Cl4O2S,353.884261,241,453,53,Active,1,-107.09591753100688,4.104480503191561,6.5680701548119655,0.8174377829184791
https://comptox.epa.gov/dashboard/chemical/details/DTXSID4020870,"2,2'-Methylenebis(4-methyl-6-tert-butylphenol)",119-47-1,C23H32O2,340.240230,209,375,56,Active,0.9999999637840368,-90.98364766300239,3.486973327754754,12.209110740300412,1.0866840329338445
https://comptox.epa.gov/dashboard/chemical/details/DTXSID5021916,2-Heptanone,110-43-0,C7H14O,114.104465,27,355,8,Active,0.9969659085720032,-74.12346908806367,2.8408023453629343,59.924551183712886,1.7776047899870129
https://comptox.epa.gov/dashboard/chemical/details/DTXSID5020366,Cyproterone acetate,427-51-0,C24H29ClO4,416.175437,176,698,25,Active,1,-75.21581654296413,2.8826668620944127,0.610662696899879,-0.2141986086194042
https://comptox.epa.gov/dashboard/chemical/details/DTXSID4020294,4'-(Chloroacetyl)acetanilide,140-49-8,C10H10ClNO2,211.040006,235,461,51,Active,0.999899269886792,-107.75801103123969,4.129855418740593,60.00212431061539,1.7781666263844187
https://comptox.epa.gov/dashboard/chemical/details/DTXSID3021483,Phenylacetaldehyde,122-78-1,C8H8O,120.057515,27,364,7,Active,0.9939849631086334,-48.61730317407399,1.8632715195512999,66.69692791901205,1.8241058306399807
https://comptox.epa.gov/dashboard/chemical/details/DTXSID3020621,"(R,R)-Fenvalerate",67614-33-9,C25H22ClNO3,419.128821,51,374,14,Active,0.9890994320395569,-38.017363066570134,1.4570258987165803,55.991085660912226,1.7481188884982386
https://comptox.epa.gov/dashboard/chemical/details/DTXSID9021346,Thiosemicarbazide,79-19-6,CH5N3S,91.020418,66,330,20,Active,0.9999999999995495,-97.38901265587225,3.7324607033258004,12.096269185309895,1.0826514428722356
https://comptox.epa.gov/dashboard/chemical/details/DTXSID7038864,"2,2'-Methylenebis(ethyl-6-tert-butylphenol)",88-24-4,C25H36O2,368.271530,192,371,52,Active,0.9999999999998802,-99.22055142062965,3.8026549303710078,13.463964067943623,1.1291729439426166
https://comptox.epa.gov/dashboard/chemical/details/DTXSID5048184,Melengestrol acetate,2919-66-6,C25H32O4,396.230060,84,404,21,Active,0.9999999999999999,-77.22997551885629,2.9598600589731277,1.2091237810561195,0.0824707629599456
https://comptox.epa.gov/dashboard/chemical/details/DTXSID3048522,HMR1171 trifluoroacetate (1:1),NOCAS_48522,C37H49F3N4O5S,718.337576,186,418,44,Active,0.999795767975843,-82.08155867210094,3.1457983180700713,23.056778384388917,1.3627986252646176
https://comptox.epa.gov/dashboard/chemical/details/DTXSID6025226,Econazole nitrate,24169-02-6,C18H16Cl3N3O4,443.020639,184,376,49,Active,0.9999882414075495,-69.23720301860342,2.6535348539601973,11.79421204210729,1.0716689314703882
https://comptox.epa.gov/dashboard/chemical/details/DTXSID0027721,4-(2-Phenylpropan-2-yl)-N-[4-(2-phenylpropan-2-yl)phenyl]aniline,10081-67-1,C30H31N,405.245650,48,375,13,Active,0.9987487915398848,-41.04817233094557,1.5731824975983226,26.143113946942066,1.4173573158164168
https://comptox.epa.gov/dashboard/chemical/details/DTXSID2022678,Bicalutamide,90357-06-5,C18H14F4N2O4S,430.061041,60,409,15,Active,0.9999999999106776,-97.17977665551994,3.724441676048097,11.187276292119545,1.0487243639825676
https://comptox.epa.gov/dashboard/chemical/details/DTXSID4048519,PharmaGSID_48519,686756-87-6,C22H20BrN5O4,497.069867,327,640,51,Active,0.9999999992880202,-103.48992667626506,3.9662799116172867,17.71597910852742,1.2483651594736034
https://comptox.epa.gov/dashboard/chemical/details/DTXSID1044514,Hexylparaben,1083-27-8,C13H18O3,222.125594,139,329,42,Active,0.9402439185655498,-34.30882565980759,1.3148951823238995,65.19618887289413,1.8142222092311844
https://comptox.epa.gov/dashboard/chemical/details/DTXSID7032559,lambda-Cyhalothrin,91465-08-6,C23H19ClF3NO3,449.100556,92,551,17,Active,0.9999775060385293,-43.66645829398887,1.6735290274646915,8.583352032671227,0.9336569247946833
https://comptox.epa.gov/dashboard/chemical/details/DTXSID4047672,Flubendiamide,272451-65-7,C23H22F7IN2O4S,682.023320,53,402,13,Active,0.9846683392107398,-30.51173518379025,1.1693706451896502,12.449334362583663,1.0951461313205086
https://comptox.epa.gov/dashboard/chemical/details/DTXSID4022523,Heptyl p-hydroxybenzoate,1085-12-7,C14H20O3,236.141245,135,374,36,Active,0.9214155337944792,-36.00695334406831,1.3799763930055298,51.65196099648653,1.7130868144090998
https://comptox.epa.gov/dashboard/chemical/details/DTXSID4048195,4-(Hexyloxy)phenol,18979-55-0,C12H18O2,194.130680,122,368,33,Active,0.999999937349967,-78.3729721652602,3.0036657199033856,30.459233976788944,1.48371897700932
https://comptox.epa.gov/dashboard/chemical/details/DTXSID1048170,FR150011,149413-74-1,C24H23NO4S,421.134779,290,633,46,Active,0.9999323835668361,-76.95142287718039,2.9491844523465702,23.6292941533822,1.3734507487221004
https://comptox.epa.gov/dashboard/chemical/details/DTXSID1041188,1-Phenyl-2-nitropropene,705-60-2,C9H9NO2,163.063329,126,371,34,Active,0.9999412953612599,-117.93481859035607,4.5198843682477685,66.44716489638034,1.8224764556154764
https://comptox.epa.gov/dashboard/chemical/details/DTXSID3047477,dl-Norgestrel,6533-00-2,C21H28O2,312.208930,76,395,19,Active,0.9999999999999963,-53.138439789055795,2.0365453241581433,0.07623097437503866,-1.1178685290952686
https://comptox.epa.gov/dashboard/chemical/details/DTXSID4022288,4-Hexyloxyaniline,39905-57-2,C12H19NO,193.146664,52,365,14,Active,0.9994691659148358,-60.56307060426318,2.321096342786757,45.82890318406862,1.6611394634676382
https://comptox.epa.gov/dashboard/chemical/details/DTXSID5048186,Tetrac,67-30-1,C14H8I4O4,747.660140,280,747,37,Active,0.9775220892568538,-37.39977240828948,1.4333565668288144,32.984331967298964,1.5183076927258938
https://comptox.epa.gov/dashboard/chemical/details/DTXSID1048172,PharmaGSID_48172,NOCAS_48172,C27H28N4O7S,552.167870,137,665,21,Active,0.9998422380291382,-74.38957052090375,2.85100075598533,50.16332650119968,1.7003863283253142
https://comptox.epa.gov/dashboard/chemical/details/DTXSID3029364,4-Methoxy-2-methyl-N-phenylaniline,41317-15-1,C14H15NO,213.115364,40,326,12,Active,0.9975419820747282,-51.99806873099733,1.9928402896235662,52.409790221543005,1.7194124213738655
https://comptox.epa.gov/dashboard/chemical/details/DTXSID7048168,Fabesetron hydrochloride,129299-90-7,C18H20ClN3O,329.129490,293,679,43,Active,0.9999999999999916,-96.65352263006935,3.704272845741725,5.595169538428682,0.7478132505584736
https://comptox.epa.gov/dashboard/chemical/details/DTXSID0038887,Fluorescein,2321-07-5,C20H12O5,332.068473,78,499,16,Active,0.9999999999999647,-122.17008346385634,4.682202059714402,6.588097152158278,0.8187599949201734
https://comptox.epa.gov/dashboard/chemical/details/DTXSID0021460,Zearalenone,17924-92-4,C18H22O5,318.146724,163,429,38,Active,0.9999033844871225,-73.2111230385922,2.8058364320158145,16.89331756976268,1.227714946241054
https://comptox.epa.gov/dashboard/chemical/details/DTXSID0048505,PharmaGSID_48505,NOCAS_48505,C17H12ClN5O2,353.067952,303,635,48,Active,0.999999999844487,-110.55245182254521,4.2369531308631485,7.602497925954169,0.88095631033583
https://comptox.epa.gov/dashboard/chemical/details/DTXSID4048511,Ro 3280,1062243-51-9,C27H35F2N7O3,543.276944,403,706,57,Active,0.9999999999999999,-51.42417954372976,1.970845828635357,0.017621544147341735,-1.7539560377351817
https://comptox.epa.gov/dashboard/chemical/details/DTXSID9044950,Exifone,52479-85-3,C13H10O7,278.042653,58,329,18,Active,0.9999695213367499,-58.707603917177025,2.249985071535342,28.591467062430173,1.4562364400999133
https://comptox.epa.gov/dashboard/chemical/details/DTXSID6025436,8-Hydroxyquinoline sulfate,134-31-6,C18H16N2O6S,388.072907,94,366,26,Active,1,-94.42020615564118,3.618680377437852,0.2881198177212817,-0.5404268686512362
https://comptox.epa.gov/dashboard/chemical/details/DTXSID9047679,2-Pentylfuran,3777-69-3,C9H14O,138.104465,38,334,11,Active,0.997844101488615,-54.21770472234827,2.077908449649783,40.34151895422162,1.6057522464056861
https://comptox.epa.gov/dashboard/chemical/details/DTXSID2045232,Tiratricol,51-24-1,C14H9I3O4,621.763490,212,688,31,Active,0.9997203357326154,-79.29153788692567,3.038870003898473,19.79574146444434,1.29657177322063
https://comptox.epa.gov/dashboard/chemical/details/DTXSID4048191,"4,4'-Methylenebis(2,6-diethylaniline)",13680-35-8,C21H30N2,310.240899,127,364,35,Active,0.9999997450349103,-107.98802459839666,4.13867075198233,38.38352527561097,1.5841448593373464
https://comptox.epa.gov/dashboard/chemical/details/DTXSID9034997,Tributyltetradecylphosphonium chloride,81741-28-8,C26H56ClP,434.380816,222,396,56,Active,1,-95.44409813794603,3.657921319348898,1.1855876316304474,0.07393365998185782
https://comptox.epa.gov/dashboard/chemical/details/DTXSID4047882,Phenylparaben,17696-62-7,C13H10O3,214.062994,65,409,16,Active,0.9873912187377298,-44.10191465272371,1.690218012214278,53.91340373888503,1.7316967512007733
https://comptox.epa.gov/dashboard/chemical/details/DTXSID8027793,N-(Cyclohexylthio)phthalimide,17796-82-6,C14H15NO2S,261.082350,145,361,40,Active,0.999858270026905,-84.13077059791433,3.22433492889815,60.80185089064417,1.7839167999858663
https://comptox.epa.gov/dashboard/chemical/details/DTXSID6020197,Bromocriptine mesylate,22260-51-1,C33H44BrN5O8S,749.209398,75,366,20,Active,0.999999864026819,-81.4381676900351,3.121140181675153,7.786620450793899,0.8913490060634113
https://comptox.epa.gov/dashboard/chemical/details/DTXSID4022446,"2,2′-Methylenebis[phenol]",2467-02-9,C13H12O2,200.083730,93,516,18,Active,0.9979760261119996,-48.53678744917627,1.8601857322434194,61.77437334285774,1.790808348487402
https://comptox.epa.gov/dashboard/chemical/details/DTXSID4048513,PharmaGSID_48513,825643-57-0,C30H30F7N3O3,613.217539,324,619,52,Active,0.9999999997496181,-94.36346420388634,3.616505726526221,17.724347059036106,1.248570245328689
https://comptox.epa.gov/dashboard/chemical/details/DTXSID9033187,Amitriptyline hydrochloride,549-18-8,C20H24ClN,313.159727,88,334,26,Active,0.9980317974389363,-69.68154310444805,2.670564309995323,50.1286863811698,1.7000863241046926
https://comptox.epa.gov/dashboard/chemical/details/DTXSID5041306,"2,2',4,4'-Tetrahydroxybenzophenone",131-55-5,C13H10O5,246.052823,146,737,20,Active,0.9736290177250586,-40.26215405331116,1.5430581308616673,38.31417624521075,1.5833594926617194
https://comptox.epa.gov/dashboard/chemical/details/DTXSID6024624,Bisphenol A diglycidyl ether,1675-54-3,C21H24O4,340.167459,109,382,29,Active,0.9984578685855791,-67.17456656002784,2.574483744220702,56.569771456761615,1.7525844241837927
https://comptox.epa.gov/dashboard/chemical/details/DTXSID7026314,Pyrithione zinc,13463-41-7,C10H8N2O2S2Zn,315.931862,182,383,48,Active,1,-120.28410208981394,4.609921304690306,0.011828916251309161,-1.9270550429998317
https://comptox.epa.gov/dashboard/chemical/details/DTXSID0025812,Olivetol,500-66-3,C11H16O2,180.115030,73,329,22,Active,0.9987548694747571,-78.99323041194634,3.0274372878506886,38.31583431034485,1.583378286565916
https://comptox.epa.gov/dashboard/chemical/details/DTXSID8027240,"3,4-Dinitrotoluene",610-39-9,C7H6N2O4,182.032757,121,455,27,Active,0.9725163238448608,-36.96412454511396,1.416660242618853,57.123508749429526,1.7568148756538822
https://comptox.epa.gov/dashboard/chemical/details/DTXSID8027323,4-Nitro-N-phenylaniline,836-30-6,C12H10N2O2,214.074228,111,473,23,Active,0.9999941472825804,-95.51657839033298,3.6606991449621153,14.146233020274005,1.1506408076122332
https://comptox.epa.gov/dashboard/chemical/details/DTXSID1023817,Dicyclohexylcarbodiimide,538-75-0,C13H22N2,206.178299,191,454,42,Active,0.9986547972011943,-60.92486727500603,2.334962299729081,60.500860290456856,1.7817615501358062
https://comptox.epa.gov/dashboard/chemical/details/DTXSID4026266,Tris(2-hydroxyethyl) isocyanurate,839-90-7,C9H15N3O6,261.096085,39,328,12,Active,0.9491247432547643,-38.34620941144887,1.4696290253549957,64.60197386271268,1.8102457877255471
https://comptox.epa.gov/dashboard/chemical/details/DTXSID7048166,PharmaGSID_48166,NOCAS_48166,C19H21N3O8,419.132865,275,603,46,Active,1,-105.34558966195254,4.037398706066602,1.383849749590704,0.14108893949507034
https://comptox.epa.gov/dashboard/chemical/details/DTXSID0048507,PharmaGSID_48507,NOCAS_48507,C18H19ClF2N4O3,412.111375,103,636,16,Active,0.9999988418245022,-76.94842196824733,2.9490694416861123,24.198023821385306,1.3837798999262279
https://comptox.epa.gov/dashboard/chemical/details/DTXSID1048174,FR167356,174185-16-1,C19H17Cl2NO3,377.058549,208,624,33,Active,0.9999999994635039,-109.11088069493636,4.181704520798052,24.21057608003799,1.3840051234113755
https://comptox.epa.gov/dashboard/chemical/details/DTXSID9048510,PharmaGSID_48510,460081-99-6,C21H16F4N2O4,436.104620,129,623,21,Active,0.9998368061873677,-67.11946447604551,2.572371941692606,44.229300261967474,1.6457100685857424
https://comptox.epa.gov/dashboard/chemical/details/DTXSID5048506,PharmaGSID_48506,588941-45-1,C19H22ClN3O3S,407.107040,159,604,26,Active,0.9999854288481684,-88.66149097777901,3.397976033930778,34.60215193625969,1.539103108763338
https://comptox.epa.gov/dashboard/chemical/details/DTXSID7025429,6-Hydroxy-2-naphthyl disulfide,6088-51-3,C20H14O2S2,350.043522,169,408,41,Active,0.9999999571231418,-99.28073386691872,3.804961439182199,23.915970793838987,1.378688014388424
https://comptox.epa.gov/dashboard/chemical/details/DTXSID1027926,n-Dodecylphenol,27193-86-8,C18H30O, ,202,406,50,Active,0.9999954259527426,-57.94516211368656,2.220764279656522,17.1684789794703,1.2347318210733638
https://comptox.epa.gov/dashboard/chemical/details/DTXSID4044872,Bis[4-(glycidyloxy)phenyl]methane,2095-03-6,C19H20O4,312.136159,85,332,26,Active,0.9898762229322703,-50.93314708756302,1.9520268746618115,59.88772149379201,1.7773377901004537
https://comptox.epa.gov/dashboard/chemical/details/DTXSID2036112,2-(8-Heptadecenyl)-2-imidazoline-1-ethanol,95-38-5,C22H42N2O,350.329714,157,376,42,Active,0.9989439615701474,-63.0032131151277,2.4146154758382345,37.02713668777867,1.568520129311737
https://comptox.epa.gov/dashboard/chemical/details/DTXSID5034981,Tributyltin benzoate,4342-36-3,C19H32O2Sn,412.142432,211,374,56,Active,1,-96.3847819397503,3.6939732848503457,0.624903887440137,-0.2041867736386424
https://comptox.epa.gov/dashboard/chemical/details/DTXSID8029286,"1,1,2,2-(4,4',4'',4'''-Tetraglycidyloxyphenyl)ethane",7328-97-4,C38H38O8,622.256668,66,326,20,Active,0.9985310787246292,-50.48912806333129,1.9350097234013293,39.7369159591594,1.5991941578444204