PUBCHEM_CID,PUBCHEM_EXT_DATASOURCE_SMILES,InChIKey
60196406.0,CC1=CC(=C2C(=C1)C=C(N2CC(=O)O)C(=O)NC3=NC(=C(S3)CCC4CCCCC4)C5=CC(=C(C=C5OC)Cl)OC)C.C(=O)(C(F)(F)F)O,UJGBTZUTZSMGCO-UHFFFAOYSA-N
9801235.0,C1CN(CCC1C2=CC=CC(=C2)CN)C(=O)C3=CC=C(O3)C#CC4=CC=CC=C4F,FTLQSQQQFMZPKO-UHFFFAOYSA-N
60196407.0,CCOC(=O)O[C@H](C)OC(=O)C1=CC2=C(C=C1)N(C(=C2)C(=O)NC3CCN(CC3)C(C)C)CC4=NOC(=C4)C5=CC=C(S5)Cl.Cl,KXZHIBIURCLFBV-FSRHSHDFSA-N
138394832.0,CN(C)C(=O)C1(CCN(CC1)CC[C@]2(CN(CCO2)C(=O)C3=CC=CC=C3)C4=CC(=C(C=C4)Cl)Cl)N5CCCCC5.Cl,WOWWMEJZBIHYNI-UCRKPPETSA-N
9872438.0,CC(C)C1=C2C(=CC(=C1)OC)S(=O)(=O)N(C2=O)COC3=CC(=O)N4C=CC=C(C4=N3)OCCN5CCCCC5,DRZXDZYWZSKFDL-UHFFFAOYSA-N
117746.0,CN1C(=O)C=CS1.Cl,SJXPQSRCFCPWQQ-UHFFFAOYSA-N
60196408.0,CCN(CC1=CN=CC=C1)C(=O)C2=C(C(=CC=C2)Cl)[C@]3(C4=C(C=CC(=C4)Cl)N(C3=O)CC5=C(C=C(C=C5)OC)OC)C.Cl,DRQOXZJWZHECAP-MGDILKBHSA-N
2733525.0,CC/C(=C(\C1=CC=CC=C1)/C2=CC=C(C=C2)OCCN(C)C)/C3=CC=CC=C3.C(C(=O)O)C(CC(=O)O)(C(=O)O)O,FQZYTYWMLGAPFJ-OQKDUQJOSA-N
2723601.0,C1=NC2=C(N1)C(=S)N=C(N2)N,WYWHKKSPHMUBEB-UHFFFAOYSA-N
5757.0,C[C@]12CC[C@H]3[C@H]([C@@H]1CC[C@@H]2O)CCC4=C3C=CC(=C4)O,VOXZDWNPVJITMN-ZBRFXRBCSA-N
3293.0,CCOC1=CC2=C(C=C1)NC(C=C2C)(C)C,DECIPOUIJURFOJ-UHFFFAOYSA-N
5280934.0,CC/C=C\C/C=C\C/C=C\CCCCCCCC(=O)O,DTOSIQBPPRVQHS-PDBXOOCHSA-N
67271.0,C1=CC=C(C=C1)C(=O)NC2=CC=CC=C2SSC3=CC=CC=C3NC(=O)C4=CC=CC=C4,ZHMIOPLMFZVSHY-UHFFFAOYSA-N
29354.0,CCCCCCOC1=CC=C(C=C1)O,XIIIHRLCKLSYNH-UHFFFAOYSA-N
23668198.0,CN(C)C1=CC=C(C=C1)N=NS(=O)(=O)[O-].[Na+],IWDQPCIQCXRBQP-UHFFFAOYSA-M
7381.0,CC(C)(C)C1=CC(=C(C=C1)O)O,XESZUVZBAMCAEJ-UHFFFAOYSA-N
460.0,COC1=CC=CC=C1O,LHGVFZTZFXWLCP-UHFFFAOYSA-N
8765.0,C1=CC(=CC=C1N)SC2=CC=C(C=C2)N,ICNFHJVPAJKPHW-UHFFFAOYSA-N
1923.0,C1=CC2=C(C(=C1)O)N=CC=C2,MCJGNVYPOGVAJF-UHFFFAOYSA-N
6862.0,C1=CC=C2C(=C1)C=CC=C2CC(=O)O,PRPINYUDVPFIRX-UHFFFAOYSA-N
6625.0,C1=CC(=CC=C1S(=O)(=O)C2=CC=C(C=C2)Cl)Cl,GPAPPPVRLPGFEQ-UHFFFAOYSA-N
8134.0,COCCOCCO,SBASXUCJHJRPEV-UHFFFAOYSA-N
7108.0,C1=CC=C2C(=C1)NC3=CC=CC=C3S2,WJFKNYWRSNBZNX-UHFFFAOYSA-N
8814.0,CC(C)(C)CC(C)(C)C1=CC=C(C=C1)O,ISAVYTVYFVQUDY-UHFFFAOYSA-N
7175.0,CCCOC(=O)C1=CC=C(C=C1)O,QELSKZZBTMNZEB-UHFFFAOYSA-N
8330.0,C1=C(C(=C(C(=C1Cl)Cl)[N+](=O)[O-])Cl)Cl,XQTLDIFVVHJORV-UHFFFAOYSA-N
7243.0,C1=CC=C(C(=C1)N)N,GEYOCULIXLDCMW-UHFFFAOYSA-N
15730.0,CCCCCCCCC1=CC=C(C=C1)O,NTDQQZYCCIDJRK-UHFFFAOYSA-N
697993.0,C1=CC=C2C(=C1)NC(=S)S2,YXIWHUQXZSMYRE-UHFFFAOYSA-N
6492.0,C1C=CC2C1C3CC2C=C3,HECLRDQVFMWTQS-UHFFFAOYSA-N
32793.0,CC(C)C(C)(C)C(C)(C)C(C)(C)S,YAJYJWXEWKRTPO-UHFFFAOYSA-N
6051.0,C1=CC=C(C=C1)N=NC2=CC=C(C=C2)N,QPQKUYVSJWQSDY-UHFFFAOYSA-N
700.0,C(CO)N,HZAXFHJVJLSVMW-UHFFFAOYSA-N
10693.0,C1(=C(C(=C(C(=C1Cl)Cl)Cl)Cl)Cl)N,KHCZSJXTDDHLGJ-UHFFFAOYSA-N
8593.0,C1=CC=C(C=C1)C2=NC3=CC=CC=C3C(=C2)C(=O)O,YTRMTPPVNRALON-UHFFFAOYSA-N
69779.0,C1=CC=C(C=C1)OC(=O)C2=CC(=CC=C2)C(=O)OC3=CC=CC=C3,FHESUNXRPBHDQM-UHFFFAOYSA-N
2265.0,CN1C=NC(=C1SC2=NC=NC3=C2NC=N3)[N+](=O)[O-],LMEKQMALGUDUQG-UHFFFAOYSA-N
11767.0,C1=CC=C2C(=C1)C=C3C=CC=CC3=C2[N+](=O)[O-],LSIKFJXEYJIZNB-UHFFFAOYSA-N
4338370.0,C1=CC(=C(C=C1N)[N+](=O)[O-])N,HVHNMNGARPCGGD-UHFFFAOYSA-N
3417419.0,C1=CC(=C(C=C1N)[N+](=O)[O-])O,WHODQVWERNSQEO-UHFFFAOYSA-N
8095.0,CCOCCOC(=O)C,SVONRAPFKPVNKG-UHFFFAOYSA-N
969491.0,C1[C@@H]2[C@H]3[C@@H]([C@H]1[C@H]4[C@@H]2O4)[C@]5(C(=C([C@@]3(C5(Cl)Cl)Cl)Cl)Cl)Cl,DFBKLUNHFCTMDC-PICURKEMSA-N
7812.0,C1=CC(=CC=C1N)Cl,QSNSCYSYFYORTR-UHFFFAOYSA-N
7475.0,C1=CC(=CC=C1N)[N+](=O)[O-],TYMLOMAKGOJONV-UHFFFAOYSA-N
7452.0,C1=CC(=CC(=C1)[N+](=O)[O-])[N+](=O)[O-],WDCYWAQPCXBPJA-UHFFFAOYSA-N
17818.0,CC1=C(C=C(C=C1)N)O,DBFYESDCPWWCHN-UHFFFAOYSA-N
11761.0,CC1=C(C(=CC=C1)[N+](=O)[O-])[N+](=O)[O-],DYSXLQBUUOPLBB-UHFFFAOYSA-N
1839.0,C1=C(OC(=C1)[N+](=O)[O-])C=NNC(=O)N,IAIWVQXQOWNYOU-UHFFFAOYSA-N
4984721.0,C1=CC(=C(C=C1[N+](=O)[O-])O)N,DOPJTDJKZNWLRB-UHFFFAOYSA-N
7263.0,C1=CC(=C(C=C1Cl)N)N,BXIXXXYDDJVHDL-UHFFFAOYSA-N
8041.0,C=CC(=O)NCNC(=O)C=C,ZIUHHBKFKCYYJD-UHFFFAOYSA-N
16329.0,C1=CC=C(C=C1)C2=CC=CC=C2Br,KTADSLDAUJLZGL-UHFFFAOYSA-N
16720.0,C1=CC2=C(C=CC=C2N)C(=C1)N,KQSABULTKYLFEV-UHFFFAOYSA-N
7594.0,C1=CC=C(C=C1)NC(=NC2=CC=CC=C2)N,OWRCNXZUPFZXOS-UHFFFAOYSA-N
12308.0,C(CO)CBr,RQFUZUMFPRMVDX-UHFFFAOYSA-N
171660.0,C1=CC=C2C=C3C(=CC2=C1)C(=NC3=N)N,JAWNWEKHDFBPSG-UHFFFAOYSA-N
22704.0,C1=CC2=C(C=C1[N+](=O)[O-])SC(=N2)N,GPNAVOJCQIEKQF-UHFFFAOYSA-N
213013.0,C1=CC=C(C(=C1)C2=CC=C(C=C2)Cl)NC(=O)C3=C(N=CC=C3)Cl,WYEMLYFITZORAB-UHFFFAOYSA-N
8425.0,C1=CC=C(C=C1)CC2=C(C=CC(=C2)Cl)O,NCKMMSIFQUPKCK-UHFFFAOYSA-N
86233.0,CC1(CCC(=CC2=CC=C(C=C2)Cl)C1(CN3C=NC=N3)O)C,PPDBOQMNKNNODG-UHFFFAOYSA-N
4004.0,CCOC(=O)CC(C(=O)OCC)SP(=S)(OC)OC,JXSJBGJIGXNWCI-UHFFFAOYSA-N
13709.0,COC1=NN(C(=O)S1)CSP(=S)(OC)OC,MEBQXILRKZHVCX-UHFFFAOYSA-N
175967.0,CS(=O)(=O)C1=CC(=C(C=C1)C(=O)C2C(=O)CCCC2=O)[N+](=O)[O-],KPUREKXXPHOJQT-UHFFFAOYSA-N
23675274.0,C(C(C(F)(F)S(=O)(=O)[O-])(F)F)(C(F)(F)F)(F)F.[K+],LVTHXRLARFLXNR-UHFFFAOYSA-M
15008.0,CCCC(=O)C1=CC(=C(C=C1O)O)O,SRUQARLMFOLRDN-UHFFFAOYSA-N
11074.0,CN1C(=O)C2=CC=CC=C2C1=O,ZXLYYQUMYFHCLQ-UHFFFAOYSA-N
9223.0,C1=CC=C2C(=C1)C=CO2,IANQTJSKSUMEQM-UHFFFAOYSA-N
3712.0,C1=CC=C2C(=C1)C(=CN2)CO,IVYPNXXAYMYVSP-UHFFFAOYSA-N
11818.0,C1=CC=C2C(=C1)C=C(C=C2[N+](=O)[O-])[N+](=O)[O-],ULALSFRIGPMWRS-UHFFFAOYSA-N
2347.0,CCCCOC(=O)C1=CC=CC=C1C(=O)OCC2=CC=CC=C2,IRIAEXORFWYRCZ-UHFFFAOYSA-N
6010.0,C[C@]12CCC(=O)C=C1CC[C@@H]3[C@@H]2CC[C@]4([C@H]3CC[C@]4(C)O)C,GCKMFJBGXUYNAG-HLXURNFRSA-N
10680.0,C1=CC=C(C=C1)C2=CC(=O)C3=CC=CC=C3O2,VHBFFQKBGNRLFZ-UHFFFAOYSA-N
10313.0,C1=CC=C(C=C1)C(=O)NO,VDEUYMSGMPQMIK-UHFFFAOYSA-N
5959.0,C1=CC(=CC=C1[C@H]([C@@H](CO)NC(=O)C(Cl)Cl)O)[N+](=O)[O-],WIIZWVCIJKGZOK-RKDXNWHRSA-N
6318.0,C1=CC(=CC=C1C(=O)O)Cl,XRHGYUZYPHTUJZ-UHFFFAOYSA-N
31423.0,C1=CC2=C3C(=C1)C=CC4=CC=CC(=C43)C=C2,BBEAQIROQSPTKN-UHFFFAOYSA-N
,,
5453.0,C1CN1P(=S)(N2CC2)N3CC3,FOCVUCIESVLUNU-UHFFFAOYSA-N
43704.0,CC(C)OC(=O)C1=CC(=CC(=C1)[N+](=O)[O-])C(=O)OC(C)C,VJAWBEFMCIINFU-UHFFFAOYSA-N
24812.0,Cl[In](Cl)Cl,PSCMQHVBLHHWTO-UHFFFAOYSA-K
10800.0,CC1=CC(=CC(=C1O)[N+](=O)[O-])[N+](=O)[O-],ZXVONLUNISGICL-UHFFFAOYSA-N
4197.0,CC1=C(C=C(C(=O)N1)C#N)C2=CC=NC=C2,PZRHRDRVRGEVNW-UHFFFAOYSA-N
20525.0,COC1=CC(=C(C=C1C=O)OC)OC,IAJBQAYHSQIQRE-UHFFFAOYSA-N
2943.0,COC(=O)C1=C(C(=C(C(=C1Cl)Cl)C(=O)OC)Cl)Cl,NPOJQCVWMSKXDN-UHFFFAOYSA-N
3117.0,CCN(CC)C(=S)SSC(=S)N(CC)CC,AUZONCFQVSMFAP-UHFFFAOYSA-N
41428.0,C1=C(C(=NC(=C1Cl)Cl)OCC(=O)O)Cl,REEQLXCGVXDJSQ-UHFFFAOYSA-N
11442.0,CC1=C(C(=O)CC1OC(=O)C2C(C2(C)C)C=C(C)C)CC=C,ZCVAOQKBXKSDMS-UHFFFAOYSA-N
4115.0,COC1=CC=C(C=C1)C(C2=CC=C(C=C2)OC)C(Cl)(Cl)Cl,IAKOZHOLGAGEJT-UHFFFAOYSA-N
20393.0,CCCCC(CC)COC(=O)C1=CC=CC=C1C(=O)O,DJDSLBVSSOQSLW-UHFFFAOYSA-N
41368.0,CC(C)(C)C(C(N1C=NC=N1)OC2=CC=C(C=C2)Cl)O,BAZVSMNPJJMILC-UHFFFAOYSA-N
29393.0,CCCN(CCC)C1=C(C=C(C=C1[N+](=O)[O-])S(=O)(=O)N)[N+](=O)[O-],UNAHYJYOSSSJHH-UHFFFAOYSA-N
5564.0,C1=CC(=C(C=C1Cl)O)OC2=C(C=C(C=C2)Cl)Cl,XEFQLINVKFYRCS-UHFFFAOYSA-N
1489.0,C1=CC(=C(C=C1Cl)Cl)OCCCC(=O)O,YIVXMZJTEQBPQO-UHFFFAOYSA-N
31070.0,CCOP(=O)(NC(C)C)OC1=CC(=C(C=C1)SC)C,ZCJPOPBZHLUFHF-UHFFFAOYSA-N
3289.0,CCCSP(=O)(OCC)SCCC,VJYFKVYYMZPMAB-UHFFFAOYSA-N
74483.0,C(C(C(C(C(F)(F)S(=O)(=O)O)(F)F)(F)F)(F)F)(C(C(C(F)(F)F)(F)F)(F)F)(F)F,YFSUTJLHUFNCNZ-UHFFFAOYSA-N
8343.0,CCCCC(CC)COC(=O)C1=CC=CC=C1C(=O)OCC(CC)CCCC,BJQHLKABXJIVAM-UHFFFAOYSA-N
47898.0,CC(C)OC1=CC=CC(=C1)NC(=O)C2=CC=CC=C2C(F)(F)F,PTCGDEVVHUXTMP-UHFFFAOYSA-N
5794.0,CCCCOCCOCCOCC1=CC2=C(C=C1CCC)OCO2,FIPWRIJSWJWJAI-UHFFFAOYSA-N
3034285.0,CO/C=C(\C1=CC=CC=C1OC2=NC=NC(=C2)OC3=CC=CC=C3C#N)/C(=O)OC,WFDXOXNFNRHQEC-GHRIWEEISA-N
6623.0,CC(C)(C1=CC=C(C=C1)O)C2=CC=C(C=C2)O,IISBACLAFKSPIT-UHFFFAOYSA-N
12932.0,CC(C)OP(=S)(OC(C)C)SCCNS(=O)(=O)C1=CC=CC=C1,RRNIZKPFKNDSRS-UHFFFAOYSA-N
16667700.0,COC1=CC=CC=C1OCCNCC(COC2=CC=CC3=C2C4=CC=CC=C4N3)O.C(C(C(=O)O)O)(C(=O)O)O,WWXYYTOHUGNKSA-UHFFFAOYSA-N
6433356.0,CCC(=O)C1=CC2=C(SC3=CC=CC=C3N2CCCN4CCN(CC4)CCO)C=C1.C(=C\C(=O)O)\C(=O)O.C(=C\C(=O)O)\C(=O)O,TVPJGGZLZLUPOB-SPIKMXEPSA-N
21517.0,CCCCCCCCCCCC[N+]1=CC2=CC=CC=C2C=C1.CC1=CC=C(C=C1)S(=O)(=O)[O-],SZDIFSKUQQLAMT-UHFFFAOYSA-M
20906.0,C1=CC(=CC(=C1)NC(=O)C2=C(C(=CC(=C2)Br)Br)O)C(F)(F)F,VYKKDKFTDMVOBU-UHFFFAOYSA-N
142766.0,C1=CC=C(C(=C1)C(=O)O)O.C1=CC2=C(C(=C1)O)N=CC=C2,GOEKBPHGLUYFOX-UHFFFAOYSA-N
35370.0,CC1=CN(C(=O)NC1=O)[C@H]2C[C@@H]([C@H](O2)CO)N=[N+]=[N-],HBOMLICNUCNMMY-XLPZGREQSA-N
4474.0,CC1=C(C(C(=C(N1)C)C(=O)OCCN(C)CC2=CC=CC=C2)C3=CC(=CC=C3)[N+](=O)[O-])C(=O)OC,ZBBHBTPTTSWHBA-UHFFFAOYSA-N
4628.0,CCN1C=C(C(=O)C2=CC3=C(C=C21)OCO3)C(=O)O,KYGZCKSPAKDVKC-UHFFFAOYSA-N
3005572.0,CN(C)CCOC1=CC=C(C=C1)/C(=C(/CCCl)\C2=CC=CC=C2)/C3=CC=CC=C3.C(C(=O)O)C(CC(=O)O)(C(=O)O)O,IWEQQRMGNVVKQW-OQKDUQJOSA-N
24188465.0,CCN(CC)CCOC1=CC=C(C=C1)C2=NC3=C(S2)C=CC(=C3)Cl.Cl,ZDKBIKAYRLTVKY-UHFFFAOYSA-N
12850184.0,C(C(=O)[C@H]([C@@H]([C@H](C(=O)[O-])O)O)O)O.C(C(=O)[C@H]([C@@H]([C@H](C(=O)[O-])O)O)O)O.[Ca+2],HNXKHQGRMMZMKP-UINDWOIOSA-L
89753.0,C([C@H]([C@H]([C@@H]([C@H](C(=O)[O-])O)O)O)O)O.C([C@H]([C@H]([C@@H]([C@H](C(=O)[O-])O)O)O)O)O.[Ba+2],PECPTSUHUFWKDG-IYEMJOQQSA-L
9403.0,C[C@]12CC[C@H]3[C@H]([C@@H]1CC[C@@H]2OC(=O)CCC4CCCC4)CCC5=C3C=CC(=C5)O,UOACKFBJUYNSLK-XRKIENNPSA-N
13218779.0,C[C@@]12CC[C@@H](C1(C)C)C[C@H]2OC(=O)CSC#N,IXEVGHXRXDBAOB-BREBYQMCSA-N
16043.0,CC(C)(C)C1=C(C=CC(=C1)O)O,BGNXCDMCOKJUMV-UHFFFAOYSA-N
2724411.0,CN(C)C1=CC=C(C=C1)C(=C2C=CC(=[N+](C)C)C=C2)C3=CC=CC=C3.CN(C)C1=CC=C(C=C1)C(=C2C=CC(=[N+](C)C)C=C2)C3=CC=CC=C3.C(=O)(C(=O)O)O.C(=O)(C(=O)[O-])O.C(=O)(C(=O)[O-])O,CNYGFPPAGUCRIC-UHFFFAOYSA-L
90454.0,C=C[C@H]1CN2CC[C@H]1C[C@@H]2[C@H](C3=CC=NC4=CC=CC=C34)O,KMPWYEUPVWOPIM-QAMTZSDWSA-N
19646.0,C1=CSC(=C1)C(=O)NC2=NC=C(S2)[N+](=O)[O-],ZLOXYEZYWCTXHU-UHFFFAOYSA-N
637566.0,CC(=CCC/C(=C/CO)/C)C,GLZPCOQZEFWAFX-JXMROGBWSA-N
994.0,C1=CC=C(C=C1)CC(C(=O)O)N,COLNVLDHVKWLRT-UHFFFAOYSA-N
4766.0,C1=CC=C2C(=C1)C(OS2(=O)=O)(C3=CC=C(C=C3)O)C4=CC=C(C=C4)O,BELBBZDIHDAJOR-UHFFFAOYSA-N
79472.0,CC1=CC(=C2C=C(C=CC2=N1)NC(=O)NC3=CC4=C(C=C(N=C4C=C3)C)N)N.Cl.Cl,GKQYGRWQCWWSHN-UHFFFAOYSA-N
3080.0,C(C(CS)S)O,WQABCVAJNWAXTE-UHFFFAOYSA-N
7048801.0,[C@@H]([C@H](C(=O)O)S)(C(=O)O)S,ACTRVOBWPAIOHC-JCYAYHJZSA-N
51.0,C(CC(=O)O)C(=O)C(=O)O,KPGXRSRHYNQIFN-UHFFFAOYSA-N
66064.0,CN1CCN(CC1)CCCN2C3=CC=CC=C3SC4=C2C=C(C=C4)C(F)(F)F.Cl.Cl,BXDAOUXDMHXPDI-UHFFFAOYSA-N
66435.0,C[C@]12CC[C@H]3[C@H]([C@@H]1CC[C@@H]2OP(=O)(O)O)CCC4=C3C=CC(=C4)O,BBWXLCKRYRQQPL-ZBRFXRBCSA-N
8969.0,COC(=O)[C@H]1[C@H](CC[C@@H]2[C@@H]1C[C@H]3C4=C(CCN3C2)C5=CC=CC=C5N4)O,BLGXFZZNTVWLAY-SCYLSFHTSA-N
10664.0,CC1=NC=C(C(=C1O)CN)CO.Cl.Cl,HNWCOANXZNKMLR-UHFFFAOYSA-N
8739.0,C1=CC(=CC=C1C(=O)O)S(=O)(=O)N,UCAGLBKTLXCODC-UHFFFAOYSA-N
4904.0,C1CCN(CC1)CCC(C2=CC=CC=C2)(C3=CC=CC=C3)O,RQXCLMGKHJWMOA-UHFFFAOYSA-N
65463.0,CC(C)(C)C1=CC=C(C=C1)CN2CCN(CC2)C(C3=CC=CC=C3)C4=CC=C(C=C4)Cl.Cl.Cl,SDBHDSZKNVDKNU-UHFFFAOYSA-N
439501.0,C[C@H]1[C@@H]([C@H]([C@H]([C@@H](O1)O[C@H]2C[C@H]([C@@]3([C@@H]4[C@@H](CC[C@@]3(C2)O)[C@]5(CC[C@@H]([C@]5(C[C@H]4O)C)C6=CC(=O)OC6)O)CO)O)O)O)O,LPMXVESGRSUGHW-HBYQJFLCSA-N
65708.0,C1=CC=C2C(=C1)NC(=N2)CCC(=O)O,XYWJNTOURDMTPI-UHFFFAOYSA-N
60196259.0,C[C@H](CCC(=O)O)[C@H]1CC[C@@H]2[C@@]1([C@H](C[C@H]3[C@H]2[C@@H](C[C@H]4[C@@]3(CC[C@H](C4)O)C)O)O)C.C1CNCCN1,GQCPPZBFHGESNJ-TUJRSCDTSA-N
5338.0,C1=CC=C2C(=C1)N=CC(=N2)NS(=O)(=O)C3=CC=C(C=C3)N,NHZLNPMOSADWGC-UHFFFAOYSA-N
3246155.0,CN1[C@@H]2CC[C@H]1CC(C2)OC(C3=CC=CC=C3)C4=CC=CC=C4.CS(=O)(=O)O,CPFJLLXFNPCTDW-IIPFOPBBSA-N
5920.0,C1=CC(=C(C=C1OC2=C(C=C(C=C2I)C[C@@H](C(=O)O)N)I)I)O,AUYYCJSJGJYCDS-LBPRGKRZSA-N
54724367.0,C[C@@]1(C2C[C@H]3[C@@H](C(=O)C(=C([C@]3(C(=O)C2=C(C4=C1C=CC=C4O)O)O)O)C(=O)NCN5CCCC5)N(C)C)O.Cl,NAUHPSRFNVHVLD-GGLKHSNMSA-N
7329.0,C1=CC(=C(C=C1Cl)SC2=C(C=CC(=C2)Cl)O)O,ANUSOIHIIPAHJV-UHFFFAOYSA-N
667466.0,CN(C)CC/C=C/1\C2=CC=CC=C2SC3=C1C=C(C=C3)Cl,WSPOMRSOLSGNFJ-VGOFMYFVSA-N
24403.0,[O-]P(=O)([O-])OP(=O)([O-])[O-].[Na+].[Na+].[Na+].[Na+],FQENQNTWSFEDLI-UHFFFAOYSA-J
45006154.0,CC1=C(C=CC2=C1C(=NC(=N2)N)N)CNC3=CC(=C(C(=C3)OC)OC)OC.Cl.Cl.Cl,ZNJRHEVYOYMEHR-UHFFFAOYSA-N
6419941.0,CN1[C@@H]2CC[C@H]1CC(C2)OC(=O)C(C3=CC=CC=C3)O.Br,DWSGTFTVBLXELC-MOTQWOLNSA-N
6603108.0,CN1[C@@H]2CC(C[C@H]1[C@H]3[C@@H]2O3)OC(=O)[C@H](CO)C4=CC=CC=C4.Br,WTGQALLALWYDJH-WYHSTMEOSA-N
6419978.0,C[N+]1([C@@H]2CC(C[C@H]1[C@H]3[C@@H]2O3)OC(=O)[C@H](CO)C4=CC=CC=C4)[O-].Br,MGNNYKWRWHQLCR-RDYQINQZSA-N
5459110.0,C[N+]1([C@@H]2CC(C[C@H]1[C@H]3[C@@H]2O3)OC(=O)[C@H](CO)C4=CC=CC=C4)C.[Br-],CXYRUNPLKGGUJF-OZVSTBQFSA-M
656597.0,C[N+]1([C@@H]2CC[C@H]1CC(C2)OC(=O)C(CO)C3=CC=CC=C3)C.[Br-],XMLNCADGRIEXPK-ZNHDNBJUSA-M
3000668.0,C[N+]1([C@@H]2CC[C@H]1CC(C2)OC(=O)C(CO)C3=CC=CC=C3)[O-],HGWPFSBHDACWNL-GFBLOWMDSA-N
22576.0,CN(C)CCC=C1C2=CC=CC=C2C=CC3=CC=CC=C31.Cl,VXEAYBOGHINOKW-UHFFFAOYSA-N
2333.0,CCC1=C(C2=CC=CC=C2O1)C(=O)C3=CC(=C(C(=C3)Br)O)Br,WHQCHUCQKNIQEC-UHFFFAOYSA-N
614.0,C1CC(NC1)C(=O)O,ONIBWKKTOPOVIA-UHFFFAOYSA-N
94280.0,CC1(C2=CC=CC=C2N(C3=CC=CC=C31)CCCN(C)C)C,RYQOGSFEJBUZBX-UHFFFAOYSA-N
23664709.0,CC1([C@@H](N2[C@H](S1)[C@@H](C2=O)NC(=O)CC3=CC=CC=C3)C(=O)[O-])C.[K+],IYNDLOXRXUOGIU-LQDWTQKMSA-M
546.0,C(C(=O)O)P(=O)(O)O,XUYJLQHKOGNDPB-UHFFFAOYSA-N
16678045.0,CC1=CC(=C(N1C2=CC=CC(=C2)C(=O)O)C)C(=O)O.C1CN2CC3=CCO[C@H]4CC(=O)N5[C@H]6[C@H]4[C@H]3C[C@H]2[C@@]61C7=CC=CC=C75,KTZBSILKJZMURY-ZEYGOCRCSA-N
14676.0,CN1CCC(C1)CN2C3=CC=CC=C3SC4=CC=CC=C42.Cl,IEISBKIVLDXSMZ-UHFFFAOYSA-N
441358.0,CNCCC=C1C2=CC=CC=C2CCC3=CC=CC=C31.Cl,SHAYBENGXDALFF-UHFFFAOYSA-N
71822.0,CCC1=CC2=C(C=C1)SC3=CC=CC=C3N2CC(C)CN(C)C.Cl,ZVSKDFRXWJPINY-UHFFFAOYSA-N
298391.0,CC1=CC=C(C=C1)S(=O)(=O)O.C1CCC2=C(C1)C=CC=C2NC3=NCCN3,QDRSWMWTRHEOCY-UHFFFAOYSA-N
4078.0,CN1CCCCC1CCN2C3=CC=CC=C3SC4=C2C=C(C=C4)S(=O)C,SLVMESMUVMCQIY-UHFFFAOYSA-N
2348.0,C1=CC=C(C=C1)CC2NC3=CC(=C(C=C3S(=O)(=O)N2)S(=O)(=O)N)Cl,BWSSMIJUDVUASQ-UHFFFAOYSA-N
23667629.0,CC1=C(C(=NO1)C2=C(C=CC=C2Cl)F)C(=O)N[C@H]3[C@@H]4N(C3=O)[C@H](C(S4)(C)C)C(=O)[O-].[Na+],OTEANHMVDHZOPB-SLINCCQESA-M
122820.0,C1CN(CCC12NC(=O)CS2)CCCN3C4=CC=CC=C4SC5=C3C=C(C=C5)Cl.Cl,JRSBQVOEILNXGS-UHFFFAOYSA-N
3151.0,C1CN(CCC1N2C3=C(C=C(C=C3)Cl)NC2=O)CCCN4C5=CC=CC=C5NC4=O,FGXWKSZFVQUSTL-UHFFFAOYSA-N
65758.0,C1=CC=C(C(=C1)C2=NC(=NO2)C3=CC=NC=C3)Cl,YXVGPSQAIBDQJD-UHFFFAOYSA-N
5694.0,CC1=C(C(=CC=C1)NC2=CC(=NC(=N2)SCC(=O)O)Cl)C,SZRPDCCEHVWOJX-UHFFFAOYSA-N
4614.0,C1=CC=C(C=C1)C2=C(OC(=N2)CCC(=O)O)C3=CC=CC=C3,OFPXSFXSNFPTHF-UHFFFAOYSA-N
71203.0,CC[C@@]12CCCN3[C@@H]1C4=C(CC3)C5=CC=CC=C5N4C(=O)C2,WYJAPUKIYAZSEM-MOPGFXCFSA-N
3061720.0,CC(C)(C)NCC(C1=NC(=C(C=C1)O)CO)O.Cl,GPDAJAWUGSTOSA-UHFFFAOYSA-N
2266.0,C(CCCC(=O)O)CCCC(=O)O,BDJRBEYXGGNYIS-UHFFFAOYSA-N
2170.0,C1CN(CCN1)C2=NC3=CC=CC=C3OC4=C2C=C(C=C4)Cl,QWGDMFLQWFTERH-UHFFFAOYSA-N
1727.0,C1=CN=CC=C1N,NUKYPUAOHBNCPY-UHFFFAOYSA-N
2081.0,CC(C(=O)OC(C)(C)CC1=CC=C(C=C1)Cl)N,FZSPJBYOKQPKCD-UHFFFAOYSA-N
1989.0,CC(=O)C1=CC=C(C=C1)S(=O)(=O)NC(=O)NC2CCCCC2,VGZSUPCWNCWDAN-UHFFFAOYSA-N
2130.0,C1C2CC3CC1CC(C2)(C3)N,DKNWSYNQZKUICI-UHFFFAOYSA-N
169371.0,C1=CC(=CC=C1C(=O)N[C@@H](CCC(=O)O)C(=O)O)NCC2=CN=C3C(=N2)C(=NC(=N3)N)N,TVZGACDUOSZQKY-LBPRGKRZSA-N
5283389.0,CCCCC/C=C\C/C=C\C/C=C\C/C=C\CCCC(=O)NCC(=O)O,YLEARPUNMCCKMP-DOFZRALJSA-N
119.0,C(CC(=O)O)CN,BTCSSZJGUNDROE-UHFFFAOYSA-N
1967.0,CC1=C(C(=O)C(=C(C1=O)C)CCCCC#CCCCC#CCO)C,WDEABJKSGGRCQA-UHFFFAOYSA-N
1935.0,C1CCC2=NC3=CC=CC=C3C(=C2C1)N,YLJREFDVOIBQDA-UHFFFAOYSA-N
135398513.0,C1=NC2=C(N1COCCO)N=C(NC2=O)N,MKUXAQIIEYXACX-UHFFFAOYSA-N
2244.0,CC(=O)OC1=CC=CC=C1C(=O)O,BSYNRYMUTXBXSQ-UHFFFAOYSA-N
2141.0,C(CN)CNCCSP(=O)(O)O,JKOQGQFVAUAYPM-UHFFFAOYSA-N
1986.0,CC(=O)NC1=NN=C(S1)S(=O)(=O)N,BZKPWHYZMXOIDC-UHFFFAOYSA-N
2230.0,CN1CCC=C(C1)C(=O)OC,HJJPJSXJAXAIPN-UHFFFAOYSA-N
16231.0,C1(=C(N=C(C(=N1)Cl)N)N)C(=O)N=C(N)N,XSDQTOBWRPYKKA-UHFFFAOYSA-N
564.0,C(CCC(=O)O)CCN,SLXKOJJOQWFEFD-UHFFFAOYSA-N
135401907.0,C1=NNC2=C1C(=O)NC=N2,OFCNXPDARWKPPY-UHFFFAOYSA-N
2157.0,CCCCC1=C(C2=CC=CC=C2O1)C(=O)C3=CC(=C(C(=C3)I)OCCN(CC)CC)I,IYIKLHRQXLHMJQ-UHFFFAOYSA-N
2119.0,CC(C)NCC(COC1=CC=CC=C1CC=C)O,PAZJSJFMUHDSTF-UHFFFAOYSA-N
2123.0,CN(C)C1=NC(=NC(=N1)N(C)C)N(C)C,UUVWYPNAQBNQJQ-UHFFFAOYSA-N
2196.0,COC1=CC=C(C=C1)C(=O)N2CCCC2=O,ZXNRTKGTQJPIJK-UHFFFAOYSA-N
4768.0,CC(COC1=CC=CC=C1)N(CCCl)CC2=CC=CC=C2,QZVCTJOXCFMACW-UHFFFAOYSA-N
2471.0,CCCCNC1=C(C(=CC(=C1)C(=O)O)S(=O)(=O)N)OC2=CC=CC=C2,MAEIEVLCKWDQJH-UHFFFAOYSA-N
2351.0,CC(C)COCC(CN(CC1=CC=CC=C1)C2=CC=CC=C2)N3CCCC3,UIEATEWHFDRYRU-UHFFFAOYSA-N
2284.0,C1=CC(=CC=C1C(CC(=O)O)CN)Cl,KPYSYYIEGFHWSV-UHFFFAOYSA-N
2369.0,CC(C)NCC(COC1=CC=C(C=C1)CCOCC2CC2)O,NWIUTZDMDHAVTP-UHFFFAOYSA-N
2477.0,C1CCC2(C1)CC(=O)N(C(=O)C2)CCCCN3CCN(CC3)C4=NC=CC=N4,QWCRAEMEVRGPNT-UHFFFAOYSA-N
2717.0,CN1C(S(=O)(=O)CCC1=O)C2=CC=C(C=C2)Cl,WEQAYVWKMWHEJO-UHFFFAOYSA-N
1687.0,CN1C2CCC1CC(C2)OC(C3=CC=CC=C3)C4=CC=C(C=C4)Cl,OCAXFDULERPAJM-UHFFFAOYSA-N
2765.0,C1CC1C2=CC=CC=C2OCC3=NCCN3,YAORIDZYZDUZCM-UHFFFAOYSA-N
2708.0,C1=CC(=CC=C1CCCC(=O)O)N(CCCl)CCCl,JCKYGMPEJWAADB-UHFFFAOYSA-N
2578.0,C(CCl)NC(=O)N(CCCl)N=O,DLGOEMSEDOSKAD-UHFFFAOYSA-N
2754.0,C1CCC(CC1)N2C(=NN=N2)CCCCOC3=CC4=C(C=C3)NC(=O)CC4,RRGUKTPIGVIEKM-UHFFFAOYSA-N
6241.0,CN1C=NC2=C1C(=O)N(C(=O)N2C)C.C(C(=O)O)C(CC(=O)O)(C(=O)O)O,RCQXSQPPHJPGOF-UHFFFAOYSA-N
22420.0,C1CNP(=O)(OC1)N(CCCl)CCCl.O,PWOQRKCAHTVFLB-UHFFFAOYSA-N
72276.0,C1[C@H]([C@H](OC2=CC(=CC(=C21)O)O)C3=CC(=C(C=C3)O)O)O,PFTAWBLQPZVEMU-UKRRQHHQSA-N
2727.0,CCCNC(=O)NS(=O)(=O)C1=CC=C(C=C1)Cl,RKWGIWYCVPQPMF-UHFFFAOYSA-N
4211.0,C1=CC=C(C(=C1)C(C2=CC=C(C=C2)Cl)C(Cl)Cl)Cl,JWBOIMRXGHLCPP-UHFFFAOYSA-N
2554.0,C1=CC=C2C(=C1)C=CC3=CC=CC=C3N2C(=O)N,FFGPTBGBLSHEPO-UHFFFAOYSA-N
2733.0,C1=CC2=C(C=C1Cl)NC(=O)O2,TZFWDZFKRBELIQ-UHFFFAOYSA-N
2756.0,CC1=C(N=CN1)CSCCNC(=NC)NC#N,AQIXAKUUQRKLND-UHFFFAOYSA-N
2720.0,C1=C2C(=CC(=C1Cl)S(=O)(=O)N)S(=O)(=O)N=CN2,JBMKAUGHUNFTOL-UHFFFAOYSA-N
5309446.0,C1CCN(C1)CC2=NC3=CC=CC=C3N2CC4=CC=C(C=C4)Cl.Cl,DNFMJYXRIMLMBZ-UHFFFAOYSA-N
1547484.0,C1CN(CCN1C/C=C/C2=CC=CC=C2)C(C3=CC=CC=C3)C4=CC=CC=C4,DERZBLKQOCDDDZ-JLHYYAGUSA-N
1355.0,C1CN(CCN1)C2=CC(=CC=C2)Cl,VHFVKMTVMIZMIK-UHFFFAOYSA-N
2812.0,C1=CC=C(C=C1)C(C2=CC=CC=C2)(C3=CC=CC=C3Cl)N4C=CN=C4,VNFPBHJOKIVQEB-UHFFFAOYSA-N
2913.0,CN1CCC(=C2C3=CC=CC=C3C=CC4=CC=CC=C42)CC1,JJCFRYNCJDLXIK-UHFFFAOYSA-N
135398737.0,CN1CCN(CC1)C2=NC3=C(C=CC(=C3)Cl)NC4=CC=CC=C42,QZUDBNBUXVUHMW-UHFFFAOYSA-N
4652.0,C1=CC(=CC=C1CC(C(=O)O)N)Cl,NIGWMJHCCYYCSF-UHFFFAOYSA-N
64927.0,CCN(CC)CCCC(C)NC1=C2C=CC(=CC2=NC=C1)Cl.OP(=O)(O)O.OP(=O)(O)O,QKICWELGRMTQCR-UHFFFAOYSA-N
2796.0,CCOC(=O)C(C)(C)OC1=CC=C(C=C1)Cl,KNHUKKLJHYUCFP-UHFFFAOYSA-N
2801.0,CN(C)CCCN1C2=CC=CC=C2CCC3=C1C=C(C=C3)Cl,GDLIGKIOYRNHDA-UHFFFAOYSA-N
2803.0,C1CN=C(N1)NC2=C(C=CC=C2Cl)Cl,GJSURZIOUXUGAL-UHFFFAOYSA-N
2753.0,CN(C1CCCCC1)C(=O)CCCOC2=CC3=C(C=C2)NC(=O)C=C3,UIAYVIIHMORPSJ-UHFFFAOYSA-N
2726.0,CN(C)CCCN1C2=CC=CC=C2SC3=C1C=C(C=C3)Cl,ZPEIMTDSQAKGNT-UHFFFAOYSA-N
2762.0,CCN1C2=CC3=C(C=C2C(=O)C(=N1)C(=O)O)OCO3,VDUWPHTZYNWKRN-UHFFFAOYSA-N
2576.0,CCCC(C)(COC(=O)N)COC(=O)NC(C)C,OFZCIYFFPZCNJE-UHFFFAOYSA-N
19379.0,CN(C)CCOC(=O)COC1=CC=C(C=C1)Cl.Cl,FIVHOHCAXWQPGC-UHFFFAOYSA-N
2910.0,C1C2CC(C1C=C2)C3NC4=CC(=C(C=C4S(=O)(=O)N3)S(=O)(=O)N)Cl,BOCUKUHCLICSIY-UHFFFAOYSA-N
104920.0,C1CN(CCN1CCCC2=CC=CC=C2)CCOC(C3=CC=C(C=C3)F)C4=CC=C(C=C4)F.Cl.Cl,MIBSKSYCRFWIRU-UHFFFAOYSA-N
36811.0,CC(CCC1=CC=C(C=C1)O)NCCC2=CC(=C(C=C2)O)O,JRWZLRBJNMZMFE-UHFFFAOYSA-N
3100.0,CN(C)CCOC(C1=CC=CC=C1)C2=CC=CC=C2,ZZVUWRFHKOJYTH-UHFFFAOYSA-N
10649.0,CC1=[N+](C2=CC=CC=C2C(=C1)N)CCCCCCCCCC[N+]3=C(C=C(C4=CC=CC=C43)N)C.[Cl-].[Cl-],LTNZEXKYNRNOGT-UHFFFAOYSA-N
65327.0,CNCCCN1C2=CC=CC=C2CCC3=CC=CC=C31.Cl,XAEWZDYWZHIUCT-UHFFFAOYSA-N
6419921.0,CN(C)CC/C=C/1\C2=CC=CC=C2COC3=CC=CC=C31.Cl,MHNSPTUQQIYJOT-SJDTYFKWSA-N
3053.0,C(CN(CC(=O)O)CC(=O)O)N(CCN(CC(=O)O)CC(=O)O)CC(=O)O,QPCDCPDFJACHGM-UHFFFAOYSA-N
3019.0,CC1=NS(=O)(=O)C2=C(N1)C=CC(=C2)Cl,GDLBFKVLRPITMI-UHFFFAOYSA-N
3108.0,C1CCN(CC1)C2=NC(=NC3=C2N=C(N=C3N4CCCCC4)N(CCO)CCO)N(CCO)CCO,IZEKFCXSFNUWAM-UHFFFAOYSA-N
4943.0,CC(C)C1=C(C(=CC=C1)C(C)C)O,OLBCVFGFOZPWHH-UHFFFAOYSA-N
9363.0,CCN(CC)C(=O)C1=CC(=C(C=C1)O)OC,BQJODPIMMWWMFC-UHFFFAOYSA-N
53708.0,CC1=C(NC(=O)N1)C(=O)C2=CC=C(C=C2)SC,ZJKNESGOIKRXQY-UHFFFAOYSA-N
8307.0,CC[N+](C)(C)C1=CC(=CC=C1)O.[Cl-],BXKDSDJJOVIHMX-UHFFFAOYSA-N
72016.0,CCC1(CC2=CC=CC=C2O1)C3=NCCN3,RATZLMXRALDSJW-UHFFFAOYSA-N
3194.0,C1=CC=C(C=C1)N2C(=O)C3=CC=CC=C3[Se]2,DYEFUKCXAQOFHX-UHFFFAOYSA-N
6207.0,C(COCCOCCN(CC(=O)O)CC(=O)O)N(CC(=O)O)CC(=O)O,DEFVIWRASFVYLL-UHFFFAOYSA-N
3396.0,C1CN(CCC12C(=O)NCN2C3=CC=CC=C3)CCCC(C4=CC=C(C=C4)F)C5=CC=C(C=C5)F,QOYHHIBFXOOADH-UHFFFAOYSA-N
3433.0,CC1=NC2=C(N1)C(=O)N(C(=O)N2CC3=CC=CO3)C,KGQZGCIVHYLPBH-UHFFFAOYSA-N
3386.0,CNCCC(C1=CC=CC=C1)OC2=CC=C(C=C2)C(F)(F)F,RTHCYVBBDHJXIQ-UHFFFAOYSA-N
3331.0,C1=CC=C(C=C1)C(COC(=O)N)COC(=O)N,WKGXYQFOCVYPAC-UHFFFAOYSA-N
3372.0,C1CN(CCN1CCCN2C3=CC=CC=C3SC4=C2C=C(C=C4)C(F)(F)F)CCO,PLDUPXSUYLZYBN-UHFFFAOYSA-N
3339.0,CC(C)OC(=O)C(C)(C)OC1=CC=C(C=C1)C(=O)C2=CC=C(C=C2)Cl,YMTINGFKWWXKFG-UHFFFAOYSA-N
3373.0,CCOC(=O)C1=C2CN(C(=O)C3=C(N2C=N1)C=CC(=C3)F)C,OFBIFZUFASYYRE-UHFFFAOYSA-N
3442.0,CCCCC1=CN=C(C=C1)C(=O)O,DGMPVYSXXIOGJY-UHFFFAOYSA-N
3385.0,C1=C(C(=O)NC(=O)N1)F,GHASVSINZRGABV-UHFFFAOYSA-N
3356.0,C1CCNC(C1)CNC(=O)C2=C(C=CC(=C2)OCC(F)(F)F)OCC(F)(F)F,DJBNUMBKLMJRSA-UHFFFAOYSA-N
3341.0,C1CNCC(C2=CC(=C(C(=C21)Cl)O)O)C3=CC=C(C=C3)O,TVURRHSHRRELCG-UHFFFAOYSA-N
3325.0,C1=C(N=C(S1)N=C(N)N)CSCCC(=NS(=O)(=O)N)N,XUFQPHANEAPEMJ-UHFFFAOYSA-N
3397.0,CC(C)C(=O)NC1=CC(=C(C=C1)[N+](=O)[O-])C(F)(F)F,MKXKFYHWDHIYRV-UHFFFAOYSA-N
3333.0,CCOC(=O)C1=C(NC(=C(C1C2=C(C(=CC=C2)Cl)Cl)C(=O)OC)C)C,RZTAMFZIAATZDJ-UHFFFAOYSA-N
3478.0,CC1=CN=C(C=N1)C(=O)NCCC2=CC=C(C=C2)S(=O)(=O)NC(=O)NC3CCCCC3,ZJJXGWJIGJFDTL-UHFFFAOYSA-N
3446.0,C1CCC(CC1)(CC(=O)O)CN,UGJMXCAKCUNAIE-UHFFFAOYSA-N
3488.0,COC1=C(C=C(C=C1)Cl)C(=O)NCCC2=CC=C(C=C2)S(=O)(=O)NC(=O)NC3CCCCC3,ZNNLBTZKUZBEKO-UHFFFAOYSA-N
71401.0,C1=CC(=C(C(=C1)Cl)CC(=O)N=C(N)N)Cl.Cl,DGFYECXYGUIODH-UHFFFAOYSA-N
135398740.0,C1=NC2=C(N1COC(CO)CO)N=C(NC2=O)N,IRSCQMHQWWYFCW-UHFFFAOYSA-N
5280961.0,C1=CC(=CC=C1C2=COC3=CC(=CC(=C3C2=O)O)O)O,TZBJGXHYKVUXJN-UHFFFAOYSA-N
3559.0,C1CN(CCC1(C2=CC=C(C=C2)Cl)O)CCCC(=O)C3=CC=C(C=C3)F,LNEPOXFFQSENCJ-UHFFFAOYSA-N
9351.0,C1=CC=C2C(=C1)C=NN=C2NN.Cl,ZUXNZUWOTSUBMN-UHFFFAOYSA-N
5702293.0,C1CC(C2=C(C3=CC=CC=C3N=C2C1)N)O.C(=C\C(=O)O)\C(=O)O,NEEKVKZFYBQFGT-BTJKTKAUSA-N
3639.0,C1NC2=CC(=C(C=C2S(=O)(=O)N1)S(=O)(=O)N)Cl,JZUFKLXOESDKRF-UHFFFAOYSA-N
774.0,C1=C(NC=N1)CCN,NTYJJOPFIAHURM-UHFFFAOYSA-N
681.0,C1=CC(=C(C=C1CCN)O)O,VYFYYTLLBUKUHU-UHFFFAOYSA-N
3657.0,C(=O)(N)NO,VSNHCAURESNICA-UHFFFAOYSA-N
785.0,C1=CC(=CC=C1O)O,QIGBRXMKCJKVMJ-UHFFFAOYSA-N
3672.0,CC(C)CC1=CC=C(C=C1)C(C)C(=O)O,HEFNNWSXXWATRW-UHFFFAOYSA-N
55918.0,C1CC(=O)NN=C1C2=CC=C(C=C2)N3C=CN=C3,VXMYWVMXSWJFCV-UHFFFAOYSA-N
3779.0,CC(C)NCC(C1=CC(=C(C=C1)O)O)O,JWZZKOKVBUJMES-UHFFFAOYSA-N
54459.0,C1CN=C(N1)C2COC3=CC=CC=C3O2,HPMRFMKYPGXPEP-UHFFFAOYSA-N
3696.0,CN(C)CCCN1C2=CC=CC=C2CCC3=CC=CC=C31,BCGWQEUPMDMJNV-UHFFFAOYSA-N
133621.0,CCN1C=CN=C1CC2COC3=CC=CC=C3O2,UXABARREKCJULM-UHFFFAOYSA-N
3827.0,CN1CCC(=C2C3=C(C(=O)CC4=CC=CC=C42)SC=C3)CC1,ZCVMWBYGMWKGHF-UHFFFAOYSA-N
3932.0,C1=CC=C(C=C1)N2C3=CC=CC=C3C(C2=O)(CC4=CC=NC=C4)CC5=CC=NC=C5,YEJCDKJIEMIWRQ-UHFFFAOYSA-N
3965.0,CC(C1=CC=C(C=C1)CC2CCCC2=O)C(=O)O,YMBXTVYHTMGZDW-UHFFFAOYSA-N
3878.0,C1=CC(=C(C(=C1)Cl)Cl)C2=C(N=C(N=N2)N)N,PYZRQGJRPPTADH-UHFFFAOYSA-N
3955.0,CN(C)C(=O)C(CCN1CCC(CC1)(C2=CC=C(C=C2)Cl)O)(C3=CC=CC=C3)C4=CC=CC=C4,RDOIQAHITMMDAJ-UHFFFAOYSA-N
39562.0,C1=CC=C2C(=C1)C(=NN2CC3=C(C=C(C=C3)Cl)Cl)C(=O)O,WDRYRZXSPDWGEB-UHFFFAOYSA-N
3899.0,CC1=C(C=NO1)C(=O)NC2=CC=C(C=C2)C(F)(F)F,VHOGYURTWQBHIL-UHFFFAOYSA-N
3676.0,CCN(CC)CC(=O)NC1=C(C=CC=C1C)C,NNJVILVZKWQKPM-UHFFFAOYSA-N
3883.0,CC1=C(C=CN=C1CS(=O)C2=NC3=CC=CC=C3N2)OCC(F)(F)F,MJIHNNLFOKEZEW-UHFFFAOYSA-N
3957.0,CCOC(=O)N1CCC(=C2C3=C(CCC4=C2N=CC=C4)C=C(C=C3)Cl)CC1,JCCNYMKQOSZNPW-UHFFFAOYSA-N
4170.0,CC1NC2=CC(=C(C=C2C(=O)N1C3=CC=CC=C3C)S(=O)(=O)N)Cl,AQCHWTWZEMGIFD-UHFFFAOYSA-N
65710.0,CC1=CC=CC=C1CNC2=C3C(=NC=N2)N(C=N3)[C@H]4[C@@H]([C@@H]([C@H](O4)CO)O)O,OOEMZCZWZXHBKW-SCFUHWHPSA-N
4168.0,CCN(CC)CCNC(=O)C1=CC(=C(C=C1OC)N)Cl,TTWJBBZEZQICBI-UHFFFAOYSA-N
4122.0,COC(=O)NC1=NC2=C(N1)C=C(C=C2)C(=O)C3=CC=CS3,KYRVNWMVYQXFEU-UHFFFAOYSA-N
4810.0,CC1=NC(=C(C(=N1)Cl)NC2=NCCN2)OC,WPNJAUFVNXKLIM-UHFFFAOYSA-N
4184.0,CN1CCN2C(C1)C3=CC=CC=C3CC4=CC=CC=C42,UEQUQVLFIPOEMF-UHFFFAOYSA-N
5353788.0,CCO/C(=N/C1=C[N+](=NO1)N2CCOCC2)/[O-],XLFWDASMENKTKL-UHFFFAOYSA-N
4201.0,C1CCN(CC1)C2=NC(=N)N(C(=C2)N)O,ZIMGGGWCDYVHOY-UHFFFAOYSA-N
13758.0,CC1=CC(=C(C=C1OC(=O)C)C(C)C)OCC[NH+](C)C.[Cl-],IPWGSXZCDPTDEH-UHFFFAOYSA-N
896.0,CC(=O)NCCC1=CNC2=C1C=C(C=C2)OC,DRLFMBDRBRZALE-UHFFFAOYSA-N
119442.0,CC(C)C(CCCN(C)CCC1=CC(=C(C=C1)OC)OC)(C#N)C2=CC(=C(C(=C2)OC)OC)OC.Cl,OKCRIUNHEQSXFD-UHFFFAOYSA-N
51082.0,C1=CC(=C2C(=C1NCCNCCO)C(=O)C3=C(C=CC(=C3C2=O)O)O)NCCNCCO.Cl.Cl,ZAHQPTJLOCWVPG-UHFFFAOYSA-N
4032.0,CC1(C2CCC(C2)C1(C)NC)C,IMYZQPCYWPFTAG-UHFFFAOYSA-N
4054.0,CC12CC3CC(C1)(CC(C3)(C2)N)C,BUGYDGFZZOZRHP-UHFFFAOYSA-N
4011.0,CNCCCC12CCC(C3=CC=CC=C31)C4=CC=CC=C24,QSLMDECMDJKHMQ-UHFFFAOYSA-N
4507.0,CCOC(=O)C1=C(NC(=C(C1C2=CC(=CC=C2)[N+](=O)[O-])C(=O)OC)C)C,PVHUJELLJLJGLN-UHFFFAOYSA-N
4497.0,CC1=C(C(C(=C(N1)C)C(=O)OC(C)C)C2=CC(=CC=C2)[N+](=O)[O-])C(=O)OCCOC,UIAGMCDKSXEBJQ-UHFFFAOYSA-N
4500.0,CNCCC(C1=CC=CC=C1)OC2=CC=CC=C2OC,ITJNARMNRKSWTA-UHFFFAOYSA-N
4567.0,CC(CCC1=CC=CC=C1)NC(C)C(C2=CC=C(C=C2)O)O,PTGXAUBQBSGPKF-UHFFFAOYSA-N
4418.0,COC1=CC=CC=C1N2CCN(CC2)CC(COC3=CC=CC4=CC=CC=C43)O,HRRBJVNMSRJFHQ-UHFFFAOYSA-N
4488.0,C1=CC(=CC(=C1)NC2=C(C=CC=N2)C(=O)O)C(F)(F)F,JZFPYUNJRRFVQU-UHFFFAOYSA-N
4495.0,CS(=O)(=O)NC1=C(C=C(C=C1)[N+](=O)[O-])OC2=CC=CC=C2,HYWYRSMBCFDLJT-UHFFFAOYSA-N
4472.0,C1=CC=C(C=C1)CNC(=O)CCNNC(=O)C2=CC=NC=C2,NOIIUHRQUVNIDD-UHFFFAOYSA-N
4477.0,C1=CC(=C(C=C1[N+](=O)[O-])Cl)NC(=O)C2=C(C=CC(=C2)Cl)O,RJMUSRYZPJIFPJ-UHFFFAOYSA-N
71398.0,C[C@H](CC1=CC(=C(C=C1)O)O)[C@@H](C)CC2=CC(=C(C=C2)O)O,HCZKYJDFEPMADG-TXEJJXNPSA-N
4485.0,CC1=C(C(C(=C(N1)C)C(=O)OC)C2=CC=CC=C2[N+](=O)[O-])C(=O)OC,HYIMSNHJOBLJNT-UHFFFAOYSA-N
4493.0,CC1(C(=O)N(C(=O)N1)C2=CC(=C(C=C2)[N+](=O)[O-])C(F)(F)F)C,XWXYUMMDTVBTOU-UHFFFAOYSA-N
39214.0,CC1=NC=C(C(=N1)N)CNC(=O)N(CCCl)N=O,VFEDRRNHLBGPNN-UHFFFAOYSA-N
4581.0,C1=CC(=CC=C1C(CN)O)O,QHGUCRYDKWKLMG-UHFFFAOYSA-N
1123.0,C(CS(=O)(=O)O)N,XOAAWQZATWQOTB-UHFFFAOYSA-N
4636.0,CC1=CC(=C(C(=C1CC2=NCCN2)C)O)C(C)(C)C,WYWIFABBXFUGLM-UHFFFAOYSA-N
4626.0,C1C(CN(C1=O)CC(=O)N)O,IHLAQQPQKRMGSS-UHFFFAOYSA-N
4615.0,C1CN(CCN1CCCN2C3=CC=CC=C3NC2=O)C(C4=CC=CC=C4)C5=CC=CC=C5,BAINIUMDFURPJM-UHFFFAOYSA-N
4847.0,CC1=C(C(=O)N2C=CC=CC2=N1)CCN3CCC(CC3)C(=O)C4=CC=C(C=C4)F,HXCNRYXBZNHDNE-UHFFFAOYSA-N
4828.0,CC(C)NCC(COC1=CC=CC2=C1C=CN2)O,JZQKKSLKJUAGIC-UHFFFAOYSA-N
4671.0,CCCCCCCCCCCCCCCC(=O)NCCO,HXYVTAGFYLMHSO-UHFFFAOYSA-N
4740.0,CC(=O)CCCCN1C(=O)C2=C(N=CN2C)N(C1=O)C,BYPFEZZEUUWMEJ-UHFFFAOYSA-N
16362.0,C1CN(CCC1N2C3=CC=CC=C3NC2=O)CCCC(C4=CC=C(C=C4)F)C5=CC=C(C=C5)F,YVUQSNJEYSNKRX-UHFFFAOYSA-N
5454.0,CN1CCN(CC1)CCC=C2C3=CC=CC=C3SC4=C2C=C(C=C4)S(=O)(=O)N(C)C,GFBKORZTTCHDGY-UHFFFAOYSA-N
40632.0,CC1=CN(C(=O)C=C1)C2=CC=CC=C2,ISWRGOKTTBVCFA-UHFFFAOYSA-N
6084.0,COC1=C(C=C(C=C1)CC2=NC=CC3=CC(=C(C=C32)OC)OC)OC.Cl,UOTMYNBWXDUBNX-UHFFFAOYSA-N
4927.0,CC(CN1C2=CC=CC=C2SC3=CC=CC=C31)N(C)C,PWWVAXIEGOYWEE-UHFFFAOYSA-N
4932.0,CCCNCC(COC1=CC=CC=C1C(=O)CCC2=CC=CC=C2)O,JWHAUXFOSRPERK-UHFFFAOYSA-N
4843.0,C1CC(=O)N(C1)CC(=O)N,GMZVRMREEHBGGF-UHFFFAOYSA-N
4992.0,CN(C)CCN(CC1=CC=C(C=C1)OC)C2=CC=CC=N2,YECBIJXISLIIDS-UHFFFAOYSA-N
54676228.0,CN1C(=C(C2=CC=CC=C2S1(=O)=O)O)C(=O)NC3=CC=CC=N3,QYSPLQLAKJAUJT-UHFFFAOYSA-N
1676.0,CCCN1C2=C(C(=O)NC1=O)NC=N2,SIQPXVQCUCHWDI-UHFFFAOYSA-N
4748.0,C1CN(CCN1CCCN2C3=CC=CC=C3SC4=C2C=C(C=C4)Cl)CCO,RGCVKNLCSQQDEP-UHFFFAOYSA-N
5917.0,C1CCC2=NN=NN2CC1,CWRVKFFCRWGWCS-UHFFFAOYSA-N
5887.0,CN(C)CCCN1C2=CC=CC=C2SC3=CC=CC=C31.Cl,JIVSXRLRGOICGA-UHFFFAOYSA-N
61100.0,C1=CC=C(C=C1)CCNN.OS(=O)(=O)O,RXBKMJIPNDOHFR-UHFFFAOYSA-N
1046.0,C1=CN=C(C=N1)C(=O)N,IPEHBUMCGVEMRF-UHFFFAOYSA-N
4909.0,CCC1(C(=O)NCNC1=O)C2=CC=CC=C2,DQMZLTXERSFNPB-UHFFFAOYSA-N
4848.0,CN1CCN(CC1)CC(=O)N2C3=CC=CC=C3C(=O)NC4=C2N=CC=C4,RMHMFHUVIITRHF-UHFFFAOYSA-N
24351.0,CCC(=O)C1=CC2=C(C=C1)SC3=CC=CC=C3N2CCCN(C)C.Cl,ZFWVWZODBGTOIL-UHFFFAOYSA-N
9373.0,CN(CC#C)CC1=CC=CC=C1.Cl,BCXCABRDBBWWGY-UHFFFAOYSA-N
4781.0,CCCCC1C(=O)N(N(C1=O)C2=CC=CC=C2)C3=CC=CC=C3,VYMDGNCVAMGZFE-UHFFFAOYSA-N
6603149.0,CNCCCC1C2=CC=CC=C2C=CC3=CC=CC=C13.Cl,OGQDIIKRQRZXJH-UHFFFAOYSA-N
4850.0,C1CN(CCN1CC2=CC3=C(C=C2)OCO3)C4=NC=CC=N4,OQDPVLVUJFGPGQ-UHFFFAOYSA-N
4913.0,CCN(CC)CCNC(=O)C1=CC=C(C=C1)N,REQCZEXYDRLIBE-UHFFFAOYSA-N
4938.0,CCCN1C=NC2=C1C(=O)N(C(=O)N2C)CCCCC(=O)C,RBQOQRRFDPXAGN-UHFFFAOYSA-N
5795.0,CCN(CC)CCOC(=O)C1=CC=C(C=C1)N.Cl,HCBIBCJNVBAKAB-UHFFFAOYSA-N
5702242.0,C1CN(CCN1)C2=NC3=CC=CC=C3C=C2.C(=C\C(=O)O)\C(=O)O,QYJJDHZHSCTBII-BTJKTKAUSA-N
5039.0,CNC(=C[N+](=O)[O-])NCCSCC1=CC=C(O1)CN(C)C,VMXUWOKSQNHOCA-UHFFFAOYSA-N
5074.0,CC1=C(C(=O)N2C=CSC2=N1)CCN3CCC(=C(C4=CC=C(C=C4)F)C5=CC=C(C=C5)F)CC3,JUQLTPCYUFPYKE-UHFFFAOYSA-N
5070.0,C1=CC2=C(C=C1OC(F)(F)F)SC(=N2)N,FTALBRSUTCGOEG-UHFFFAOYSA-N
5073.0,CC1=C(C(=O)N2CCCCC2=N1)CCN3CCC(CC3)C4=NOC5=C4C=CC(=C5)F,RAPZEAPATHNIPO-UHFFFAOYSA-N
68712.0,C1CC1C(C2CC2)NC3=NCCO3,CQXADFVORZEARL-UHFFFAOYSA-N
54900.0,C1CCN(CC1)CCOC2=CC=C(C=C2)C(=O)C3=C(SC4=C3C=CC(=C4)O)C5=CC=C(C=C5)O.Cl,BKXVVCILCIUCLG-UHFFFAOYSA-N
5095.0,CCCN(CCC)CCC1=C2CC(=O)NC2=CC=C1,UHSKFQJFRQCDBE-UHFFFAOYSA-N
445154.0,C1=CC(=CC=C1/C=C/C2=CC(=CC(=C2)O)O)O,LUKBXSAWLPMMSZ-OWOJBTEDSA-N
56959.0,CC1=C(C(=CC=C1)C)NC(=O)CN2CCN(CC2)CC(COC3=CC=CC=C3OC)O,XKLMZUWKNUAPSZ-UHFFFAOYSA-N
37542.0,C1=NC(=NN1[C@H]2[C@@H]([C@@H]([C@H](O2)CO)O)O)C(=O)N,IWUCXVSUMQZMFG-AFCXAGJDSA-N
5268.0,C1CN(CCC12C(=O)NCN2C3=CC=CC=C3)CC4COC5=CC=CC=C5O4,JVGBTTIJPBFLTE-UHFFFAOYSA-N
5253.0,CC(C)NCC(C1=CC=C(C=C1)NS(=O)(=O)C)O,ZBMZVLHSJCTVON-UHFFFAOYSA-N
5335.0,C1=CC=C(C=C1)N2C(=CC=N2)NS(=O)(=O)C3=CC=C(C=C3)N,QWCJHSGMANYXCW-UHFFFAOYSA-N
131746.0,C1CN(CCC1N)C2=NC(=CC=C2)Cl.Cl,FUMINTAAUJUVMP-UHFFFAOYSA-N
72124.0,CC1CC(=O)NN=C1C2=CC=C(C=C2)NC(=NC)NC#N,NUHPODZZKHQQET-UHFFFAOYSA-N
5233.0,CC(C)COC(=O)OCN1C(=O)CN(CC1=O)CCN2CC(=O)N(C(=O)C2)COC(=O)OCC(C)C,OCOKWVBYZHBHLU-UHFFFAOYSA-N
2083.0,CC(C)(C)NCC(C1=CC(=C(C=C1)O)CO)O,NDAUXUAQIAJITI-UHFFFAOYSA-N
8515.0,C1=CC=C2C(=C1)C3=NNC4=CC=CC(=C43)C2=O,ACPOUJIDANTYHO-UHFFFAOYSA-N
5154.0,C[N+]1=C2C(=C3C=CC4=C(C3=C1)OCO4)C=CC5=CC6=C(C=C52)OCO6,INVGWHRKADIJHF-UHFFFAOYSA-N
5265.0,C1CN(CCC12C(=O)NCN2C3=CC=CC=C3)CCCC(=O)C4=CC=C(C=C4)F,DKGZKTPJOSAWFA-UHFFFAOYSA-N
1548887.0,CC\1=C(C2=C(/C1=C\C3=CC=C(C=C3)S(=O)C)C=CC(=C2)F)CC(=O)O,MLKXDPUZXIRXEP-MFOYZWKCSA-N
3448.0,C1CNCC2=C1C(=O)NO2,ZXRVKCBLGJOCEE-UHFFFAOYSA-N
656665.0,CN1[C@@H]2CC[C@H]1CC(C2)OC(=O)C3=CNC4=CC=CC=C43,ZNRGQMMCGHDTEI-FUNVUKJBSA-N
24871267.0,CCCCNC1=C2C=NN(C2=NC(=C1C(=O)OCC)C)CC.Cl,TUIXDPUEMQXVHO-UHFFFAOYSA-N
5387.0,CC1=C2C(=CS1)C(=O)NC3=CC=CC=C3N2C(=O)CN4CCN(CC4)C,VSWPGAIWKHPTKX-UHFFFAOYSA-N
5426.0,C1CC(=O)NC(=O)C1N2C(=O)C3=CC=CC=C3C2=O,UEJJHQNACJXSKW-UHFFFAOYSA-N
5702214.0,CCN(CC)CCNC(=O)C1=C(C=CC(=C1)S(=O)(=O)C)OC.Cl,OTFDPNXIVHBTKW-UHFFFAOYSA-N
5505.0,CCCCNC(=O)NS(=O)(=O)C1=CC=C(C=C1)C,JLRGJRBPOGGCBT-UHFFFAOYSA-N
5503.0,CC1=CC=C(C=C1)S(=O)(=O)NC(=O)NN2CCCCCC2,OUDSBRTVNLOZBN-UHFFFAOYSA-N
5610.0,C1=CC(=CC=C1CCN)O,DZGWFCGJZKJUFP-UHFFFAOYSA-N
5546.0,C1=CC=C(C=C1)C2=NC3=C(N=C(N=C3N=C2N)N)N,FNYLWPVRPXGIIP-UHFFFAOYSA-N
5429.0,CN1C=NC2=C1C(=O)NC(=O)N2C,YAPQBXQYLJRXSA-UHFFFAOYSA-N
864.0,C1CSSC1CCCCC(=O)O,AGBQKNBQESQNJD-UHFFFAOYSA-N
62935.0,C1CN(CCN1CCCN2C(=O)N3C=CC=CC3=N2)C4=CC(=CC=C4)Cl.Cl,OHHDIOKRWWOXMT-UHFFFAOYSA-N
2052.0,C1=CC(=C(C=C1C=C(C#N)C#N)O)O,VTJXFTPMFYAJJU-UHFFFAOYSA-N
2061.0,C1=C(C=C(C(=C1O)O)O)C=C(C#N)C#N,YZOFLYUAQDJWKV-UHFFFAOYSA-N
1359.0,C1=CC=C(C(=C1)C(F)(F)F)N2C=CN=C2,WZBWBNCQUTXYEL-UHFFFAOYSA-N
8695.0,CCCCNC1=CC=C(C=C1)C(=O)OCCN(C)C.Cl,PPWHTZKZQNXVAE-UHFFFAOYSA-N
5578.0,COC1=CC(=CC(=C1OC)OC)CC2=CN=C(N=C2N)N,IEDVJHCEMCRBQM-UHFFFAOYSA-N
54840.0,CC1=CC=CC=C1O[C@H](CCNC)C2=CC=CC=C2.Cl,LUCXVPAZUDVVBT-UNTBIKODSA-N
671690.0,CN1[C@@H]2CC[C@H]1CC(C2)OC(=O)C3=CC(=CC(=C3)Cl)Cl,MNJNPLVXBISNSX-PBWFPOADSA-N
5452.0,CN1CCCCC1CCN2C3=CC=CC=C3SC4=C2C=C(C=C4)SC,KLBQZWRITKRQQV-UHFFFAOYSA-N
5405.0,CC(C)(C)C1=CC=C(C=C1)C(CCCN2CCC(CC2)C(C3=CC=CC=C3)(C4=CC=CC=C4)O)O,GUGOEEXESWIERI-UHFFFAOYSA-N
5593.0,CCN(CC1=CC=NC=C1)C(=O)C(CO)C2=CC=CC=C2,BGDKAVGWHJFAGW-UHFFFAOYSA-N
5639.0,CN1C(=CC(=O)N(C1=O)C)NCCCN2CCN(CC2)C3=CC=CC=C3OC,ICMGLRUYEQNHPF-UHFFFAOYSA-N
2435.0,C1CN=C(N1)NC2=C(C3=NC=CN=C3C=C2)Br,XYLJNLCSTIOKRM-UHFFFAOYSA-N
2520.0,CC(C)C(CCCN(C)CCC1=CC(=C(C=C1)OC)OC)(C#N)C2=CC(=C(C=C2)OC)OC,SGTNSNPWRIOYBX-UHFFFAOYSA-N
5665.0,C=CC(CCC(=O)O)N,PJDFLNIOAUIZSL-UHFFFAOYSA-N
2998.0,CCCCCCCCC(=O)NCC1=CC(=C(C=C1)O)OC,RGOVYLWUIBMPGK-UHFFFAOYSA-N
5707.0,CC1=C(C(=CC=C1)C)NC2=NCCCS2,BPICBUSOMSTKRF-UHFFFAOYSA-N
155774.0,C1COCCN1C(=O)NCCNCC(COC2=CC=C(C=C2)O)O,DXPOSRCHIDYWHW-UHFFFAOYSA-N
5282386.0,CC1=CC(=CC(=C1CC2=NCCN2)C)C(C)(C)C.Cl,YGWFCQYETHJKNX-UHFFFAOYSA-N
135399235.0,CCCOC1=CC=CC=C1C2=NC3=NNN=C3C(=O)N2,REZGGXNDEMKIQB-UHFFFAOYSA-N
5723.0,COC1=C(C=CC(=C1)C2=NNC(=O)C=C2)OC(F)F,HJMQDJPMQIHLPB-UHFFFAOYSA-N
6100.0,CC[N+](C)(C)CC1=CC=CC=C1Br.CC1=CC=C(C=C1)S(=O)(=O)[O-],KVWNWTZZBKCOPM-UHFFFAOYSA-M
31195.0,C(P(=O)(O)[O-])(P(=O)(O)[O-])(Cl)Cl.[Na+].[Na+],HJKBJIYDJLVSAO-UHFFFAOYSA-L
23663954.0,C1=CC(=CN=C1)CC2=CC3=C(C=C2)OC(=C3)C(=O)[O-].[Na+],XBTIPIZROJAKOJ-UHFFFAOYSA-M
71399.0,CN1CCN(CC1)C2=NC3=CC=CC=C3OC4=C2C=C(C=C4)Cl.C(CC(=O)O)C(=O)O,YQZBAXDVDZTKEQ-UHFFFAOYSA-N
23681233.0,CCCCCN(CCCCC)C(=O)C(CCC(=O)[O-])NC(=O)C1=CC(=C(C=C1)Cl)Cl.[Na+],JCNPYMDDOUQTBK-UHFFFAOYSA-M
60196260.0,CC1(CCCC(N1C)(C)C)C.[C@H]([C@@H](C(=O)O)O)(C(=O)O)O,AAFNEINEQRQMTF-WUUYCOTASA-N
11953895.0,[C-]#N.[C-]#N.[C-]#N.[C-]#N.[C-]#N.[N-]=O.O.O.[Na+].[Na+].[Fe+4],XRKMNJXYOFSTBE-UHFFFAOYSA-N
264891.0,CCN(CC)CCC1=NC(=NO1)C2=CC=CC=C2.C(C(=O)O)C(CC(=O)O)(C(=O)O)O,RBZIGQJSMCOHSS-UHFFFAOYSA-N
54670067.0,C([C@@H]([C@@H]1C(=C(C(=O)O1)O)O)O)O,CIWBSHSKHKDKBQ-JLAZNSOCSA-N
135445761.0,C[N+]1=CC=CC=C1/C=N/O.[Cl-],HIGSLXSBYYMVKI-UHFFFAOYSA-N
5803.0,C1=CC(=C(C=C1OC2=C(C=C(C=C2I)CC(=O)O)I)I)O,UOWZUVNAGUAEQC-UHFFFAOYSA-N
5857.0,C[C@]12CC[C@H]3[C@H]([C@@H]1CC[C@]2(C#C)O)CCC4=CCCC[C@H]34,YNVGQYHLRCDXFQ-XGXHKTLJSA-N
5883.0,CC[N+](C)(CC)CCOC(=O)C1C2=CC=CC=C2OC3=CC=CC=C13.[Br-],PQMWYJDJHJQZDE-UHFFFAOYSA-M
5892.0,C1=CC(=C[N+](=C1)[C@H]2[C@@H]([C@@H]([C@H](O2)COP(=O)([O-])OP(=O)(O)OC[C@@H]3[C@H]([C@H]([C@@H](O3)N4C=NC5=C(N=CN=C54)N)O)O)O)O)C(=O)N,BAWFJGJZGIEFAR-NNYOXOHSSA-N
3440.0,C1=COC(=C1)CNC2=CC(=C(C=C2C(=O)O)S(=O)(=O)N)Cl,ZZUFCTLCJUWOSV-UHFFFAOYSA-N
5342.0,C1=CC=C(C=C1)N2C(=O)C(C(=O)N2C3=CC=CC=C3)CCS(=O)C4=CC=CC=C4,MBGGBVCUIVRRBF-UHFFFAOYSA-N
4993.0,CCC1=C(C(=NC(=N1)N)N)C2=CC=C(C=C2)Cl,WKSAUQYGYAYLPV-UHFFFAOYSA-N
6009.0,CC1=C(C(=O)N(N1C)C2=CC=CC=C2)N(C)C,RMMXTBMQSGEXHJ-UHFFFAOYSA-N
4174.0,CC(C)(C1=CN=CC=C1)C(=O)C2=CN=CC=C2,FJLBFSROUSIWMA-UHFFFAOYSA-N
5905.0,C1[C@@H]([C@H](O[C@H]1N2C=C(C(=O)NC2=O)I)CO)O,XQFRJNBWHJMXHO-RRKCRQDMSA-N
9552079.0,C1=CC(=CC=C1N/C(=N/C(=NCCCCCCN=C(/N=C(/NC2=CC=C(C=C2)Cl)\N)N)N)/N)Cl,GHXZTYHSJHQHIJ-UHFFFAOYSA-N
6708701.0,C[C@]12C3CCC([C@]1(C(=O)OC2=O)C)O3,DHZBEENLJMYSHQ-OBDNUKKESA-N
45105092.0,CN(CCCCCCCCCCN(C)C(=O)OC1=CC=CC=C1[N+](C)(C)C)C(=O)OC2=CC=CC=C2[N+](C)(C)C.[Br-].[Br-],GYJIXUBSGDFDNX-UHFFFAOYSA-L
4911.0,CCCN(CCC)S(=O)(=O)C1=CC=C(C=C1)C(=O)O,DBABZHXKTCFAPX-UHFFFAOYSA-N
5324.0,C1=CC(=CC=C1N)S(=O)(=O)N=C(N)N,BRBKOPJOKNSWSG-UHFFFAOYSA-N
5995.0,CCC(=O)O[C@H]1CC[C@@H]2[C@@]1(CC[C@H]3[C@H]2CCC4=CC(=O)CC[C@]34C)C,PDMMFKSKQVNJMI-BLQWBTBKSA-N
4055.0,CC1=CC(=O)C2=CC=CC=C2C1=O,MJVAVZPDRWSRRC-UHFFFAOYSA-N
3278.0,CCC(=C)C(=O)C1=C(C(=C(C=C1)OCC(=O)O)Cl)Cl,AVOLMBLBETYQHX-UHFFFAOYSA-N
3759.0,CC1=CC(=NO1)C(=O)NNCC2=CC=CC=C2,XKFPYPQQHFEXRZ-UHFFFAOYSA-N
938.0,C1=CC(=CN=C1)C(=O)O,PVNIIMVLHYAWGP-UHFFFAOYSA-N
6047.0,C1=CC(=C(C=C1C[C@@H](C(=O)O)N)O)O,WTDRDQBEARUVNC-LURJTMIESA-N
6048.0,C1CN=C(N1)CC2=CC=CC=C2.Cl,RHTNTTODYGNRSP-UHFFFAOYSA-N
60196261.0,C1CCCN(CCC1)CCN=C(N)N.OS(=O)(=O)O.OS(=O)(=O)O,SBENMBSICFIYDM-UHFFFAOYSA-N
1349907.0,CN1C=CNC1=S,PMRYVIKBURPHAH-UHFFFAOYSA-N
2206.0,CC1=CC(=O)N(N1C)C2=CC=CC=C2,VEQOALNAAJBPNY-UHFFFAOYSA-N
6093.0,C1CN(C(=O)N1)C2=NC=C(S2)[N+](=O)[O-],RDXLYGJSWZYTFJ-UHFFFAOYSA-N
4044.0,CC1=C(C(=CC=C1)NC2=CC=CC=C2C(=O)O)C,HYYBABOKPJLUIN-UHFFFAOYSA-N
2148.0,C1=CC(=CC=C1C(=O)NCC(=O)O)N,HSMNQINEKMPTIC-UHFFFAOYSA-N
6103.0,C1=CC2=C(C=C1Cl)N=C(O2)N,YGCODSQDUUUKIV-UHFFFAOYSA-N
4754.0,CCOC1=CC=C(C=C1)NC(=O)C,CPJSUEIXXCENMM-UHFFFAOYSA-N
6114.0,CC(C[N+](C)(C)C)OC(=O)C.[Cl-],JHPHVAVFUYTVCL-UHFFFAOYSA-M
6126.0,C[N+]1(CCC(=C(C2=CC=CC=C2)C3=CC=CC=C3)CC1)C.COS(=O)(=O)[O-],BREMLQBSKCSNNH-UHFFFAOYSA-M
6135.0,CC(CCCN)NC1=C2C(=CC(=C1)OC)C=CC=N2.OP(=O)(O)O.OP(=O)(O)O,GJOHLWZHWQUKAU-UHFFFAOYSA-N
5333.0,C1=CC(=CC=C1N)S(=O)(=O)N,FDDDEECHVMSUSB-UHFFFAOYSA-N
2310.0,CCC1(CC(=O)NC(=O)C1)C,ORRZGUBHBVWWOP-UHFFFAOYSA-N
54682468.0,C[C@@]1([C@H]2C[C@H]3[C@@H](C(=O)C(=C([C@]3(C(=O)C2=C(C4=C(C=CC(=C41)Cl)O)O)O)O)C(=O)N)N(C)C)O.Cl,QYAPHLRPFNSDNH-MRFRVZCGSA-N
54686764.0,CN(C)[C@H]1[C@@H]2C[C@@H]3[C@@H](C4=C(C=CC(=C4C(=C3C(=O)[C@@]2(C(=C(C1=O)C(=O)N)O)O)O)O)Cl)O.Cl,OAPVUSSHCBRCOL-KBHRXELFSA-N
54704426.0,C[C@@]1([C@H]2C[C@H]3[C@@H](C(=O)C(=C([C@]3(C(=O)C2=C(C4=C1C=CC=C4O)O)O)O)C(=O)N)N(C)C)O.Cl,YCIHPQHVWDULOY-FMZCEJRJSA-N
6166.0,C[C@]12CC[C@H]3[C@H]([C@@H]1CC[C@@H]2C(=O)CO)CCC4=CC(=O)CC[C@]34C,ZESRJSPZRDMNHY-YFWFAHHUSA-N
54676038.0,C1=CC=C2C(=C1)C(=C(C(=O)O2)CC3=C(C4=CC=CC=C4OC3=O)O)O,DOBMPNYZJYQDGZ-UHFFFAOYSA-N
5311498.0,CC1=CC2=C(C=C1C)N(C=N2)[C@@H]3[C@@H]([C@@H]([C@H](O3)CO)OP(=O)([O-])O[C@H](C)CNC(=O)CC[C@@]4([C@H]([C@@H]5[C@]6([C@@]([C@@H](/C(=C(/C7=N/C(=C\C8=N/C(=C(\C4=N5)/C)/[C@H](C8(C)C)CCC(=O)N)/[C@H]([C@]7(C)CC(=O)N)CCC(=O)N)\C)/[N-]6)CCC(=O)N)(C)CC(=O)N)C)CC(=O)N)C)O.[C-]#N.[Co+3],FDJOLVPMNUYSCM-WZHZPDAFSA-L
6231.0,C[C@]12CC[C@H]3[C@H]([C@@H]1CC[C@]2(C#C)O)CCC4=C3CCC(=O)C4,ICTXHFFSOAJUMG-SLHNCBLASA-N
5215.0,C1=CN=C(N=C1)NS(=O)(=O)C2=CC=C(C=C2)N,SEEPANYCNGTZFQ-UHFFFAOYSA-N
6234.0,C1[C@H](C(=O)NO1)N,DYDCUQKUCUHJBH-UWTATZPHSA-N
3775.0,CC(C)[N+](C)(CCC(C1=CC=CC=C1)(C2=CC=CC=C2)C(=O)N)C(C)C,JTPUMZTWMWIVPA-UHFFFAOYSA-O
5340.0,C1=CC(=CC=C1N)S(=O)(=O)NC2=NC=CS2,JNMRHUJNCSQMMB-UHFFFAOYSA-N
5775.0,CC1=CC=C(C=C1)N(CC2=NCCN2)C3=CC(=CC=C3)O,MRBDMNSDAVCSSF-UHFFFAOYSA-N
2315.0,C1=CC=C(C=C1)CC2NC3=C(C=C(C(=C3)C(F)(F)F)S(=O)(=O)N)S(=O)(=O)N2,HDWIHXWEUNVBIY-UHFFFAOYSA-N
6307.0,CCC1NC2=CC(=C(C=C2C(=O)N1)S(=O)(=O)N)Cl,AGMMTXLNIQSRCG-UHFFFAOYSA-N
6461.0,C[N+]1(CCCC(C1)OC(=O)C(C2=CC=CC=C2)(C3=CC=CC=C3)O)C.[Br-],JRRNZNSGDSFFIR-UHFFFAOYSA-M
4994.0,CCC1(C(=O)C=CNC1=O)CC,NZASCBIBXNPDMH-UHFFFAOYSA-N
2732.0,C1=CC=C2C(=C1)C(=O)NC2(C3=CC(=C(C=C3)Cl)S(=O)(=O)N)O,JIVPVXMEBJLZRO-UHFFFAOYSA-N
3291.0,CCC1(CC(=O)NC1=O)C,HAPOVYFOVVWLRS-UHFFFAOYSA-N
2955.0,C1=CC(=CC=C1N)S(=O)(=O)C2=CC=C(C=C2)N,MQJKPEGWNLWLTK-UHFFFAOYSA-N
6634.0,C1=CC(=CC=C1N)S(=O)(=O)NC2=NN=C(C=C2)Cl,XOXHILFPRYWFOD-UHFFFAOYSA-N
5330.0,COC1=NN=C(C=C1)NS(=O)(=O)C2=CC=C(C=C2)N,VLYWMPOKSSWJAL-UHFFFAOYSA-N
3828.0,CC1=CC(=O)C2=C(C3=C(C(=C2O1)OC)OC=C3)OC,HSMPDPBYAYSOBC-UHFFFAOYSA-N
4760.0,C1=CC=C(C=C1)C2C(=O)C3=CC=CC=C3C2=O,NFBAXHOPROOJAW-UHFFFAOYSA-N
6741.0,C[C@H]1C[C@H]2[C@@H]3CC[C@@]([C@]3(C[C@@H]([C@@H]2[C@@]4(C1=CC(=O)C=C4)C)O)C)(C(=O)CO)O,VHRSUDSXCMQTMA-PJHHCJLFSA-N
192197.0,CC[C@H](C1=CC=C(C=C1)O)[C@@H](CC)C2=CC=C(C=C2)O,PBBGSZCBWVPOOL-HDICACEKSA-N
3049.0,CC=C(C1=CC=C(C=C1)O)C(=CC)C2=CC=C(C=C2)O,NFDFQCUYFHCNBW-UHFFFAOYSA-N
6769.0,CCOC(=O)OC1=C(C=C(C=C1OC)C(=O)O[C@@H]2C[C@@H]3CN4CCC5=C([C@H]4C[C@@H]3[C@@H]([C@H]2OC)C(=O)OC)NC6=C5C=CC(=C6)OC)OC,ZCDNRPPFBQDQHR-SSYATKPKSA-N
4806.0,C1=CC=C(C(=C1)C(=O)NC2=CC=C(C=C2)S(=O)(=O)NC3=NC=CS3)C(=O)O,PBMSWVPMRUJMPE-UHFFFAOYSA-N
3025.0,CCCCOC1=NC2=CC=CC=C2C(=C1)C(=O)NCCN(CC)CC,PUFQVTATUTYEAL-UHFFFAOYSA-N
6839.0,CN1C(=O)CC(C1=O)C2=CC=CC=C2,WLWFNJKHKGIJNW-UHFFFAOYSA-N
3292.0,CCN1C(=O)C(NC1=O)C2=CC=CC=C2,SZQIFWWUIBRPBZ-UHFFFAOYSA-N
4075.0,C1=CC(=C(C=C1N)C(=O)O)O,KBOPZPXVLCULAV-UHFFFAOYSA-N
5280567.0,CC1=CC(=O)OC2=C1C=CC(=C2)O,HSHNITRMYYLLCV-UHFFFAOYSA-N
644020.0,C1CCN2C[C@@H]3C[C@H]([C@H]2C1)CN4[C@H]3CCCC4,SLRCCWJSBJZJBV-ZQDZILKHSA-N
2343.0,C1=CC=C(C=C1)CSCC2=NS(=O)(=O)C3=CC(=C(C=C3N2)Cl)S(=O)(=O)N,NDTSRXAMMQDVSW-UHFFFAOYSA-N
3516.0,COC1=CC=CC=C1OCC(CO)O,HSRJKNPTNIJEKV-UHFFFAOYSA-N
7172.0,CNCC(C1=CC=C(C=C1)O)O,YRCWQPVGYLYSOX-UHFFFAOYSA-N
2337.0,CCOC(=O)C1=CC=C(C=C1)N,BLFLLBZGZJTVJG-UHFFFAOYSA-N
2482.0,CCCCOC(=O)C1=CC=C(C=C1)N,IUWVALYLNVXWKX-UHFFFAOYSA-N
7184.0,CCCCOC(=O)C1=CC=C(C=C1)O,QFOHBWFCKVYLES-UHFFFAOYSA-N
3735.0,CCC(CC1=C(C(=C(C=C1I)I)N)I)C(=O)O,OIRFJRBSRORBCM-UHFFFAOYSA-N
204.0,C1(C(=O)NC(=O)N1)NC(=O)N,POJWUDADGALRAB-UHFFFAOYSA-N
7638.0,C1=CC=C(C=C1)COC2=CC=C(C=C2)O,VYQNWZOUAUKGHI-UHFFFAOYSA-N
1983.0,CC(=O)NC1=CC=C(C=C1)O,RZVAJINKPMORJF-UHFFFAOYSA-N
7699.0,CCCCNC1=CC=C(C=C1)C(=O)OCCOCCOCCOCCOCCOCCOCCOCCOCCOC,MAFMQEKGGFWBAB-UHFFFAOYSA-N
15723.0,C1CNCCC1C(C2=CC=CC=C2)(C3=CC=CC=C3)O,ZMISODWVFHHWNR-UHFFFAOYSA-N
5315.0,C1=CC(=CC=C1NC(=O)CCC(=O)O)S(=O)(=O)NC2=NC=CS2,SKVLYVHULOWXTD-UHFFFAOYSA-N
3038.0,C1=C(C=C(C(=C1S(=O)(=O)N)Cl)Cl)S(=O)(=O)N,GJQPMPFPNINLKP-UHFFFAOYSA-N
5104.0,C1=CC(=C(C=C1[As](=O)(O)O)[N+](=O)[O-])O,XMVJITFPVVRMHC-UHFFFAOYSA-N
8478.0,CC(C)(C)CC(C)(C)C1=CC=C(C=C1)OCCOCC[N+](C)(C)CC2=CC=CC=C2.[Cl-],UREZNYTWGJKWBI-UHFFFAOYSA-M
8480.0,C1=CC(=CC=C1NC(=O)N)[As](=O)(O)O,WWXBHTZSYYGCSG-UHFFFAOYSA-N
5323.0,COC1=NC(=NC(=C1)NS(=O)(=O)C2=CC=C(C=C2)N)OC,ZZORFUFYDOWNEF-UHFFFAOYSA-N
2145.0,CCC1(CCC(=O)NC1=O)C2=CC=C(C=C2)N,ROBVIMPUHSLWNV-UHFFFAOYSA-N
4621.0,CC(C)(CC1=CC=CC=C1)N(C)C(=O)CN(CCO)CC(=O)N(C)C(C)(C)CC2=CC=CC=C2,FTLDJPRFCGDUFH-UHFFFAOYSA-N
5576.0,CC1(C(=O)N(C(=O)O1)C)C,IRYJRGCIQBGHIV-UHFFFAOYSA-N
5344.0,CC1=C(ON=C1C)NS(=O)(=O)C2=CC=C(C=C2)N,NHUHCSRWZMLRLA-UHFFFAOYSA-N
5319.0,C1=CC=C(C=C1)C(=O)NS(=O)(=O)C2=CC=C(C=C2)N,PBCZLFBEBARBBI-UHFFFAOYSA-N
5325.0,CC1=NC(=NC=C1)NS(=O)(=O)C2=CC=C(C=C2)N,QPPBRPIAZZHUNT-UHFFFAOYSA-N
10133.0,C[C@H](CCC(=O)O)[C@H]1CC[C@@H]2[C@@]1(CC[C@H]3[C@H]2[C@@H](C[C@H]4[C@@]3(CC[C@H](C4)O)C)O)C,RUDATBOHQWOJDD-BSWAIDMHSA-N
275196.0,CN1CCC2=CC3=C(C(=C2[C@@H]1[C@@H]4C5=C(C(=C(C=C5)OC)OC)C(=O)O4)OC)OCO3,AKNNEGZIBPJZJG-MSOLQXFVSA-N
4641.0,CCCCC1C(=O)N(N(C1=O)C2=CC=C(C=C2)O)C3=CC=CC=C3,HFHZKZSRXITVMK-UHFFFAOYSA-N
8520.0,CCN1CCCC(C1)OC(=O)C(C2=CC=CC=C2)C3=CC=CC=C3.Cl,RBGWCEWDAHDPEH-UHFFFAOYSA-N
2788.0,C1=CC2=C(C(=C(C=C2Cl)I)O)N=C1,QCDFBFJGMNKBDO-UHFFFAOYSA-N
6473881.0,C/C/1=C\CC[C@@]2([C@@H](O2)[C@@H]3[C@@H](CC1)C(=C)C(=O)O3)C,KTEXNACQROZXEV-SLXBATTESA-N
446541.0,CC1=C2COC(=O)C2=C(C(=C1OC)C/C=C(\C)/CCC(=O)O)O,HPNSFSBZBAHARI-RUDMXATFSA-N
8569.0,COC1=CC(=C(C=C1)C(=O)C2=CC=CC=C2O)O,MEZZCSHVIGVWFI-UHFFFAOYSA-N
4632.0,COC1=CC(=C(C=C1)C(=O)C2=CC=CC=C2)O,DXGLGDHPHMLXJC-UHFFFAOYSA-N
66063.0,CN1CCC(CC1)OC(C2=CC=CC=C2)C3=CC=CC=C3.Cl,LPRLDRXGWKXRMQ-UHFFFAOYSA-N
65464.0,CN(C)CCCOC1=NN(C2=CC=CC=C21)CC3=CC=CC=C3.Cl,HNNIWKQLJSNAEQ-UHFFFAOYSA-N
5560.0,C1=C2C(=CC(=C1Cl)S(=O)(=O)N)S(=O)(=O)NC(N2)C(Cl)Cl,LMJSLTNSBFUCMU-UHFFFAOYSA-N
3647.0,C1NC2=C(C=C(C(=C2)C(F)(F)F)S(=O)(=O)N)S(=O)(=O)N1,DMDGGSIALPNSEE-UHFFFAOYSA-N
67313.0,C1=CC(=CC=C1CN)S(=O)(=O)N.Cl,SIACJRVYIPXFKS-UHFFFAOYSA-N
3607.0,CCCCC(CC)CN1CC(CN(C1)CC(CC)CCCC)(C)N,DTOUUUZOYKYHEP-UHFFFAOYSA-N
5328.0,CC1=NN=C(S1)NS(=O)(=O)C2=CC=C(C=C2)N,VACCAVUAMIDAGB-UHFFFAOYSA-N
5336.0,C1=CC=NC(=C1)NS(=O)(=O)C2=CC=C(C=C2)N,GECHUMIMRBOMGK-UHFFFAOYSA-N
5430.0,C1=CC=C2C(=C1)NC(=N2)C3=CSC=N3,WJCNZQLZVWNLKY-UHFFFAOYSA-N
2480.0,CCCCN(CCCC)CCCOC(=O)C1=CC=C(C=C1)N,HQFWVSGBVLEQGA-UHFFFAOYSA-N
9051.0,CC(=O)[C@H]1CC[C@@H]2[C@@]1(CC[C@@H]3[C@H]2C=CC4=CC(=O)CC[C@@]34C)C,JGMOKGBVKVMRFX-HQZYFCCVSA-N
54676537.0,CC(=O)CC(C1=CC=C(C=C1)[N+](=O)[O-])C2=C(C3=CC=CC=C3OC2=O)O,VABCILAOYCMVPS-UHFFFAOYSA-N
6433169.0,C[C@H]([C@H](C1=CC=CC=C1)O)N.Cl,DYWNLSQWJMTVGJ-PRCZDLBKSA-N
4114.0,COC1=C2C(=CC3=C1OC=C3)C=CC(=O)O2,QXKHYNVANLEOEG-UHFFFAOYSA-N
67533.0,CN1CCN(CC1)C(C2=CC=CC=C2)C3=CC=CC=C3.Cl.Cl,CKLJCUGYMOMAEJ-UHFFFAOYSA-N
3503.0,CC1=CC2=C(C(=C(C(=C2C(C)C)O)O)C=O)C(=C1C3=C(C4=C(C=C3C)C(=C(C(=C4C=O)O)O)C(C)C)O)O,QBKSWRVVCFFDOT-UHFFFAOYSA-N
21138.0,CC(C)NC[C@H](COC1=CC=CC2=CC=CC=C21)O,AQHHHDLHHXJYJD-CQSZACIVSA-N
9458.0,CC(=O)OC1=C(C=CC(=C1)C(F)(F)F)C(=O)O,RMWVZGDJPAKBDE-UHFFFAOYSA-N
224246.0,CC(=O)OCC(=O)[C@]1(CC[C@@H]2[C@@]1(C[C@@H]([C@]3([C@H]2CCC4=CC(=O)C=C[C@@]43C)F)O)C)O,ZOCUOMKMBMEYQV-GSLJADNHSA-N
9642.0,CC(=O)OCC(=O)[C@@]12[C@@H](C[C@@H]3[C@@]1(C[C@@H]([C@]4([C@H]3C[C@@H](C5=CC(=O)C=C[C@@]54C)F)F)O)C)OC(O2)(C)C,WJOHZNCJWYWUJD-IUGZLZTKSA-N
9703.0,CC(C)NC(=O)C1=CC=C(C=C1)CNNC.Cl,DERJYEZSLHIUKF-UHFFFAOYSA-N
9878.0,C[C@H]1C[C@H]2[C@@H]3CC[C@@]([C@]3(C[C@@H]([C@@]2([C@@]4(C1=CC(=O)C=C4)C)F)O)C)(C(=O)C)O,FAOZLTXFLGPHNG-KNAQIMQKSA-N
4173.0,CC1=NC=C(N1CCO)[N+](=O)[O-],VAOCPAMSLUNLGC-UHFFFAOYSA-N
5284613.0,C[C@H]1[C@@H]([C@H]([C@H]([C@@H](O1)O[C@H]2CC[C@@]3([C@H]4CC[C@@]5([C@H](CC[C@@]5([C@@H]4CCC3=C2)O)C6=COC(=O)C=C6)C)C)O)O)O,MYEJFUXQJGHEQK-ALRJYLEOSA-N
91453.0,C[C@@H]1CC[C@@]2([C@H]([C@H]3[C@@H](O2)C[C@@H]4[C@@]3(C(=O)C[C@H]5[C@H]4CC[C@@H]6[C@@]5(CC[C@@H](C6)O)C)C)C)OC1,QOLRLLFJMZLYQJ-LOBDNJQFSA-N
3182.0,CN1C2=C(C(=O)N(C1=O)C)N(C=N2)CC(CO)O,KSCFJBIXMNOVSH-UHFFFAOYSA-N
221071.0,C[C@H]1[C@@H]2CC[C@]3(C=CC(=O)C(=C3[C@H]2OC1=O)C)C,XJHDMGJURBVLLE-BOCCBSBMSA-N
2883.0,CCN(C1=CC=CC=C1C)C(=O)C=CC,DNTGGZPQPQTDQF-UHFFFAOYSA-N
1892.0,CN1C2=C(C(=O)N(C1=O)C)N(C=N2)CCO,NWPRCRWQMGIBOT-UHFFFAOYSA-N
10621.0,C[C@H]1[C@@H]([C@H]([C@H]([C@@H](O1)OC[C@@H]2[C@H]([C@@H]([C@H]([C@@H](O2)OC3=CC(=C4C(=O)C[C@H](OC4=C3)C5=CC(=C(C=C5)OC)O)O)O)O)O)O)O)O,QUQPHWDTPGMPEX-QJBIFVCTSA-N
5282318.0,CC(CN1C2=CC=CC=C2CCC3=CC=CC=C31)CN(C)C.C(=C\C(=O)O)\C(=O)O,YDGHCKHAXOUQOS-BTJKTKAUSA-N
10648.0,C1CC(C2=CC=CC=C2C1)C3=NCCN3.Cl,BJORNXNYWNIWEY-UHFFFAOYSA-N
34458.0,COC1=C(C2=C(CC3C4=CC5=C(C=C4CCN3C2)OCO5)C=C1)OC,VZTUIEROBZXUFA-UHFFFAOYSA-N
3371.0,C1=CC=C(C(=C1)C(=O)O)NC2=CC=CC(=C2)C(F)(F)F,LPEPZBJOKDYZAD-UHFFFAOYSA-N
5281417.0,C1=CC(=O)OC2=CC(=C(C=C21)O[C@H]3[C@@H]([C@H]([C@@H]([C@H](O3)CO)O)O)O)O,XHCADAYNFIFUHF-TVKJYDDYSA-N
4107.0,COC1=CC=CC=C1OCC(COC(=O)N)O,GNXFOGHNGIVQEH-UHFFFAOYSA-N
10766.0,CCC(C)(CN(C)C)OC(=O)C1=CC=CC=C1.Cl,YCAXNWFCHTZUMD-UHFFFAOYSA-N
102426.0,CC(CNC1CCCCC1)OC(=O)C2=CC=CC=C2.Cl,MTFCPNHRBINLRQ-UHFFFAOYSA-N
164652.0,CCNCC(C1=CC(=CC=C1)O)O.Cl,KTNROWWHOBZQGK-UHFFFAOYSA-N
2761171.0,CCC1=NC=CC(=C1)C(=S)N,AEOCXXJPGCBFJA-UHFFFAOYSA-N
68304.0,CCCCOC1=CC=C(C=C1)C(=O)CCN2CCCCC2.Cl,KNZADIMHVBBPOA-UHFFFAOYSA-N
10830.0,C1CCN(CC1)CC(COC(=O)NC2=CC=CC=C2)OC(=O)NC3=CC=CC=C3.Cl,OWULVAZDMWJBLB-UHFFFAOYSA-N
3168.0,C1CN(CC=C1N2C3=CC=CC=C3NC2=O)CCCC(=O)C4=CC=C(C=C4)F,RMEDXOLNCUSCGS-UHFFFAOYSA-N
11078.0,CCCOC1=C(C=CC(=C1)N)C(=O)OCCN(CC)CC.Cl,GITPCGSPKUQZTE-UHFFFAOYSA-N
11102.0,CCCCCCCCCCCCCCCC[N+](C)(C)CCN(CC1=CC=C(C=C1)OC)C2=NC=CC=N2.[Br-],WBWDWFZTSDZAIG-UHFFFAOYSA-M
4100.0,CC(=O)N=C1N(N=C(S1)S(=O)(=O)N)C,FLOSMHQXBMRNHR-UHFFFAOYSA-N
68385.0,CN(C)CCOC1=CC=C(C=C1)CNC(=O)C2=CC(=C(C(=C2)OC)OC)OC.Cl,WIIZEEPFHXAUND-UHFFFAOYSA-N
11289.0,COC1=CC=C(C=C1)C(=C(C2=CC=C(C=C2)OC)Cl)C3=CC=C(C=C3)OC,BFPSDSIWYFKGBC-UHFFFAOYSA-N
11368.0,CC(COC1=CC=CC=C1)NC(C)C(C2=CC=C(C=C2)O)O.Cl,QVPSGVSNYPRFAS-UHFFFAOYSA-N
11391.0,C1CN(CC2=CC=CC=C21)C(=N)N.C1CN(CC2=CC=CC=C21)C(=N)N.OS(=O)(=O)O,CAYGYVYWRIHZCQ-UHFFFAOYSA-N
11683.0,CC1=C[C@@H]2[C@H](CC[C@]3([C@H]2CC[C@@]3(C(=O)C)OC(=O)C)C)[C@@]4(C1=CC(=O)CC4)C,RQZAXGRLVPAYTJ-GQFGMJRRSA-N
9915886.0,CC(=O)N[C@H]1CCC2=CC(=C(C(=C2C3=CC=C(C(=O)C=C13)SC)OC)OC)O[C@H]4[C@@H]([C@H]([C@@H]([C@H](O4)CO)O)O)O,LEQAKWQJCITZNK-AXHKHJLKSA-N
4977.0,CC(CN1C=NC2=C1C(=O)N(C(=O)N2C)C)O,KYHQZNGJUGFTGR-UHFFFAOYSA-N
2391.0,CC(=O)OC1=CC=C(C=C1)C(C2=CC=C(C=C2)OC(=O)C)C3=CC=CC=N3,KHOITXIGCFIULA-UHFFFAOYSA-N
6433208.0,C1CN(CCN1CC/C=C\2/C3=CC=CC=C3SC4=C2C=C(C=C4)Cl)CCO.Cl.Cl,LPWNZMIBFHMYMX-MHKBYHAFSA-N
12456.0,COC1=C(C2=C[N+]3=C(C=C2C=C1)C4=CC5=C(C=C4CC3)OCO5)OC.[Cl-],VKJGBAJNNALVAV-UHFFFAOYSA-M
2804.0,CC1CCCC(N1NC(=O)C2=CC(=C(C=C2)Cl)S(=O)(=O)N)C,LBXHRAWDUMTPSE-UHFFFAOYSA-N
9570076.0,CC(C)N=C(N)/N=C(\N)/NC1=CC=C(C=C1)Cl.Cl,SARMGXPVOFNNNG-UHFFFAOYSA-N
73957.0,CCCCOC1=CC=C(C=C1)OCCCN2CCOCC2.Cl,SYCBXBCPLUFJID-UHFFFAOYSA-N
5326.0,COC1=CN=C(N=C1)NS(=O)(=O)C2=CC=C(C=C2)N,GPTONYMQFTZPKC-UHFFFAOYSA-N
3081.0,CC1(C(=O)NC(=O)O1)C,JYJFNDQBESEHJQ-UHFFFAOYSA-N
5329.0,CC1=CC(=NO1)NS(=O)(=O)C2=CC=C(C=C2)N,JLKIGFTWXXRPMT-UHFFFAOYSA-N
2904.0,C1CCC(C1)CC2NC3=CC(=C(C=C3S(=O)(=O)N2)S(=O)(=O)N)Cl,BKYKPTRYDKTTJY-UHFFFAOYSA-N
5280723.0,CCCCC[C@@H](/C=C/[C@H]1[C@@H](CC(=O)[C@@H]1CCCCCCC(=O)O)O)O,GMVPRGQOIOIIMI-DWKJAMRDSA-N
54680694.0,C[C@@]1(C2C[C@H]3[C@@H](C(=O)C(=C([C@]3(C(=O)C2=C(C4=C1C=CC=C4O)O)O)O)C(=O)NCN5CCCC5)N(C)C)O,IKQRPFTXKQQLJF-VQCPGFMQSA-N
13266.0,C1=CC=C(C=C1)CCN=C(N)N=C(N)N.Cl,YSUCWSWKRIOILX-UHFFFAOYSA-N
14709.0,CC(=O)O[C@H]1CC[C@@]2([C@H]3CC[C@]4([C@H]([C@@H]3CC=C2C1)CCC4=O)C)C,NCMZQTLCXHGLOK-ZKHIMWLXSA-N
2797.0,CC(C)(C(=O)O)OC1=CC=C(C=C1)Cl,TXCGAZHTZHNUAI-UHFFFAOYSA-N
2724.0,C1=CC(=CC=C1OCC(COC(=O)N)O)Cl,SKPLBLUECSEIFO-UHFFFAOYSA-N
20980871.0,CN(C)CCC=C1C2=CC=CC=C2CSC3=CC=CC=C31.Cl,XUPZAARQDNSRJB-UHFFFAOYSA-N
101925.0,CCCNC(C)(C)COC(=O)C1=CC=CC=C1.Cl,LKHWKAGQNOMUFQ-UHFFFAOYSA-N
441328.0,CC(=O)OCC1=C(N2[C@@H]([C@@H](C2=O)N)SC1)C(=O)O,HSHGZXNAXBPPDL-HZGVNTEJSA-N
13764.0,C1=CC(=CC=C1C(=O)NN=CC2=CC=C(O2)[N+](=O)[O-])O,YCWSUKQGVSGXJO-UHFFFAOYSA-N
5702159.0,CCOC1=C(C=C(C=C1)CC2=NC=CC3=CC(=C(C=C32)OCC)OCC)OCC.Cl,UPUDVKWQBVIKBG-UHFFFAOYSA-N
54688689.0,C[C@@]1(C2C[C@H]3[C@@H](C(=O)C(=C([C@]3(C(=O)C2=C(C4=C1C=CC=C4O)O)O)O)C(=O)NCN[C@@H](CCCCN)C(=O)O)N(C)C)O,DVCADJUPJSGULJ-CCZWQWCCSA-N
14051.0,CC[C@@H](CO)NCCN[C@@H](CC)CO.Cl.Cl,AUAHHJJRFHRVPV-BZDVOYDHSA-N
4165.0,CC1=CC2=C(C=C1S(=O)(=O)N)S(=O)(=O)CCC2,FNQQBFNIYODEMB-UHFFFAOYSA-N
122824.0,CCN(CC)C(C)CN1C2=CC=CC=C2SC3=CC=CC=C31.Cl,VXPCQISYVPFYRK-UHFFFAOYSA-N
64713.0,CC1=CC(=CC=C1)CN2CCN(CC2)C(C3=CC=CC=C3)C4=CC=C(C=C4)Cl.Cl.Cl,VCTHNOIYJIXQLV-UHFFFAOYSA-N
14219.0,CN(C)C(=N)N=C(N)N.Cl,OETHQSJEHLVLGH-UHFFFAOYSA-N
236702.0,C[C@@H]1C[C@H]2[C@@H]3CCC4=CC(=O)C=C[C@@]4([C@]3([C@H](C[C@@]2([C@]1(C(=O)COC(=O)C)O)C)O)F)C,AKUJBENLRBOFTD-RPRRAYFGSA-N
5526.0,C1CC(CCC1CN)C(=O)O,GYDJEQRTZSCIOI-UHFFFAOYSA-N
71611.0,CC(C)(CC1=CC=CC=C1)NC.CC(C)(CC1=CC=CC=C1)NC.OS(=O)(=O)O,DNKCFBJMFIUNRS-UHFFFAOYSA-N
5332.0,COC1=NC=NC(=C1)NS(=O)(=O)C2=CC=C(C=C2)N,WMPXPUYPYQKQCX-UHFFFAOYSA-N
71457944.0,CCC(C)CCCCC(=O)N[C@@H](CCN)C(=O)N[C@@H](CN[C@@H](CCN)C(=O)N[C@H]1CCNC(=O)[C@@H](NC(=O)[C@@H](NC(=O)[C@@H](NC(=O)[C@@H](NC(=O)[C@H](NC(=O)[C@@H](NC1=O)CCN)CC(C)C)CC(C)C)CCN)CCN)[C@@H](C)O)[C@@H](C)O.C[C@H]([C@H]1C(=O)NCC[C@@H](C(=O)N[C@H](C(=O)N[C@@H](C(=O)N[C@H](C(=O)N[C@H](C(=O)N[C@H](C(=O)N1)CCN)CCN)CC(C)C)CC(C)C)CCN)NC(=O)[C@H](CCN)NC[C@@H]([C@@H](C)O)NC(=O)[C@H](CCN)NC(=O)CCCCC(C)C)O.OS(=O)(=O)O.OS(=O)(=O)O,ZESIAEVDVPWEKB-ORCFLVBFSA-N
16220061.0,CCC(C)C1C(=O)NC(C(=O)NC(=C)C(=O)NC(C(=O)NC23CCC(=NC2C4=CSC(=N4)C(C(OC(=O)C5=NC6=C(C=CC(C6O)N1)C(=C5)C(C)O)C)NC(=O)C7=CSC(=N7)C(NC(=O)C8CSC(=N8)/C(=C/C)/NC(=O)C(NC(=O)C9=CSC3=N9)C(C)O)C(C)(C(C)O)O)C1=NC(=CS1)C(=O)NC(=C)C(=O)NC(=C)C(=O)N)C)C,NSFFHOGKXHRQEW-BXVAPQLOSA-N
6420023.0,C[C@H]1[C@H]([C@@](C[C@@H](O1)O[C@@H]2[C@H]([C@@H]([C@H](O[C@H]2OC3=C4C=C5C=C3OC6=C(C=C(C=C6)[C@H]([C@H](C(=O)N[C@H](C(=O)N[C@H]5C(=O)N[C@@H]7C8=CC(=C(C=C8)O)C9=C(C=C(C=C9O)O)[C@H](NC(=O)[C@H]([C@@H](C1=CC(=C(O4)C=C1)Cl)O)NC7=O)C(=O)O)CC(=O)N)NC(=O)[C@@H](CC(C)C)NC)O)Cl)CO)O)O)(C)N)O.Cl,LCTORFDMHNKUSG-XTTLPDOESA-N
10909430.0,CC[C@H](C)[C@H]1C(=O)N[C@@H](C(=O)N[C@H](C(=O)N[C@@H](C(=O)N[C@H](C(=O)NCCCC[C@@H](C(=O)N[C@@H](C(=O)N1)CCCN)NC(=O)[C@H]([C@@H](C)CC)NC(=O)[C@@H](CCC(=O)O)NC(=O)[C@H](CC(C)C)NC(=O)[C@@H]2CSC(=N2)[C@H]([C@@H](C)CC)N)CC(=O)N)CC(=O)O)CC3=CN=CN3)CC4=CC=CC=C4,CLKOFPXJLQSYAH-ABRJDSQDSA-N
91505.0,CCN(CC)CC#CCOC(=O)C(C1CCCCC1)(C2=CC=CC=C2)O.Cl,SWIJYDAEGSIQPZ-UHFFFAOYSA-N
207841.0,C1CCC(CC1)C(CCN2CCCC2)(C3=CC=CC=C3)O.Cl,ZFSPFXJSEHCTTR-UHFFFAOYSA-N
15209.0,C[C@]12CCC(=O)C=C1[C@H](C[C@@H]3[C@@H]2[C@H](C[C@]4([C@H]3C[C@@H]5[C@]4(OC(O5)(C)C)C(=O)CO)C)O)F,POPFMWWJOGLOIF-XWCQMRHXSA-N
64722.0,CN1CCCC(C1)CC2C3=CC=CC=C3SC4=CC=CC=C24.Cl,RSXZRFHNNTTWCB-UHFFFAOYSA-N
62413.0,CN1CCN(CC1)C(C2=CC=CC=C2)C3=CC=C(C=C3)Cl.Cl,MSIJLVMSKDXAQN-UHFFFAOYSA-N
15443.0,C1CN(CCN1CCCC(=O)C2=CC=C(C=C2)F)C3=CC=CC=N3,XTKDAFGWCDAMPY-UHFFFAOYSA-N
92163.0,CCCNC(C)C(=O)NC1=CC=CC=C1C.Cl,BJPJNTKRKALCPP-UHFFFAOYSA-N
2723716.0,C1[C@H]([C@@H]1N)C2=CC=CC=C2.Cl,ZPEFMSTTZXJOTM-OULXEKPRSA-N
3366.0,C1=NC(=O)NC(=C1F)N,XRECTZIEBJDKEO-UHFFFAOYSA-N
2794.0,CC(C)N=C1C=C2C(=NC3=CC=CC=C3N2C4=CC=C(C=C4)Cl)C=C1NC5=CC=C(C=C5)Cl,WDQPAMHFFCXSNU-UHFFFAOYSA-N
16363.0,C1CN(CCC1N2C3=CC=CC=C3NC2=O)CCCC(=O)C4=CC=C(C=C4)F,FEBOTPHFXYHVPL-UHFFFAOYSA-N
16490.0,C[C@@H]1C[C@H]2[C@@H]3C[C@@H](C4=CC(=O)C=C[C@@]4([C@]3([C@H](C[C@@]2([C@]1(C(=O)CO)O)C)O)F)C)F,WXURHACBFYSXBI-GQKYHHCASA-N
4487.0,CC1=C(C(=O)N(N1C)C2=CC=CC=C2)NC(=O)C3=CN=CC=C3,BRZANEXCSZCZCI-UHFFFAOYSA-N
443935.0,C[C@]12CC[C@H]3[C@H]([C@@H]1CC[C@@H]2O)CC[C@@H]4[C@@]3(C[C@@H]5[C@H](C4)S5)C,OBMLHUPNRURLOK-XGRAFVIBSA-N
5510.0,CC1=CC(=CC=C1)N(C)C(=S)OC2=CC3=CC=CC=C3C=C2,FUSNMLFNXJSCDI-UHFFFAOYSA-N
2466.0,CCCCOC1=CC=C(C=C1)CC(=O)NO,MXJWRABVEGLYDG-UHFFFAOYSA-N
17134.0,COC1=C(N=CN=C1OC)NS(=O)(=O)C2=CC=C(C=C2)N,PJSFRIWCGOHTNF-UHFFFAOYSA-N
17275.0,C1CN=C(N1)CN(CC2=CC=CC=C2)C3=CC=CC=C3.Cl,SWKDMSRRIBZZAY-UHFFFAOYSA-N
17276.0,CCOC(=O)[C@](C)(CC1=CC(=C(C=C1)O)O)N.Cl,QSRVZCCJDKYRRF-YDALLXLXSA-N
247839.0,C[C@H]1C[C@H]2[C@@H]3CC[C@@H]([C@]3(C[C@@H]([C@@H]2[C@@]4(C1=CC(=O)CC4)C)O)C)C(=O)C,GZENKSODFLBBHQ-ILSZZQPISA-N
17683.0,CCN(CCCCOC(=O)C1=CC(=C(C=C1)OC)OC)C(C)CC2=CC=C(C=C2)OC.Cl,PLGQWYOULXPJRE-UHFFFAOYSA-N
9883104.0,CCCCC1=CC2=CC=CC=C2C(=N1)OCCN(C)C.Cl,SEYCAKMZVYADRS-UHFFFAOYSA-N
18340.0,COC1=CC(=C(C=C1)OC)C(CNC(=O)CN)O.Cl,MGCQZNBCJBRZDT-UHFFFAOYSA-N
443943.0,C[C@]12CCC(=O)C=C1CC[C@@H]3[C@@]2([C@H](C[C@]4([C@H]3C[C@@H]5[C@]4(OC(O5)(C)C)C(=O)CCl)C)O)F,MUQNGPZZQDCDFT-JNQJZLCISA-N
3634.0,CCN(CC)CCNC1=C2C(=C(C=C1)CO)SC3=CC=CC=C3C2=O,MFZWMTSUNYWVBU-UHFFFAOYSA-N
76621.0,C1COCCN1C(=N)N=C(N)N.Cl,FXYZDFSNBBOHTA-UHFFFAOYSA-N
3926.0,CC1=C(C(=CC=C1)C)NC(=O)CN2CCN(CC2)CCCC(C3=CC=C(C=C3)F)C4=CC=C(C=C4)F,ZBIAKUMOEKILTF-UHFFFAOYSA-N
19003.0,CC1([C@@H](N2[C@H](S1)[C@@H](C2=O)NC(=O)C3(CCCCC3)N)C(=O)O)C,HGBLNBBNRORJKI-WCABBAIRSA-N
19004.0,C[N+]12CCC(CC1)C(C2)OC(=O)C(C3=CC=CC=C3)(C4=CC=CC=C4)O.[Br-],GKEGFOKQMZHVOW-UHFFFAOYSA-M
6420038.0,CC(=O)C1=CC2=C(C=C1)SC3=CC=CC=C3N2CCCN(C)C.C(=C\C(=O)O)\C(=O)O,FQRHOOHLUYHMGG-BTJKTKAUSA-N
441383.0,CC(C)N1CCN(CC1)C2=CC=C(C=C2)OC[C@H]3CO[C@](O3)(CN4C=NC=N4)C5=C(C=C(C=C5)Cl)Cl,BLSQLHNBWJLIBQ-OZXSUGGESA-N
441345.0,CC1=C(OC2=C(C1=O)C=CC=C2C(=O)OCCN3CCCCC3)C4=CC=CC=C4.Cl,XOEVKNFZUQEERE-UHFFFAOYSA-N
92968.0,C1COCCN1CC2CN(C(=O)O2)N=CC3=CC=C(O3)[N+](=O)[O-].Cl,PPSVFZXMDMUIGB-UHFFFAOYSA-N
3690.0,C1CN(P(=O)(OC1)NCCCl)CCCl,HOMGKSMUEGBAAB-UHFFFAOYSA-N
19675.0,CC(=O)C1=CC2=C(C=C1)SC3=CC=CC=C3N2CCCN4CCC(CC4)CCO,BTFMCMVEUCGQDX-UHFFFAOYSA-N
5585.0,CC1=CC(=O)OC2=C1C=C3C=C(OC3=C2C)C,FMHHVULEAZTJMA-UHFFFAOYSA-N
54685047.0,CN(C)[C@H]1[C@@H]2[C@H]([C@@H]3C(=C)C4=C(C(=CC=C4)O)C(=C3C(=O)[C@@]2(C(=C(C1=O)C(=O)N)O)O)O)O.Cl,VXPSARQTYDZXAO-CCHMMTNSSA-N
2446.0,CCN(CC)CCNC(=O)C1=CC(=C(C=C1OC)N)Br,GIYAQDDTCWHPPL-UHFFFAOYSA-N
6419888.0,C[N+]1([C@@H]2CC[C@H]1CC(C2)OC(=O)C(CO)C3=CC=CC=C3)[O-].Cl,QTRBWTMEQQSFLO-ICPLZUBISA-N
210320.0,CC(=O)N[C@@H](CC(=O)N[C@@H](CCC(=O)O)C(=O)O)C(=O)O,GUCKKCMJTSNWCU-BQBZGAKWSA-N
6420071.0,C[C@@H]1CCC[C@@H](N1)C.Cl,PEDXCVQZZVVOGO-UKMDXRBESA-N
3394.0,CC(C1=CC(=C(C=C1)C2=CC=CC=C2)F)C(=O)O,SYTBZMRGLBWNTM-UHFFFAOYSA-N
21743.0,C1C(=C(N2[C@H](S1)[C@@H](C2=O)NC(=O)CC3=CC=CS3)C(=O)[O-])C[N+]4=CC=C(C=C4)C(=O)N,FMZXNVLFJHCSAF-DNVCBOLYSA-N
2247.0,COC1=CC=C(C=C1)CCN2CCC(CC2)NC3=NC4=CC=CC=C4N3CC5=CC=C(C=C5)F,GXDALQBWZGODGZ-UHFFFAOYSA-N
3332.0,C1=CC=C(C=C1)C2=CC=C(C=C2)CC(=O)O,QRZAKQDHEVVFRX-UHFFFAOYSA-N
22162.0,CN(C)CCOC(=O)C(C1=CC=CC=C1)C2(CCCC2)O.Cl,RHKZVMUBMXGOLL-UHFFFAOYSA-N
441333.0,CC(C)NCC(C1=CC(=CC(=C1)O)O)O.CC(C)NCC(C1=CC(=CC(=C1)O)O)O.OS(=O)(=O)O,MKFFGUZYVNDHIH-UHFFFAOYSA-N
6419942.0,CN1CCC2=CC3=C(C(=C2C1)OC)OCO3.Br,VMLDPXIOBIJNAW-UHFFFAOYSA-N
6420040.0,CCCCOC1=C(C=CC(=C1)C(=O)OCCN(CC)CC)N.Cl,PRGUDWLMFLCODA-UHFFFAOYSA-N
3418.0,C1=CC=C(C(=C1)C(=O)O)OP(=O)(O)O,FFKUDWZICMJVPA-UHFFFAOYSA-N
71172.0,CC(C)NCC(COC1=CC=CC=C1OCC=C)O.Cl,COAJXCLTPGGDAJ-UHFFFAOYSA-N
4922.0,CCCN(CCC)C(=O)C(CCC(=O)O)NC(=O)C1=CC=CC=C1,DGMKFQYCZXERLX-UHFFFAOYSA-N
20056627.0,C[C@@H]1C[C@@H]([C@H]([C@@H](O1)O[C@H]2[C@H](C[C@]3(CO3)C(=O)[C@@H]([C@H]([C@H]([C@H](OC(=O)[C@@H]([C@H]([C@@H]2C)O[C@H]4C[C@@H]([C@H]([C@@H](O4)C)O)OC)C)C)C)O)C)C)O)N(C)C.OP(=O)(O)O,RLPCJGKQKFMBEI-JWNQHVKNSA-N
5282484.0,C[C@@H](CN1C2=CC=CC=C2SC3=C1C=C(C=C3)OC)CN(C)C.C(=C\C(=O)O)\C(=O)O,IFLZPECPTYCEBR-VIEYUMQNSA-N
5094.0,CN1C(=CN=C1COC(=O)N)[N+](=O)[O-],PQFRTXSWDXZRRS-UHFFFAOYSA-N
23305305.0,C[C@@H]1C/C=C\C=C\C=C\C=C\[C@@H](C[C@H]2[C@@H]([C@H](C[C@](O2)(C[C@H](C[C@H]3[C@H](O3)/C=C\C(=O)O1)O)O)O)C(=O)O)O[C@H]4[C@H]([C@H]([C@@H]([C@H](O4)C)O)N)O,NCXMLFZGDNKEPB-KYKVSJDBSA-N
177839066.0,C[C@@H]1C/C=C/C=C\[C@H]([C@@H](C[C@H]([C@@H]([C@H]([C@@H](CC(=O)O1)O)OC)O[C@H]2[C@@H]([C@H]([C@@H]([C@H](O2)C)O[C@H]3C[C@]([C@H]([C@@H](O3)C)O)(C)O)N(C)C)O)CC=O)C)O[C@H]4CC[C@@H]([C@H](O4)C)N(C)C,ACTOXUHEUCPTEW-BNJWLRNYSA-N
14985.0,CC1=C(C2=C(CC[C@@](O2)(C)CCC[C@H](C)CCC[C@H](C)CCCC(C)C)C(=C1O)C)C,GVJHHUAWPYXKBD-IEOSBIPESA-N
5284629.0,CCO[C@H]1[C@@H]([C@H]([C@H](O1)C(COCC2=CC=CC=C2)OCC3=CC=CC=C3)OCC4=CC=CC=C4)O,ULLNJSBQMBKOJH-SCNPRXQJSA-N
2448.0,C1CN(CCC1(C2=CC=C(C=C2)Br)O)CCCC(=O)C3=CC=C(C=C3)F,RKLNONIVDFXQRX-UHFFFAOYSA-N
54685920.0,C[C@@H]1[C@H]2[C@@H]([C@H]3[C@@H](C(=O)C(=C([C@]3(C(=O)C2=C(C4=C1C=CC=C4O)O)O)O)C(=O)N)N(C)C)O.Cl,PTNZGHXUZDHMIQ-CVHRZJFOSA-N
5282367.0,CC1=C(C(=O)C2=CC=CC=C2C1=O)C/C=C(\C)/CC/C=C(\C)/CC/C=C(\C)/CCC=C(C)C,DKHGMERMDICWDU-GHDNBGIDSA-N
83201.0,COC1=C(C(=C(C=C1)CN2CCNCC2)OC)OC.Cl.Cl,VYFLPFGUVGMBEP-UHFFFAOYSA-N
26098.0,CCCC1C(=O)N2C3=C(C=CC(=C3)C)N=C(N2C1=O)N(C)C,MPHPHYZQRGLTBO-UHFFFAOYSA-N
610479.0,CC1=C(C=CC=C1Cl)NC2=CC=CC=C2C(=O)O,YEZNLOUZAIOMLT-UHFFFAOYSA-N
26596.0,CCCCC1=CC2=C(C=C1)N=C(N2)NC(=O)OC,YRWLZFXJFBZBEY-UHFFFAOYSA-N
26758.0,C[C@H](CC1=CC=CC=C1)N(C)CC#C.Cl,IYETZZCWLLUHIJ-UTONKHPSSA-N
26964.0,C1=CC(=C(C(=C1CNNC(=O)C(CO)N)O)O)O.Cl,ULFCBIUXQQYDEI-UHFFFAOYSA-N
5281069.0,C[C@@](C1=CC=CC=C1)(C2=CC=C(C=C2)Cl)OCC[C@H]3CCCN3C.C(=C/C(=O)O)\C(=O)O,PMGQWSIVQFOFOQ-YKVZVUFRSA-N
161104.0,C1CCN(CC1)CCOC(C2=CC=CC=C2)C3=CC=C(C=C3)Cl.Cl,UNPLRYRWJLTVAE-UHFFFAOYSA-N
21158559.0,C=CC[N@@+]12[C@@H]3[C@]4(C5=CC=CC=C5N/6[C@H]4/C(=C\N7[C@H]8/C(=C6)/[C@@H]9/C(=C\CO)/C[N@+]4([C@H]([C@]8(C5=CC=CC=C75)CC4)C9)CC=C)/[C@@H](C3)/C(=C\CO)/C1)CC2.[Cl-].[Cl-],CPYGBGOXCJJJGC-GKLGUMFISA-L
27200.0,CS(=O)(=O)C1=CC=C(C=C1)[C@H]([C@@H](CO)NC(=O)C(Cl)Cl)O,OTVAEFIXJLOWRX-NXEZZACHSA-N
5531.0,CCN(CC)C1=CC(=NC2=NC=NN12)C,GSNOZLZNQMLSKJ-UHFFFAOYSA-N
9883259.0,CCC1=C(NC2=C1C(=O)C(CC2)CN3CCOCC3)C.Cl,GQWNECFJGBQMBO-UHFFFAOYSA-N
27648.0,CC(CN(C1=C(C=C(C(=C1I)N)I)I)C(=O)C)C(=O)O,GSVQIUGOUKJHRC-UHFFFAOYSA-N
5702161.0,CC(CC1=CC=C(C=C1)O)NCC(C2=CC(=CC(=C2)O)O)O.Br,SGZRQMALQBXAIQ-UHFFFAOYSA-N
28061.0,CC1=NC=C(N1CC(CCl)O)[N+](=O)[O-],IPWKIXLWTCNBKN-UHFFFAOYSA-N
5284579.0,C[C@@H]1C/C=C/C=C/[C@@H]([C@@H](C[C@@H]([C@@H](C([C@@H](CC(=O)O1)OC(=O)C)OC)O[C@H]2[C@@H]([C@H]([C@@H]([C@H](O2)C)O[C@H]3C[C@@]([C@@H]([C@@H](O3)C)OC(=O)CC(C)C)(C)O)N(C)C)O)CC=O)C)O,XJSFLOJWULLJQS-HTYUZQQASA-N
3242.0,CC1=CC(=NC(=N1)N2C(=CC(=N2)C)OC)OC,RHAXSHUQNIEUEY-UHFFFAOYSA-N
29327.0,CN(C(=O)N[C@@H]1[C@H]([C@@H]([C@H](O[C@@H]1O)CO)O)O)N=O,ZSJLQEPLLKMAKR-GKHCUFPYSA-N
5479.0,CCS(=O)(=O)CCN1C(=NC=C1[N+](=O)[O-])C,HJLSLZFTEKNLFI-UHFFFAOYSA-N
4855.0,CCN1C=C(C(=O)C2=CN=C(N=C21)N3CCCC3)C(=O)O,RCIMBBZXSXFZBV-UHFFFAOYSA-N
3074.0,COC1=CC(=CC(=C1OC)OC)C(=O)OCCCN2CCCN(CC2)CCCOC(=O)C3=CC(=C(C(=C3)OC)OC)OC,QVZCXCJXTMIDME-UHFFFAOYSA-N
3475.0,CC1=CC=C(C=C1)S(=O)(=O)NC(=O)NN2CC3CCCC3C2,BOVGTQGAOIONJV-UHFFFAOYSA-N
16051951.0,CCC[C@@H]1C[C@H](N(C1)C)C(=O)N[C@@H]([C@@H]2[C@@H]([C@@H]([C@H]([C@H](O2)SC)O)O)O)[C@H](C)Cl.Cl,AUODDLQVRAJAJM-XJQDNNTCSA-N
64740.0,C[C@@H]1CC(=O)[C@]2([C@@H](O1)O[C@@H]3[C@H]([C@@H]([C@@H]([C@@H]([C@H]3O2)NC)O)NC)O)O.Cl.Cl,FOGDPGQSHLLYIK-XYQGXRRISA-N
4612.0,CC(C)NCC1CCC2=CC(=C(C=C2N1)[N+](=O)[O-])CO,XCGYUJZMCCFSRP-UHFFFAOYSA-N
3825.0,CC(C1=CC(=CC=C1)C(=O)C2=CC=CC=C2)C(=O)O,DKYWVDODHFEZIM-UHFFFAOYSA-N
68552.0,C1CCC2(CC1)OCC(O2)CN=C(N)N.C1CCC2(CC1)OCC(O2)CN=C(N)N.OS(=O)(=O)O,RTEVGQJRTFFMLL-UHFFFAOYSA-N
31072.0,CCOC(=O)N1C=CN(C1=S)C,CFOYWRHIYXMDOT-UHFFFAOYSA-N
2320.0,CC1=NC=C(C(=N1)N)CN(C=O)C(=C(CCOP(=O)(O)O)SC(=O)C2=CC=CC=C2)C,BTNNPSLJPBRMLZ-UHFFFAOYSA-N
3059.0,C1=CC(=C(C=C1C2=C(C=C(C=C2)F)F)C(=O)O)O,HUPFGZXOMWLGNK-UHFFFAOYSA-N
3276.0,C1=CN(C(=N1)[N+](=O)[O-])CC(=O)NCCO,WCDWBPCFGJXFJZ-UHFFFAOYSA-N
3326.0,CC(C)C1=C(N(N(C1=O)C2=CC=CC=C2)C)CN(C)C(C)CC3=CC=CC=C3,GNUXVOXXWGNPIV-UHFFFAOYSA-N
4189.0,C1=CC(=C(C=C1Cl)Cl)COC(CN2C=CN=C2)C3=C(C=C(C=C3)Cl)Cl,BYBLEWFAAKGYCD-UHFFFAOYSA-N
441334.0,CC(C)(C)NCC(C1=CC(=CC(=C1)O)O)O.CC(C)(C)NCC(C1=CC(=CC(=C1)O)O)O.OS(=O)(=O)O,KFVSLSTULZVNPG-UHFFFAOYSA-N
31728.0,C[C@@H]([C@@H](C1=CC=C(C=C1)O)O)NCCC2=CC=C(C=C2)O.Cl,IDLSITKDRVDKRV-XHXSRVRCSA-N
31772.0,CC1CS(=O)(=O)CCN1N=CC2=CC=C(O2)[N+](=O)[O-],ARFHIAQFJWUCFH-UHFFFAOYSA-N
4912.0,CC(C)(C)C1=CC(=CC(=C1O)C(C)(C)C)SC(C)(C)SC2=CC(=C(C(=C2)C(C)(C)C)O)C(C)(C)C,FYPMFJGVHOHGLL-UHFFFAOYSA-N
155290.0,CN1CCOC(C2=CC=CC=C2C1)C3=CC=CC=C3.Cl,CNNVSINJDJNHQK-UHFFFAOYSA-N
108013.0,C1CC(CCC1NCC2=C(C(=CC(=C2)Br)Br)N)O.Cl,QNVKOSLOVOTXKF-UHFFFAOYSA-N
24733.0,CC(=O)OCC(=O)[C@H]1CC[C@@H]2[C@@]1(CC(=O)[C@H]3[C@H]2CC[C@@H]4[C@@]3(CC[C@H](C4)O)C)C,QRJOQYLXZPQQMX-FWROMSNXSA-N
32169.0,CCCNC(C)C(=O)NC1=C(SC=C1C)C(=O)OC.Cl,GDWDBGSWGNEMGJ-UHFFFAOYSA-N
5280954.0,CO[C@H]1[C@@H](C[C@@H]2CN3CCC4=C([C@H]3C[C@@H]2[C@@H]1C(=O)OC)NC5=C4C=CC(=C5)OC)OC(=O)/C=C/C6=CC(=C(C(=C6)OC)OC)OC,SZLZWPPUNLXJEA-QEGASFHISA-N
441374.0,C1[C@H]([C@@H]([C@H]([C@@H]([C@H]1N)O[C@@H]2[C@@H]([C@H]([C@@H]([C@H](O2)CN)O)O)O)O)O[C@@H]3[C@@H]([C@H]([C@@H]([C@H](O3)CO)O)N)O)N.OS(=O)(=O)O,OOYGSFOGFJDDHP-KMCOLRRFSA-N
3463.0,CC1=CC(=C(C=C1)C)OCCCC(C)(C)C(=O)O,HEMJJKBWTPKOJG-UHFFFAOYSA-N
33624.0,CC(C)(C)NC[C@@H](COC1=NSN=C1N2CCOCC2)O,BLJRIMJGRPQVNF-JTQLQIEISA-N
5362.0,CCCCC1(C(=O)N(N(C1=O)C2=CC=CC=C2)C3=CC=CC=C3)COC(=O)CCC(=O)O,ONWXNHPOAGOMTG-UHFFFAOYSA-N
3760.0,C1=CC(=C(C(=C1)Cl)COC(CN2C=CN=C2)C3=C(C=C(C=C3)Cl)Cl)Cl,MPIPASJGOJYODL-UHFFFAOYSA-N
5284409.0,CC(C)(C)NC[C@@H](COC1=CC=CC2=C1CCCC2=O)O.Cl,DNTDOBSIBZKFCP-YDALLXLXSA-N
35375.0,C1=CC=C(C(=C1)C(=O)OCCOCCO)NC2=CC=CC(=C2)C(F)(F)F,XILVEPYQJIOVNB-UHFFFAOYSA-N
443944.0,CC(=O)NC1=C(C(=C(C(=C1I)C(=O)N[C@@H]2[C@H]([C@@H]([C@H](OC2O)CO)O)O)I)N(C)C(=O)C)I,BAQCROVBDNBEEB-UBYUBLNFSA-N
4030.0,COC(=O)NC1=NC2=C(N1)C=C(C=C2)C(=O)C3=CC=CC=C3,OPXLLQIJSORQAM-UHFFFAOYSA-N
62884.0,CC(C(=O)C1=CC(=CC=C1)Cl)NC(C)(C)C.Cl,HEYVINCGKDONRU-UHFFFAOYSA-N
34632.0,CCOC(=O)NC1=CC2=C(C=C1)SC3=CC=CC=C3N2C(=O)CCN4CCOCC4.Cl,GAQAKFHSULJNAK-UHFFFAOYSA-N
71412.0,CC(CCC1=CC=CC=C1)NCC(C2=CC(=C(C=C2)O)C(=O)N)O.Cl,WQVZLXWQESQGIF-UHFFFAOYSA-N
47471.0,C1=CC(=C(C(=C1)Cl)SC(CCC2=CC=C(C=C2)Cl)CN3C=CN=C3)Cl.[N+](=O)(O)[O-],ZHPWRQIPPNZNML-UHFFFAOYSA-N
115162.0,CC1([C@@H](N2[C@H](S1)[C@@H](C2=O)N=CN3CCCCCC3)C(=O)OCOC(=O)C(C)(C)C)C.Cl,UHPXMYLONAGUPC-WKLLBTDKSA-N
36294.0,C1[C@@H]([C@H]([C@@H]([C@H]([C@@H]1N)O[C@@H]2[C@@H]([C@H]([C@@H]([C@H](O2)CO)O)N)O)O)O[C@@H]3[C@@H](C[C@@H]([C@H](O3)CN)O)N)N,NLVFBUXFDBBNBW-PBSUHMDJSA-N
5468.0,CC(C1=CC=C(S1)C(=O)C2=CC=CC=C2)C(=O)O,GUHPRPJDBZHYCJ-UHFFFAOYSA-N
36339.0,CCOC(=O)C1=CN=CN1C(C)C2=CC=CC=C2,NPUKDXXFDDZOKR-UHFFFAOYSA-N
91610.0,CC1(C2=C(C=C(C=C2)OC)C(=O)N(C1=O)CCC3=CC=C(C=C3)S(=O)(=O)NC(=O)NC4CCCCC4)C,LLJFMFZYVVLQKT-UHFFFAOYSA-N
36462.0,C[C@@H]1OC[C@@H]2[C@@H](O1)[C@@H]([C@H]([C@@H](O2)O[C@H]3[C@H]4COC(=O)[C@@H]4[C@@H](C5=CC6=C(C=C35)OCO6)C7=CC(=C(C(=C7)OC)O)OC)O)O,VJJPUSNTGOMMGY-MRVIYFEKSA-N
33478.0,CC1([C@@H](N2[C@H](S1)[C@@H](C2=O)NC(=O)[C@@H](C3=CC=CC=C3)N)C(=O)OCOC(=O)C(C)(C)C)C,ZEMIJUDPLILVNQ-ZXFNITATSA-N
5282493.0,C[C@@H]1C[C@H]2[C@@H]3C[C@@H](C4=CC(=O)C=C[C@@]4([C@]3([C@H](C[C@@]2([C@H]1C(=O)COC(=O)C(C)(C)C)C)O)Cl)C)F,SXYZQZLHAIHKKY-GSTUPEFVSA-N
441307.0,CCCC(=O)NC1=CC(=C(C=C1)OCC(CNC(C)C)O)C(=O)C.Cl,KTUFKADDDORSSI-UHFFFAOYSA-N
54677972.0,CC1=CC(=NO1)NC(=O)C2=C(C3=CC=CC=C3S(=O)(=O)N2C)O,YYUAYBYLJSNDCX-UHFFFAOYSA-N
5282169.0,CCC(=O)O[C@@H]1CC(=O)O[C@@H](C/C=C/C=C/[C@@H]([C@@H](C[C@@H]([C@@H]([C@H]1OC)O[C@H]2[C@@H]([C@H]([C@@H]([C@H](O2)C)O[C@H]3C[C@@]([C@H]([C@@H](O3)C)OC(=O)CC)(C)O)N(C)C)O)CC=O)C)O)C,DMUAPQTXSSNEDD-QALJCMCCSA-N
6420013.0,COC1=CC(=C(C(=C1)OC)C(=O)CCCN2CCCC2)OC.Cl,ZDPACSAHMZADFZ-UHFFFAOYSA-N
37392.0,CCCCN(CCCC)CCC(C1=C2C=CC(=CC2=C3C=C(C=C(C3=C1)Cl)Cl)C(F)(F)F)O.Cl,WANGFTDWOFGECH-UHFFFAOYSA-N
3335.0,C1=CC=C(C=C1)C2=CC=C(C=C2)C(=O)CCC(=O)O,ZPAKPRAICRBAOD-UHFFFAOYSA-N
3081545.0,CN[C@H]1[C@H]([C@@H]2[C@H](C[C@H]([C@H](O2)O[C@@H]3[C@H](C[C@H]([C@@H]([C@H]3O)O)N)N)N)O[C@@H]1O[C@@H]4[C@@H]([C@H]([C@@H]([C@H](O4)CO)N)O)O)O,XZNUGFQTQHRASN-XQENGBIVSA-N
441398.0,CCOC(=O)OC(C)OC(=O)[C@H]1C(S[C@H]2N1C(=O)[C@H]2NC(=O)[C@@H](C3=CC=CC=C3)N)(C)C.Cl,IWVTXAGTHUECPN-ANBBSHPLSA-N
38010.0,CC(C)(C)NC[C@@H](COC1=CC=CC=C1C2CCCC2)O.CC(C)(C)NC[C@@H](COC1=CC=CC=C1C2CCCC2)O.OS(=O)(=O)O,FEDSNBHHWZEYTP-ZFQYHYQMSA-N
20055558.0,CC1([C@@H](N2[C@H](S1)[C@@H](C2=O)NC(=O)C(C3=CC=CC=C3)N)C(=O)OC4C5=CC=CC=C5C(=O)O4)C.Cl,PAZSYTCTHYSIAO-UIWLHMQFSA-N
5359.0,CC(C1=CC=C(C=C1)C(=O)C2=CC=CS2)C(=O)O,MDKGKXOCJGEUJW-UHFFFAOYSA-N
3308.0,CCC1=C2C(=CC=C1)C3=C(N2)C(OCC3)(CC)CC(=O)O,NNYBQONXHNTVIJ-UHFFFAOYSA-N
39042.0,CC(C)(C(=O)O)OC1=CC=C(C=C1)CCNC(=O)C2=CC=C(C=C2)Cl,IIBYAHWJQTYFKB-UHFFFAOYSA-N
39147.0,CC(C)(C)NCC(COC1=CC=CC2=C1C[C@@H]([C@@H](C2)O)O)O,VWPOSFSPZNDTMJ-UCWKZMIHSA-N
4409.0,CC(=O)CCC1=CC2=C(C=C1)C=C(C=C2)OC,BLXXJMDCKKHMKV-UHFFFAOYSA-N
443955.0,CC[C@@]12CCCN3[C@@H]1C4=C(CC3)C5=CC=CC=C5N4C(=C2)C(=O)OCC,DDNCQMVWWZOMLN-IRLDBZIGSA-N
3334.0,COC(=O)NC1=NC2=C(N1)C=C(C=C2)SC3=CC=CC=C3,HDDSHPAODJUKPD-UHFFFAOYSA-N
16051942.0,C[C@@H]1C[C@H]2[C@@H]3CCC4=CC(=O)C=C[C@@]4([C@H]3[C@H](C[C@@]2([C@@]1(C)C(=O)OC)C)O)C,HJPMTDNGLRNDJA-ZVXCBTRXSA-N
47965.0,CC1=C(N2[C@@H]([C@@H](C2=O)NC(=O)[C@@H](C3=CC=C(C=C3)O)N)SC1)C(=O)O,BOEGTKLJZSQCCD-UEKVPHQBSA-N
60196265.0,C1[C@@H]([C@H]([C@@H]([C@H]([C@@H]1NC(=O)[C@H](CCN)O)O)O[C@H]2[C@@H]([C@@H]([C@H](O2)CO)O)O)O[C@@H]3[C@@H]([C@H]([C@@H]([C@H](O3)CN)O)O)N)N.OS(=O)(=O)O.OS(=O)(=O)O,JBEJXNWZBGTDKN-FYDFBJBJSA-N
5281004.0,CCCC1O[C@@H]2C[C@H]3[C@@H]4CCC5=CC(=O)C=C[C@@]5([C@H]4[C@H](C[C@@]3([C@@]2(O1)C(=O)CO)C)O)C,VOVIALXJUBGFJZ-KWVAZRHASA-N
40127.0,CC(C)(C)NCC(COC1=CC=CC2=C1CCC(=O)N2)O.Cl,FYBXRCFPOTXTJF-UHFFFAOYSA-N
4831.0,CCN1C=C(C(=O)C2=CN=C(N=C21)N3CCNCC3)C(=O)O,JOHZPMXAZQZXHR-UHFFFAOYSA-N
20055515.0,C[C@@]1(CO[C@@H]([C@@H]([C@H]1NC)O)O[C@H]2[C@@H](C[C@@H]([C@H]([C@@H]2O)OC3C(CC=C(O3)CN)N)N)N)O.C[C@@]1(CO[C@@H]([C@@H]([C@H]1NC)O)O[C@H]2[C@@H](C[C@@H]([C@H]([C@@H]2O)OC3C(CC=C(O3)CN)N)N)N)O.OS(=O)(=O)O.OS(=O)(=O)O.OS(=O)(=O)O.OS(=O)(=O)O.OS(=O)(=O)O,CIKNYWFPGZCHDL-UYIUNSPHSA-N
20056828.0,C1[C@@H]([C@H]([C@@H](C([C@@H]1N)O)O[C@H]2[C@@H]([C@@H]([C@H](O2)CO)O)O)O[C@@H]3[C@@H]([C@H]([C@@H]([C@H](O3)CN)O)O)N)N.OS(=O)(=O)O,RTCDDYYZMGGHOE-BJRDGYLYSA-N
5472.0,C1CN(CC2=C1SC=C2)CC3=CC=CC=C3Cl,PHWBOXQYWZNQIN-UHFFFAOYSA-N
2082.0,CCCSC1=CC2=C(C=C1)N=C(N2)NC(=O)OC,HXHWSAZORRCQMX-UHFFFAOYSA-N
4891.0,C1CCC(CC1)C(=O)N2CC3C4=CC=CC=C4CCN3C(=O)C2,FSVJFNAIGNNGKK-UHFFFAOYSA-N
4849.0,C1CCN(C1)C2=C(C(=CC(=C2)C(=O)O)S(=O)(=O)N)OC3=CC=CC=C3,UJEWTUDSLQGTOA-UHFFFAOYSA-N
41781.0,CC1=CC(=CC=C1)NC2=C(C=NC=C2)S(=O)(=O)NC(=O)NC(C)C,NGBFQHCMQULJNZ-UHFFFAOYSA-N
60196266.0,CCN[C@@H]1C[C@@H]([C@H]([C@@H]([C@H]1O[C@@H]2[C@@H]([C@H]([C@@](CO2)(C)O)NC)O)O)OC3C(CC=C(O3)CN)N)N.CCN[C@@H]1C[C@@H]([C@H]([C@@H]([C@H]1O[C@@H]2[C@@H]([C@H]([C@@](CO2)(C)O)NC)O)O)OC3C(CC=C(O3)CN)N)N.OS(=O)(=O)O.OS(=O)(=O)O.OS(=O)(=O)O.OS(=O)(=O)O.OS(=O)(=O)O,AGFWIZQEWFGATK-FYIKLNIRSA-N
3742.0,CC(=O)N(C)C1=C(C(=C(C(=C1I)C(=O)NCC(=O)NC2=C(C(=C(C(=C2I)C(=O)O)I)C(=O)NCCO)I)I)C(=O)NC)I,TYYBFXNZMFNZJT-UHFFFAOYSA-N
65483.0,CCC1(CCCCN(C1)C)C2=CC(=CC=C2)O.Cl,MPJUSISYVXABBH-UHFFFAOYSA-N
54677971.0,CN1C(=C(C2=C(S1(=O)=O)C=CS2)O)C(=O)NC3=CC=CC=N3,LZNWYQJJBLGYLT-UHFFFAOYSA-N
5284373.0,CC[C@H]1C(=O)N(CC(=O)N([C@H](C(=O)N[C@H](C(=O)N([C@H](C(=O)N[C@H](C(=O)N[C@@H](C(=O)N([C@H](C(=O)N([C@H](C(=O)N([C@H](C(=O)N([C@H](C(=O)N1)[C@@H]([C@H](C)C/C=C/C)O)C)C(C)C)C)CC(C)C)C)CC(C)C)C)C)C)CC(C)C)C)C(C)C)CC(C)C)C)C,PMATZTZNYRCHOR-CGLBZJNRSA-N
65492.0,C[C@@H](C(=O)NC1=C(C(=C(C(=C1I)C(=O)NC(CO)CO)I)C(=O)NC(CO)CO)I)O,XQZXYNRDCRIARQ-LURJTMIESA-N
43231.0,C1=C(C(=CC(=C1N)S(=O)(=O)N)S(=O)(=O)N)C(=C(Cl)Cl)Cl,QOVTVIYTBRHADL-UHFFFAOYSA-N
43507.0,C1C(=C(N2[C@H](S1)[C@@H](C2=O)NC(=O)CC3=CC=CC=C3CN)C(=O)O)CSC4=NN=NN4CC(=O)O,SLAYUXIURFNXPG-CRAIPNDOSA-N
65495.0,C1=CC(=CC=C1CSC(CN2C=CN=C2)C3=C(C=C(C=C3)Cl)Cl)Cl.[N+](=O)(O)[O-],CRKGMGQUHDNAPB-UHFFFAOYSA-N
5092.0,COC1=C(C=C(C=C1)C2CC(=O)NC2)OC3CCCC3,HJORMJIFDVBMOB-UHFFFAOYSA-N
170344.0,CCC1=C(C(=CC=C1)CC)NC(=O)CN(CC(=O)O)CC(=O)O,WNIDXAKKFOKNEF-UHFFFAOYSA-N
44383.0,COC1=C(C=C2C(=C1)C(=NC(=N2)N3CCN(CC3)C(=O)C4CCCO4)N)OC.Cl,IWSWDOUXSCRCKW-UHFFFAOYSA-N
71486.0,CC(C)(C)C(=O)OC1=C(C=C(C=C1)C(CNC)O)OC(=O)C(C)(C)C.Cl,VKFAUCPBMAGVRG-UHFFFAOYSA-N
456201.0,CC(=O)N1CCN(CC1)C2=CC=C(C=C2)OC[C@H]3CO[C@](O3)(CN4C=CN=C4)C5=C(C=C(C=C5)Cl)Cl,XMAYWYJOQHXEEK-OZXSUGGESA-N
5281098.0,CN(C/C=C/C1=CC=CC=C1)CC2=CC=CC3=CC=CC=C32.Cl,OLUNPKFOFGZHRT-YGCVIUNWSA-N
3085326.0,C1=CC=C(C(=C1)C(=O)OCC(CO)O)NC2=C3C=CC(=CC3=NC=C2)Cl.Cl,CEUMONXVSJOJIH-UHFFFAOYSA-N
53025.0,CN1C(=NN=N1)SCC2=C(N3[C@@H]([C@@](C3=O)(NC(=O)C4SC(=C(C(=O)N)C(=O)O)S4)OC)SC2)C(=O)O,SRZNHPXWXCNNDU-RHBCBLIFSA-N
4539.0,CCN1C=C(C(=O)C2=CC(=C(C=C21)N3CCNCC3)F)C(=O)O,OGJPXUAPXNRGGI-UHFFFAOYSA-N
114811.0,CS(=O)(=O)C1=CC=C(C=C1)[C@H]([C@@H](CF)NC(=O)C(Cl)Cl)O,AYIRNRDRBQJXIF-NXEZZACHSA-N
3736.0,CN(CC(CO)O)C(=O)C1=C(C(=C(C(=C1I)C(=O)NCC(CO)O)I)NC(=O)COC)I,DGAIEPBNLOQYER-UHFFFAOYSA-N
5353.0,COC1=C(C=CC(=C1)S(=O)C)C2=NC3=C(N2)C=CC=N3,XMFCOYRWYYXZMY-UHFFFAOYSA-N
4594.0,CC1=CN=C(C(=C1OC)C)CS(=O)C2=NC3=C(N2)C=C(C=C3)OC,SUBDBMMJDZJVOS-UHFFFAOYSA-N
6714002.0,CCC(=O)OCC(=O)[C@]1(CC[C@@H]2[C@@]1(C[C@@H]([C@H]3[C@H]2CCC4=CC(=O)C=C[C@]34C)O)C)OC(=O)OCC,FNPXMHRZILFCKX-KAJVQRHHSA-N
3229.0,CCN1C=C(C(=O)C2=CC(=C(N=C21)N3CCNCC3)F)C(=O)O,IDYZIJYBMGIQMJ-UHFFFAOYSA-N
104838.0,C[C@H]([C@@H]1[C@H]2CC(=C(N2C1=O)C(=O)O)SCCN=CN)O,ZSKVGTPCRGIANV-ZXFLCMHBSA-N
3784.0,CC1=C(C(C(=C(N1)C)C(=O)OC(C)C)C2=CC=CC3=NON=C32)C(=O)OC,HMJIYCCIJYRONP-UHFFFAOYSA-N
4513.0,CNC(=C[N+](=O)[O-])NCCSCC1=CSC(=N1)CN(C)C,SGXXNSQHWDMGGP-UHFFFAOYSA-N
54117.0,C[C@H]1[C@@H](C(=O)N1S(=O)(=O)O)NC(=O)C(=NOC(C)(C)C(=O)O)C2=CSC(=N2)N,WZPBZJONDBGPKJ-FSPLSTOPSA-N
6438130.0,C1=CC(=CC=C1CN2C=CN=C2)/C=C/C(=O)O.Cl,CWKFWBJJNNPGAM-IPZCTEOASA-N
54362.0,C=CC1=C(N2[C@@H]([C@@H](C2=O)NC(=O)C(=NOCC(=O)O)C3=CSC(=N3)N)SC1)C(=O)O,OKBVVJOGVLARMR-QMTHXVAHSA-N
54384.0,C[C@@H]1CN(CC[C@@]1(C2=CC=CC=C2)C(=O)O)C3CCC(CC3)(C#N)C4=CC=C(C=C4)F.Cl,OICFWWJHIMKBCD-SFUPJVRMSA-N
54454.0,CCC(C)(C)C(=O)O[C@H]1C[C@H](C=C2[C@H]1[C@H]([C@H](C=C2)C)CC[C@@H]3C[C@H](CC(=O)O3)O)C,RYMZZMVNJRMUDD-HGQWONQESA-N
444037.0,CC[C@@H]1[C@@]([C@@H]([C@H](C(=NOCOCCOC)[C@@H](C[C@@]([C@@H]([C@H]([C@@H]([C@H](C(=O)O1)C)O[C@H]2C[C@@]([C@H]([C@@H](O2)C)O)(C)OC)C)O[C@H]3[C@@H]([C@H](C[C@H](O3)C)N(C)C)O)(C)O)C)C)O)(C)O,RXZBMPWDPOLZGW-HITVVWEBSA-N
444036.0,CCC(=O)O[C@@]1([C@@H](C[C@@H]2[C@@]1(C[C@@H]([C@]3([C@H]2C[C@@H](C4=CC(=O)C=C[C@@]43C)F)F)O)C)C)C(=O)SCF,WMWTYOKRWGGJOA-CENSZEJFSA-N
2769.0,COC1CN(CCC1NC(=O)C2=CC(=C(C=C2OC)N)Cl)CCCOC3=CC=C(C=C3)F,DCSUBABJRXZOMT-UHFFFAOYSA-N
60561.0,CC(=O)SC[C@@H](CC1=CC=CC=C1)C(=O)NCC(=O)OCC2=CC=CC=C2,ODUOJXZPIYUATO-LJQANCHMSA-N
71764.0,CN(CCCNC(=O)C1CCCO1)C2=NC3=CC(=C(C=C3C(=N2)N)OC)OC.Cl,YTNKWDJILNVLGX-UHFFFAOYSA-N
54765.0,CC(C)(C)NCC(C1=CC(=CC(=C1)OC(=O)N(C)C)OC(=O)N(C)C)O.Cl,LBARATORRVNNQM-UHFFFAOYSA-N
4583.0,CC1COC2=C3N1C=C(C(=O)C3=CC(=C2N4CCN(CC4)C)F)C(=O)O,GSDSWSVVBLHKDQ-UHFFFAOYSA-N
55182.0,C1CN(CCN1CCOCC(=O)O)C(C2=CC=CC=C2)C3=CC=C(C=C3)Cl.Cl.Cl,PGLIUCLTXOYQMV-UHFFFAOYSA-N
441336.0,C[C@@H]1C[C@H]2[C@@H]3CCC4=CC(=O)C=C[C@@]4([C@]3([C@H](C[C@@]2([C@]1(C(=O)CCl)OC(=O)C5=CC=CO5)C)O)Cl)C,WOFMFGQZHJDGCX-ZULDAHANSA-N
6420010.0,COC1=CC(=C(C=C1C(=O)NC2CCN(CC2)CC3=CC=CC=C3)Cl)N.C(=C\C(=O)O)\C(=O)O,BCVIWCRZYPHHMQ-BTJKTKAUSA-N
55397.0,CCCN1CCC[C@H]2[C@H]1CC3=C(C2)NN=C3.Cl,HJHVRVJTYPKTHX-HTMVYDOJSA-N
5362129.0,CCOC(=O)[C@H](CCC1=CC=CC=C1)N[C@@H](C)C(=O)N2[C@H]3CCC[C@H]3C[C@H]2C(=O)O,HDACQVRGBOVJII-JBDAPHQKSA-N
3741.0,C(CO)N(C1=C(C(=C(C(=C1I)C(=O)NCC(CO)O)I)C(=O)NCC(CO)O)I)C(=O)CO,AMDBBAQNWSUWGN-UHFFFAOYSA-N
71771.0,C1=CC=C(C(=C1)CC(=O)OCC(=O)O)NC2=C(C=CC=C2Cl)Cl,MNIPYSSQXLZQLJ-UHFFFAOYSA-N
3724.0,CC(=O)N(CC(CN(C1=C(C(=C(C(=C1I)C(=O)NCC(CO)O)I)C(=O)NCC(CO)O)I)C(=O)C)O)C2=C(C(=C(C(=C2I)C(=O)NCC(CO)O)I)C(=O)NCC(CO)O)I,NBQNWMBBSKPBAY-UHFFFAOYSA-N
62999.0,C1CC1N2C=C(C(=O)C3=CC(=C(C=C32)N4CCNCC4)F)C(=O)O.Cl,DIOIOSKKIYDRIQ-UHFFFAOYSA-N
3476.0,CCC1=C(CN(C1=O)C(=O)NCCC2=CC=C(C=C2)S(=O)(=O)NC(=O)NC3CCC(CC3)C)C,WIGIZIANZCJQQY-UHFFFAOYSA-N
74989.0,C1CC(CCC1C2=CC=C(C=C2)Cl)C3=C(C4=CC=CC=C4C(=O)C3=O)O,BSJMWHQBCZFXBR-UHFFFAOYSA-N
441130.0,C[C@@H]1[C@@H]2[C@H](C(=O)N2C(=C1S[C@H]3C[C@H](NC3)C(=O)N(C)C)C(=O)O)[C@@H](C)O,DMJNNHOOLUXYBV-PQTSNVLCSA-N
68624.0,CCN1C=C(C(=O)C2=CC(=C(C(=C21)F)N3CCNC(C3)C)F)C(=O)O.Cl,KXEBLAPZMOQCKO-UHFFFAOYSA-N
57363.0,C[C@]12CC[C@H]3[C@H]([C@@H]1CC[C@@H]2C(=O)NC(C)(C)C)CC[C@@H]4[C@@]3(C=CC(=O)N4)C,DBEPLOCGEIEOCV-WSBQPABSSA-N
200103.0,C1=CC2=C(C(=C1)Cl)SC=C2COC(CN3C=CN=C3)C4=C(C=C(C=C4)Cl)Cl.[N+](=O)(O)[O-],HAAITRDZHUANGT-UHFFFAOYSA-N
3902.0,C1=CC(=CC=C1C#N)C(C2=CC=C(C=C2)C#N)N3C=NC=N3,HPJKCIUCZWXJDR-UHFFFAOYSA-N
6918132.0,CCN[C@H]1C[C@@H](S(=O)(=O)C2=C1C=C(S2)S(=O)(=O)N)C.Cl,OSRUSFPMRGDLAG-QMGYSKNISA-N
65981.0,CCOC1=C(C=CC(=C1)CC(=O)N[C@@H](CC(C)C)C2=CC=CC=C2N3CCCCC3)C(=O)O,FAEKWTJYAYMJKF-QHCPKHFHSA-N
68844.0,CCN[C@H]1CN(S(=O)(=O)C2=C1C=C(S2)S(=O)(=O)N)CCCOC,HCRKCZRJWPKOAR-JTQLQIEISA-N
5284630.0,C[C@@H]1C[C@@H]([C@H]([C@@H](O1)O[C@H]2[C@H](C[C@]3(CO3)C(=O)[C@@H]([C@H]([C@H]([C@H](OC(=O)[C@@H]([C@H]([C@@H]2C)O[C@H]4C[C@@H]([C@H]([C@@H](O4)C)OC(=O)C)OC)C)C)C)OC(=O)C)C)C)OC(=O)C)N(C)C,LQCLVBQBTUVCEQ-MCQAQMIOSA-N
312915.0,CCN(CC)CCOC(=O)C(CC1CCCO1)CC2=CC=CC3=CC=CC=C32.C(=O)(C(=O)O)O,SSAJNPNVUYMUCI-UHFFFAOYSA-N
82153.0,C[C@]12C[C@@H]([C@H]3[C@H]([C@@H]1C[C@@H]4[C@]2(OC(O4)(C)C)C(=O)CO)C[C@@H](C5=CC(=O)C=C[C@]35C)F)O,XSFJVAJPIHIPKU-XWCQMRHXSA-N
636374.0,CCC(=O)OCC(=O)[C@]1([C@@H](C[C@@H]2[C@@]1(C[C@@H]([C@H]3[C@H]2[C@@H](CC4=CC(=O)C=C[C@]34C)Cl)O)C)C)OC(=O)CC,DJHCCTTVDRAMEH-DUUJBDRPSA-N
3114.0,CC(C)N(CCC(C1=CC=CC=C1)(C2=CC=CC=N2)C(=O)N)C(C)C,UVTNFZQICZKOEM-UHFFFAOYSA-N
6325117.0,CC[C@H]1[C@@H]2C[C@H]3[C@H]4[C@@]5(C[C@@H](C2C5O)N3[C@@H]1O)C6=CC=CC=C6N4C,CJDRUOGAGYHKKD-QFTSDIPNSA-N
16051987.0,C1=C(NN=C1)CCN.Cl,HLJRAERMLKNULP-UHFFFAOYSA-N
20848883.0,CN(C)CCN1C(=NN=N1)SCC2=C(N3[C@@H]([C@@H](C3=O)NC(=O)CC4=CSC(=N4)N)SC2)C(=O)O.Cl,SVSFIELZISOJDT-XRZFDKQNSA-N
26534.0,CCNC1(CCCCC1=O)C2=CC=CS2.Cl,ZUYKJZQOPXDNOK-UHFFFAOYSA-N
108173.0,CC1=C(C(=CC=C1)C)NC(=O)C(C)N.Cl,AMZACPWEJDQXGW-UHFFFAOYSA-N
20298.0,CC[N+](CC)(CC)CCC(C1CCCCC1)(C2=CC=CC=C2)O.[Cl-],XJGONMZLEDGBRM-UHFFFAOYSA-M
6604155.0,C[N+]1(CCCC1)CCCCC[N+]2(CCCC2)C.[C@@H]([C@@H](C(=O)[O-])O)(C(=O)O)O.[C@@H]([C@@H](C(=O)[O-])O)(C(=O)O)O,HSMKTIKKPMTUQH-RYOVOSQWSA-L
657381.0,C[N+]1([C@@H]2CC[C@H]1CC(C2)OC(=O)C(CO)C3=CC=CC=C3)C.[N+](=O)([O-])[O-],NEDVJZNVOSNSHF-ZNHDNBJUSA-N
6202.0,CC1=C(SC=[N+]1CC2=CN=C(N=C2N)C)CCO.Cl.[Cl-],DPJRMOMPQZCRJU-UHFFFAOYSA-M
6604472.0,C[C@@H](CC1=CC=CC=C1)NCCC(C2=CC=CC=C2)C3=CC=CC=C3.C[C@@H](C(=O)O)O,QPOFIDVRLWJICD-XDELLUAHSA-N
8505.0,C1=CC=C2C(=C1)C(=O)OC23C4=CC(=C(C=C4OC5=C(C(=C(C=C35)Br)[O-])[Hg])[O-])Br.O.[Na+].[Na+],BFMYDTVEBKDAKJ-UHFFFAOYSA-L
23675317.0,CC(C(=O)N[C@H]1[C@@H]2N(C1=O)[C@H](C(S2)(C)C)C(=O)[O-])OC3=CC=CC=C3.[K+],ORMNNUPLFAPCFD-DVLYDCSHSA-M
8732.0,CCCC1=NC=C(C(=N1)N)C[N+]2=CC=CC=C2C.Cl.[Cl-],PJBQYZZKGNOKNJ-UHFFFAOYSA-M
62881.0,CC(=O)N(CCCCCNC(=O)CCC(=O)N(CCCCCNC(=O)CCC(=O)N(CCCCCN)O)O)O.CS(=O)(=O)O,IDDIJAWJANBQLJ-UHFFFAOYSA-N
8813.0,C1=CC(=CC=C1C(=N)N)OCCCCCOC2=CC=C(C=C2)C(=N)N.C(CS(=O)(=O)O)O.C(CS(=O)(=O)O)O,YBVNFKZSMZGRAD-UHFFFAOYSA-N
201412.0,COC1=C(C=C2C(=C1O)[C@H]3[C@@H]([C@H]([C@@H]([C@H](O3)CO)O)O)OC2=O)O.O,QCWSXSAFDSGKAT-YOKSUNLASA-N
23675320.0,CC1=C(C(=NO1)C2=CC=CC=C2Cl)C(=O)N[C@H]3[C@@H]4N(C3=O)[C@H](C(S4)(C)C)C(=O)[O-].[Na+],SCLZRKVZRBKZCR-SLINCCQESA-M
23672955.0,C[C@H]1[C@@H]2CC[C@]3([C@H]([C@]2(CC[C@H]1O)C)[C@@H](C[C@@H]\4[C@@]3(C[C@@H](/C4=C(/CCC=C(C)C)\C(=O)[O-])OC(=O)C)C)O)C.[Na+],HJHVQCXHVMGZNC-JCJNLNMISA-M
9855350.0,CC([C@@H]1CC[C@H]([C@H](O1)O[C@@H]2[C@H](C[C@H]([C@@H]([C@H]2O)O[C@@H]3[C@@H]([C@H]([C@@](CO3)(C)O)NC)O)N)N)N)N.CC([C@@H]1CC[C@H]([C@H](O1)O[C@@H]2[C@H](C[C@H]([C@@H]([C@H]2O)O[C@@H]3[C@@H]([C@H]([C@@](CO3)(C)O)NC)O)N)N)N)NC.C[C@@]1(CO[C@@H]([C@@H]([C@H]1NC)O)O[C@H]2[C@@H](C[C@@H]([C@H]([C@@H]2O)O[C@@H]3[C@@H](CC[C@H](O3)CN)N)N)N)O.OS(=O)(=O)O,RDEIXVOBVLKYNT-VQBXQJRRSA-N
23663939.0,CC1=C(C=CC2=C1OC(=O)C(=C2[O-])NC(=O)C3=CC(=C(C=C3)O)CC=C(C)C)O[C@H]4[C@@H]([C@@H]([C@H](C(O4)(C)C)OC)OC(=O)N)O.[Na+],WWPRGAYLRGSOSU-RNROJPEYSA-M
15432.0,CCN(CC)C(=O)N1CCN(CC1)C.C(C(=O)O)C(CC(=O)O)(C(=O)O)O,PGNKBEARDDELNB-UHFFFAOYSA-N
6604492.0,CN1[C@@H]2CC[C@H]1CC(C2)OC3C4=CC=CC=C4CCC5=CC=CC=C35.C(C(=O)O)C(CC(=O)O)(C(=O)O)O,CHQGYMXXKZPWOI-IIPFOPBBSA-N
92178.0,CN1CCN(CC1)CCCN2C3=CC=CC=C3SC4=C2C=C(C=C4)S(=O)(=O)N(C)C.CS(=O)(=O)O.CS(=O)(=O)O,QPMDKXBBAVQDCB-UHFFFAOYSA-N
17506.0,CCNCC.C1=CC(=C(C=C1O)S(=O)(=O)O)O,HBGOLJKPSFNJSD-UHFFFAOYSA-N
54680693.0,CC1=CC(=C(N1C2=CC=CC=C2)C)/C=C/C3=[N+](C4=C(C=C(C=C4)N(C)C)C=C3)C.CC1=CC(=C(N1C2=CC=CC=C2)C)/C=C/C3=[N+](C4=C(C=C(C=C4)N(C)C)C=C3)C.C1=CC=C2C(=C(C(=CC2=C1)C(=O)O)[O-])CC3=C(C(=CC4=CC=CC=C34)C(=O)O)[O-],OOPDAHSJBRZRPH-UHFFFAOYSA-L
19518.0,CC[N+](CC)(CC1=CC=CC=C1)CC(=O)NC2=C(C=CC=C2C)C.C1=CC=C(C=C1)C(=O)[O-],VWTINHYPRWEBQY-UHFFFAOYSA-N
6604495.0,C[C@H](CN1C2=CC=CC=C2SC3=CC=CC=C31)CN(C)C.C[C@H](CN1C2=CC=CC=C2SC3=CC=CC=C31)CN(C)C.[C@@H]([C@@H](C(=O)O)O)(C(=O)O)O,AJZJIYUOOJLBAU-ZYIUJVGZSA-N
656842.0,CC1([C@@H](N2[C@H](S1)[C@@H](C2=O)NC(=O)C(C3=CSC=C3)C(=O)[O-])C(=O)[O-])C.[Na+].[Na+],ZBBCUBMBMZNEME-UBXQQCHXSA-L
21718.0,CCN(CCCC1=CC=CC=C1)CCCC2=CC=CC=C2.C(C(=O)O)C(CC(=O)O)(C(=O)O)O,RYHCACJBKCOBTJ-UHFFFAOYSA-N
6604497.0,CCC(=O)O[C@@](CC1=CC=CC=C1)(C2=CC=CC=C2)[C@@H](C)CN(C)C.C1=CC=C2C=C(C=CC2=C1)S(=O)(=O)O,VZPXFHVJUUSVLH-VNJAQMQMSA-N
522325.0,CC1=C(C(=O)N(N1C)C2=CC=CC=C2)N(C)CS(=O)(=O)[O-].[Na+],DJGAAPFSPWAYTJ-UHFFFAOYSA-M
135802074.0,C1C(N(C2=C(N1)N=C(NC2=O)N)C=O)CNC3=CC=C(C=C3)C(=O)N[C@@H](CCC(=O)[O-])C(=O)[O-].O.O.O.O.O.[Ca+2],NPPBLUASYYNAIG-ZIGBGYJWSA-L
5284452.0,C1=CC(=C(C=C1C2=C(C(=O)C3=C(C=C(C=C3O2)O)O)O)O)O.O.O,GMGIWEZSKCNYSW-UHFFFAOYSA-N
2725002.0,CCN(CC)CCCC(C)NC1=C2C=C(C=CC2=NC3=C1C=CC(=C3)Cl)OC.O.O.Cl.Cl,RZFNKJVCPDLQQA-UHFFFAOYSA-N
22529.0,CN1CCC2=C(C1)C3=CC=CC=C3N2CC4=CC=CC=C4.CN1CCC2=C(C1)C3=CC=CC=C3N2CC4=CC=CC=C4.C1=CC2=C(C=CC=C2S(=O)(=O)O)C(=C1)S(=O)(=O)O,CJUOSBUQOWKEKJ-UHFFFAOYSA-N
4038.0,CC1=C(C(=C(C=C1)Cl)NC2=CC=CC=C2C(=O)[O-])Cl.[Na+],OGPIIGMUPMPMNT-UHFFFAOYSA-M
64646.0,CCN(CC)CC1=C(C=CC(=C1)NC2=C3C=CC(=CC3=NC=C2)Cl)O.O.O.Cl.Cl,YVNAYSHNIILOJS-UHFFFAOYSA-N
5462351.0,CN1CC[C@@]23CCCC[C@@H]2[C@@H]1CC4=C3C=C(C=C4)OC.O.Br,STTADZBLEUMJRG-IKNOHUQMSA-N
23704143.0,CCOC1=C(C2=CC=CC=C2C=C1)C(=O)N[C@H]3[C@@H]4N(C3=O)[C@H](C(S4)(C)C)C(=O)[O-].O.[Na+],OCXSDHJRMYFTMA-KMFBOIRUSA-M
23702.0,CCC(C(C1=CC(=C(C=C1)O)O)O)NC(C)C.CS(=O)(=O)O,SOYAGMVKMXZVNZ-UHFFFAOYSA-N
636402.0,C[C@]12CC[C@](C[C@H]1C3=CC(=O)[C@@H]4[C@]5(CC[C@@H](C([C@@H]5CC[C@]4([C@@]3(CC2)C)C)(C)C)OC(=O)CCC(=O)[O-])C)(C)C(=O)[O-].[Na+].[Na+],BQENDLAVTKRQMS-SBBGFIFASA-L
5018304.0,C1=CC=C(C(=C1)CC(=O)[O-])NC2=C(C=CC=C2Cl)Cl.[Na+],KPHWPUGNDIVLNH-UHFFFAOYSA-M
23667299.0,CC[C@]1(CC[C@@H](O1)[C@@]2(CC[C@@]3(O2)C[C@@H]([C@H]([C@H](O3)[C@@H](C)[C@H]([C@H](C)C(=O)[O-])OC)C)O)C)[C@H]4[C@H](C[C@@H](O4)[C@@H]5[C@H](C[C@H]([C@@](O5)(CO)O)C)C)C.[Na+],XOIQMTLWECTKJL-FBZUZRIGSA-M
23675312.0,CC(=O)OCC1=C(N2[C@@H]([C@@H](C2=O)NC(=O)CSC3=CC=NC=C3)SC1)C(=O)[O-].[Na+],VGEOUKPOQQEQSX-OALZAMAHSA-M
60196268.0,CC1=C(SC=C1)/C=C/C2=NCCCN2C.[C@@H]([C@@H](C(=O)O)O)(C(=O)O)O,GGXQONWGCAQGNA-GIPAELOJSA-N
23681059.0,C[C@@H](C1=CC2=C(C=C1)C=C(C=C2)OC)C(=O)[O-].[Na+],CDBRNDSHEYLDJV-FVGYRXGTSA-M
3702.0,CC1CC2=CC=CC=C2N1NC(=O)C3=CC(=C(C=C3)Cl)S(=O)(=O)N,NDDAHWYSQHTHNT-UHFFFAOYSA-N
6419962.0,C1C[C@@H]([C@@H]([C@@H]2[C@@H]1CN3CCC4=C([C@@H]3C2)NC5=CC=CC=C45)C(=O)O)O.O,UXXCUDYYOMDFPX-GPRFVYSASA-N
23672568.0,CN1C(=NN=N1)SCC2=C(N3[C@@H]([C@@H](C3=O)NC(=O)[C@@H](C4=CC=CC=C4)O)SC2)C(=O)[O-].[Na+],OJMNTWPPFNMOCJ-CFOLLTDRSA-M
60196269.0,C[C@@H]([C@@H](C1=CC(=CC=C1)O)O)N.[C@@H]([C@@H](C(=O)O)O)(C(=O)O)O,VENXSELNXQXCNT-OHAABKCISA-N
23684677.0,CC1([C@@H](N2[C@H](S1)[C@@H](C2=O)NC(=O)[C@H](C3=CC=CC=C3)NC(=O)N4CCNC4=O)C(=O)[O-])C.[Na+],UVOCNBWUHNCKJM-JOPMDFRVSA-M
5282415.0,CCCCC[C@@H](/C=C/[C@H]1[C@@H](C[C@@H]([C@@H]1C/C=C\CCCC(=O)O)O)O)O.C(C(CO)(CO)N)O,IYGXEHDCSOYNKY-RZHHZEQLSA-N
38911.0,CC1=CC(=O)N(C(=C1)C2CCCCC2)O.C(CO)N,MBRHNTMUYWQHMR-UHFFFAOYSA-N
60196270.0,CC1=C(C=CC=C1NC2=C(C=CC=N2)C(=O)O)C(F)(F)F.CNC[C@@H]([C@H]([C@H]([C@@H](CO)O)O)O)O,MGCCHNLNRBULBU-QGLAHWQJSA-N
134128779.0,C1C(=C(N2[C@H](S1)[C@@H](C2=O)NC(=O)[C@@H](C3=CC=CC=C3)S(=O)(=O)[O-])C(=O)[O-])C[N+]4=CC=C(C=C4)C(=O)N.O.[Na+],XTRRFIYXAPRYES-NLFZDHTNSA-M
11954258.0,CCSC1=CC2=C(C=C1)SC3=CC=CC=C3N2CCCN4CCN(CC4)C.C(C(C(=O)O)O)C(=O)O.C(C(C(=O)O)O)C(=O)O,GTHHLZDYRHLACN-UHFFFAOYSA-N
64747.0,CC(C1=CC(=CC=C1)OC2=CC=CC=C2)C(=O)[O-].CC(C1=CC(=CC=C1)OC2=CC=CC=C2)C(=O)[O-].O.O.[Ca+2],LZPBLUATTGKZBH-UHFFFAOYSA-L
6420033.0,CNCCC1=CC=CC=N1.CS(=O)(=O)O,FUWLKZQYMWTFBA-UHFFFAOYSA-N
441308.0,CC(C)NCC(COC1=CC=C(C=C1)CCOC)O.CC(C)NCC(COC1=CC=C(C=C1)CCOC)O.[C@@H]([C@H](C(=O)O)O)(C(=O)O)O,YGULWPYYGQCFMP-CEAXSRTFSA-N
23666711.0,CN1C(=NN=N1)SCC2=C(N3[C@@H]([C@@](C3=O)(NC(=O)CSCC#N)OC)SC2)C(=O)[O-].[Na+],BITQGIOJQWZUPL-PBCQUBLHSA-M
6604561.0,CCOC(=O)C1=CC=C(C=C1)OC(=O)CCCCCN=C(N)N.CS(=O)(=O)O,DNTNDFLIKUKKOC-UHFFFAOYSA-N
47320.0,C[N+]1(CCC2=CC(=C(C=C2C1CC3=CC(=C(C=C3)OC)OC)OC)OC)CCC(=O)OCCCCCOC(=O)CC[N+]4(CCC5=CC(=C(C=C5C4CC6=CC(=C(C=C6)OC)OC)OC)OC)C.C1=CC=C(C=C1)S(=O)(=O)[O-].C1=CC=C(C=C1)S(=O)(=O)[O-],XXZSQOVSEBAPGS-UHFFFAOYSA-L
10695961.0,CC(=O)OCC1=C(N2[C@@H]([C@@H](C2=O)NC(=O)/C(=N\OC)/C3=CSC(=N3)N)SC1)C(=O)[O-].[Na+],AZZMGZXNTDTSME-JUZDKLSSSA-M
23677829.0,CC1=CC=C(C=C1)C(=O)C2=CC=C(N2C)CC(=O)[O-].O.O.[Na+],QQILXENAYPUNEA-UHFFFAOYSA-M
441242.0,CN1C(=NN=N1)SCC2=C(N3[C@@H]([C@@](C3=O)(NC(=O)C(C4=CC=C(C=C4)O)C(=O)[O-])OC)OC2)C(=O)[O-].[Na+].[Na+],GRIXGZQULWMCLU-HUTAOCTPSA-L
54676538.0,CN(C)[C@H]1[C@@H]2[C@H]([C@@H]3C(=C)C4=C(C=CC(=C4C(=C3C(=O)[C@@]2(C(=C(C1=O)C(=O)N)O)O)O)O)Cl)O.C1=CC(=C(C=C1S(=O)(=O)O)C(=O)O)O,WVJKUGVVYXCLFV-CCHMMTNSSA-N
84003.0,C1CN2C(=CC=C2C(=O)C3=CC=CC=C3)C1C(=O)O.C(C(CO)(CO)N)O,BWHLPLXXIDYSNW-UHFFFAOYSA-N
62978.0,COC1=C(C=C2C(=C1)C(=NC(=N2)N3CCN(CC3)C(=O)C4COC5=CC=CC=C5O4)N)OC.CS(=O)(=O)O,VJECBOKJABCYMF-UHFFFAOYSA-N
6536864.0,CC(C)(C(=O)O)O/N=C(/C1=CSC(=N1)N)\C(=O)N[C@H]2[C@@H]3N(C2=O)C(=C(CS3)C[N+]4=CC=CC=C4)C(=O)[O-].O.O.O.O.O,NMVPEQXCMGEDNH-TZVUEUGBSA-N
5362118.0,C1C[C@H](N(C1)C(=O)[C@H](CCCCN)N[C@@H](CCC2=CC=CC=C2)C(=O)O)C(=O)O.O.O,CZRQXSDBMCMPNJ-ZUIPZQNBSA-N
175533.0,CCCCCCC[N+](CC)(CC)CCCCC1=CC=C(C=C1)Cl.CC1=CC=C(C=C1)S(=O)(=O)[O-],MOQZYUUHIWPDQC-UHFFFAOYSA-M
23671691.0,C[C@]12CCC(=O)C=C1C=C[C@@H]3[C@@H]2CC[C@]4([C@H]3CC[C@]4(CCC(=O)[O-])O)C.[K+],JTZQCHFUGHIPDF-RYVBEKKQSA-M
9571075.0,C[N+]1(CCCC1)CC2=C(N3[C@@H]([C@@H](C3=O)NC(=O)/C(=N\OC)/C4=CSC(=N4)N)SC2)C(=O)O.O.Cl.[Cl-],LRAJHPGSGBRUJN-OMIVUECESA-N
969516.0,COC1=C(C=CC(=C1)/C=C/C(=O)CC(=O)/C=C/C2=CC(=C(C=C2)O)OC)O,VFLDPWHFBUODDF-FCXRPNKRSA-N
10114.0,C[C@]12CC[C@](C[C@H]1C3=CC(=O)[C@@H]4[C@]5(CC[C@@H](C([C@@H]5CC[C@]4([C@@]3(CC2)C)C)(C)C)O)C)(C)C(=O)O,MPDGHEJMBKOTSU-YKLVYJNSSA-N
5281855.0,C1=C2C3=C(C(=C1O)O)OC(=O)C4=CC(=C(C(=C43)OC2=O)O)O,AFSDNFLWKVMVRB-UHFFFAOYSA-N
6473767.0,CC(=C)[C@@H]1[C@@H]2[C@@H]3[C@@]4([C@]([C@H]1C(=O)O2)(C[C@@H]5[C@]4(O5)C(=O)O3)O)C.C[C@@]12[C@H]3[C@H]4[C@H]([C@@H]([C@@]1(C[C@@H]5[C@]2(O5)C(=O)O3)O)C(=O)O4)C(C)(C)O,VJKUPQSHOVKBCO-AHMKVGDJSA-N
9651.0,CN1CC[C@@]23C=C[C@@H](C[C@@H]2OC4=C(C=CC(=C34)C1)OC)O,ASUTZQLVASHGKV-JDFRZJQESA-N
28693.0,CN1C[C@@H](C[C@H]2[C@H]1CC3=CN(C4=CC=CC2=C34)C)CNC(=O)OCC5=CC=CC=C5,WZHJKEUHNJHDLS-QTGUNEKASA-N
5281072.0,CC[C@@H](CO)NC(=O)[C@H]1CN([C@@H]2CC3=CNC4=CC=CC(=C34)C2=C1)C.C(=C\C(=O)O)\C(=O)O,NOFOWWRHEPHDCY-DAUURJMHSA-N
34040.0,CN1C[C@@H](C[C@]2([C@H]1CC3=CN(C4=CC=CC2=C34)C)OC)COC(=O)C5=CC(=CN=C5)Br,YSEXMKHXIOCEJA-FVFQAYNVSA-N
643606.0,COC(=O)[C@@H]1[C@H](CC[C@H]2[C@@H]1C[C@H]3C4=C(CCN3C2)C5=CC=CC=C5N4)O,BLGXFZZNTVWLAY-DIRVCLHFSA-N
444795.0,CC1=C(C(CCC1)(C)C)/C=C/C(=C/C=C/C(=C/C(=O)O)/C)/C,SHGAZHPCJJPHSC-YCNIQYBTSA-N
493570.0,CC1=CC2=C(C=C1C)N(C3=NC(=O)NC(=O)C3=N2)C[C@@H]([C@@H]([C@@H](CO)O)O)O,AUNGANRZJHBGPY-SCRDCRAPSA-N
3840.0,C1=C(OC=C(C1=O)O)CO,BEJNERDRQOWKJM-UHFFFAOYSA-N
656743.0,CN1CCC2=CC3=C(C=C2[C@H]1[C@H]4C5=C(C(=C(C=C5)OC)OC)C(=O)O4)OCO3,JZUTXVTYJDCMDU-RBUKOAKNSA-N
174174.0,CN1[C@@H]2CC[C@H]1CC(C2)OC(=O)C(CO)C3=CC=CC=C3,RKUNBYITZUJHSG-PJPHBNEVSA-N
1548943.0,CC(C)/C=C/CCCCC(=O)NCC1=CC(=C(C=C1)O)OC,YKPUWZUDDOIDPM-SOFGYWHQSA-N
445354.0,CC1=C(C(CCC1)(C)C)/C=C/C(=C/C=C/C(=C/CO)/C)/C,FPIPGXGPPPQFEQ-OVSJKPMPSA-N
6758.0,CC(=C)[C@H]1CC2=C(O1)C=CC3=C2O[C@@H]4COC5=CC(=C(C=C5[C@@H]4C3=O)OC)OC,JUVIOZPCNVVQFO-HBGVWJBISA-N
47812.0,CCCN1C[C@@H](C[C@H]2[C@H]1CC3=CNC4=CC=CC2=C34)CSC.CS(=O)(=O)O,UWCVGPLTGZWHGS-ZORIOUSZSA-N
10531.0,C[C@@]1(C(=O)N2[C@H](C(=O)N3CCC[C@H]3[C@@]2(O1)O)CC4=CC=CC=C4)NC(=O)[C@@H]5C[C@H]6[C@@H](CC7=CNC8=CC=CC6=C78)N(C5)C,LUZRJRNZXALNLM-JGRZULCMSA-N
6271.0,CCC(=O)C1=CC=C(C=C1)O,RARSHUDCJQSEFJ-UHFFFAOYSA-N
3728.0,C1=CC2=C(C(=C(C=C2I)I)O)N=C1,UXZFQZANDVDGMM-UHFFFAOYSA-N
163751.0,C1CNCCN(C1)S(=O)(=O)C2=CC=CC3=C2C=CN=C3.Cl,LFVPBERIVUNMGV-UHFFFAOYSA-N
941361.0,C1CN(CCN1C/C=C/C2=CC=CC=C2)C(C3=CC=C(C=C3)F)C4=CC=C(C=C4)F,SMANXXCATUTDDT-QPJJXVBHSA-N
5258.0,C1=CC=C(C=C1)CCCC(=O)[O-].[Na+],VPZRWNZGLKXFOE-UHFFFAOYSA-M
2153.0,CN1C2=C(C(=O)N(C1=O)C)NC=N2,ZFXYFBGIUFBOJW-UHFFFAOYSA-N
3969.0,CCCC1=C(C=CC(=C1O)C(=O)C)OCCCCC2=NNN=N2,MWYHLEQJTQJHSS-UHFFFAOYSA-N
8691.0,C1=CC=C(C=C1)N=NC2=C(N=C(C=C2)N)N.Cl,QQBPIHBUCMDKFG-UHFFFAOYSA-N
51634.0,CCCCN1C[C@@H]([C@H]([C@@H]([C@H]1CO)O)O)O,UQRORFVVSGFNRO-UTINFBMNSA-N
71188.0,CCN1CCN(CC1)C2=C(C=C3C(=C2)N(C=C(C3=O)C(=O)O)C4CC4)F,SPFYMRJSYKOXGV-UHFFFAOYSA-N
2406.0,C1=C(C=C(C(=C1SC2=C(C(=CC(=C2)Cl)Cl)O)O)Cl)Cl,JFIOVJDNOJYLKP-UHFFFAOYSA-N
460129.0,C([C@@H](C(=O)O)N)OC(=O)C=[N+]=[N-],MZZGOOYMKKIOOX-VKHMYHEASA-N
20279.0,C1[C@@H]([C@H](O[C@H]1N2C=NC3=C(N=C(N=C32)Cl)N)CO)O,PTOAARAWEBMLNO-KVQBGUIXSA-N
4421.0,CCN1C=C(C(=O)C2=C1N=C(C=C2)C)C(=O)O,MHWLWQUZZRMNGJ-UHFFFAOYSA-N
5282230.0,COC1=C(C=C(C=C1)/C=C/C(=O)NC2=CC=CC=C2C(=O)O)OC,NZHGWWWHIYHZNX-CSKARUKUSA-N
5324346.0,COCCCC/C(=N\OCCN)/C1=CC=C(C=C1)C(F)(F)F,CJOFXWAVKWHTFT-XSFVSMFZSA-N
4764.0,C1=CC=C2C(=C1)C(=O)OC2(C3=CC=C(C=C3)O)C4=CC=C(C=C4)O,KJFMBFZCATUALV-UHFFFAOYSA-N
3374.0,CC1CCC2=C3N1C=C(C(=O)C3=CC(=C2)F)C(=O)O,DPSPPJIUMHPXMA-UHFFFAOYSA-N
3169.0,C1CN(CCN1CC(CO)O)C2=CC=CC=C2,PTVWPYVOOKLBCG-UHFFFAOYSA-N
5853.0,COP(=O)(C(C(Cl)(Cl)Cl)O)OC,NFACJZMKEDPNKN-UHFFFAOYSA-N
4622.0,CCCOC1=CC2=C(C=C1)N=C(N2)NC(=O)OC,RAOCRURYZCVHMG-UHFFFAOYSA-N
71651.0,C1=CC=C(C=C1)C(=O)NCCC(=O)O,CWXYHOHYCJXYFQ-UHFFFAOYSA-N
5320.0,CC(=O)NS(=O)(=O)C1=CC=C(C=C1)N,SKIVFJLNDNKQPD-UHFFFAOYSA-N
5327.0,CC1=CC(=NC(=N1)NS(=O)(=O)C2=CC=C(C=C2)N)C,ASWVTGNCAZCNNR-UHFFFAOYSA-N
3295.0,CCOC1=CC2=C(C=C1)N=C(S2)S(=O)(=O)N,OUZWUKMCLIBBOG-UHFFFAOYSA-N
157921.0,COC(=O)CCC(=O)CN.Cl,UJYSYPVQHFNBML-UHFFFAOYSA-N
2378.0,C1=CC=C(C=C1)C2=CC=C(C=C2)C(C3=CC=CC=C3)N4C=CN=C4,OCAPBUJLXMYKEJ-UHFFFAOYSA-N
5748.0,CC[N+](C)(CC)CCOC(=O)C(C1CCCCC1)(C2=CC=CC=C2)O.[Br-],UKLQXHUGTKWPSR-UHFFFAOYSA-M
68589.0,C1=CC(=CC=C1COC(CN2C=CN=C2)C3=C(C=C(C=C3)Cl)Cl)Cl.[N+](=O)(O)[O-],DDXORDQKGIZAME-UHFFFAOYSA-N
5282494.0,CCCCC(=O)O[C@@]1(CC[C@@H]2[C@@]1(C[C@@H]([C@H]3[C@H]2CCC4=CC(=O)CC[C@]34C)O)C)C(=O)CO,FZCHYNWYXKICIO-FZNHGJLXSA-N
55283.0,CCC(C)N1C(=O)N(C=N1)C2=CC=C(C=C2)N3CCN(CC3)C4=CC=C(C=C4)OC[C@H]5CO[C@](O5)(CN6C=NC=N6)C7=C(C=C(C=C7)Cl)Cl,VHVPQPYKVGDNFY-ZPGVKDDISA-N
3627.0,CN1CCCN(CC1)C(C2=CC=CC=C2)C3=CC=C(C=C3)Cl,WEUCDJCFJHYFRL-UHFFFAOYSA-N
26248.0,CC(=O)OC1=CC=CC2=C1C(=O)C3=C(C2=O)C=C(C=C3OC(=O)C)C(=O)O,TYNLGDBUJLVSMA-UHFFFAOYSA-N
3115.0,CN1C=C(C=C1C(=O)NC2=CN(C(=C2)C(=O)NC3=CN(C(=C3)C(=O)NCCC(=N)N)C)C)NC=O,UPBAOYRENQEPJO-UHFFFAOYSA-N
657255.0,CCCCCCCCN[C@H](C)[C@H](C1=CC=C(C=C1)SC(C)C)O,BFCDFTHTSVTWOG-YLJYHZDGSA-N
53001.0,C1=CC(=CC=C1C(=O)O)OCCN2C=CN=C2,XQGZSYKGWHUSDH-UHFFFAOYSA-N
27368.0,CCC(C1=CC=CC=C1)C(=O)OCCN(CC)CC,CKWHSYRZDLWQFV-UHFFFAOYSA-N
1775.0,C1=CC=C(C=C1)C2(C(=O)NC(=O)N2)C3=CC=CC=C3,CXOFVDLJLONNDW-UHFFFAOYSA-N
298107.0,CN(C)CCOC1=CC=CC=C1CC2=CC=CC=C2.C(C(=O)O)C(CC(=O)O)(C(=O)O)O,ZZYHCCDMBJTROG-UHFFFAOYSA-N
27503.0,C1=CC2=C(C(=C1)OCC(COC3=CC=CC4=C3C(=O)C=C(O4)C(=O)[O-])O)C(=O)C=C(O2)C(=O)[O-].[Na+].[Na+],VLARUOGDXDTHEH-UHFFFAOYSA-L
9687.0,CCCC(=O)NC1=C2C(=NC=N1)N(C=N2)[C@H]3[C@@H]([C@H]4[C@H](O3)COP(=O)(O4)O)OC(=O)CCC,CJGYSWNGNKCJSB-YVLZZHOMSA-N
3822.0,C1CN(CCC1C(=O)C2=CC=C(C=C2)F)CCN3C(=O)C4=CC=CC=C4NC3=O,FPCCSQOGAWCVBH-UHFFFAOYSA-N
9912.0,CN1C2=C(C(=O)N(C1=O)C)N(C=N2)CC(CN(C)CCO)O.C1=CC(=CN=C1)C(=O)O,GEPMAHVDJHFBJI-UHFFFAOYSA-N
440707.0,C[C@]12CCC(=O)C=C1CC[C@@H]3[C@@H]2CC[C@]4([C@H]3CC[C@@]4(C(=O)CO)O)C,WHBHBVVOGNECLV-OBQKJFGGSA-N
222757.0,C[C@]12CC[C@H]3[C@H]([C@@H]1CC[C@@H]2O)CCC4=C3C=CC(=C4)OC(=O)C5=CC=CC=C5,UYIFTLBWAOGQBI-BZDYCCQFSA-N
6215.0,C[C@]12C[C@@H]([C@]3([C@H]([C@@H]1C[C@@H]4[C@]2(OC(O4)(C)C)C(=O)CO)C[C@@H](C5=CC(=O)C=C[C@@]53C)F)F)O,FEBLZLNTKCEFIT-VSXGLTOVSA-N
21944094.0,C[C@@H]1CC[C@H]2C[C@@H](/C(=C/C=C/C=C\[C@H](C[C@H](C(=O)[C@@H]([C@@H](/C(=C/[C@H](C(=O)C[C@H](OC(=O)[C@@H]3CCCCN3C(=O)C(=O)[C@@]1(O2)O)[C@H](C)C[C@@H]4CC[C@H]([C@@H](C4)OC)O)C)/C)O)OC)C)C)/C)OC,QFJCIRLUMZQUOT-KADBNGAOSA-N
657201.0,CCCC(CCC)C(=O)OC1C[C@H]2CC[C@@H](C1)[N+]2(C)C.[Br-],QSFKGMJOKUZAJM-JXMYBXCISA-M
5388962.0,CCOC(=O)[C@H](CCC1=CC=CC=C1)N[C@@H](C)C(=O)N2CCC[C@H]2C(=O)O,GBXSMTUPTTWBMN-XIRDDKMYSA-N
5284594.0,C=C1CC[C@]2([C@H]3CC4=C5[C@]2([C@H]1OC5=C(C=C4)O)CCN3CC6CC6)O,WJBLNOPPDWQMCH-MBPVOVBZSA-N
10607.0,COC1=CC(=CC(=C1OC)OC)[C@H]2[C@@H]3[C@H](COC3=O)[C@H](C4=CC5=C(C=C24)OCO5)O,YJGVMLPVUAXIQN-XVVDYKMHSA-N
71414.0,C[C@H]1C[C@H]2[C@@H]3C[C@@H](C4=CC(=O)C=C[C@@]4([C@]3([C@H](C[C@@]2([C@]1(C(=O)COC(=O)C)OC(=O)C)C)O)F)C)F,BOBLHFUVNSFZPJ-JOYXJVLSSA-N
5952.0,CC(=O)OCC(=O)[C@H]1CC[C@@H]2[C@@]1(CC[C@H]3[C@H]2CCC4=CC(=O)CC[C@]34C)C,VPGRYOFKCNULNK-ACXQXYJUSA-N
12035.0,CC(=O)N[C@@H](CS)C(=O)O,PWKSKIMOESPYIA-BYPYZUCNSA-N
16574.0,CC(=O)OC[C@@H]1[C@H]([C@H]([C@@H](O1)N2C(=O)NC(=O)C=N2)OC(=O)C)OC(=O)C,QQOBRRFOVWGIMD-OJAKKHQRSA-N
5753.0,C[C@]12CCC(=O)C=C1CC[C@@H]3[C@@H]2[C@H](C[C@]4([C@H]3CC[C@@H]4C(=O)CO)C)O,OMFXVFTZEKFJBZ-HJTSIMOOSA-N
51039.0,C1C(=C(N2[C@H](S1)[C@@H](C2=O)NC(=O)[C@@H](C3=CC=CC=C3)N)C(=O)O)Cl,QYIYFLOTGYLRGG-GPCCPHFNSA-N
9324.0,CC(=O)[C@]1(CC[C@@H]2[C@@]1(CC[C@H]3[C@H]2C=C(C4=CC(=O)CC[C@]34C)Cl)C)OC(=O)C,QMBJSIBWORFWQT-DFXBJWIESA-N
657298.0,CCCC1=CC(=O)NC(=S)N1,KNAHARQHSZJURB-UHFFFAOYSA-N
5754.0,C[C@]12CCC(=O)C=C1CC[C@@H]3[C@@H]2[C@H](C[C@]4([C@H]3CC[C@@]4(C(=O)CO)O)C)O,JYGXADMDTFJGBT-VWUMJDOOSA-N
104845.0,CC(=O)[C@H]1CC[C@@H]2[C@@]1(CC(=O)[C@H]3[C@H]2CC[C@@H]4[C@@]3(CC[C@H](C4)O)C)C,DUHUCHOQIDJXAT-OLVMNOGESA-N
6436.0,C[C@]12C[C@@H]([C@]3([C@H]([C@@H]1C[C@@H]4[C@]2(OC(O4)(C)C)C(=O)CO)CCC5=CC(=O)C=C[C@@]53C)F)O,YNDXUCZADRHECN-JNQJZLCISA-N
18283.0,CC1=CN(C(=O)NC1=O)[C@H]2C=C[C@H](O2)CO,XNKLLVCARDGLGL-JGVFFNPUSA-N
5910.0,CC[C@H]1[C@H](COC1=O)CC2=CN=CN2C,QCHFTSOMWOSFHM-WPRPVWTQSA-N
53232.0,CC[C@H](C)C(=O)O[C@H]1C[C@H](C=C2[C@H]1[C@H]([C@H](C=C2)C)CC[C@@H]3C[C@H](CC(=O)O3)O)C,PCZOHLXUXFIOCF-BXMDZJJMSA-N
5311067.0,C[C@@H]1C[C@H]2[C@@H]3CCC4=CC(=O)C=C[C@@]4([C@]3([C@H](C[C@@]2([C@H]1C(=O)CO)C)O)F)C,VWVSBHGCDBMOOT-IIEHVVJPSA-N
44093.0,C[C@H](CS)C(=O)N1CCC[C@H]1C(=O)O,FAKRSMQSSFJEIM-RQJHMYQMSA-N
60961.0,C1=NC(=C2C(=N1)N(C=N2)[C@H]3[C@@H]([C@@H]([C@H](O3)CO)O)O)N,OIRDTQYFTABQOQ-KQYNXXCUSA-N
5790.0,C1[C@@H]([C@H](O[C@H]1N2C=C(C(=O)NC2=O)F)CO)O,ODKNJVUHOIMIIZ-RRKCRQDMSA-N
6128.0,C[C@]12CCC(=O)C=C1CC[C@@H]3[C@@H]2CC[C@]4([C@H]3CCC4=O)C,AEMFNILZOJDQLW-QAGGRKNESA-N
9681.0,CC[C@@H](CO)NC(=O)[C@H]1CN([C@@H]2CC3=CN(C4=CC=CC(=C34)C2=C1)C)C,KPJZHOPZRAFDTN-ZRGWGRIASA-N
30323.0,C[C@H]1[C@H]([C@H](C[C@@H](O1)O[C@H]2C[C@@](CC3=C2C(=C4C(=C3O)C(=O)C5=C(C4=O)C(=CC=C5)OC)O)(C(=O)C)O)N)O,STQGQHZAVUOBTE-VGBVRHCVSA-N
5284443.0,CNC[C@@H](C1=CC(=CC=C1)O)O.Cl,OCYSGIYOVXAGKQ-FVGYRXGTSA-N
39186.0,CC(=O)O[C@@H]1[C@@H](SC2=CC=CC=C2N(C1=O)CCN(C)C)C3=CC=C(C=C3)OC,HSUGRBWQSSZJOP-RTWAWAEBSA-N
5852.0,CC(C)([C@H](C(=O)O)N)S,VVNCNSJFMMFHPL-VKHMYHEASA-N
101616.0,CN1[C@@H](CCC[C@@H]1CC(=O)C2=CC=CC=C2)C[C@@H](C3=CC=CC=C3)O,MXYUKLILVYORSK-HBMCJLEFSA-N
10219.0,CC[C@H]1CN2CCC3=CC(=C(C=C3[C@@H]2C[C@@H]1C[C@@H]4C5=CC(=C(C=C5CCN4)OC)OC)OC)OC,AUVVAXYIELKVAI-CKBKHPSWSA-N
5310987.0,C(/C=C/C(=O)O)N,FMKJUUQOYOHLTF-OWOJBTEDSA-N
71080.0,C[C@H](C(=O)O)N,QNAYBMKLOCPYGJ-UWTATZPHSA-N
83887.0,C([C@H](C(=O)O)N)C(=O)O,CKLJMWTZIZZHCS-UWTATZPHSA-N
10255.0,CC(=C)[C@H]1CN[C@@H]([C@H]1CC(=O)O)C(=O)O,VLSMHEGGTFMBBZ-OOZYFLPDSA-N
2264.0,CN1C(=O)COC2=C(C=C(C=C21)Cl)C(=O)NC3CN4CCC3CC4,WUKZPHOXUVCQOR-UHFFFAOYSA-N
31101.0,CC(C)C[C@H]1C(=O)N2CCC[C@H]2[C@]3(N1C(=O)[C@](O3)(C(C)C)NC(=O)[C@H]4CN([C@@H]5CC6=C(NC7=CC=CC(=C67)C5=C4)Br)C)O,OZVBMTJYIDMWIL-AYFBDAFISA-N
2755.0,CC(C)NCC(C1=CC(=C(C=C1)N)C#N)O,BUXRLJCGHZZYNE-UHFFFAOYSA-N
2562.0,CCN(CC)CCOCCOC(=O)C1(CCCC1)C2=CC=CC=C2,CFJMRBQWBDQYMK-UHFFFAOYSA-N
34359.0,C[C@](CC1=CC(=C(C=C1)O)O)(C(=O)O)NN,TZFNLOMSOLWIDK-JTQLQIEISA-N
5475158.0,CN(C)CCCSC1=CC=CC=C1NC(=O)/C=C/C2=CC=CC=C2,RSUVYMGADVXGOU-BUHFOSPRSA-N
51173.0,C1=CC(=CC=C1C(=O)NP(=O)(N)N)F,QWZFVMCWPLMLTL-UHFFFAOYSA-N
2120.0,C1=CC2=C3C(=C1)C(=O)N(C(=O)C3=CC=C2)CC(=O)O,GCUCIFQCGJIRNT-UHFFFAOYSA-N
68186.0,C1CN(CCC12C(=O)NCN2C3=CC=CC=C3)CCCOC4=CC=C(C=C4)F,FJUKDAZEABGEIH-UHFFFAOYSA-N
3689.0,CC(C(C1=CC=C(C=C1)O)O)N2CCC(CC2)CC3=CC=CC=C3,UYNVMODNBIQBMV-UHFFFAOYSA-N
4106.0,CN1CCN(CC1)C2CC3=CC=CC=C3SC4=C2C=C(C=C4)SC,RLJFTICUTYVZDG-UHFFFAOYSA-N
38852.0,C[C@](CC1=CC(=C(C=C1)O)O)(C(=O)O)N.C[C@](CC1=CC(=C(C=C1)O)O)(C(=O)O)N.O.O.O,YKFCISHFRZHKHY-NGQGLHOPSA-N
68600.0,CC1=CC(=CC(=C1)C(=O)OC2C[C@H]3CC[C@@H](C2)N3C)C,HDDNYFLPWFSBLN-XYPWUTKMSA-N
5282443.0,CC1=CC=C(C=C1)/C(=C\CN2CCCC2)/C3=CC=CC=N3,CBEQULMOCCWAQT-WOJGMQOQSA-N
135512460.0,COC(=O)[C@H](CCCN/C(=N/[N+](=O)[O-])/N)N,KCWZGJVSDFYRIX-YFKPBYRVSA-N
1979.0,CC(=O)OC1CN2CCC1CC2,WRJPSSPFHGNBMG-UHFFFAOYSA-N
65854.0,C1CNCCC1SC2=NC(=CC=C2)Cl,GGALEXMXDMUMDM-UHFFFAOYSA-N
2829432.0,CC1=CC2=C(C=C1)N3CCNC4C3=C2CCC4.CS(=O)(=O)O,PVUYTBQAVAYLDE-UHFFFAOYSA-N
108092.0,CCN(CC)CCOC1=CC=C(C=C1)CC2=CC=CC=C2,NFIXBCVWIPOYCD-UHFFFAOYSA-N
123924.0,CCN(CC)C(=O)C1=CC=C(C=C1)[C@H](C2=CC(=CC=C2)OC)N3C[C@H](N(C[C@@H]3C)CC=C)C,KQWVAUSXZDRQPZ-UMTXDNHDSA-N
2377.0,CNCCCCOC1=CC=CC=C1CC2=CC=CC=C2,QSQQPMHPCBLLGX-UHFFFAOYSA-N
4930.0,CC(C)NCC(C1=CC2=CC=CC=C2C=C1)O,HRSANNODOVBCST-UHFFFAOYSA-N
4883.0,CC(C)NCC(COC1=CC=C(C=C1)NC(=O)C)O,DURULFYMVIFBIR-UHFFFAOYSA-N
9409.0,CC1=C(C=CC(=C1)C2=CC(=C(C=C2)N=NC3=C(C4=C(C=C3)C(=CC(=C4N)S(=O)(=O)[O-])S(=O)(=O)[O-])O)C)N=NC5=C(C6=C(C=C5)C(=CC(=C6N)S(=O)(=O)[O-])S(=O)(=O)[O-])O.[Na+].[Na+].[Na+].[Na+],ATNOAWAQFYGAOY-UHFFFAOYSA-J
5278.0,C1=CC=C2C(=C1)C(=NN(C2=O)CC3=C(C=C(C=C3)Br)F)CC(=O)O,LKBFFDOJUKLQNY-UHFFFAOYSA-N
10783.0,CC1=C(SC=N1)CCCl,PCLITLDOTJTVDJ-UHFFFAOYSA-N
3517.0,C1=CC(=C(C(=C1)Cl)C=NN=C(N)N)Cl,WDZVGELJXXEGPV-UHFFFAOYSA-N
688272.0,CCN1CCC[C@H]1CNC(=O)C2=C(C=CC(=C2)S(=O)(=O)N)OC,BGRJTUBHPOOWDU-NSHDSACASA-N
54477.0,CCN1CCC[C@H]1CNC(=O)C2=C(C=CC(=C2OC)Br)OC,GUJRSXAPGDDABA-NSHDSACASA-N
5311093.0,CCCCCCCC/C=C\CCCCCCCC(=O)NCC1=CC(=C(C=C1)O)OC,OPZKBPQVWDSATI-KHPPLWFESA-N
5311429.0,CC1(CO[C@H](CN1)CC(=O)O)C,SEYCKMQSPUVYEF-LURJTMIESA-N
127404.0,CC(C)NCC(COC1=CC=CC=C1N2C=CC=C2)O,XVTVPGKWYHWYAD-UHFFFAOYSA-N
104741.0,C[C@]12CC[C@H]3[C@H]([C@@H]1CC[C@@H]2O)[C@@H](CC4=C3C=CC(=C4)O)CCCCCCCCCS(=O)CCCC(C(F)(F)F)(F)F,VWUXBMIQPBEWFH-WCCTWKNTSA-N
47936.0,CC(=O)O[C@H]1[C@H]([C@@H]2[C@]([C@H](CCC2(C)C)O)([C@@]3([C@@]1(O[C@@](CC3=O)(C)C=C)C)O)C)O,OHCQJHSOBUTRHG-KGGHGJDLSA-N
688561.0,CC[C@@H]([C@@H](C1=C2C=CC(=O)NC2=C(C=C1)O)O)NC(C)C,FKNXQNWAXFXVNW-BLLLJJGKSA-N
107867.0,CCN(CC)CC1CCCCN1CC(=O)N2C3=CC=CC=C3C(=O)NC4=C2N=CC=C4,UBRKDAVQCKZSPO-UHFFFAOYSA-N
4302960.0,CC(=O)C1=CC=C(C=C1)C2=CC=C(C=C2)C(=O)NCCCCN3CCN(CC3)C4=CC=CC=C4OC,JARNORYOPMINDY-UHFFFAOYSA-N
126941.0,CN(CC1=CN=C2C(=N1)C(=NC(=N2)N)N)C3=CC=C(C=C3)C(=O)N[C@@H](CCC(=O)O)C(=O)O,FBOZXECLQNJBKD-ZDUSSCGKSA-N
68736.0,C1CN[C@@H](C[C@@H]1CP(=O)(O)O)C(=O)O,LPMRCCNDNGONCD-RITPCOANSA-N
45073437.0,C1=CC(=C(C=C1Cl)Cl)/C(=C/N2C=NC=N2)/Cl.Cl,AWKSVFLKVCVVFQ-MDZFRNKHSA-N
6167.0,CC(=O)N[C@H]1CCC2=CC(=C(C(=C2C3=CC=C(C(=O)C=C13)OC)OC)OC)OC,IAKHMKGGTNLKSZ-INIZCTEOSA-N
93504.0,CC1([C@H]([C@@H](C2=C(O1)C=CC(=C2)C#N)N3CCCC3=O)O)C,TVZCRIROJQEVOT-CABCVRRESA-N
45356872.0,CC(C)(CCC[C@@](CC(=O)OC)(C(=O)O[C@H]1[C@H]2C3=CC4=C(C=C3CCN5C2(CCC5)C=C1OC)OCO4)O)O,HYFHYPWGAURHIV-JCNWCSDUSA-N
60196271.0,C[C@@H](CC1=CC=C(C=C1)OC)NC[C@H](C2=CC(=C(C=C2)O)NC=O)O.C[C@@H](CC1=CC=C(C=C1)OC)NC[C@H](C2=CC(=C(C=C2)O)NC=O)O.C(=C/C(=O)O)\C(=O)O.O.O,RATSWNOMCHFQGJ-TUYNVFRMSA-N
54676478.0,CN1C2=CC=CC=C2C(=C(C1=O)C(=O)N(C)C3=CC=CC=C3)O,SGOOQMRIPALTEL-UHFFFAOYSA-N
55245.0,CC#C[C@@]1(CC[C@@H]2[C@@]1(C[C@@H](C3=C4CCC(=O)C=C4CC[C@@H]23)C5=CC=C(C=C5)N(C)C)C)O,VKHAHZOOUSRJNA-GCNJZUOMSA-N
53388.0,C[C@@H]1CN(C[C@@H](N1)C)CCCN2C3=CC=CC=C3C4=CC=CC=C42.Cl.Cl,ZWHRZGHGYMUSRM-VWDRLOGHSA-N
55329.0,CC(C(C)(C)C)N=C(NC#N)NC1=CC=NC=C1.O,AFJCNBBHEVLGCZ-UHFFFAOYSA-N
219050.0,C1CN(CC=C1C2=CC=CC=C2)CCCCC3=CNC4=C3C=C(C=C4)O,HGEYJZMMUGWEOT-UHFFFAOYSA-N
60510.0,CC(CC1=CC=CC=C1)(C2=CC=CC=C2)NC(=O)CN.Cl,HYQMIUSWZXGTCC-UHFFFAOYSA-N
9952220.0,C[C@H]1[C@H](CCN1CC2=CC=CC=C2)NC(=O)C3=CC(=C(C=C3OC)NC)Cl,KRVOJOCLBAAKSJ-KSSFIOAISA-N
51576.0,CC1(C(=O)C=C(O1)C(=O)O)C2=CC=CC=C2,DFDGRKNOFOJBAJ-UHFFFAOYSA-N
9928181.0,COC1=CC(=C(C=C1C(=O)NC2CN3CCC2CC3)Cl)N.Cl,ITXVOUSORXSTQH-UHFFFAOYSA-N
24978536.0,C1CN(CCC1C(=O)C2=CC=C(C=C2)F)CCN3C(=O)C4=CC=CC=C4NC3=S.Cl,JFPPLMAMMZZOEA-UHFFFAOYSA-N
3033769.0,CCN1CCC[C@H]1CNC(=O)C2=C(C(=CC(=C2OC)Cl)Cl)O,WAOQONBSWFLFPE-VIFPVBQESA-N
56971.0,C1CN(CCN1CCCCN2C(=O)C3=CC=CC=C3S2(=O)=O)C4=NC=CC=N4,TZJUVVIWVWFLCD-UHFFFAOYSA-N
6918029.0,C1CCN(CC1)[C@H]2[C@H](C[C@@H]([C@@H]2CC/C=C\CCC(=O)O)OCC3=CC=C(C=C3)C4=CC=CC=C4)O.Cl,ZYOBZRTZRQKKNC-UGNABIHOSA-N
127150.0,CCOC1=CC=CC=C1O[C@@H]([C@H]2CNCCO2)C3=CC=CC=C3.CS(=O)(=O)O,CGTZMJIMMUNLQD-STYNFMPRSA-N
4205.0,CN1CCN2C(C1)C3=CC=CC=C3CC4=C2N=CC=C4,RONZAEMNMFQXRA-UHFFFAOYSA-N
68601.0,CC1=C(C(=CC=C1)C(C)C2=CN=CN2)C.Cl,VPNGEIHDPSLNMU-UHFFFAOYSA-N
6005.0,CN1CCC2=C3[C@H]1CC4=C(C3=CC=C2)C(=C(C=C4)O)O,VMWNQDUVQKEIOC-CYBMUJFWSA-N
47528.0,C1=CC(=CN=C1)C(=O)NCCO[N+](=O)[O-],LBHIOVVIQHSOQN-UHFFFAOYSA-N
10466908.0,CC1=C(C(=CC=C1)C)NC2=C(C=CC=N2)C(=O)O,HUIJQYKRBFBVAO-UHFFFAOYSA-N
71827.0,CC1=C(C(=CC=C1)NC2=C(C=CC=N2)C(=O)O)C,XEQIPELDMSEBJG-UHFFFAOYSA-N
4235.0,C1COCCN1CCNC(=O)C2=CC=C(C=C2)Cl,YHXISWVBGDMDLQ-UHFFFAOYSA-N
30627.0,COC1=CC(=CC(=C1OC)OC)C(=O)NCCCCCC(=O)O,MPTXLVRHYGBOQY-UHFFFAOYSA-N
2999413.0,C[C@H]1CCC[C@@H](CCCCCC2=C(C(=CC(=C2)O)O)C(=O)O1)O,DWTTZBARDOXEAM-GXTWGEPZSA-N
16124.0,C(P(=O)(O)O)P(=O)(O)O,MBKDYNNUVRNNRF-UHFFFAOYSA-N
2000.0,CC(=O)NC(CC1=CC=CC=C1)C(=O)O,CBQJSKKFNMDLON-UHFFFAOYSA-N
7619.0,C1COCCN1SC2=NC3=CC=CC=C3S2,MHKLKWCYGIBEQF-UHFFFAOYSA-N
65768.0,C1=CC=C2C(=C1)C(=CN2)CCNC(=O)C3=CN=CC=C3,ZDAZUJBASMCUAK-UHFFFAOYSA-N
68872.0,CC1=CC(=O)OC2=C1C=CC(=C2)OCC#C,NTNZDKLXIBVSQQ-UHFFFAOYSA-N
69588.0,C1=CC=C(C=C1)C2=C(N=CN2)C3=CC=CC=C3,CPHGOBGXZQKCKI-UHFFFAOYSA-N
62960.0,CS(=O)(=O)O.C1[C@@H]2[C@@H](C2N)CN1C3=C(C=C4C(=O)C(=CN(C4=N3)C5=C(C=C(C=C5)F)F)C(=O)O)F,DYNZICQDCVYXFW-GIPYJWDTSA-N
2843496.0,CCN(CC)CC(=O)NC1=C(C=C(C=C1C)C)C.Cl,KOOGJYYOMPUGCW-UHFFFAOYSA-N
4463.0,CC1=C2C(=NC=C1)N(C3=C(C=CC=N3)C(=O)N2)C4CC4,NQDJXKOVJZTUJA-UHFFFAOYSA-N
34312.0,C1C2=CC=CC=C2N(C3=CC=CC=C3C1=O)C(=O)N,CTRLABGOLIVAIY-UHFFFAOYSA-N
5379.0,CC1CN(CCN1)C2=C(C=C3C(=C2OC)N(C=C(C3=O)C(=O)O)C4CC4)F,XUBOMFCQGDBHNK-UHFFFAOYSA-N
57469.0,CC(C)CN1C=NC2=C1C3=CC=CC=C3N=C2N,DOUYETYNHWVLEO-UHFFFAOYSA-N
68713.0,CN1CCN2C3=C(C=C(C=C3)OC)C4=C2C1=NCC4,GVXBHSBKKJRBMS-UHFFFAOYSA-N
68928.0,CC(CCCNC1=C2C(=CC(=C1)OC)C=CC=N2)N,NBAFIBBHADOTMU-UHFFFAOYSA-N
118264.0,CC(C1=CC=CC=C1)N2C=NC=C2C(=O)OC.Cl,NZEDTZKNEKPBGR-UHFFFAOYSA-N
4990.0,CNC(=O)OCC1=NC(=CC=C1)COC(=O)NC,YEKQSSHBERGOJK-UHFFFAOYSA-N
176015.0,CN1CCN(CC1)C2=C(C=C3C4=C2SCCN4C=C(C3=O)C(=O)O)F.Cl,LPQOADBMXVRBNX-UHFFFAOYSA-N
33925.0,CCC1(C(=O)N(C(=O)N(C1=O)COC)COC)C2=CC=CC=C2,DACOQFZGGLCXMA-UHFFFAOYSA-N
15139.0,COC1=CC=CC=C1N2CCN(CC2)CCCC(=O)C3=CC=C(C=C3)F,IRYFCWPNDIUQOW-UHFFFAOYSA-N
12901.0,COP(=S)(OC)SCN1C(=O)C2=CC=CC=C2C1=O,LMNZTLDVJIUSHT-UHFFFAOYSA-N
6129.0,CNC(=O)OC1=CC=CC2=CC=CC=C21,CVXBEEMKQHEXEN-UHFFFAOYSA-N
159055.0,C[C@@]12CC[C@@H](C1(C)C)CC2=O,DSSYKIVIOFKYAU-XCBNKYQSSA-N
6654.0,CC1=CCC2CC1C2(C)C,GRWFGVWFFZKLTI-UHFFFAOYSA-N
23668192.0,CC1=C(C=C(C=C1)S(=O)(=O)[O-])C.[Na+],QUCDWLYKDRVKMI-UHFFFAOYSA-M
11074431.0,CC1=CC(=O)[N-]S(=O)(=O)O1.[K+],WBZFUFAFFUEMEI-UHFFFAOYSA-M
31236.0,C1=CC=C(C=C1)OCCO,QCDWFXQBSFUVSP-UHFFFAOYSA-N
1030.0,CC(CO)O,DNIAPMSPPWPWGF-UHFFFAOYSA-N
7628.0,B(O)(O)O,KGBXLFKZBHKPEV-UHFFFAOYSA-N
3054.0,CCC(=C(CC)C1=CC=C(C=C1)O)C2=CC=C(C=C2)O,RGLYKWWBQGJZGM-UHFFFAOYSA-N
16220118.0,CC1=C(N(C(=C1)CC(=O)[O-])C)C(=O)C2=CC=C(C=C2)Cl.[Na+],SEEXPXUCHVGZGU-UHFFFAOYSA-M
5288209.0,CC1=C(C(CCC1)(C)C)/C=C/C(=C/C=C/C(=C/C(=O)NC2=CC=C(C=C2)O)/C)/C,AKJHMTWEGVYYSE-FXILSDISSA-N
447043.0,CC[C@@H]1[C@@]([C@@H]([C@H](N(C[C@@H](C[C@@]([C@@H]([C@H]([C@@H]([C@H](C(=O)O1)C)O[C@H]2C[C@@]([C@H]([C@@H](O2)C)O)(C)OC)C)O[C@H]3[C@@H]([C@H](C[C@H](O3)C)N(C)C)O)(C)O)C)C)C)O)(C)O,MQTOSJVFKKJCRP-BICOPXKESA-N
24502.0,[O-][Cr](=O)(=O)O[Cr](=O)(=O)[O-].[K+].[K+],KMUONIBRACKNSN-UHFFFAOYSA-N
460612.0,C1=CC(=CC=C1C[C@@H](C(=O)O)N)N(CCCl)CCCl,SGDBTWWWUNNDEQ-LBPRGKRZSA-N
86820626.0,[NH2-].[NH2-].[Cl-].[Cl-].[Pt+4],DQLATGHUWYMOKM-UHFFFAOYSA-L
135415564.0,C[C@H]1/C=C/C=C(\C(=O)NC2=C(C3=C(C4=C(C(=C3O)C)O[C@@](C4=O)(O/C=C/[C@@H]([C@H]([C@H]([C@@H]([C@@H]([C@@H]([C@H]1O)C)O)C)OC(=O)C)C)OC)C)C5=NC6(CCN(CC6)CC(C)C)N=C25)O)/C,AZFBLLCNOQPJGJ-VXTBVIBXSA-N
30541.0,CCCCC(CC)COC(=O)C1=CC=C(C=C1)N(C)C,WYWZRNAHINYAEF-UHFFFAOYSA-N
5865.0,C[C@]12CC(=O)[C@H]3[C@H]([C@@H]1CC[C@@]2(C(=O)CO)O)CCC4=CC(=O)C=C[C@]34C,XOFYZVNMUHMLCC-ZPOLXVRWSA-N
444913.0,C([C@@H]1[C@@H]2[C@@H]([C@H]([C@H](O1)O[C@@H]3[C@H](O[C@@H]([C@@H]([C@H]3O)O)O[C@@H]4[C@H](O[C@@H]([C@@H]([C@H]4O)O)O[C@@H]5[C@H](O[C@@H]([C@@H]([C@H]5O)O)O[C@@H]6[C@H](O[C@@H]([C@@H]([C@H]6O)O)O[C@@H]7[C@H](O[C@H](O2)[C@@H]([C@H]7O)O)CO)CO)CO)CO)CO)O)O)O,HFHDHCJBZVLPGP-RWMJIURBSA-N
6035.0,C1[C@@H]([C@H](O[C@H]1N2C=C(C(=O)NC2=O)Br)CO)O,WOVKYSAHUYNSMH-RRKCRQDMSA-N
444041.0,C([C@@H]1[C@@H]2[C@@H]([C@H]([C@H](O1)O[C@@H]3[C@H](O[C@@H]([C@@H]([C@H]3O)O)O[C@@H]4[C@H](O[C@@H]([C@@H]([C@H]4O)O)O[C@@H]5[C@H](O[C@@H]([C@@H]([C@H]5O)O)O[C@@H]6[C@H](O[C@@H]([C@@H]([C@H]6O)O)O[C@@H]7[C@H](O[C@@H]([C@@H]([C@H]7O)O)O[C@@H]8[C@H](O[C@H](O2)[C@@H]([C@H]8O)O)CO)CO)CO)CO)CO)CO)O)O)O,WHGYBXFWUBPSRW-FOUAGVGXSA-N
41684.0,CC(=O)OC1=CC=CC=C1C(=O)NC2=NC=C(S2)[N+](=O)[O-],YQNQNVDNTFHQSW-UHFFFAOYSA-N
5366546.0,CC(C)OC(=O)/C=C(\C)/C=C/CC(C)CCCC(C)(C)OC,NFGXHKASABOEEW-LDRANXPESA-N
8346.0,CCCCCCCCOC(=O)C1=CC=CC=C1C(=O)OCCCCCCCC,MQIUGAXCHLFZKX-UHFFFAOYSA-N
76973791.0,CC1=C(C=CC=C1O)C(=O)N[C@@H](CSC2=CC=CC=C2)[C@@H](CN3C[C@H]4CCCC[C@H]4C[C@H]3C(=O)NC(C)(C)C)O.CS(=O)(=O)O.O,QUWWBORDPJHOJO-GZDSSZIUSA-N
20039.0,C1C[C@@H](O[C@@H]1CO)N2C=NC3=C(N=CN=C32)N,WVXRAFOPTSTNLL-NKWVEPMBSA-N
931.0,C1=CC=C2C=CC=CC2=C1,UFWIBTONFRDIAS-UHFFFAOYSA-N
6212.0,C(Cl)(Cl)Cl,HEDRZPFGACZZDS-UHFFFAOYSA-N
2724385.0,C[C@@H]1[C@H]([C@H](C[C@@H](O1)O[C@@H]2[C@H](O[C@H](C[C@@H]2O)O[C@@H]3[C@H](O[C@H](C[C@@H]3O)O[C@H]4CC[C@]5([C@@H](C4)CC[C@@H]6[C@@H]5C[C@H]([C@]7([C@@]6(CC[C@@H]7C8=CC(=O)OC8)O)C)O)C)C)C)O)O,LTMHDMANZUZIPE-PUGKRICDSA-N
2365.0,C1COC1=O,VEZXCJBBBCKRPI-UHFFFAOYSA-N
5280965.0,C[C@H]1/C=C/C=C/C=C/C=C/C=C/C=C/C=C/[C@@H](C[C@H]2[C@@H]([C@H](C[C@](O2)(C[C@H](C[C@H]([C@@H](CC[C@H](C[C@H](CC(=O)O[C@H]([C@@H]([C@@H]1O)C)C)O)O)O)O)O)O)O)C(=O)O)O[C@H]3[C@H]([C@H]([C@@H]([C@H](O3)C)O)N)O,APKFDSVGJQXUKY-INPOYWNPSA-N
4684.0,C1=CC(=CC=C1O)Cl,WXNZTHHGJRFXKQ-UHFFFAOYSA-N
19266.0,CC(=O)NC1=CC=C(C=C1)C(=O)O,QCXJEYYXVJIFCE-UHFFFAOYSA-N
7239.0,C1=CC=C(C(=C1)Cl)Cl,RFFLAFLAYFXFSW-UHFFFAOYSA-N
9444.0,C1=NC(=NC(=O)N1[C@H]2[C@@H]([C@@H]([C@H](O2)CO)O)O)N,NMUSYJAQQFHJEW-KVTDHHQDSA-N
3562.0,C(C(F)(F)F)(Cl)Br,BCQZXOMGPXTTIC-UHFFFAOYSA-N
1176.0,C(=O)(N)N,XSQUKJJJFZCRTK-UHFFFAOYSA-N
5339.0,C1=CC=NC(=C1)NS(=O)(=O)C2=CC=C(C=C2)N=NC3=CC(=C(C=C3)O)C(=O)O,NCEXYHBECQHGNR-UHFFFAOYSA-N
2478.0,CS(=O)(=O)OCCCCOS(=O)(=O)C,COVZYZSDYWQREU-UHFFFAOYSA-N
3776.0,CC(C)O,KFZMGEQAYNKOFK-UHFFFAOYSA-N
338733.0,CC(C)CCCCCCC1=CC=C(C=C1)O,JSFITYFUKSFPBZ-UHFFFAOYSA-N
1140.0,CC1=CC=CC=C1,YXFVVABEGXRONW-UHFFFAOYSA-N
753.0,C(C(CO)O)O,PEDCQBHIVMGVHV-UHFFFAOYSA-N
7582.0,C1CCC(CC1)NC2CCCCC2,XBPCUCUWBYBCDP-UHFFFAOYSA-N
379.0,CCCCCCCC(=O)O,WWZKQHOCKIZLMA-UHFFFAOYSA-N
263.0,CCCCO,LRHPLDYGYMQRHN-UHFFFAOYSA-N
8197.0,C(CNCCNCCNCCN)N,FAGUFWYHJQFNRV-UHFFFAOYSA-N
612.0,CC(C(=O)O)O,JVTAAEKCZFNVCJ-UHFFFAOYSA-N
10866.0,CCCCCCCCCCCC[N+](C)(C)CCOC1=CC=CC=C1.[Br-],OJIYIVCMRYCWSE-UHFFFAOYSA-M
3598.0,C1=C(C(=C(C(=C1Cl)Cl)CC2=C(C(=CC(=C2Cl)Cl)Cl)O)O)Cl,ACGUYXCXAPNIKK-UHFFFAOYSA-N
6781.0,CCOC(=O)C1=CC=CC=C1C(=O)OCC,FLKPEMZONWLCSK-UHFFFAOYSA-N
3039.0,COP(=O)(OC)OC=C(Cl)Cl,OEBRKCOSUFCWJD-UHFFFAOYSA-N
1004.0,OP(=O)(O)O,NBIIXXVUZAFLBC-UHFFFAOYSA-N
5590.0,CC(C)(C)CC(C)(C)C1=CC=C(C=C1)OCCO,JYCQQPHGFMYQCF-UHFFFAOYSA-N
10635.0,C[C@]12CCC(=O)C[C@@H]1CC[C@@H]3[C@@H]2CC[C@]4([C@H]3CC[C@@H]4O)C,NVKAWKQGWWIWPM-ABEVXSGRSA-N
5943.0,C(Cl)(Cl)(Cl)Cl,VZGDMQKNWNREIO-UHFFFAOYSA-N
10204.0,C[C@]12CC[C@H]3[C@H]([C@@H]1CC[C@H]2O)CCC4=CC(=O)CC[C@]34C,MUMGGOZAMZWBJJ-KZYORJDKSA-N
3423265.0,CCCCCCCCCCCCOS(=O)(=O)[O-].[Na+],DBMJMQXJHONAFJ-UHFFFAOYSA-M
6421.0,C(=O)(C(Cl)(Cl)Cl)O,YNJBWRMUSHSURL-UHFFFAOYSA-N
8816.0,CCCCCCCCCCCCCCCC[N+]1=CC=CC=C1.[Br-],DVBJBNKEBPCGSY-UHFFFAOYSA-M
23665760.0,[O-]Cl.[Na+],SUKJFIGYRHOWBL-UHFFFAOYSA-N
3037.0,C1=CC(=C(C=C1Cl)CC2=C(C=CC(=C2)Cl)O)O,MDNWOSOZYLHTCG-UHFFFAOYSA-N
4509.0,C1C(=O)NC(=O)N1N=CC2=CC=C(O2)[N+](=O)[O-],NXFQHRVNIOXGAQ-UHFFFAOYSA-N
4064.0,CCCC(C)(COC(=O)N)COC(=O)N,NPPQSCRMBWNHMW-UHFFFAOYSA-N
9880.0,CC(=O)[C@]1(CC[C@@H]2[C@@]1(CC[C@H]3[C@H]2C=C(C4=CC(=O)[C@@H]5C[C@@H]5[C@]34C)Cl)C)OC(=O)C,UWFYSQMTEOIJJG-FDTZYFLXSA-N
8606.0,C1C=CCC2C1C(=O)N(C2=O)SC(Cl)(Cl)Cl,LDVVMCZRFWMZSG-UHFFFAOYSA-N
23668196.0,C[C@H](CCC(=O)[O-])[C@H]1CC[C@@H]2[C@@]1([C@H](C[C@H]3[C@H]2CC[C@H]4[C@@]3(CC[C@H](C4)O)C)O)C.[Na+],FHHPUSMSKHSNKW-SMOYURAASA-M
5280450.0,CCCCC/C=C\C/C=C\CCCCCCCC(=O)O,OYHQOLUKZRVURQ-HZJYTTRNSA-N
16682730.0,CC(=O)O[Hg]C1=CC=CC=C1,XEBWQGVWTUSTLN-UHFFFAOYSA-M
978.0,C1=CC(=CC=C1C(=O)O)N,ALYNCZNDIQEVRV-UHFFFAOYSA-N
31553.0,COC1=C(C=CC(=C1)[C@@H]2[C@H](OC3=C(O2)C=C(C=C3)[C@@H]4[C@H](C(=O)C5=C(C=C(C=C5O4)O)O)O)CO)O,SEBFKMXJBCUCAI-HKTJVKLFSA-N
8005.0,CCCCCl,VFWCMGCRMGJXDK-UHFFFAOYSA-N
439280.0,C1=CC2=C(C=C1O)C(=CN2)C[C@@H](C(=O)O)N,LDCYZAJDBXYCGN-VIFPVBQESA-N
8053.0,CC(C)CCON=O,OWFXIOWLTKNBAP-UHFFFAOYSA-N
7912.0,CC(C)NC(C)C,UAOMVDZJSHZZME-UHFFFAOYSA-N
3036.0,C1=CC(=CC=C1C(C2=CC=C(C=C2)Cl)C(Cl)(Cl)Cl)Cl,YVGGHNCTFXOJCH-UHFFFAOYSA-N
3017.0,CCOP(=S)(OCC)OC1=NC(=NC(=C1)C)C(C)C,FHIVAFMUCKRCQO-UHFFFAOYSA-N
7765.0,CCOC(C)OCC,DHKHKXVYLBGOIT-UHFFFAOYSA-N
656655.0,C([C@H]([C@H]([C@@H]([C@@H](CBr)O)O)O)O)Br,VFKZTMPDYBFSTM-KVTDHHQDSA-N
134601.0,COC(=O)[C@H](CC1=CC=CC=C1)NC(=O)[C@H](CC(=O)O)N,IAOZJIPTCAWIRG-QWRGUYRKSA-N
4133.0,COC(=O)C1=CC=CC=C1O,OSWPMRLSEDHDFF-UHFFFAOYSA-N
6348.0,C(=S)=S,QGJOPFRUJISHPQ-UHFFFAOYSA-N
3485.0,C(CC=O)CC=O,SXRSQZLOMIGNAQ-UHFFFAOYSA-N
11057.0,CN(C)C1=CC=C(C=C1)C(=C2C=CC(=[N+](C)C)C=C2)C3=CC=C(C=C3)N(C)C.[Cl-],ZXJXZNDDNMQXFV-UHFFFAOYSA-M
8003.0,CCCCC,OFBQJSOFQDEBGM-UHFFFAOYSA-N
445639.0,CCCCCCCC/C=C\CCCCCCCC(=O)O,ZQPPMHVWECSIRJ-KTKRTIGZSA-N
441140.0,C[C@@H]1CC(=O)C=C([C@]12C(=O)C3=C(O2)C(=C(C=C3OC)OC)Cl)OC,DDUHZTYCFQRHIY-RBHXEPJQSA-N
667493.0,CC1=CC(=O)NC(=S)N1,HWGBHCRJGXAGEU-UHFFFAOYSA-N
370.0,C1=C(C=C(C(=C1O)O)O)C(=O)O,LNTHITQWFMADLM-UHFFFAOYSA-N
3121.0,CCCC(CCC)C(=O)O,NIJJYAXOARWZEE-UHFFFAOYSA-N
19188.0,C1=CC=C(C=C1)OCC(=O)O,LCPDWSOZIOUXRV-UHFFFAOYSA-N
2155.0,C1=CSC(=N1)N,RAIPHJJURHTUIC-UHFFFAOYSA-N
887.0,CO,OKKJLVBELUTLKV-UHFFFAOYSA-N
227.0,C1=CC=C(C(=C1)C(=O)O)N,RWZYAGGXGHYGMB-UHFFFAOYSA-N
180.0,CC(=O)C,CSCPPACGZOOCGX-UHFFFAOYSA-N
17142.0,C1C(O1)CN2C(=O)N(C(=O)N(C2=O)CC3CO3)CC4CO4,OUPZKGBUJRBPGC-UHFFFAOYSA-N
1483.0,C1=C(C=C(C(=C1Br)O)Br)Br,BSWWXRFVMJHFBN-UHFFFAOYSA-N
7271.0,C1=C(C(=CC(=C1Cl)Cl)Cl)O,LHJGJYXLEPZJPM-UHFFFAOYSA-N
6575.0,C(=C(Cl)Cl)Cl,XSTXAVWGXDQKEL-UHFFFAOYSA-N
3610.0,CCCCCCC1=C(C=C(C=C1)O)O,WFJIVOKAWHGMBH-UHFFFAOYSA-N
4284.0,CCN(CC)C(=O)C1=CC=CC(=C1)C,MMOXZBCLCQITDF-UHFFFAOYSA-N
3552.0,C1=CC(=CC=C1C(=O)O)S(=O)(=O)N(Cl)Cl,XPDVQPODLRGWPL-UHFFFAOYSA-N
7860.0,C(=O)C=O,LEQAOMBKQFMDFZ-UHFFFAOYSA-N
8447.0,C1=CC=C2C(=C1)N=C(S2)SSC3=NC4=CC=CC=C4S3,AFZSMODLJJCVPP-UHFFFAOYSA-N
5770.0,CO[C@H]1[C@@H](C[C@@H]2CN3CCC4=C([C@H]3C[C@@H]2[C@@H]1C(=O)OC)NC5=C4C=CC(=C5)OC)OC(=O)C6=CC(=C(C(=C6)OC)OC)OC,QEVHRUUCFGRFIF-MDEJGZGSSA-N
10316.0,C1=CC=C(C=C1)N=[N+](C2=CC=CC=C2)[O-],GAUZCKBSTZFWCT-UHFFFAOYSA-N
54680782.0,C[C@@]1([C@H]2[C@@H]([C@H]3[C@@H](C(=O)C(=C([C@]3(C(=O)C2=C(C4=C1C=CC=C4O)O)O)O)C(=O)N)N(C)C)O)O.Cl,SVDOODSCHVSYEK-IFLJXUKPSA-N
10850.0,CCCCCCCC(=O)OCC(COC(=O)CCCCCCC)OC(=O)CCCCCCC,VLPFTAMPNXLGLX-UHFFFAOYSA-N
12332.0,CCCCCC(=O)N,ALBYIUDWACNRRB-UHFFFAOYSA-N
904.0,CC(=O)NC1=CC=CC=C1,FZERHIULMFGESH-UHFFFAOYSA-N
7362.0,C1=COC(=C1)C=O,HYBBIBNJHNGZAN-UHFFFAOYSA-N
2202.0,C1C2=C(C(=CC=C2)O)C(=O)C3=C1C=CC=C3O,NUZWLKWWNNJHPT-UHFFFAOYSA-N
1732.0,CC1=C(C=CC(=C1)O)Cl,CFKMVGJGLGKFKI-UHFFFAOYSA-N
14782.0,O=[Cd],CXKCTMHTOKXKQT-UHFFFAOYSA-N
196.0,C(CCC(=O)O)CC(=O)O,WNLRTRBMVRJNCN-UHFFFAOYSA-N
12358480.0,C1[C@@H]2[C@@H]3[C@H]([C@H]1[C@H]4[C@@H]2O4)[C@@]5(C(=C([C@]3(C5(Cl)Cl)Cl)Cl)Cl)Cl,DFBKLUNHFCTMDC-GKRDHZSOSA-N
967.0,C1=C(NC(=O)NC1=O)C(=O)O,PXQPEWDEAKTCGB-UHFFFAOYSA-N
2950.0,C1=CC2=C(C(=C1)O)C(=O)C3=C(C2=O)C=CC=C3O,QBPFLULOKWLNNW-UHFFFAOYSA-N
14710.0,CC[N+]1=C2C=C(C=CC2=C3C=CC(=CC3=C1C4=CC=CC=C4)N)N.[Br-],ZMMJGEGLRURXTF-UHFFFAOYSA-N
6374.0,C(I)(I)I,OKJPEAGHQZHRQV-UHFFFAOYSA-N
9015.0,COC1=CC=C(C=C1)O,NWVVVBRKAWDGAB-UHFFFAOYSA-N
8400.0,C1=CC=C(C=C1)C(C(=O)C2=CC=CC=C2)O,ISAOCJYIOMOJEB-UHFFFAOYSA-N
7416.0,C1=CC=C(C=C1)[N+](=O)[O-],LQNUZADURLCDLV-UHFFFAOYSA-N
1549517.0,C=CCNC(=S)N,HTKFORQRBXIQHD-UHFFFAOYSA-N
5147.0,C1=CC=C(C(=C1)C(=O)N)O,SKZKKFZAGNVIMN-UHFFFAOYSA-N
12124.0,CC(=O)NC1=CC(=CC=C1)O,QLNWXBAGRTUKKI-UHFFFAOYSA-N
5281034.0,C[C@]12CC[C@H]3[C@H]([C@@H]1CC[C@]2(C)O)CC[C@@H]4[C@@]3(C/C(=C/O)/C(=O)C4)C,ICMWWNHDUZJFDW-DHODBPELSA-N
6537493.0,C[C@H]1CC[C@@H]2[C@H]([C@H]3[C@@H](N2C1)C[C@@H]4[C@@]3(CC[C@H]5[C@H]4CC=C6[C@@]5(CCC(C6)O[C@H]7[C@@H]([C@H]([C@H]([C@H](O7)CO)O)O[C@H]8[C@@H]([C@H]([C@@H]([C@H](O8)CO)O)O)O)O[C@@H]9[C@@H]([C@@H]([C@H]([C@@H](O9)C)O)O)O)C)C)C,ZGVSETXHNHBTRK-WWELWOLRSA-N
6597.0,C(C(=O)O)(Cl)Cl,JXTHNDFMNIQAHM-UHFFFAOYSA-N
3314.0,COC1=C(C=CC(=C1)CC=C)O,RRAFCDWBNXTKKO-UHFFFAOYSA-N
2662.0,CC1=CC=C(C=C1)C2=CC(=NN2C3=CC=C(C=C3)S(=O)(=O)N)C(F)(F)F,RZEKVGVHFLEQIL-UHFFFAOYSA-N
12749.0,CC1=NC=CN1,LXBGSDVWAMZHDD-UHFFFAOYSA-N
60934.0,CC(C)(C)NC(=O)[C@@H]1C[C@@H]2CCCC[C@@H]2CN1C[C@H]([C@H](CC3=CC=CC=C3)NC(=O)[C@H](CC(=O)N)NC(=O)C4=NC5=CC=CC=C5C=C4)O.CS(=O)(=O)O,IRHXGOXEBNJUSN-YOXDLBRISA-N
7338.0,CC=CC1=CC(=C(C=C1)O)OC,BJIOGJUNALELMI-UHFFFAOYSA-N
7703.0,CC=CC1=CC=C(C=C1)OC,RUVINXPYWBROJD-UHFFFAOYSA-N
5054.0,C1=CC(=CC(=C1)O)O,GHMLBKRAJCXXBS-UHFFFAOYSA-N
323.0,C1=CC=C2C(=C1)C=CC(=O)O2,ZYGHJZDHTFUPRJ-UHFFFAOYSA-N
1057.0,C1=CC(=C(C(=C1)O)O)O,WQGWDDDVZFFDIG-UHFFFAOYSA-N
637511.0,C1=CC=C(C=C1)/C=C/C=O,KJPRLNWUNMBNBZ-QPJJXVBHSA-N
3301.0,C(CN)N,PIICEJLVQHRZGT-UHFFFAOYSA-N
2723598.0,C1=CC=C2C(=C1)C(=C3C=CC=CC3=N2)N.O.Cl,OREJEGKBQBIJSJ-UHFFFAOYSA-N
148673.0,COC1=C(C=CC(=C1)NS(=O)(=O)C)NC2=C3C=CC=CC3=NC4=CC=CC=C42.Cl,WDISRLXRMMTXEV-UHFFFAOYSA-N
5991.0,C[C@]12CC[C@H]3[C@H]([C@@H]1CC[C@]2(C#C)O)CCC4=C3C=CC(=C4)O,BFPYWIDHMRZLRN-SLHNCBLASA-N
41375.0,CON=C(C1=CC=CO1)C(=O)N[C@H]2[C@@H]3N(C2=O)C(=C(CS3)COC(=O)N)C(=O)O,JFPVXVDWJQMJEE-QMTHXVAHSA-N
5455.0,CN(C)C(=S)SSC(=S)N(C)C,KUAZQDVKQLNFPE-UHFFFAOYSA-N
5284416.0,[Cl-].[Cl-].[Hg+2],LWJROJCJINYWOX-UHFFFAOYSA-L
7211.0,CCCC(C(CC)CO)O,RWLALWYNXFYRGW-UHFFFAOYSA-N
22571.0,CCCCC(CC)COC(=O)C(=C(C1=CC=CC=C1)C2=CC=CC=C2)C#N,FMJSMJQBSVNSBF-UHFFFAOYSA-N
5281.0,CCCCCCCCCCCCCCCCCC(=O)O,QIQXTHQIDYTFRH-UHFFFAOYSA-N
5541.0,CC(=O)OCC(COC(=O)C)OC(=O)C,URAYPUMNDPQOKB-UHFFFAOYSA-N
3282.0,CCOC1=CC=CC=C1C(=O)N,SBNKFTQSBPKMBZ-UHFFFAOYSA-N
3346.0,CC1=C(C=CC(=C1)OP(=S)(OC)OC)SC,PNVJTZOFSHSLTO-UHFFFAOYSA-N
667490.0,C1=NC2=C(N1)C(=S)N=CN2,GLVAUDGFNGKCSF-UHFFFAOYSA-N
6643.0,CCC(C)(C)C1=CC=C(C=C1)O,NRZWYNLTFLDQQX-UHFFFAOYSA-N
712.0,C=O,WSFSSNUMVMOOMR-UHFFFAOYSA-N
2758.0,CC1(C2CCC(O1)(CC2)C)C,WEEGYLXZBRQIMU-UHFFFAOYSA-N
5565.0,C(CNCCNCCN)N,VILCJCGEZXAXTO-UHFFFAOYSA-N
643460.0,C/C=C/C=C/C(=O)O,WSWCOQWTEOXDQX-MQQKCMAXSA-N
5971.0,C=CCN=C=S,ZOJBYZNEUISWFT-UHFFFAOYSA-N
8857.0,CCOC(=O)C,XEKOWRVHYACXOJ-UHFFFAOYSA-N
7835.0,C1C(O1)CCl,BRLQWZUYTZBJKN-UHFFFAOYSA-N
6264.0,C1=CC(=C(C=C1[N+](=O)[O-])[N+](=O)[O-])F,LOTKRQAVGJMPNV-UHFFFAOYSA-N
7573.0,CC(C)NC1=CC=C(C=C1)NC2=CC=CC=C2,OUBMGJOQLXMSNT-UHFFFAOYSA-N
5935.0,CN(CCCl)CCCl.Cl,QZIQJVCYUQZDIR-UHFFFAOYSA-N
2942.0,CN(C)N=NC1=C(NC=N1)C(=O)N,FDKXTQMXEQVLRF-UHFFFAOYSA-N
244.0,C1=CC=C(C=C1)CO,WVDDGKGOMKODPV-UHFFFAOYSA-N
5284469.0,C=C1C(C2(C(C(C1(C2(Cl)Cl)Cl)Cl)Cl)Cl)(CCl)CCl,OEJNXTAZZBRGDN-UHFFFAOYSA-N
8362.0,CC1CC(CC(C1)(C)C)OC(=O)C2=CC=CC=C2O,WSSJONWNBBTCMG-UHFFFAOYSA-N
122685.0,C1[C@H]([C@@H]([C@@H](C[C@]1(C(=O)O)OC(=O)C=CC2=CC(=C(C=C2)O)O)OC(=O)C=CC3=CC(=C(C=C3)O)O)O)O,YDDUMTOHNYZQPO-GCBRTHAASA-N
22985.0,[NH4+].[N+](=O)([O-])[O-],DVARTQFDIMZBAA-UHFFFAOYSA-O
108005.0,O.O.[O-][Cr](=O)(=O)O[Cr](=O)(=O)[O-].[Na+].[Na+],JYDRNIYTFCBIFC-UHFFFAOYSA-N
20055509.0,CN1[C@@H]2CC(C[C@H]1[C@H]3[C@@H]2O3)OC(=O)[C@H](CO)C4=CC=CC=C4.O.O.O.Br,LACQPOBCQQPVIT-CQPQIMGBSA-N
61444.0,O.O.O.O.O.O.O.[O-]S(=O)(=O)[O-].[Co+2],MEYVLGVRTYSQHI-UHFFFAOYSA-L
516919.0,OS(=O)(=O)[O-].[Na+],WBHQBSYUUJJSRZ-UHFFFAOYSA-M
3005837.0,C1=CC(=S)N(C=C1)[O-].C1=CC(=S)N(C=C1)[O-].[Zn+2],PICXIOQBANWBIZ-UHFFFAOYSA-N
9787.0,C[C@@]1(C(=O)N2[C@H](C(=O)N3CCC[C@H]3[C@@]2(O1)O)CC4=CC=CC=C4)NC(=O)[C@H]5CN([C@@H]6CC7=CNC8=CC=CC(=C78)C6=C5)C.C[C@@]1(C(=O)N2[C@H](C(=O)N3CCC[C@H]3[C@@]2(O1)O)CC4=CC=CC=C4)NC(=O)[C@H]5CN([C@@H]6CC7=CNC8=CC=CC(=C78)C6=C5)C.[C@@H]([C@H](C(=O)O)O)(C(=O)O)O,CJMJLDQKTOJACI-BGQAIRJTSA-N
15106.0,C1=CC=C2C(=C1)C=CC=C2NCCN.Cl.Cl,MZNYWPRCVDMOJG-UHFFFAOYSA-N
9280.0,COC(=O)C(C1CCCCN1)C2=CC=CC=C2.Cl,JUMYIBMBTDDLNG-UHFFFAOYSA-N
25150753.0,C[NH+](C)CCC(C1=CC=CC=C1)C2=CC=CC=[NH+]2.C(=C\C(=O)[O-])\C(=O)[O-],SSOXZAQUVINQSA-BTJKTKAUSA-N
6435801.0,C1CN(C[C@@H](N1)C(=O)O)C/C=C/P(=O)(O)O,VZXMZMJSGLFKQI-ABVWVHJUSA-N
60910.0,COP(=O)(C(C1=CC=C(C=C1)Cl)OP(=O)(OC)OC)OC,VQHUQHAPWMNBLP-UHFFFAOYSA-N
6436135.0,CCC(CC)(CC(=O)NC1=CC=CC(=C1)/C=C/C2=NC(=CS2)C3CCC3)C(=O)O,BZMKNPGKXJAIDV-VAWYXSNFSA-N
65399.0,CN1C2=NC=NC3=C2C(=CN3[C@H]4[C@@H]([C@@H]([C@H](O4)CO)O)O)C(=N1)N,HOGVTUZUJGHKPL-HTVVRFAVSA-N
57364.0,C1CN(CC=C1C2=CC=CC=C2)CCCCC3=CNC4=C3C=C(C=C4)C(=O)O,AFSOIHMEOKEZJF-UHFFFAOYSA-N
60703.0,C1CN(CCC1CC2=CC=C(C=C2)F)CC(C3=CC=C(C=C3)Cl)O,GGUSQTSTQSHJAH-UHFFFAOYSA-N
3045335.0,CN(CCCN1CCC2=CC(=C(C=C2CC1=O)OC)OC)CCC3=CC(=C(C=C3)OC)OC.Cl,ZRNKXJHEQKMWCH-UHFFFAOYSA-N
5280360.0,CCCCC[C@@H](/C=C/[C@H]1[C@@H](CC(=O)[C@@H]1C/C=C\CCCC(=O)O)O)O,XEYBRNLFEZDVAW-ARSRFYASSA-N
107930.0,CN1CCC2=CC(=C(C=C2[C@@H]3[C@@H]1CCC4=CC=CC=C34)O)Cl,DMJWENQHWZZWDF-PKOBYXMFSA-N
60196272.0,COC1=C(C=C(C=C1)S(=O)(=O)N2[C@@H]([C@@](C3=C2C=CC(=C3)Cl)(C4=CC=CC=C4Cl)O)C(=O)N5CCC[C@@H]5C(=O)N)OC,CEBYCSRFKCEUSW-OKEQGEBHSA-N
63009.0,CN[C@H]1CC[C@H](C2=CC=CC=C12)C3=CC(=C(C=C3)Cl)Cl.Cl,BLFQGGGGFNSJKA-XHXSRVRCSA-N
6291.0,C[C@]12CC[C@H]3[C@H]([C@@H]1CC[C@]2(C#C)O)CCC4=C3C=CC(=C4)OC,IMSSROKUHAOUJS-MJCUULBUSA-N
37768.0,C1[C@@H]([C@H]([C@@H]([C@H]([C@@H]1NC(=O)[C@H](CCN)O)O[C@@H]2[C@@H]([C@H]([C@@H]([C@H](O2)CO)O)N)O)O)O[C@@H]3[C@@H]([C@H]([C@@H]([C@H](O3)CN)O)O)O)N,LKCWBDHBTVXHDL-RMDFUYIESA-N
936.0,C1=CC(=CN=C1)C(=O)N,DFPAKSUCGFBDDF-UHFFFAOYSA-N
6253.0,C1=CN(C(=O)N=C1N)[C@H]2[C@H]([C@@H]([C@H](O2)CO)O)O,UHDGCWIWMRVCDJ-CCXZUQQUSA-N
7389.0,C1=CC(=CC=C1N)[As](=O)(O)O,XKNKHVGWJDPIRJ-UHFFFAOYSA-N
9060.0,C1=CC=C2C(=C1)C(=CN2)C[C@H](C(=O)O)N,QIVBCDIJIAJPQS-SECBINFHSA-N
71417.0,CCN(CC)CCNC(=O)C1=CC=C(C=C1)NC(=O)C.Cl,IYEWBJUCJHKLHD-UHFFFAOYSA-N
51763.0,C1CN=C(N1)NC2=C(C=C(C=C2Cl)N)Cl.Cl,OTQYGBJVDRBCHC-UHFFFAOYSA-N
73334.0,CCNC(=O)N1CCN(CC1)CCCC(C2=CC=C(C=C2)F)C3=CC=C(C=C3)F.Cl,OEQHKNWFXHBJIT-UHFFFAOYSA-N
80302.0,C(CN)C#N.C(CN)C#N.C(=CC(=O)O)C(=O)O,NYMXYZMHOZAPHQ-UHFFFAOYSA-N
71587.0,C1CN(CCN1CCCN2C3=CC=CC=C3C=CC4=CC=CC=C42)CCO.Cl.Cl,DLTOEESOSYKJBK-UHFFFAOYSA-N
180559.0,CC(C)NC[C@H](COC1=CC=C(C=C1)CC(=O)N)O,METKIMKYRPQLGS-GFCCVEGCSA-N
446727.0,C1[C@@H]([C@H](O[C@H]1N2C=C(C(=O)NC2=O)/C=C/Br)CO)O,ODZBBRURCPAEIQ-PIXDULNESA-N
169743.0,CCN1CCC2=C(CC1)OC(=N2)N.Cl.Cl,HBLPYIOKPJVFQW-UHFFFAOYSA-N
37460.0,CC(C)(C)[C@]1(CCN2C[C@@H]3C4=CC=CC=C4CCC5=C3C(=CC=C5)[C@H]2C1)O.Cl,QZRUMKUMFJJARD-OMMJFLKZSA-N
60196273.0,C1CN=C(N1)C2=CC3=CC=CC=C3C=C2.C(=O)(C(=O)O)O,LSGXLXVKKUXDTD-UHFFFAOYSA-N
60196274.0,CC(C)C[C@H](C(=O)O)NC(=O)[C@H]([C@@H](CC1=CC=CC=C1)N)O.Cl,XGDFITZJGKUSDK-NNNATCHMSA-N
36605.0,C[N+](C)(C)CCOP(=O)([O-])OP(=O)([O-])OC[C@@H]1[C@H]([C@H]([C@@H](O1)N2C=CC(=NC2=O)N)O)O.[Na+],YWAFNFGRBBBSPD-OCMLZEEQSA-M
854019.0,CN1[C@@H](CCC1=O)C2=CN=CC=C2,UIKROCXWUNQSPJ-VIFPVBQESA-N
60839.0,CCC1=CC(=CC=C1)N(C)C(=NC2=CC=CC3=CC=CC=C32)N.Cl,CKAKVKWRMCAYJD-UHFFFAOYSA-N
10131132.0,COC(=O)[C@H](CC1=CC(=C(C=C1)O)O)N.Cl,WFGNJLMSYIJWII-FJXQXJEOSA-N
5881.0,C[C@]12CC[C@H]3[C@H]([C@@H]1CCC2=O)CC=C4[C@@]3(CC[C@@H](C4)O)C,FMGSKLZLMKYGDP-USOAJAOKSA-N
23694217.0,C[C@]12CC[C@H]3[C@H]([C@@H]1CCC2=O)CC=C4[C@@]3(CC[C@@H](C4)OS(=O)(=O)[O-])C.O.O.[Na+],NLNMKDUYGPNWAO-OXNWJOIVSA-M
441361.0,C(CC(C(F)F)(C(=O)O)N)CN.O.Cl,FJPAMFNRCFEGSD-UHFFFAOYSA-N
1392.0,CCCCCCCCCCCCCCCCCCOCC(COP(=O)([O-])OCC[N+](C)(C)C)OC,MHFRGQHAERHWKZ-UHFFFAOYSA-N
37274.0,CCN1C2=NC=C(C(=C2C=N1)NN=C(C)C)C(=O)OCC.Cl,GQJUGJHJUZSJLZ-UHFFFAOYSA-N
3058739.0,CCCCCCCCCCCCCCC[C@@H]([C@H](CO)N)O,OTKJDMGTUTTYMP-ROUUACIJSA-N
5983.0,C[C@@]12CCN([C@@H]1N(C3=C2C=C(C=C3)OC(=O)NC)C)C,PIJVFDBKTWXHHD-HIFRSBDPSA-N
198015.0,CC(CC1=CC(=CC=C1)C(F)(F)F)NCCOC(=O)C2=CC=CC=C2.Cl,NLOALSPYZIIXEO-UHFFFAOYSA-N
443311.0,CN(C)C1=NC=NC2=C1N=CN2[C@H]3[C@@H]([C@@H]([C@H](O3)CO)NC(=O)[C@H](CC4=CC=C(C=C4)OC)N)O.Cl.Cl,MKSVFGKWZLUTTO-FZFAUISWSA-N
6917728.0,CCC1=CC(=C(C(=C1O)C(=O)NC[C@@H]2CCCN2CC)OC)Cl.Cl,HFJFXXDHVWLIKX-YDALLXLXSA-N
68626.0,C1CN(CCC12CNC(=O)O2)CCC3=CC=CC=C3.Cl,FIKFLLIUPUVONI-UHFFFAOYSA-N
18343.0,C[C@@H]1[C@H]([C@H]([C@@H](O1)N2C=C(C(=O)NC2=O)F)O)O,ZWAOHEXOSAUJHY-ZIYNGMLESA-N
6435335.0,CCOC(=O)NC1=C(N=C(C=C1)NCC2=CC=C(C=C2)F)N.C(=C\C(=O)O)\C(=O)O,DPYIXBFZUMCMJM-BTJKTKAUSA-N
6238.0,CC(=O)[C@]1(CC[C@@H]2[C@@]1(CC[C@H]3[C@H]2CCC4=CC(=O)CC[C@]34C)C)O,DBPWSSGDRRHUNT-CEGNMAFCSA-N
66091.0,C1=C(NC=N1)C[C@@H](C(=O)O)N.Cl,QZNNVYOVQUKYSC-JEDNCBNOSA-N
16738693.0,CC(C)[N+]1([C@@H]2CC[C@H]1CC(C2)OC(=O)C(CO)C3=CC=CC=C3)C.O.[Br-],KEWHKYJURDBRMN-XFQAGIBXSA-M
636362.0,C[C@H]1[C@H]([C@H](C[C@@H](O1)O[C@H]2C[C@@](CC3=C2C(=C4C(=C3O)C(=O)C5=CC=CC=C5C4=O)O)(C(=O)C)O)N)O.Cl,JVHPTYWUBOQMBP-RVFAQHLVSA-N
11957572.0,C1=CC(=CC(=C1)I)CN=C(N)N.C1=CC(=CC(=C1)I)CN=C(N)N.OS(=O)(=O)O,XNACDNPGABUBFR-UHFFFAOYSA-N
10314472.0,CN[C@@H]1C[C@H](C2=CC=CC=C12)C3=CC(=C(C=C3)Cl)Cl.Cl,QICQDZXGZOVTEF-MELYUZJYSA-N
55305.0,CC(C)NC(C)CC1=CC=C(C=C1)I.Cl,AFLDFEASYWNJGX-UHFFFAOYSA-N
23704140.0,CC1=CC(=C(C(=C1)C(=O)N2CCC3(CCCC3)CC2)NC(=O)C[C@H](CC(=O)[O-])C4=CC=CC5=CC=CC=C54)C.[Na+],POCBIGAWFDIUCL-VQIWEWKSSA-M
656630.0,C[C@@H]1[C@H]([C@H](C[C@@H](O1)O[C@H]2CC[C@]3([C@@H](C2)CC[C@@H]4[C@@H]3C[C@H]([C@]5([C@@]4(CC[C@@H]5C6=CC(=O)OC6)O)C)O)C)O)O[C@H]7C[C@@H]([C@@H]([C@H](O7)C)O[C@H]8C[C@@H]([C@@H]([C@H](O8)C)O[C@H]9[C@@H]([C@H]([C@@H]([C@H](O9)CO)O)O)O)OC(=O)C)O,JAYAGJDXJIDEKI-PTGWOZRBSA-N
11957593.0,CC1=CNN=C1.Cl,PUCXJHNDMYZOHG-UHFFFAOYSA-N
104762.0,C1=NC(=C(N1[C@H]2[C@@H]([C@@H]([C@H](O2)CO)O)O)O)C(=O)N,HZQDCMWJEBCWBR-UUOKFMHZSA-N
28767.0,CN(CCCOC1=C(C=C(C=C1)Cl)Cl)CC#C.Cl,BBAZDLONIUABKI-UHFFFAOYSA-N
60662.0,CC(C)[C@H]1C2=C(CC[C@@]1(CCN(C)CCCC3=NC4=CC=CC=C4N3)OC(=O)COC)C=C(C=C2)F.Cl.Cl,MTJLQTFHJIHXIX-GDUXWEAWSA-N
9082.0,C(CS)N.Cl,OGMADIBCHLQMIP-UHFFFAOYSA-N
135242.0,CC(=O)O.CN=C(N)NCCC[C@@H](C(=O)O)N,IKPNWIGTWUZCKM-JEDNCBNOSA-N
6433339.0,CC[N+](CC)(CC)CCOC1=CC=C(C=C1)/C=C/C2=CC=CC=C2.[I-],RDTKUZXIHMTSJO-UEIGIMKUSA-M
57333099.0,C[C@@H]([C@@H](C1=C(C=CC(=C1)OC)OC)O)N.Cl,YGRFXPCHZBRUKP-WJRQTEJMSA-N
21467.0,CC1=C(C(=CC=C1)C)OCC(C)N.Cl,NFEIBWMZVIVJLQ-UHFFFAOYSA-N
54685925.0,CN(C)[C@H]1[C@@H]2C[C@@H]3CC4=C(C=CC(=C4C(=C3C(=O)[C@@]2(C(=C(C1=O)C(=O)N)O)O)O)O)N(C)C.Cl,WTJXVDPDEQKTCV-VQAITOIOSA-N
6420042.0,C[C@@]12C3=CC=CC=C3C[C@@H](N1)C4=CC=CC=C24.C(=C\C(=O)O)\C(=O)O,QLTXKCWMEZIHBJ-PJGJYSAQSA-N
16219744.0,C1=CC(=CC=C1C(/C=C/C(=O)[O-])O)Cl.O.[Na+],NZFKWKOBJBRWMV-TXOOBNKBSA-M
441350.0,C[C@](CC1=CC=C(C=C1)O)(C(=O)O)N,NHTGHBARYWONDQ-JTQLQIEISA-N
3074827.0,CC1(CCC(CC1)NC(=O)[C@H](CCC(=O)O)N)C,VCRGLZYPNNAVRP-JTQLQIEISA-N
11079.0,C1CN=C(N1)CC2=CC=CC3=CC=CC=C32.Cl,DJDFFEBSKJCGHC-UHFFFAOYSA-N
8667.0,CN(C)CCN(CC1=CC=CS1)C2=CC=CC=N2.Cl,BONORRGKLJBGRV-UHFFFAOYSA-N
84605.0,CNC(=O)OCC[N+](C)(C)C.[Cl-],RPJDIXRPQHHJFC-UHFFFAOYSA-N
5358907.0,CN1CC(C2=C(C1)C(=CC=C2)N)C3=CC=CC=C3.C(=C\C(=O)O)\C(=O)O,GEOCVSMCLVIOEV-BTJKTKAUSA-N
11957654.0,CN1CCN(CC1)C2CC3=CC=CC=C3SC4=C2C=C(C=C4)Cl.C(=C\C(=O)O)\C(=O)O,GWKBZIADWSOIQV-BTJKTKAUSA-N
65341.0,CCCC(C1=CC=CC=C1)(C2=CC=CC=C2)C(=O)OCCN(CC)CC.Cl,FHIKZROVIDCMJA-UHFFFAOYSA-N
5281064.0,CC(C)NCC(COC1=CC=C(C=C1)COCCOC(C)C)O.CC(C)NCC(COC1=CC=C(C=C1)COCCOC(C)C)O.C(=C/C(=O)O)\C(=O)O,VMDFASMUILANOL-WXXKFALUSA-N
135418296.0,C[C@@H]1C(=O)NC2=NC3=C(CN12)C(=CC=C3)Cl,BHZFZYLBVSWUMT-ZCFIWIBFSA-N
202477.0,CCCN1CCC[C@@H](C1)C2=CC(=CC=C2)O.Cl,NRHUDETYKUBQJT-ZOWNYOTGSA-N
9279.0,CC(C)[N+](C)(CCOC(=O)C1C2=CC=CC=C2OC3=CC=CC=C13)C(C)C.[Br-],XLBIBBZXLMYSFF-UHFFFAOYSA-M
7550.0,C[N+]1=CC=CC(=C1)OC(=O)N(C)C.[Br-],VNYBTNPBYXSMOO-UHFFFAOYSA-M
66245.0,CC(C)NCC(C1=CC=C(C=C1)NS(=O)(=O)C)O.Cl,VIDRYROWYFWGSY-UHFFFAOYSA-N
22475.0,C[N+](C)(C)CCOC(=O)CCC(=O)OCC[N+](C)(C)C.[Cl-].[Cl-],YOEWQQVKRJEPAE-UHFFFAOYSA-L
71077.0,C([C@H](C(=O)O)N)O,MTCFGRXMJLQNBG-UWTATZPHSA-N
56801.0,C1=CC=C(C=C1)CCCCOCCCCCCNCC(C2=CC(=C(C=C2)O)CO)O.C1=CC=C2C(=C1)C=CC(=C2O)C(=O)O,XTZNCVSCVHTPAI-UHFFFAOYSA-N
123015.0,CC1=CC(=C(N1)C=C2C3=CC=CC=C3NC2=O)C,WUWDLXZGHZSWQZ-UHFFFAOYSA-N
5311064.0,COC1=C(C=C(C=C1)CCNC[C@@H](C2=CC=C(C=C2)O)O)OC,VHSBBVZJABQOSG-INIZCTEOSA-N
9899402.0,COC1=CC=CC=C1N2CCNCC2.Cl,DDMVHGULHRJOEC-UHFFFAOYSA-N
66007.0,C1CCC(CC1)C(CCN2CCCCC2)(C3=CC=CC=C3)O.Cl,QDWJJTJNXAKQKD-UHFFFAOYSA-N
6434250.0,CN1CCC2=CC(=C(C=C2[C@H](C1)C3=CC=CC=C3)OC)OC.C(=C\C(=O)O)\C(=O)O,TYNKKGLBKXZIHX-XLOMBBFOSA-N
66069.0,CN(C)CCCN1C2=CC=CC=C2SC3=C1C=C(C=C3)C(F)(F)F.Cl,FTNWXGFYRHWUKG-UHFFFAOYSA-N
5702285.0,CC(C)(C)NCC(C1=CC=CC=C1Cl)O.Cl,RSLNRVYIRDVHLY-UHFFFAOYSA-N
11957707.0,CN1C=CC2=CC3=C(CCN3C(=O)NC4=CN=CC=C4)C=C21.Cl,VGEMBOFBPSNOIO-UHFFFAOYSA-N
3060974.0,CC1=CC(=C(C(=C1)C)N=C2C=C3C4=CC(=C(C=C4CCN3C(=O)N2C)OC)OC)C.Cl,DTCZZBVPTHVXFA-UHFFFAOYSA-N
73093.0,CC1=CC=C(C=C1)S(=O)(=O)N[C@@H](CCCCN)C(=O)CCl.Cl,YFCUZWYIPBUQBD-ZOWNYOTGSA-N
5946.0,CC[N+](CC)(CC)CC.[Cl-],YMBCJWGVCUEGHA-UHFFFAOYSA-M
27944.0,C1CSC2=N[C@H](CN21)C3=CC=CC=C3.Cl,LAZPBGZRMVRFKY-HNCPQSOCSA-N
443951.0,CCN(CC)C(=O)N[C@H]1C[C@H]2[C@@H](CC3=CNC4=CC=CC2=C34)N(C1)C,JOAHPSVPXZTVEP-YXJHDRRASA-N
11647992.0,C1CN(CCC1(C2=CC(=CC=C2)C(F)(F)F)O)CCCC(=O)C3=CC=C(C=C3)F.Cl,VYGQXRZAHIZHQV-UHFFFAOYSA-N
11957725.0,C1CCN(CC1)CC2=CC(=CC=C2)OCCCNC3=NC4=CC=CC=C4S3.C(=C\C(=O)O)\C(=O)O.C(=C\C(=O)O)\C(=O)O,IECBEVAUEBZJCF-SPIKMXEPSA-N
167980.0,CN1C(=CC(=O)N(C1=O)C)NCCCN2CCN(CC2)C3=CC=CC=C3OC.Cl,KTMLZVUAXJERAT-UHFFFAOYSA-N
115227.0,CC1=C(C=C(C(=O)N1)C#N)C2=CN3C=CN=C3C=C2.Cl,PWTBMBAQRAOAFF-UHFFFAOYSA-N
90479420.0,C[N+]1([C@@H]2CC[C@H]1CC(C2)OC(=O)C3=CNC4=CC=CC=C43)C.[I-],FAVUCMGCKDICCE-LIWIJTDLSA-N
6420041.0,CN(C)C/C=C(/C1=CC=C(C=C1)Br)\C2=CN=CC=C2.O.Cl.Cl,WFUAVXYXJOQWAZ-GVKRCPFFSA-N
2871.0,CCOP(=S)(OCC)OC1=CC2=C(C=C1)C(=C(C(=O)O2)Cl)C,BXNANOICGRISHX-UHFFFAOYSA-N
5216.0,CCNC1=NC(=NC(=N1)Cl)NCC,ODCWYMIRDDJXKW-UHFFFAOYSA-N
3120.0,CN(C)C(=O)NC1=CC(=C(C=C1)Cl)Cl,XMTQQYYKAHVGBJ-UHFFFAOYSA-N
4685.0,C1=CC(=CC=C1Cl)Cl,OCJBOOLMMGQPQU-UHFFFAOYSA-N
727.0,C1(C(C(C(C(C1Cl)Cl)Cl)Cl)Cl)Cl,JLYXXMFPNIAWKQ-UHFFFAOYSA-N
9920327.0,CC[C@H](C)[C@@H]1[C@H](C=C[C@@]2(O1)C[C@@H]3C[C@H](O2)C/C=C(/[C@H]([C@H](/C=C/C=C/4\CO[C@H]5[C@@]4([C@@H](C=C([C@H]5O)C)C(=O)O3)O)C)O[C@H]6C[C@@H]([C@H]([C@@H](O6)C)O[C@H]7C[C@@H]([C@H]([C@@H](O7)C)O)OC)OC)\C)C.C[C@H]1/C=C/C=C/2\CO[C@H]3[C@@]2([C@@H](C=C([C@H]3O)C)C(=O)O[C@H]4C[C@@H](C/C=C(/[C@H]1O[C@H]5C[C@@H]([C@H]([C@@H](O5)C)O[C@H]6C[C@@H]([C@H]([C@@H](O6)C)O)OC)OC)\C)O[C@]7(C4)C=C[C@@H]([C@H](O7)C(C)C)C)O,IBSREHMXUMOFBB-JFUDTMANSA-N
2075.0,C1=CC(=C(C=C1[N+](=O)[O-])Cl)C(=O)N,GFGSZUNNBQXGMK-UHFFFAOYSA-N
4767.0,CC(=CC1C(C1(C)C)C(=O)OCC2=CC(=CC=C2)OC3=CC=CC=C3)C,SBNFWQZLDJGRLK-UHFFFAOYSA-N
86287518.0,C1CN(/C(=N/[N+](=O)[O-])/N1)CC2=CN=C(C=C2)Cl,YWTYJOPNNQFBPC-UHFFFAOYSA-N
36324.0,CC1=CC(=C(C=C1)N=CN(C)C=NC2=C(C=C(C=C2)C)C)C,QXAITBQSYVNQDR-UHFFFAOYSA-N
3352.0,C1=C(C=C(C(=C1Cl)N2C(=C(C(=N2)C#N)S(=O)C(F)(F)F)N)Cl)C(F)(F)F,ZOCSXAVNDGMNBV-UHFFFAOYSA-N
179336.0,C[C@@H]1CCC2[C@H]([C@H](O[C@H]3[C@@]24[C@H]1CC[C@](O3)(OO4)C)O)C,BJDCWCLMFKKGEE-FTRRWEDQSA-N
1990.0,CC(=O)NO,RRUDCFGSUDOHDG-UHFFFAOYSA-N
33613.0,CC1([C@@H](N2[C@H](S1)[C@@H](C2=O)NC(=O)[C@@H](C3=CC=C(C=C3)O)N)C(=O)O)C,LSQZJLSUYDQPKJ-NJBDSQKTSA-N
1201549.0,CN1[C@@H]2CC[C@H]1CC(C2)OC(C3=CC=CC=C3)C4=CC=CC=C4,GIJXKZJWITVLHI-YOFSQIOKSA-N
20933.0,CC1([C@@H](N2[C@H](S1)[C@@H](C2=O)NC(=O)C(C3=CC=CC=C3)C(=O)[O-])C(=O)[O-])C.[Na+].[Na+],RTYJTGSCYUUYAL-YCAHSCEMSA-L
2723.0,CC1=CC(=CC(=C1Cl)C)O,OSDLLIBGSJNGJE-UHFFFAOYSA-N
44585614.0,CCC(C)CCCCC(=O)NCC[C@H]1C(=O)N[C@H](C(=O)N[C@H](C(=O)N[C@H](C(=O)N[C@H](C(=O)N[C@H](C(=O)N[C@H](C(=O)N[C@H](C(=O)N1)CC(C)C)CCN)CC(C)C)CCN)CCN)CCN)[C@@H](C)O,RPABDKTXMKOGKI-OYTUFZPASA-N
3023.0,C1=CC=C2C(=C1)C3=CC=CC=C3S2,IYYZUPMFVPLQIF-UHFFFAOYSA-N
21653.0,C[C@H]1[C@@]([C@H]([C@@H](O1)O[C@@H]2[C@H]([C@@H]([C@H]([C@@H]([C@H]2O)O)N=C(N)N)O)N=C(N)N)O[C@H]3[C@H]([C@@H]([C@H]([C@@H](O3)CO)O)O)NC)(CO)O.C[C@H]1[C@@]([C@H]([C@@H](O1)O[C@@H]2[C@H]([C@@H]([C@H]([C@@H]([C@H]2O)O)N=C(N)N)O)N=C(N)N)O[C@H]3[C@H]([C@@H]([C@H]([C@@H](O3)CO)O)O)NC)(CO)O.OS(=O)(=O)O.OS(=O)(=O)O.OS(=O)(=O)O,CZWJCQXZZJHHRH-YCRXJPFRSA-N
65326.0,C[C@@H]([C@@H](C1=CC=CC=C1)O)NC.Cl,BALXUFOVQVENIU-GNAZCLTHSA-N
12560.0,CC[C@@H]1[C@@]([C@@H]([C@H](C(=O)[C@@H](C[C@@]([C@@H]([C@H]([C@@H]([C@H](C(=O)O1)C)O[C@H]2C[C@@]([C@H]([C@@H](O2)C)O)(C)OC)C)O[C@H]3[C@@H]([C@H](C[C@H](O3)C)N(C)C)O)(C)O)C)C)O)(C)O,ULGZDMOVFRHVEP-RWJQBGPGSA-N
13791.0,CCCCC(=O)O[C@H]1CC[C@@H]2[C@@]1(CC[C@H]3[C@H]2CCC4=C3C=CC(=C4)O)C,RSEPBGGWRJCQGY-RBRWEJTLSA-N
102428.0,CC1CC(CC(N1C)(C)C)OC(=O)C(C2=CC=CC=C2)O.Cl,VWENUKHWZBZSLW-UHFFFAOYSA-N
2723635.0,C([C@@H]1[C@H]([C@@H]([C@H](C(O1)O)N)O)O)O.Cl,QKPLRMLTKYXDST-NSEZLWDYSA-N
23702555.0,CC1([C@@H](N2[C@H](S1)[C@@H](C2=O)N3C(=O)C(NC3(C)C)C4=CC=CC=C4)C(=O)[O-])C.[K+],QRSPJBLLJXVPDD-CFXUUZMDSA-M
3718.0,CC(C1=CC=C(C=C1)N2CC3=CC=CC=C3C2=O)C(=O)O,RJMIEHBSYVWVIN-UHFFFAOYSA-N
6883.0,C1[C@H]([C@@H]2[C@H](O1)[C@H](CO2)O[N+](=O)[O-])O[N+](=O)[O-],MOYKHGMNXAOIAT-JGWLITMVSA-N
11333.0,C([C@@H]1[C@@H]([C@@H]([C@H]([C@@H](O1)O[C@@H]2[C@H](O[C@@]([C@H]2O)(CO)O)CO)O)O)O)O,JCQLYHFGKNRPGE-FCVZTGTOSA-N
6279.0,C[C@H]1C[C@@H]2[C@H](CC[C@]3([C@H]2CC[C@@]3(C(=O)C)OC(=O)C)C)[C@@]4(C1=CC(=O)CC4)C,PSGAAPLEWMOORI-PEINSRQWSA-N
23678596.0,CC1([C@@H](N2[C@H](S1)[C@@H](C2=O)NC(=O)C3=C(C=CC=C3OC)OC)C(=O)[O-])C.O.[Na+],NRZPASQBOYNGHR-HWROMZCQSA-M
4511.0,C1=C(C=C(C=C1[N+](=O)[O-])[N+](=O)[O-])C(=O)N,UUKWKUSGGZNXGA-UHFFFAOYSA-N
6230.0,C[C@]12CC[C@H]3[C@H]([C@@H]1CC[C@]2(C#C)O)CCC4=CC(=O)CC[C@H]34,VIKNJXKGJWUCNN-XGXHKTLJSA-N
83823.0,CC1=CC=CC=C1C(C2=CC=CC=C2)OCCN(C)C.C(C(=O)O)C(CC(=O)O)(C(=O)O)O,MMMNTDFSPSQXJP-UHFFFAOYSA-N
160157.0,C1=C(C(=CC(=C1O)O)O)CCN.Cl,QLMRJHFAGVFUAC-UHFFFAOYSA-N
28523.0,C[C@H]1CC[C@]2([C@H]([C@H]3[C@@H](O2)C[C@@H]4[C@@]3(CC[C@H]5[C@H]4CC[C@@H]6[C@@]5(CC[C@@H](C6)O[C@H]7[C@@H]([C@H]([C@H]([C@H](O7)CO)O[C@H]8[C@@H]([C@H]([C@@H]([C@H](O8)CO)O)O[C@H]9[C@@H]([C@H]([C@@H](CO9)O)O)O)O[C@H]2[C@@H]([C@H]([C@@H]([C@H](O2)CO)O)O)O)O)O)C)C)C)NC1,REJLGAUYTKNVJM-SGXCCWNXSA-N
4753.0,C1=CC=C(C=C1)CC(=O)NC(=O)N,XPFRXWCVYUEORT-UHFFFAOYSA-N
5755.0,C[C@]12C[C@@H]([C@H]3[C@H]([C@@H]1CC[C@@]2(C(=O)CO)O)CCC4=CC(=O)C=C[C@]34C)O,OIGNJSKKLXVSLS-VWUMJDOOSA-N
5834.0,CC(=O)OCC(=O)[C@]1(CC[C@@H]2[C@@]1(C[C@@H]([C@H]3[C@H]2CCC4=CC(=O)C=C[C@]34C)O)C)O,LRJOMUJRLNCICJ-JZYPGELDSA-N
135398735.0,C[C@H]1/C=C/C=C(\C(=O)NC2=C(C(=C3C(=C2O)C(=C(C4=C3C(=O)[C@](O4)(O/C=C/[C@@H]([C@H]([C@H]([C@@H]([C@@H]([C@@H]([C@H]1O)C)O)C)OC(=O)C)C)OC)C)C)O)O)/C=N/N5CCN(CC5)C)/C,JQXXHWHPUNPDRT-WLSIYKJHSA-N
5146.0,C1=CC=C(C(=C1)CO)O,CQRYARSYNCAZFO-UHFFFAOYSA-N
16684434.0,CC[Hg]SC1=CC=CC=C1C(=O)[O-].[Na+],RTKIYNMVFMVABJ-UHFFFAOYSA-L
31307.0,C[C@]12C[C@@H]([C@]3([C@H]([C@@H]1C[C@H]([C@@]2(C(=O)CO)O)O)CCC4=CC(=O)C=C[C@@]43C)F)O,GFNANZIMVAIWHM-OBYCQNJPSA-N
44134533.0,CCCCCC(C)N.CCCCCC(C)N.OS(=O)(=O)O,XKUUMWKWUZRRPD-UHFFFAOYSA-N
452550.0,CC(C)C[C@H]1C(=O)N[C@@H](C(=O)N2CCC[C@H]2C(=O)N[C@H](C(=O)N[C@@H](C(=O)[C@@H](NC(=O)[C@@H](N[C@H](C(=O)N[C@H](C(=O)N[C@H](C(=O)N1)CCCN)C(C)C)CC3=CC=C(C=C3)O)CCC(=O)O)CC(=O)N)CC4=CC=CC=C4)CC5=CC=CC=C5)CC6=CC=CC=C6,NLJVXZFCYKWXLH-DXTIXLATSA-N
73357.0,CC(C)C[C@H]1C(=O)N[C@@H](C(=O)N2CCC[C@H]2C(=O)N[C@H](C(=O)N[C@H](C(=O)N[C@H](C(=O)N[C@@H](C(=O)N3CCC[C@H]3C(=O)N[C@H](C(=O)N[C@H](C(=O)N1)CCCN)C(C)C)CC4=CC=CC=C4)CC(C)C)CCCN)C(C)C)CC5=CC=CC=C5,IUAYMJGZBVDSGL-XNNAEKOYSA-N
7347.0,CN(C)C(=S)SC(=S)N(C)C,REQPQFUJGGOFQL-UHFFFAOYSA-N
1985.0,CC(=O)NC1=C(C=CC(=C1)[As](=O)(O)O)O,ODFJOVXVLFUVNQ-UHFFFAOYSA-N
53393742.0,C[N+]1=C2C=C(C=CC2=CC3=C1C=C(C=C3)N)N.C1=CC(=CC2=NC3=C(C=CC(=C3)N)C=C21)N.Cl.Cl.Cl.[Cl-],VWXAJKFSYJFBIW-UHFFFAOYSA-N
2453.0,C1=CC2=C(C(=C(C=C2Br)Br)O)N=C1,ZDASUJMDVPTNTF-UHFFFAOYSA-N
9794197.0,C[N+](C)(C)CC(CC(=O)[O-])O.Cl,JXXCENBLGFBQJM-UHFFFAOYSA-N
3362.0,CCC(=O)C1=C(C=C(C=C1O)O)O,PTHLEKANMPKYDB-UHFFFAOYSA-N
5702132.0,CC(C)NNC(=O)C1=CC=NC=C1.OS(=O)(=O)O,FYEMNIIBXSJOLP-UHFFFAOYSA-N
15376.0,CC[C@@]12CCCN3[C@@H]1C4=C(CC3)C5=CC=CC=C5N4[C@](C2)(C(=O)OC)O,RXPRRQLKFXBCSJ-GIVPXCGWSA-N
1738118.0,CC(=O)N[C@@H](C=O)[C@H]([C@@H]([C@@H](CO)O)O)O,MBLBDJOUHNCFQT-LXGUWJNJSA-N
60196279.0,C1=CC=C2C(=C1)C(=O)OC23C4C=C(C(=O)C=C4OC5=C3C=C(C(=C5)O)CN(CC(=O)O)CC(=O)O)CN(CC(=O)O)CC(=O)O,VTCREYDLZYKOEO-UHFFFAOYSA-N
3723.0,CC(=O)NCC1=C(C(=C(C(=C1I)NC(=O)C)I)C(=O)O)I,VVDGWALACJEJKG-UHFFFAOYSA-N
2122.0,C=CCSCC1NC2=CC(=C(C=C2S(=O)(=O)N1)S(=O)(=O)N)Cl,VGLGVJVUHYTIIU-UHFFFAOYSA-N
6855.0,C1=CC=C(C=C1)C(=O)OC2=CC=CC3=C2N=CC=C3,BHKPHCKISVSDGV-UHFFFAOYSA-N
190.0,C1=NC2=NC=NC(=C2N1)N,GFFGJBXGBJISGV-UHFFFAOYSA-N
442021.0,COC1=C(C=C2C(=C1)[C@]34CCN5[C@H]3C[C@@H]6[C@@H]7[C@@H]4N2C(=O)C[C@@H]7OCC=C6C5)OC,RRKTZKIUPZVBMF-IBTVXLQLSA-N
92806.0,CCN(CC)CCOC(=O)C(C1CCCCC1)C2=CC=CC=C2.Cl,WIELVDXKOYPANK-UHFFFAOYSA-N
5702162.0,CC(C1=CC=CC=C1)NCCC(C2=CC=CC=C2)C3=CC=CC=C3.Cl,NJXWZWXCHBNOOG-UHFFFAOYSA-N
3083802.0,CCN(CC)CCNC(=O)COC1=CC=C(C=C1)OC.Cl,AXBHPHPHZHAOAK-UHFFFAOYSA-N
5702167.0,CN1CCC(=C2C3=CC=CC=C3SC4=CC=CC=C42)CC1.C(=C\C(=O)O)\C(=O)O,IPANUAHQWFDVAG-BTJKTKAUSA-N
33254.0,CC1=CC(=NN=C1NCCN2CCOCC2)C3=CC=CC=C3.Cl.Cl,GNUCGROXDZMCJI-UHFFFAOYSA-N
4059.0,CC1=CC=CC=C1OCC(CO)O,JWDYCNIAQWPBHD-UHFFFAOYSA-N
1984.0,CC(=O)NC1=CC=C(C=C1)OC(=O)C2=CC=CC=C2O,TWIIVLKQFJBFPW-UHFFFAOYSA-N
5143.0,C1=CC=C2C(=C1)C(=O)NS2(=O)=O,CVHZOJJKTDOEJC-UHFFFAOYSA-N
9818306.0,CC(=O)OC1=CC2=C(C=C1)[C@H]3CC[C@]4([C@H]([C@@H]3CC2)CC[C@@H]4O)C,FHXBMXJMKMWVRG-SLHNCBLASA-N
92965.0,CC1=CC=C(C=C1)C(=O)C(C)CN2CCCCC2.Cl,ZBUVYROEHQQAKL-UHFFFAOYSA-N
70912.0,CC(C)C[C@@H](C(=O)O)NC(=O)C,WXNXCEHXYPACJF-ZETCQYMHSA-N
2581.0,CC(C1=CC2=C(C=C1)C3=C(N2)C=CC(=C3)Cl)C(=O)O,PUXBGTOOZJQSKH-UHFFFAOYSA-N
44561.0,C(=O)([O-])P(=O)([O-])[O-].[Na+].[Na+].[Na+],DFHAXXVZCFXGOQ-UHFFFAOYSA-K
25195407.0,CC1([C@@H](N2[C@H](S1)[C@@H](C2=O)NC(=O)[C@@H](C3=CC=CC=C3)N=C)C(=O)[O-])C.[Na+],CRTBAVDGJWEWNJ-GKANRWTBSA-M
93095.0,C[C@H]1[C@H](O1)P(=O)([O-])[O-].[Ca+2],YMZJBJPWTXJQMR-LJUKVTEVSA-L
23663974.0,CCN1CCN(C(=O)C1=O)C(=O)N[C@H](C2=CC=C(C=C2)O)C(=O)N[C@H]3[C@@H]4N(C3=O)C(=C(CS4)CSC5=NN=NN5C)C(=O)[O-].[Na+],NCFTXMQPRQZFMZ-WERGMSTESA-M
5773.0,C1C(=C(N2[C@H](S1)[C@@H](C2=O)NC(=O)CC3=CC=CS3)C(=O)[O-])C[N+]4=CC=CC=C4,CZTQZXZIADLWOZ-CRAIPNDOSA-N
6780.0,C1=CC=C2C(=C1)C(=O)C3=CC=CC=C3C2=O,RZVHIXYEVGDQDX-UHFFFAOYSA-N
2197.0,COC1=CC=C(C=C1)C2C(=O)C3=CC=CC=C3C2=O,XRCFXMGQEVUZFC-UHFFFAOYSA-N
124886.0,C(CC(=O)N[C@@H](CS)C(=O)NCC(=O)O)[C@@H](C(=O)O)N,RWSXRVCMGQZWBV-WDSKDSINSA-N
2345.0,C1=CC=C(C=C1)COC(=O)C2=CC=CC=C2,SESFRYSPDFLNCH-UHFFFAOYSA-N
11545.0,C[N+](C)(C)CC(=O)O.[Cl-],HOPSCVCBEOCPJZ-UHFFFAOYSA-N
3092.0,CC1=C(C=C(C=C1[N+](=O)[O-])[N+](=O)[O-])C(=O)N,ZEFNOZRLAWVAQF-UHFFFAOYSA-N
2149.0,C(C(CN)O)C(=O)O,YQGDEPYYFWUPGO-UHFFFAOYSA-N
2741.0,C1=CC=C2C(=C1)C(=O)C=C(O2)C(=O)O,RVMGXWBCQGAWBR-UHFFFAOYSA-N
2005.0,CC(=O)NCCCCCC(=O)O,WDSCBUNMANHPFH-UHFFFAOYSA-N
657306.0,CC[N+]1(CCCC(C1)OC(=O)C(C2=CC=CC=C2)(C3=CC=CC=C3)O)C.[Br-],XEDCWWFPZMHXCM-UHFFFAOYSA-M
5763.0,CCN(CC)CCOC(=O)C(C1=CC=CC=C1)C2=CC=CC=C2.Cl,LKPINBXAWIMZCG-UHFFFAOYSA-N
102678.0,CCCCC(CC)CN=C(N)NC(=NCCCCCCN=C(N)NC(=NCC(CC)CCCC)N)N.Cl.Cl,BRJJFBHTDVWTCJ-UHFFFAOYSA-N
54891.0,CCOC(=O)[C@H](CCC1=CC=CC=C1)N[C@@H](C)C(=O)N2CC3=CC=CC=C3C[C@H]2C(=O)O.Cl,IBBLRJGOOANPTQ-JKVLGAQCSA-N
43261.0,CC1(O[C@@H]2[C@H]([C@H](O[C@@H]2O1)C(CO)O)OCCCN(C)C)C.Cl,RJNRORZRFGUAKL-VPHFYIDPSA-N
7027.0,C([C@@H]1[C@H]([C@@H]([C@H](C(=O)O1)O)O)O)O,PHOQVHQSTUBQQK-SQOUGZDYSA-N
72139.0,C1=CC2=C(C=C1O)OC(=O)S2,SLYPOVJCSQHITR-UHFFFAOYSA-N
5702220.0,CN(CC1=C(C(=CC(=C1)Br)Br)N)C2CCCCC2.Cl,UCDKONUHZNTQPY-UHFFFAOYSA-N
11953897.0,CN1N=C(C(=O)N=C1SCC2=C(N3C(=O)[C@H]([C@H]3SC2)NC(=O)/C(=N\OC)/C4=CSC(=N4)N)C(=O)[O-])[O-].CN1N=C(C(=O)N=C1SCC2=C(N3C(=O)[C@H]([C@H]3SC2)NC(=O)/C(=N\OC)/C4=CSC(=N4)N)C(=O)[O-])[O-].O.O.O.O.O.O.O.[Na+].[Na+].[Na+].[Na+],KTAVBOYXMBQFGR-MAODNAKNSA-J
6136.0,CN(C)CCN(CC1=CC=C(C=C1)OC)C2=NC=CC=N2.Cl,HRYJPHOTGFERGT-UHFFFAOYSA-N
14520.0,CC(=O)NC1CCSC1=O,NRFJZTXWLKPZAV-UHFFFAOYSA-N
2799.0,CC(C)(C)CC(C)(C)C1=CC(=C(C=C1)O)CC2=C(C=C(C=C2)Cl)Cl,HQVZOORKDNCGCK-UHFFFAOYSA-N
66377.0,CCC1=CN(C(=O)NC1=O)[C@H]2C[C@@H]([C@H](O2)CO)O,XACKNLSZYYIACO-DJLDLDEBSA-N
10969.0,CC(CCCC(C)(C)O)N.Cl,JZNBMCOSOXIZJB-UHFFFAOYSA-N
5281613.0,C[C@H]1[C@@H]([C@H]([C@H]([C@@H](O1)OC[C@@H]2[C@H]([C@@H]([C@H]([C@@H](O2)OC3=CC(=C4C(=C3)OC(=CC4=O)C5=CC(=C(C=C5)OC)O)O)O)O)O)O)O)O,GZSOSUNBTXMUFQ-YFAPSIMESA-N
5284557.0,C[C@]12CCC(=O)C=C1CC[C@@H]3[C@@H]2CC[C@]4([C@H]3CC[C@]4(C#C)O)C,CHNXZKVNWQUJIB-CEGNMAFCSA-N
161803.0,C1CN(CCN1CC2=CC3=C(C=C2)OCO3)C(=O)COC4=CC=C(C=C4)Cl.Cl,MVOWQBJZZKOQNU-UHFFFAOYSA-N
5284439.0,C1CCC(CC1)C(CC2CCCCN2)C3CCCCC3.C(=C\C(=O)O)\C(=O)O,JDZOTSLZMQDFLG-BTJKTKAUSA-N
6426773.0,CC[C@H]([C@@H]1[C@H](C[C@@](O1)(CC)[C@H]2CC[C@@]([C@@H](O2)C)(CC)O)C)C(=O)[C@@H](C)[C@H]([C@H](C)CCC3=C(C(=C(C=C3)C)O)C(=O)[O-])O.[Na+],RDHDUYAKDYQPEW-HWLWSTNVSA-M
26133.0,CCCC(=O)O[C@@]1(CC[C@@H]2[C@@]1(C[C@@H]([C@H]3[C@H]2CCC4=CC(=O)CC[C@]34C)O)C)C(=O)CO,BMCQMVFGOVHVNG-TUFAYURCSA-N
5641.0,CCOC(=O)N,JOYRKODLDBILNP-UHFFFAOYSA-N
5424.0,C1(=C(C(=O)C(=C(C1=O)O)O)O)O,DGQOCLATAPFASR-UHFFFAOYSA-N
5334.0,CC(=O)NC1=CC=C(C=C1)S(=O)(=O)NC2=CC=C(C=C2)[N+](=O)[O-],GWBPFRGXNGPPMF-UHFFFAOYSA-N
4842.0,C1CN(CCN1C(=O)CCBr)C(=O)CCBr,NJBFOOCLYDNZJN-UHFFFAOYSA-N
3316.0,CCCCCCOC1=CC=CC=C1C(=O)N,CKSJXOVLXUMMFF-UHFFFAOYSA-N
5198.0,CC1CCC(CC1)NC(=O)N(CCCl)N=O,FVLVBPDQNARYJU-UHFFFAOYSA-N
54749968.0,C[C@@H]1[C@H]([C@@H]([C@@H]([C@@H](O1)OC2CC3C(C(CC(O3)(CC(CC(CC(CC(CC(=O)CC(CC(=O)OC(C(C=CC=CC=CC=CC=CC=CC=C2)C)C(C)CCC(CC(=O)C4=CC=C(C=C4)N)O)O)O)O)O)O)O)O)C(=O)OC)O)N)O.C[C@@H]1[C@H]([C@@H]([C@@H]([C@@H](O1)OC\2CC3C(C(CC(O3)(CC(CC(CC(CC(CC(=O)CC(CC(=O)OC(C(/C=C/C=C/C=C/C=C/C=C/C=C/C=C2)C)C(C)CCC(CC(=O)C4=CC=C(C=C4)NC)O)O)O)O)O)O)O)O)C(=O)OC)O)N)O,ALPPGSBMHVCELA-RJIVIKRMSA-N
5055.0,CC(=O)OC1=CC=CC(=C1)O,ZZPKZRHERLGEKA-UHFFFAOYSA-N
23703990.0,CC[C@H]([C@H]1CC[C@@H]([C@@H](O1)[C@@H](C)[C@@H]([C@H](C)C(=O)[C@H](CC)[C@@H]2[C@H](C[C@H]([C@]3(O2)C=C[C@H]([C@@]4(O3)CC[C@@](O4)(C)[C@H]5CC[C@@]([C@@H](O5)C)(CC)O)O)C)C)O)C)C(=O)[O-].[Na+],YPZYGIQXBGHDBH-UZHRAPRISA-M
9578507.0,C[C@H]1CC[C@]2(C[C@@H]3C[C@H](O2)C/C=C(/[C@H]([C@H](/C=C/C=C/4\CO[C@H]\5[C@@]4([C@@H](C=C(/C5=N/O)C)C(=O)O3)O)C)O[C@H]6C[C@@H]([C@H]([C@@H](O6)C)O)OC)\C)O[C@@H]1C7CCCCC7,AFJYYKSVHJGXSN-XHKIUTQPSA-N
3032818.0,C[C@H](CO)C1=CC2=C(C=C1)C=C(C=C2)OC,LTRANDSQVZFZDG-SNVBAGLBSA-N
443958.0,CC(=O)OCC(=O)[C@@]12[C@@H](C[C@@H]3[C@@]1(C[C@@H]([C@]4([C@H]3CCC5=CC(=O)C=C[C@@]54C)F)O)C)OC6(O2)CCCC6,ILKJAFIWWBXGDU-MOGDOJJUSA-N
5037.0,CC1=C(C(=O)N(N1C)C2=CC=CC=C2)NC(C)C,XOZLRRYPUKAKMU-UHFFFAOYSA-N
5447.0,C(CSCCO)O,YODZTKMDCQEPHD-UHFFFAOYSA-N
32798.0,CCC(=O)O[C@@]1([C@H](C[C@@H]2[C@@]1(C[C@@H]([C@]3([C@H]2CCC4=CC(=O)C=C[C@@]43C)F)O)C)C)C(=O)CCl,CBGUOGMQLZIXBE-XGQKBEPLSA-N
5284537.0,CC(=O)[C@]1(CC[C@@H]2[C@@]1(CC[C@H]3[C@H]2C=C(C4=CC(=O)[C@@H]5C[C@@H]5[C@]34C)Cl)C)O,DUSHUSLJJMDGTE-ZJPMUUANSA-N
66061.0,CN1CCCN=C1COC(=O)C(C2CCCCC2)(C3=CC=CC=C3)O.Cl,WXAYTPABEADAAB-UHFFFAOYSA-N
4747.0,C1CN(CCC1O)CCCN2C3=CC=CC=C3SC4=C2C=C(C=C4)C#N,LUALIOATIOESLM-UHFFFAOYSA-N
1269845.0,C1=CNC(=S)NC1=O,ZEMGGZBWXRYJHK-UHFFFAOYSA-N
3365.0,C1=CC(=C(C=C1F)F)C(CN2C=NC=N2)(CN3C=NC=N3)O,RFHAOTPXVQNOHP-UHFFFAOYSA-N
73111.0,C1=CC2=C(C(=C1)O[C@H]3[C@@H]([C@H]([C@@H]([C@H](O3)CO)O)O)O)C(=O)C4=C([C@@H]2[C@@H]5C6=C(C(=CC=C6)O[C@H]7[C@@H]([C@H]([C@@H]([C@H](O7)CO)O)O)O)C(=O)C8=C5C=C(C=C8O)C(=O)O)C=C(C=C4O)C(=O)O,IPQVTOJGNYVQEO-KGFNBKMBSA-N
5284623.0,COC1=CC(=CC(=C1O)OC)[C@H]2[C@@H]3C(COC3=O)C(C4=CC5=C(C=C24)OCO5)O[C@H]6[C@@H]([C@H]([C@H]7[C@H](O6)COC(O7)C8=CC=CS8)O)O,NRUKOCRGYNPUPR-NFIYYIGVSA-N
16129778.0,C1=C(C=C(C(=C1O)O)O)C(=O)OC2=CC(=CC(=C2O)O)C(=O)OC[C@@H]3[C@H]([C@@H]([C@H]([C@@H](O3)OC(=O)C4=CC(=C(C(=C4)OC(=O)C5=CC(=C(C(=C5)O)O)O)O)O)OC(=O)C6=CC(=C(C(=C6)OC(=O)C7=CC(=C(C(=C7)O)O)O)O)O)OC(=O)C8=CC(=C(C(=C8)OC(=O)C9=CC(=C(C(=C9)O)O)O)O)O)OC(=O)C1=CC(=C(C(=C1)OC(=O)C1=CC(=C(C(=C1)O)O)O)O)O,LRBQNJMCXXYXIU-PPKXGCFTSA-N
6806.0,CC(=O)NC1=C(C=C(C(=C1I)C(=O)O)I)I,GNOGSFBXBWBTIG-UHFFFAOYSA-N
66070.0,CC1=C(C(=CC=C1)C)NC(=O)C2CCCCN2C.Cl,RETIMRUQNCDCQB-UHFFFAOYSA-N
5656.0,CN(C)CC(C1=CC=C(C=C1)OC)C2(CCCCC2)O,PNVNVHUZROJLTJ-UHFFFAOYSA-N
123608.0,C(CC(=O)O)C(=O)CN.Cl,ZLHFONARZHCSET-UHFFFAOYSA-N
51040.0,CC(C)(C)C1=CC=C(C=C1)C(=O)CC(=O)C2=CC=C(C=C2)OC,XNEFYCZVKIDDMS-UHFFFAOYSA-N
15459.0,CC1=CC(=CC(=C1)OCC2CNC(=O)O2)C,IMWZZHHPURKASS-UHFFFAOYSA-N
84029.0,CC[C@@H]1[C@@]([C@@H]([C@H](C(=O)[C@@H](C[C@@]([C@@H]([C@H]([C@@H]([C@H](C(=O)O1)C)O[C@H]2C[C@@]([C@H]([C@@H](O2)C)O)(C)OC)C)O[C@H]3[C@@H]([C@H](C[C@H](O3)C)N(C)C)O)(C)OC)C)C)O)(C)O,AGOYDEPGAOXOCK-KCBOHYOISA-N
5090.0,CS(=O)(=O)C1=CC=C(C=C1)C2=C(C(=O)OC2)C3=CC=CC=C3,RZJQGNCSTQAWON-UHFFFAOYSA-N
5311309.0,CC(C)C1CCC(CC1)C(=O)N[C@H](CC2=CC=CC=C2)C(=O)O,OELFLUMRDSZNSF-OFLPRAFFSA-N
3749.0,CCCCC1=NC2(CCCC2)C(=O)N1CC3=CC=C(C=C3)C4=CC=CC=C4C5=NNN=N5,YOSHYTLCDANDAN-UHFFFAOYSA-N
77999.0,CN(CCOC1=CC=C(C=C1)CC2C(=O)NC(=O)S2)C3=CC=CC=N3,YASAKCUCGLMORW-UHFFFAOYSA-N
3961.0,CCCCC1=NC(=C(N1CC2=CC=C(C=C2)C3=CC=CC=C3C4=NNN=N4)CO)Cl,PSIFNNKUMBGKDQ-UHFFFAOYSA-N
441314.0,C1[C@@H]([C@H]([C@@H]([C@H](N1CCO)CO)O)O)O,IBAQFPQHRJAVAV-ULAWRXDQSA-N
3034010.0,CCCCCCCCCCC[C@@H](C[C@H]1[C@@H](C(=O)O1)CCCCCC)OC(=O)[C@H](CC(C)C)NC=O,AHLBNYSZXLDEJQ-FWEHEUNISA-N
119607.0,CC1=C(C(=NO1)C2=CC=CC=C2)C3=CC=C(C=C3)S(=O)(=O)N,LNPDTQAFDNKSHK-UHFFFAOYSA-N
101526.0,COC1=C2C(=CC(=C1N3C[C@@H]4CCCN[C@@H]4C3)F)C(=O)C(=CN2C5CC5)C(=O)O.Cl,IDIIJJHBXUESQI-DFIJPDEKSA-N
60560.0,CCC1=CN=C(C=C1)CCOC2=CC=C(C=C2)CC3C(=O)NC(=O)S3.Cl,GHUUBYQTCDQWRA-UHFFFAOYSA-N
5362123.0,CCOC(=O)[C@H](CCC1=CC=CC=C1)N[C@H]2CCC3=CC=CC=C3N(C2=O)CC(=O)O.Cl,VPSRQEHTHIMDQM-FKLPMGAJSA-N
3324.0,CC(=O)OCC(CCN1C=NC2=CN=C(N=C21)N)COC(=O)C,GGXKWVWZWMLJEH-UHFFFAOYSA-N
150311.0,C1=CC(=CC=C1[C@@H]2[C@H](C(=O)N2C3=CC=C(C=C3)F)CC[C@@H](C4=CC=C(C=C4)F)O)O,OLNTVTPDXPETLC-XPWALMASSA-N
123606.0,CN(C)CCC1=CNC2=C1C=C(C=C2)CS(=O)(=O)N3CCCC3,WKEMJKQOLOHJLZ-UHFFFAOYSA-N
130881.0,CCCC1=NC(=C(N1CC2=CC=C(C=C2)C3=CC=CC=C3C4=NNN=N4)C(=O)OCC5=C(OC(=O)O5)C)C(C)(C)O,UQGKUQLKSCSZGY-UHFFFAOYSA-N
5282242.0,C1C=C(N2[C@H](S1)[C@@H](C2=O)NC(=O)/C(=C\CC(=O)O)/C3=CSC(=N3)N)C(=O)O,UNJFKXSSGBWRBZ-BJCIPQKHSA-N
5284633.0,CCCCC(=O)N(CC1=CC=C(C=C1)C2=CC=CC=C2C3=NNN=N3)[C@H](C(C)C)C(=O)O,ACWBQPMHZXGDFX-JOCHJYFZSA-N
64764.0,CC(C)CC(C1(CCC1)C2=CC=C(C=C2)Cl)N(C)C.Cl,UWAOJIWUVCMBAZ-UHFFFAOYSA-N
16114800.0,CC(C1=NC(=NC(=C1/C=C/C(O)CC(O)CC(=O)[O-])C2=CC=C(C=C2)F)N(S(=O)(=O)C)C)C.CC(C1=NC(=NC(=C1/C=C/C(O)CC(O)CC(=O)[O-])C2=CC=C(C=C2)F)N(S(=O)(=O)C)C)C.[Ca+2],LALFOYNTGMUKGG-JGMJEEPBSA-L
5486699.0,C[C@H]1[C@@H]([C@H]([C@H]([C@@H](O1)OC[C@@H]2[C@H]([C@@H]([C@H]([C@@H](O2)OC3=C(OC4=CC(=CC(=C4C3=O)O)OCCO)C5=CC(=C(C=C5)OCCO)OCCO)O)O)O)O)O)O,IYVFNTXFRYQLRP-VVSTWUKXSA-N
13789.0,C[C@]12CCC(=O)C=C1C=C[C@@H]3[C@@H]2CC[C@]4([C@H]3CC[C@@]45CCC(=O)O5)C,UJVLDDZCTMKXJK-WNHSNXHDSA-N
65999.0,CCCC1=NC2=C(N1CC3=CC=C(C=C3)C4=CC=CC=C4C(=O)O)C=C(C=C2C)C5=NC6=CC=CC=C6N5C,RMMXLENWKUUMAY-UHFFFAOYSA-N
5484727.0,CCOC(=O)[C@H](CCC1=CC=CC=C1)N[C@@H](C)C(=O)N2[C@H]3CCCC[C@@H]3C[C@H]2C(=O)O,VXFJYXUZANRPDJ-WTNASJBWSA-N
3002190.0,CC[C@@H]1[C@@]2([C@@H]([C@H](C(=O)[C@@H](C[C@@]([C@@H]([C@H](C(=O)[C@H](C(=O)O1)C)C)O[C@H]3[C@@H]([C@H](C[C@H](O3)C)N(C)C)O)(C)OC)C)C)N(C(=O)O2)CCCCN4C=C(N=C4)C5=CN=CC=C5)C,LJVAJPDWBABPEJ-PNUFFHFMSA-N
60857.0,CN(C)CCC1=CNC2=C1C=C(C=C2)C[C@H]3COC(=O)N3,ULSDMUVEXKOYBU-ZDUSSCGKSA-N
135511839.0,COC(=O)N/N=C/C1=[N+](C2=CC=CC=C2[N+](=C1)[O-])[O-],OVGGLBAWFMIPPY-WUXMJOGZSA-N
71815.0,CC1=NC=C(N1CC(C)O)[N+](=O)[O-],KPQZUUQMTUIKBP-UHFFFAOYSA-N
119525.0,CCN1C=C(C(=O)C2=CC(=C(C=C21)N3CCN(CC3)C)F)C(=O)O.CS(=O)(=O)O,HQQSBEDKMRHYME-UHFFFAOYSA-N
5042.0,C1=CC=C2C(=C1)C(=CC(=O)N2)CC(C(=O)O)NC(=O)C3=CC=C(C=C3)Cl,ALLWOAVDORUJLA-UHFFFAOYSA-N
60196281.0,CC[C@@H]1[C@H](/C=C(/C=C/C(=O)[C@@H](C[C@@H]([C@@H]([C@H]([C@@H](CC(=O)O1)O)C)O[C@H]2[C@@H]([C@H]([C@@H]([C@H](O2)C)O[C@H]3C[C@@]([C@H]([C@@H](O3)C)O)(C)O)N(C)C)O)CC=O)C)\C)CO[C@H]4[C@@H]([C@@H]([C@@H]([C@H](O4)C)O)OC)OC.[C@@H]([C@H](C(=O)O)O)(C(=O)O)O,ICVKYYINQHWDLM-KBEWXLTPSA-N
56207.0,C1CN(CCN1)C2=C(C=C3C(=C2)N(C=C(C3=O)C(=O)O)C4=CC=C(C=C4)F)F.Cl,KNWODGJQLCISLC-UHFFFAOYSA-N
666418.0,CCCC1=NC=CC(=C1)C(=S)N,VRDIULHPQTYCLN-UHFFFAOYSA-N
2577.0,CCCCCCNC(=O)N1C=C(C(=O)NC1=O)F,AOCCBINRVIKJHY-UHFFFAOYSA-N
18087.0,CC1=C(C(=O)C(=C(N1)C)Cl)Cl,ZDPIZLCVJAAHHR-UHFFFAOYSA-N
3599.0,CCCCCCCCCCCCCCCCOP(=O)([O-])OCC[N+](C)(C)C,PQLXHQMOHUQAKB-UHFFFAOYSA-N
9556529.0,C1=CC(=C(C=C1Cl)Cl)CO/N=C(\CN2C=CN=C2)/C3=C(C=C(C=C3)Cl)Cl.[N+](=O)(O)[O-],WVNOAGNOIPTWPT-NDUABGMUSA-N
442872.0,C1CCN2[C@H](C1)[C@]34C[C@H]2C=CC3=CC(=O)O4,SWZMSZQQJRKFBP-WZRBSPASSA-N
54360.0,CN1CCCC(CC1)N2C(=O)C3=CC=CC=C3C(=N2)CC4=CC=C(C=C4)Cl.Cl,YEJAJYAHJQIWNU-UHFFFAOYSA-N
4236.0,C1=CC=C(C=C1)C(C2=CC=CC=C2)S(=O)CC(=O)N,YFGHCGITMMYXAQ-UHFFFAOYSA-N
5732.0,CC1=CC=C(C=C1)C2=C(N3C=C(C=CC3=N2)C)CC(=O)N(C)C,ZAFYATHCZYHLPB-UHFFFAOYSA-N
5284627.0,CC1(O[C@@H]2CO[C@@]3([C@H]([C@@H]2O1)OC(O3)(C)C)COS(=O)(=O)N)C,KJADKKWYZYXHBB-XBWDGYHZSA-N
9588170.0,CO/N=C/1\CN(CC1CN)C2=C(C=C3C(=O)C(=CN(C3=N2)C4CC4)C(=O)O)F.CS(=O)(=O)O,JIYMVSQRGZEYAX-CWUUNJJBSA-N
16759173.0,CC[C@H](C)C(=O)O[C@H]1C[C@@H](C=C2[C@H]1[C@H]([C@H](C=C2)C)CC[C@H](C[C@H](CC(=O)[O-])O)O)O.[Na+],VWBQYTRBTXKKOG-IYNICTALSA-M
5486971.0,CC(C)C[C@@H](CC(=O)O)CN,AYXYPKUFHZROOJ-ZETCQYMHSA-N
9881626.0,CCC(=O)NCCC1CCC2=C1C3=C(C=C2)OCC3,YLXDSYKOBKBWJQ-UHFFFAOYSA-N
4679.0,COC1=C(C(=NC=C1)CS(=O)C2=NC3=C(N2)C=C(C=C3)OC(F)F)OC,IQPSEEYGBUAQFF-UHFFFAOYSA-N
60699.0,CC[C@@]1(C2=C(COC1=O)C(=O)N3CC4=CC5=C(C=CC(=C5CN(C)C)O)N=C4C3=C2)O.Cl,DGHHQBMTXTWTJV-BQAIUKQQSA-N
74990.0,CCC1=C2CN3C(=CC4=C(C3=O)COC(=O)[C@@]4(CC)O)C2=NC5=C1C=C(C=C5)OC(=O)N6CCC(CC6)N7CCCCC7.Cl,GURKHSYORGJETM-WAQYZQTGSA-N
16667738.0,CCC(CC)O[C@@H]1C=C(C[C@@H]([C@H]1NC(=O)C)N)C(=O)OCC.C(C(C(=O)O)O)(C(=O)O)O,GEDOQFVTNIIKNX-ONAKXNSWSA-N
135409453.0,CCCCCN=C(N)N/N=C/C1=CNC2=C1C=C(C=C2)OC,IKBKZGMPCYNSLU-RGVLZGJSSA-N
9875143.0,CCC1=C(C2=CC3=NC(=CC4=NC(=C(C5=NC(=C(C5=C([O-])[O-])C)C=C1[N-]2)CC(=O)[O-])[C@H]([C@@H]4C)CCC(=O)[O-])C(=C3C=C)C)C.[Na+].[Na+].[Na+].[Cu+2],HWDGVJUIHRPKFR-ZWPRWVNUSA-I
10206.0,CN1CCC2=CC3=C(C4=C2[C@@H]1CC5=CC=C(C=C5)OC6=C(C=CC(=C6)C[C@@H]7C8=CC(=C(C=C8CCN7C)OC)O4)OC)OCO3,YVPXVXANRNDGTA-WDYNHAJCSA-N
5475.0,CCN(CC)CCOC1=CC2=C(C=C1)C3=C(C2=O)C=C(C=C3)OCCN(CC)CC,MPMFCABZENCRHV-UHFFFAOYSA-N
6708773.0,C1CCC(C1)CCCCCCCCCCCCC(=O)NC2=CC=C(C=C2)S(=O)(=O)C3=CC=C(C=C3)NC(=O)CCCCCCCCCCCCC4CCCC4,OOSYXMPLIGBCDA-UHFFFAOYSA-N
6293.0,C1=CC=C2C(=C1)C(=O)C3=C(C2=O)C(=C(C=C3)O)O,RGCKGOZRHPZPFP-UHFFFAOYSA-N
9377.0,CC(CC1=CC=C(C=C1)O)N.Br,RZCJLMTXBMNRAD-UHFFFAOYSA-N
69301.0,COC1=CC(=CC(=C1)OC)OC,LKUDPHPHKOZXCD-UHFFFAOYSA-N
1549992.0,CC1=CC[C@@H](CC1)[C@@](C)(CCC=C(C)C)O,RGZSQWQPBWRIAQ-LSDHHAIUSA-N
86472.0,CC1=C(C(=C(C2=C1O[C@](CC2)(C)CCC[C@H](C)CCC[C@H](C)CCCC(C)C)C)OC(=O)C)C,ZAKOWWREFLAJOT-CEFNRUSXSA-N
6975516.0,CCOC(=O)O[C@@H]([C@@H]1C[C@@H]2CCN1C[C@@H]2C=C)C3=C4C=C(C=CC4=NC=C3)OC,NSBRKSWSLRQPJW-WWLNLUSPSA-N
5746.0,CC1=C(C(=O)C2=C(C1=O)N3C[C@H]4[C@@H]([C@@]3([C@@H]2COC(=O)N)OC)N4)N,NWIBSHFKIJFRCO-WUDYKRTCSA-N
2722.0,C1=CC2=C(C(=C(C=C2Cl)Cl)O)N=C1,WDFKMLRRRCGAKS-UHFFFAOYSA-N
12305761.0,C1=CC2=C(C(=C1)O)C(=O)C3=C([C@H]2[C@H]4[C@@H]([C@H]([C@@H]([C@H](O4)CO)O)O)O)C=C(C=C3O)CO,AFHJQYHRLPMKHU-OSYMLPPYSA-N
470999.0,C1C[C@H]([C@H](O[C@@H]1CN)O[C@@H]2[C@H](C[C@H]([C@@H]([C@H]2O)O[C@@H]3[C@@H]([C@H]([C@@H]([C@H](O3)CO)O)N)O)N)N)N,JJCQSGDBDPYCEO-XVZSLQNASA-N
68542.0,CC[C@]1(C[C@H]2C[C@@](C3=C(CCN(C2)C1)C4=CC=CC=C4N3)(C5=C(C=C6C(=C5)[C@]78CCN9[C@H]7[C@@](C=CC9)([C@H]([C@@]([C@@H]8N6C)(C(=O)OC)O)OC(=O)C)CC)OC)C(=O)OC)O.OS(=O)(=O)O,KDQAABAKXDWYSZ-SDCRJXSCSA-N
60198.0,C[C@]12CC[C@H]3[C@H]([C@@H]1CCC2=O)CC(=C)C4=CC(=O)C=C[C@]34C,BFYIZQONLCFLEV-DAELLWKTSA-N
16315.0,C=CCSSSCC=C,UBAXRAHSPKWNCX-UHFFFAOYSA-N
2817.0,C1=CC2=C(C=CC(=C2N=C1)O)Cl,CTQMJYWDVABFRZ-UHFFFAOYSA-N
3435.0,C1COC(=O)N1N=CC2=CC=C(O2)[N+](=O)[O-],PLHJDBGFXBMTGZ-UHFFFAOYSA-N
3058754.0,COC1=C(C=C(C=C1)C2=CC(=NN2C3=CC=C(C=C3)S(=O)(=O)N)C(F)F)F,WAZQAZKAZLXFMK-UHFFFAOYSA-N
68093.0,CC(=O)OC1=CC=CC(=C1OC(=O)C)C(=O)O,NYIZXMGNIUSNKL-UHFFFAOYSA-N
60196284.0,C[C@H]1CC[C@]2([C@H]([C@H]3[C@@H](O2)C[C@@H]4[C@@]3(CC[C@H]5[C@H]4CC[C@@H]6[C@@]5(CC[C@@H](C6)O)C)C)C)NC1.Cl,SXXHVPYRDFJKPG-VXJLCZPPSA-N
94154.0,C([C@H](C([C@@H](CO)O)O)O)O,HEBKCHPVOIAQTA-QWWZWVQMSA-N
5318517.0,C[C@@]12CC[C@H]([C@@]([C@H]1CCC(=C)[C@H]2C/C=C/3\[C@@H](COC3=O)O)(C)CO)O,BOJKULTULYSRAS-OTESTREVSA-N
440936.0,C1=CC(=CC=C1O)O[C@H]2[C@@H]([C@H]([C@@H]([C@H](O2)CO)O)O)O,BJRNKVDFDLYUGJ-RMPHRYRLSA-N
26447.0,C[C@@H]1CC[C@H](C(=O)C1)C(C)C,NFLGAXVYCFJBMK-BDAKNGLRSA-N
135398638.0,C1=NC2=C(N1)C(=O)NC=N2,FDGQSTZJBFJUBT-UHFFFAOYSA-N
439178.0,C([C@@H]1[C@H]([C@@H]([C@H]([C@@H](O1)O[C@@H]2[C@H](OC([C@@H]([C@H]2O)O)O)CO)O)O)O)O,GUBGYTABKSRVRQ-CUHNMECISA-N
179651.0,C[C@@]12CC[C@H]3[C@]([C@@]14[C@H](O4)C(=O)O[C@H]2C5=COC=C5)(C(=O)C[C@@H]6[C@@]37COC(=O)C[C@@H]7OC6(C)C)C,KBDSLGBFQAGHBE-MSGMIQHVSA-N
222284.0,CC[C@H](CC[C@@H](C)[C@H]1CC[C@@H]2[C@@]1(CC[C@H]3[C@H]2CC=C4[C@@]3(CC[C@@H](C4)O)C)C)C(C)C,KZJWDPNRJALLNS-VJSFXXLFSA-N
3681.0,CCCCCCCCCCCCCCCCCCOCC(CO)O,OGBUMNBNEWYMNJ-UHFFFAOYSA-N
588.0,CN1CC(=O)N=C1N,DDRJAANPRJIHGJ-UHFFFAOYSA-N
23677058.0,CCCC(C)C1(C(=O)NC(=NC1=O)[S-])CC=C.[Na+],LYZGJWXNOGIVQA-UHFFFAOYSA-M
197066.0,CN(C)CCN(CC1=CC=CC=C1)C2=CC=CC=N2.C(C(=O)O)C(CC(=O)O)(C(=O)O)O,GGRBYIUPUOYRLQ-UHFFFAOYSA-N
6674.0,C[C@H](CCC(=O)O)[C@H]1CC[C@@H]2[C@@]1(C(=O)C[C@H]3[C@H]2C(=O)C[C@H]4[C@@]3(CCC(=O)C4)C)C,OHXPGWPVLFPUSM-KLRNGDHRSA-N
14982.0,C[C@]12CC[C@](C[C@H]1C3=CC(=O)[C@@H]4[C@]5(CC[C@@H](C([C@@H]5CC[C@]4([C@@]3(CC2)C)C)(C)C)O[C@@H]6[C@@H]([C@H]([C@@H]([C@H](O6)C(=O)O)O)O)O[C@H]7[C@@H]([C@H]([C@@H]([C@H](O7)C(=O)O)O)O)O)C)(C)C(=O)O,LPLVUJXQOOQHMX-QWBHMCJMSA-N
64782.0,C[C@@H]([C@@H](C1=CC=CC=C1)O)N(C)C,FMCGSUUBYTWNDP-ONGXEEELSA-N
135398641.0,C1=NC2=C(C(=O)N1)N=CN2[C@H]3[C@@H]([C@@H]([C@H](O3)CO)O)O,UGQMRVRMYYASKQ-KQYNXXCUSA-N
6738.0,CC1=C(C(=CC=C1)C(=O)O)O,WHSXTWFYRGOBGO-UHFFFAOYSA-N
139595131.0,CN[C@H]1C[C@H]([C@@H]([C@H]([C@@H]1O)O[C@H]2[C@@H]3[C@H]([C@H]([C@H](O2)CO)O)OC4(O3)C([C@H]([C@H]([C@H](O4)C(CO)N)O)O)O)O)N,GRRNUXAQVGOGFE-KJNXAXAWSA-N
60496.0,CCOC(=O)C1=C(NC(=C(C1C2=CC=CC=C2Cl)C(=O)OC)C)COCCN.C1=CC=C(C=C1)S(=O)(=O)O,ZPBWCRDSRKPIDG-UHFFFAOYSA-N
3515.0,CC1=C2C=CC(=C2C=C(C=C1)C(C)C)C,FWKQNCXZGNBPFD-UHFFFAOYSA-N
5284507.0,CC(=CCC/C(=C/CCC(C)(C=C)O)/C)C,FQTLCLSUCSAZDY-SDNWHVSQSA-N
5358.0,CNS(=O)(=O)CC1=CC2=C(C=C1)NC=C2CCN(C)C,KQKPFRSPSRPDEB-UHFFFAOYSA-N
6436173.0,C[C@H]1/C=C/C=C(\C(=O)NC2=C(C3=C(C4=C(C(=C3O)C)O[C@@](C4=O)(O/C=C/[C@@H]([C@H]([C@H]([C@@H]([C@@H]([C@@H]([C@H]1O)C)O)C)OC(=O)C)C)OC)C)C5=C2N6C=CC(=CC6=N5)C)O)/C,NZCRJKRKKOLAOJ-XRCRFVBUSA-N
441082.0,C[C@H]1[C@H]2CC[C@@H]3[C@@]2(CC[C@H]4[C@H]3CC=C5[C@@]4(CC[C@@H](C5)N(C)C)C)CN1C,GPLGAQQQNWMVMM-MYAJQUOBSA-N
3747.0,CC(C)OC1=CC2=C(C=C1)C(=O)C(=CO2)C3=CC=CC=C3,SFBODOKJTYAUCM-UHFFFAOYSA-N
5281227.0,CC1=C(C(CCC1=O)(C)C)/C=C/C(=C/C=C/C(=C/C=C/C=C(/C=C/C=C(/C=C/C2=C(C(=O)CCC2(C)C)C)\C)\C)/C)/C,FDSDTBUPSURDBL-DKLMTRRASA-N
5078.0,CN(C)CCC1=CNC2=C1C=C(C=C2)CN3C=NC=N3,ULFRLSNUDGIQQP-UHFFFAOYSA-N
146571.0,CN(C)CCC[C@@]1(C2=C(CO1)C=C(C=C2)C#N)C3=CC=C(C=C3)F.C(=O)(C(=O)O)O,KTGRHKOEFSJQNS-BDQAORGHSA-N
7700.0,CCCCCCCCCC1=CC=C(C=C1)OCCO,KUXGUCNZFCVULO-UHFFFAOYSA-N
5002.0,C1CN(CCN1CCOCCO)C2=NC3=CC=CC=C3SC4=CC=CC=C42,URKOMYMAXPYINW-UHFFFAOYSA-N
8609.0,C1=CC=C(C=C1)OC(=O)C2=C(C=C(C=C2)N)O,DNVVZWSVACQWJE-UHFFFAOYSA-N
222786.0,C[C@]12CCC(=O)C=C1CC[C@@H]3[C@@H]2C(=O)C[C@]4([C@H]3CC[C@@]4(C(=O)CO)O)C,MFYSYFVPBJMHGN-ZPOLXVRWSA-N
64715.0,CC[C@H](C)C(=O)O[C@H]1CCC=C2[C@H]1[C@H]([C@H](C=C2)C)CC[C@@H]3C[C@H](CC(=O)O3)O,AJLFOPYRIVGYMJ-INTXDZFKSA-N
9855548.0,CNCC1=CC=CC=C1.Cl,CBSOFSBFHDQRLV-UHFFFAOYSA-N
71777.0,C1=CC(=C(C(=C1)F)C(=O)NC(=O)NC2=CC(=C(C=C2Cl)OC(C(C(F)(F)F)F)(F)F)Cl)F,PWPJGUXAGUPAHP-UHFFFAOYSA-N
20055083.0,CC1=CC2=C(C=C1C)N(C=N2)[C@@H]3[C@@H]([C@@H]([C@H](O3)CO)OP(=O)([O-])OC(C)CNC(=O)CCC\4(C(C5C6(C(C(C(=N6)/C(=C\7/C(C(C(=N7)/C=C\8/C(C(C(=N8)/C(=C4\[N-]5)/C)CCC(=O)N)(C)C)CCC(=O)N)(C)CC(=O)N)/C)CCC(=O)N)(C)CC(=O)N)C)CC(=O)N)C)O.[CH2-][C@@H]1[C@H]([C@H]([C@@H](O1)N2C=NC3=C(N=CN=C32)N)O)O.[Co+3],OAJLVMGLJZXSGX-CXGXMSGESA-L
294641.0,C1[C@H](ON=C1Cl)[C@@H](C(=O)O)N,QAWIHIJWNYOLBE-OKKQSCSOSA-N
5282521.0,CC[C@@H]1[C@H](/C=C(/C=C/C(=O)[C@@H](C[C@@H]([C@@H]([C@H]([C@@H](CC(=O)O1)O)C)O[C@H]2[C@@H]([C@H]([C@@H]([C@H](O2)C)O)N(C)C)O)CCN3C[C@@H](C[C@@H](C3)C)C)C)\C)CO[C@H]4[C@@H]([C@@H]([C@@H]([C@H](O4)C)O)OC)OC,JTSDBFGMPLKDCD-XVFHVFLVSA-N
23714647.0,[Li+].C1[C@@H]2N(C1=O)[C@H](/C(=C/CO)/O2)C(=O)[O-],JMRXTGCDVQLAFM-JSYANWSFSA-M
5161.0,C1=CC=C(C(=C1)C(=O)OC2=CC=CC=C2C(=O)O)O,WVYADZUPLLSGPU-UHFFFAOYSA-N
6102371.0,C([C@@H]1[C@H]([C@@H]([C@H](C(O1)[S-])O)O)O)O.[Au+],XHVAWZZCDCWGBK-BMZZJELJSA-M
71587153.0,CC1=C(N=C(N=C1N)[C@H](CC(=O)N)NC[C@@H](C(=O)N)N)C(=O)N[C@@H]([C@H](C2=CN=CN2)O[C@H]3[C@H]([C@H]([C@@H]([C@@H](O3)CO)O)O)O[C@@H]4[C@H]([C@H]([C@@H]([C@H](O4)CO)O)OC(=O)N)O)C(=O)N[C@H](C)[C@H]([C@H](C)C(=O)N[C@@H]([C@@H](C)O)C(=O)NCCC5=NC(=CS5)C6=NC(=CS6)C(=O)NCCC[S+](C)C)O.OS(=O)(=O)O,WUIABRMSWOKTOF-OYALTWQYSA-O
17513.0,C1=NC(=C(N1[C@H]2[C@@H]([C@@H]([C@H](O2)CO)O)O)N)C(=O)N,RTRQQBHATOEIAF-UUOKFMHZSA-N
2734952.0,C(=NN)(N)N.C(=NN)(N)N.OS(=O)(=O)O,VKGQPUZNCZPZKI-UHFFFAOYSA-N
23681107.0,C(CC(O)(P(=O)(O)O)P(=O)(O)[O-])CN.O.O.O.[Na+],DCSBSVSZJRSITC-UHFFFAOYSA-M
5388977.0,CCC(COC(=O)C1=CC(=C(C(=C1)OC)OC)OC)(C2=CC=CC=C2)N(C)C.C(=C\C(=O)O)\C(=O)O,FSRLGULMGJGKGI-BTJKTKAUSA-N
4737.0,CCCC(C)C1(C(=O)NC(=O)NC1=O)CC,WEXRUCMBJFQVBZ-UHFFFAOYSA-N
135398745.0,CC1=CC2=C(S1)NC3=CC=CC=C3N=C2N4CCN(CC4)C,KVWDHTXUZHCGIO-UHFFFAOYSA-N
5280489.0,CC1=C(C(CCC1)(C)C)/C=C/C(=C/C=C/C(=C/C=C/C=C(/C=C/C=C(/C=C/C2=C(CCCC2(C)C)C)\C)\C)/C)/C,OENHQHLEOONYIE-JLTXGRSLSA-N
165339226.0,C1=CNC2=C(C1=S)N=CN2[C@H]3[C@@H]([C@@H]([C@H](O3)CO)O)O,OJUVLZDWUQUPBF-MGUDNFKCSA-N
135398658.0,C1=CC(=CC=C1C(=O)N[C@@H](CCC(=O)O)C(=O)O)NCC2=CN=C3C(=N2)C(=O)NC(=N3)N,OVBPIULPVIDEAO-LBPRGKRZSA-N
5789.0,CC1=CN(C(=O)NC1=O)[C@H]2C[C@@H]([C@H](O2)CO)O,IQFYYKKMVGJFEH-XLPZGREQSA-N
1050.0,CC1=NC=C(C(=C1O)C=O)CO,RADKZDMFGJYCBB-UHFFFAOYSA-N
5816.0,CNC[C@@H](C1=CC(=C(C=C1)O)O)O,UCTWMZQNUQWSLP-VIFPVBQESA-N
131204.0,CC(C)(CO)[C@H](C(=O)NCCCO)O,SNPLKNRPJHDVJA-ZETCQYMHSA-N
63047.0,CCCCC(=O)O[C@@]1([C@@H](C[C@@H]2[C@@]1(C[C@@H]([C@]3([C@H]2CCC4=CC(=O)C=C[C@@]43C)F)O)C)C)C(=O)CO,SNHRLVCMMWUAJD-OMPPIWKSSA-N
52994022.0,CN1CC[C@]23[C@@H]4[C@H]1CC5=C2C(=C(C=C5)OC)O[C@H]3C(=O)CC4.CN1CC[C@]23[C@@H]4[C@H]1CC5=C2C(=C(C=C5)OC)O[C@H]3C(=O)CC4.O.OP(=O)(O)O.OP(=O)(O)O.OP(=O)(O)O,JJVQHCOKZRQIGT-RMWFZKNSSA-N
5734.0,C1=CC=C2C(=C1)C(=NO2)CS(=O)(=O)N,UBQNRHZMVUUOMG-UHFFFAOYSA-N
16757820.0,COC(=O)C(C1=CC=CC=C1Cl)N2CCC3=C(C2)C=CS3.OS(=O)(=O)O,FDEODCTUSIWGLK-UHFFFAOYSA-N
25051.0,C1=CN2[C@H]3[C@H]([C@@H]([C@H](O3)CO)O)OC2=NC1=N,BBDAGFIXKZCXAH-CCXZUQQUSA-N
4616.0,C1=CC=C(C=C1)C2=NC(C(=O)NC3=C2C=C(C=C3)Cl)O,ADIMAYPTOBDMTL-UHFFFAOYSA-N
8364.0,CCCCC(CC)COC(=O)C1=CC=CC=C1O,FMRHJJZUHUTGKE-UHFFFAOYSA-N
124087.0,C1CC2=C(C=CC(=C2)Cl)C(=C3CCNCC3)C4=C1C=CC=N4,JAUOIFJMECXRGI-UHFFFAOYSA-N
64710.0,CCC[C@@H]1C[C@H](N(C1)C)C(=O)N[C@@H]([C@@H]2[C@@H]([C@@H]([C@H]([C@H](O2)SC)O)O)O)[C@@H](C)O.Cl,POUMFISTNHIPTI-BOMBIWCESA-N
13769.0,C[C@]12CC[C@H]3[C@H]([C@@H]1CCC(=O)O2)CCC4=CC(=O)C=C[C@]34C,BPEWUONYVDABNZ-DZBHQSCQSA-N
50942.0,CN1C2=C(C(=O)N(C1=O)C)N(C=N2)CC3OCCO3,HWXIGFIVGWUZAO-UHFFFAOYSA-N
5280795.0,C[C@H](CCCC(C)C)[C@H]1CC[C@@H]\2[C@@]1(CCC/C2=C\C=C/3\C[C@H](CCC3=C)O)C,QYSXJUFSXHHAJI-YRZJJWOYSA-N
6024.0,CC(=O)OCC1=C(N2[C@@H]([C@@H](C2=O)NC(=O)CC3=CC=CS3)SC1)C(=O)O,XIURVHNZVLADCM-IUODEOHRSA-N
60464.0,C[C@@H]1CN(C[C@@H](N1)C)C2=C(C(=C3C(=C2F)N(C=C(C3=O)C(=O)O)C4CC4)N)F,DZZWHBIBMUVIIW-DTORHVGOSA-N
27661.0,C1[C@@H]([C@@H]2[C@H](O1)[C@@H](CO2)O[N+](=O)[O-])O,YWXYYJSYQOXTPL-SLPGGIOYSA-N
64139.0,C1CC1C#C[C@]2(C3=C(C=CC(=C3)Cl)NC(=O)O2)C(F)(F)F,XPOQHMRABVBWPR-ZDUSSCGKSA-N
19648.0,C[C@H]1[C@@]([C@H]([C@@H](O1)O[C@@H]2[C@H]([C@@H]([C@H]([C@@H]([C@H]2O)O)N=C(N)N)O)N=C(N)N)O[C@H]3[C@H]([C@@H]([C@H]([C@@H](O3)CO)O)O)NC)(C=O)O.C[C@H]1[C@@]([C@H]([C@@H](O1)O[C@@H]2[C@H]([C@@H]([C@H]([C@@H]([C@H]2O)O)N=C(N)N)O)N=C(N)N)O[C@H]3[C@H]([C@@H]([C@H]([C@@H](O3)CO)O)O)NC)(C=O)O.OS(=O)(=O)O.OS(=O)(=O)O.OS(=O)(=O)O,QTENRWWVYAAPBI-YCRXJPFRSA-N
23663400.0,C[C@@]1([C@@H](N2[C@H](S1(=O)=O)CC2=O)C(=O)[O-])CN3C=CN=N3.[Na+],RFMIKMMOLPNEDG-QVUDESDKSA-M
73339.0,C1[C@@H](O[C@@H](S1)CO)N2C=CC(=NC2=O)N,JTEGQNOMFQHVDC-RQJHMYQMSA-N
15232.0,CC1([C@@H](N2[C@H](S1)[C@@H](C2=O)NC(=O)CC3=CC=CC=C3)C(=O)O)C.CC1([C@@H](N2[C@H](S1)[C@@H](C2=O)NC(=O)CC3=CC=CC=C3)C(=O)O)C.C1=CC=C(C=C1)CNCCNCC2=CC=CC=C2,BVGLIYRKPOITBQ-ANPZCEIESA-N
63013.0,CN(C)C[C@H]1CCCC[C@@]1(C2=CC(=CC=C2)OC)O.Cl,PPKXEPBICJTCRU-XMZRARIVSA-N
443831.0,C[C@H]1[C@H]([C@H](C[C@@H](O1)O[C@H]2C[C@@](CC3=C2C(=C4C(=C3O)C(=O)C5=C(C4=O)C(=CC=C5)O)O)(C(=O)C)O)N)O,XREUEWVEMYWFFA-CSKJXFQVSA-N
1549008.0,CC(C)(C)C#C/C=C/CN(C)CC1=CC=CC2=CC=CC=C21,DOMXUEMWDBAQBQ-WEVVVXLNSA-N
9885981.0,C1=CC=C2C(=C1)C(=O)OC23C4=C(C=C(C=C4)[O-])OC5=C3C=CC(=C5)[O-].[Na+].[Na+],RGPLGPBQJOQFJS-UHFFFAOYSA-L
13109.0,CC[C@]12CC[C@H]3[C@H]([C@@H]1CC[C@]2(C#C)O)CCC4=CC(=O)CC[C@H]34,WWYNJERNGUHSAO-XUDSTZEESA-N
6057.0,C1=CC(=CC=C1C[C@@H](C(=O)O)N)O,OUYCCCASQSFEME-QMMMGPOBSA-N
5997.0,C[C@H](CCCC(C)C)[C@H]1CC[C@@H]2[C@@]1(CC[C@H]3[C@H]2CC=C4[C@@]3(CC[C@@H](C4)O)C)C,HVYWMOMLDIMFJA-DPAQBDIFSA-N
23894.0,CC(O)(P(=O)(O)[O-])P(=O)(O)[O-].[Na+].[Na+],GWBBVOVXJZATQQ-UHFFFAOYSA-L
444254.0,C[C@@H]1[C@H]([C@@H]([C@H]([C@H](O1)O[C@@H]2[C@H](O[C@@H]([C@@H]([C@H]2O)O)O[C@@H]3[C@H](O[C@H]([C@@H]([C@H]3O)O)O)CO)CO)O)O)N[C@H]4C=C([C@H]([C@@H]([C@H]4O)O)O)CO,XUFXOAAUWZOOIT-SXARVLRPSA-N
442460.0,CC(=O)O[C@@H]1CC2CCC1(C2(C)C)C,KGEKLUUHTZCSIP-SQLBVSGCSA-N
11876263.0,C[C@]12CC[C@H]3[C@H]([C@@H]1CC[C@@H]2C(=O)COC(=O)C(C)(C)C)CCC4=CC(=O)CC[C@]34C,VVOIQBFMTVCINR-WWMZEODYSA-N
8271.0,CCC1(C(=O)NC(=O)N(C1=O)C)C2=CC=CC=C2,ALARQZQTBTVLJV-UHFFFAOYSA-N
4506.0,C1C(=O)NC2=C(C=C(C=C2)[N+](=O)[O-])C(=N1)C3=CC=CC=C3,KJONHKAYOJNZEC-UHFFFAOYSA-N
8633.0,CC1CCC(C(C1)OC(=O)C2=CC=CC=C2N)C(C)C,SOXAGEOHPCXXIO-UHFFFAOYSA-N
449069.0,CC=C1[C@@H]2CC3=C([C@]1(CC(=C2)C)N)C=CC(=O)N3,ZRJBHWIHUMBLCN-ZUZCIYMTSA-N
11313.0,C1=CC=C2C(=C1)C(=CC(=C2N)N=NC3=CC=C(C=C3)C4=CC=C(C=C4)N=NC5=C(C6=CC=CC=C6C(=C5)S(=O)(=O)[O-])N)S(=O)(=O)[O-].[Na+].[Na+],IQFVPQOLBLOTPF-UHFFFAOYSA-L
67406.0,CC1=CC(=CC=C1)OC(=O)C,OTGAHJPFNKQGAE-UHFFFAOYSA-N
31264.0,CC1OC(OC(O1)C)C,SQYNKIJPMDEDEG-UHFFFAOYSA-N
2682.0,CCCCCCCCCCCCCCCCO,BXWNKGSJHAJOGX-UHFFFAOYSA-N
8221.0,CCCCCCCCCCCCCCCCCCO,GLDOVTGHNKAZLK-UHFFFAOYSA-N
12620.0,CCCCCCCCCCCCCCCCCCCCCCO,NOPFSRXAKWQILS-UHFFFAOYSA-N
1110.0,C(CC(=O)O)C(=O)O,KDYFGRWQOYBRFD-UHFFFAOYSA-N
6989.0,CC1=CC(=C(C=C1)C(C)C)O,MGSRCZKZVOBKFT-UHFFFAOYSA-N
2707.0,C(C(Cl)(Cl)Cl)(O)O,RNFNDJAIBTYOQL-UHFFFAOYSA-N
7814.0,C1=CC(=CC=C1N)N,CBCKQZAAMUWICA-UHFFFAOYSA-N
7456.0,COC(=O)C1=CC=C(C=C1)O,LXCFILQKKLGQFO-UHFFFAOYSA-N
7393.0,CC(C)(C)C1=CC=C(C=C1)O,QHPQWRBYOIRBIT-UHFFFAOYSA-N
60962.0,C1=CC=C(C=C1)NN.Cl,JOVOSQBPPZZESK-UHFFFAOYSA-N
7187.0,C1=CC=C(C=C1)C(=O)OOC(=O)C2=CC=CC=C2,OMPJBNCRMGITSC-UHFFFAOYSA-N
16666.0,C[C@@H]1CC[C@H]([C@@H](C1)O)C(C)C,NOOLISFMXDJSKH-KXUCPTDWSA-N
16846.0,CCCOC(=O)C1=CC=CC=C1,UDEWPOVQBGFNGE-UHFFFAOYSA-N
6982.0,CC1=CC(=C(C=C1Cl)C(C)C)O,KFZXVMNBUMVKLN-UHFFFAOYSA-N
61574.0,CCCCCCCCCCCCSCCOCCO,BXSSNHYHHLFNAV-UHFFFAOYSA-N
6518.0,C(C(CO[N+](=O)[O-])(CO[N+](=O)[O-])CO[N+](=O)[O-])O[N+](=O)[O-],TZRXHJWUDPFEEY-UHFFFAOYSA-N
2733749.0,CC(=O)NC1=CC=C(C=C1)C=NNC(=S)N,SRVJKTDHMYAMHA-UHFFFAOYSA-N
40326.0,CC1(C(C1C(=O)OCC2=CC(=CC=C2)OC3=CC=CC=C3)C=C(Cl)Cl)C,RLLPVAHGXHCWKJ-UHFFFAOYSA-N
6282.0,C1=CC(=C(C=C1C2(C3=C(C(=C(C(=C3Br)Br)Br)Br)C(=O)O2)C4=CC(=C(C=C4)O)S(=O)(=O)[O-])S(=O)(=O)[O-])O.[Na+].[Na+],GHAFORRTMVIXHS-UHFFFAOYSA-L
5977.0,CC(C)(C(Cl)(Cl)Cl)O,OSASVXMJTNOKOY-UHFFFAOYSA-N
68310.0,CC(=O)N[C@@H](CC1=CC=C(C=C1)O)C(=O)O,CAHKINHBCWCHCF-JTQLQIEISA-N
25495.0,C1=CC(=CN=C1)C(=O)OC[C@@H]2[C@H]([C@@H]([C@](O2)(COC(=O)C3=CN=CC=C3)O)OC(=O)C4=CN=CC=C4)OC(=O)C5=CN=CC=C5,FUWFSXZKBMCSKF-ZASNTINBSA-N
61002.0,C1=CC=C(C=C1)NNC(=O)N,AVKHCKXGKPAGEI-UHFFFAOYSA-N
12478.0,COC1=CC(=CC(=C1OC)OC)C(=O)N2CCOCC2,XWVOEFLBOSSYGM-UHFFFAOYSA-N
8522.0,CC1=C(C(=O)N(N1C)C2=CC=CC=C2)I,ZZOBLCHCPLOXCE-UHFFFAOYSA-N
23706212.0,CC(=O)CC(C1=CC=CC=C1)C2=C(C3=CC=CC=C3OC2=O)[O-].[K+],WSHYKIAQCMIPTB-UHFFFAOYSA-M
9677.0,CCCCCCCCCC(=O)O[C@H]1CC[C@@H]2[C@@]1(CC[C@H]3[C@H]2CCC4=CC(=O)CC[C@H]34)C,JKWKMORAXJQQSR-MOPIKTETSA-N
19988.0,COC1=C(C=C(C(=C1)O)C(=O)C2=CC=CC=C2)S(=O)(=O)O,CXVGEDCSTKKODG-UHFFFAOYSA-N
3047796.0,C1=CC(=C(C=C1[C@H](CN)O)O)O.[C@@H]([C@H](C(=O)O)O)(C(=O)O)O.O,LNBCGLZYLJMGKP-LUDZCAPTSA-N
3487.0,CCC1(CCC(=O)NC1=O)C2=CC=CC=C2,JMBQKKAJIKAWKF-UHFFFAOYSA-N
892.0,C1(C(C(C(C(C1O)O)O)O)O)O,CDAISMWEOUEBRE-UHFFFAOYSA-N
11850.0,C([C@H]([C@@H]([C@@H]([C@H](CO)O)O)O)O)O,FBPFZTCFMRRESA-GUCUJZIJSA-N
6503.0,C(C(CO)(CO)N)O,LENZDBCJOHFCAS-UHFFFAOYSA-N
6651.0,CC1(CCC(CC1)C(C)(C)O)O,RBNWAMSGVWEHFP-UHFFFAOYSA-N
6300.0,C[C@]12CC[C@H]3[C@H]([C@@H]1CC[C@]2(C)O)CCC4=CC(=O)C=C[C@]34C,XWALNWXLMVGSFR-HLXURNFRSA-N
288216.0,C1C[C@@H](OC1)N2C=C(C(=O)NC2=O)F,WFWLQNSHRPWKFK-ZCFIWIBFSA-N
2294.0,CCC1(C(=O)NC(=O)NC1=O)CC,FTOAOBMCPZCFFF-UHFFFAOYSA-N
8269.0,CC(=O)OC1=CC=C(C=C1)C2(C3=CC=CC=C3NC2=O)C4=CC=C(C=C4)OC(=O)C,PHPUXYRXPHEJDF-UHFFFAOYSA-N
10230.0,C1=CC=C2C(=C1)C(=NN=C2NN)NN,VQKLRVZQQYVIJW-UHFFFAOYSA-N
5483.0,CC(C(=O)NCC(=O)O)S,YTGJWQPHMWSCST-UHFFFAOYSA-N
5284607.0,CC1=C(C(=O)C2=CC=CC=C2C1=O)C/C=C(\C)/CCC[C@H](C)CCC[C@H](C)CCCC(C)C,MBWXNTAXLNYFJB-NKFFZRIASA-N
5634.0,C=CCCCCCCCCC(=O)O,FRPZMMHWLSIFAZ-UHFFFAOYSA-N
1080.0,C(C(C(=O)O)N)SCC(=O)O,GBFLZEXEOZUWRN-UHFFFAOYSA-N
441207.0,C[C@@H]1[C@H]([C@H](C[C@@H](O1)O[C@@H]2[C@H](O[C@H](C[C@@H]2O)O[C@@H]3[C@H](O[C@H](C[C@@H]3O)O[C@H]4CC[C@]5([C@@H](C4)CC[C@@H]6[C@@H]5CC[C@]7([C@@]6(CC[C@@H]7C8=CC(=O)OC8)O)C)C)C)C)O)O,WDJUZGPOPHTGOT-XUDUSOBPSA-N
5281915.0,CC1=C(C(=O)C(=C(C1=O)OC)OC)C/C=C(\C)/CC/C=C(\C)/CC/C=C(\C)/CC/C=C(\C)/CC/C=C(\C)/CC/C=C(\C)/CC/C=C(\C)/CC/C=C(\C)/CC/C=C(\C)/CCC=C(C)C,ACTIUHUUMQJHFO-UPTCCGCDSA-N
3608.0,CC1(C(=O)NC(=O)N(C1=O)C)C2=CCCCC2,UYXAWHWODHRRMR-UHFFFAOYSA-N
876.0,CSCCC(C(=O)O)N,FFEARJCKVFRZRR-UHFFFAOYSA-N
4674.0,C(CN)C(O)(P(=O)(O)O)P(=O)(O)O,WRUUGTRCQOWXEG-UHFFFAOYSA-N
9330.0,CCN(CC)CCOC(=O)C(C1=CC=CC=C1)(C2=CC=CC=C2)O,IVQOFBKHQCTVQV-UHFFFAOYSA-N
92386.0,CC(C)CCOC(=O)C=CC1=CC=C(C=C1)OC,UBNYRXMKIIGMKK-UHFFFAOYSA-N
92876.0,CC(CN(C)C)C(C)(CC1=CC=C(C=C1)Cl)O.Cl,ZMROYCGIWPNZNJ-UHFFFAOYSA-N
15103.0,C[Se]CCC(C(=O)O)N,RJFAYQIBOAGBLC-UHFFFAOYSA-N
3958.0,C1=CC=C(C(=C1)C2=NC(C(=O)NC3=C2C=C(C=C3)Cl)O)Cl,DIWRORZWFLOCLC-UHFFFAOYSA-N
5391.0,CN1C2=C(C=C(C=C2)Cl)C(=NC(C1=O)O)C3=CC=CC=C3,SEQDDYPDSLOBDC-UHFFFAOYSA-N
28620.0,C[C@@H]1[C@H]([C@H](C[C@@H](O1)O[C@H]2CC[C@]3([C@@H](C2)CC[C@@H]4[C@@H]3C[C@H]([C@]5([C@@]4(CC[C@@H]5C6=CC(=O)OC6)O)C)O)C)O)O[C@H]7C[C@@H]([C@@H]([C@H](O7)C)O[C@H]8C[C@@H]([C@@H]([C@H](O8)C)O[C@H]9[C@@H]([C@H]([C@@H]([C@H](O9)CO)O)O)O)O)O,OBATZBGFDSVCJD-LALPQLPRSA-N
3037556.0,C([C@H]([C@@H]([C@@H]([C@H](C=O)O)O)O)O)O,GZCGUPFRVQAUEE-KCDKBNATSA-N
9564.0,CCCCNC(=O)NS(=O)(=O)C1=CC=C(C=C1)N,VDTNNGKXZGSZIP-UHFFFAOYSA-N
699414.0,COC1=CC=C(C=C1)/C=C/C(=O)O,AFDXODALSZRGIH-QPJJXVBHSA-N
11061.0,CCN(CC)CCSC(=O)C(C1=CC=CC=C1)C2=CC=CC=C2,WHLUQAYNVOGZST-UHFFFAOYSA-N
7183.0,CCN(CC)CCOC(=O)C1=CC=C(C=C1)OCC,OWWVHQUOYSPNNE-UHFFFAOYSA-N
5480.0,CCOC(=O)C1=C(SC2=C1CCN(C2)CC3=CC=CC=C3)N,PFENFDGYVLAFBR-UHFFFAOYSA-N
337359.0,C1COC2=C([C@]13C(=O)NC(=O)N3)C=C(C=C2)F,LXANPKRCLVQAOG-NSHDSACASA-N
60490.0,CC(C1=CC2=CC=CC=C2S1)N(C(=O)N)O,MWLSOWXNZPKENC-UHFFFAOYSA-N
38409.0,C1=CSC(=C1)C(=O)C2=C(C(=C(C=C2)OCC(=O)O)Cl)Cl,AGHANLSBXUWXTB-UHFFFAOYSA-N
123631.0,COC1=C(C=C2C(=C1)N=CN=C2NC3=CC(=C(C=C3)F)Cl)OCCCN4CCOCC4,XGALLCVXEZPNRQ-UHFFFAOYSA-N
123596.0,CC1=C(C=C(C=C1)NC(=O)C2=CC=C(C=C2)CN3CCN(CC3)C)NC4=NC=CC(=N4)C5=CN=CC=C5.CS(=O)(=O)O,YLMAHDNUQAMNNX-UHFFFAOYSA-N
60822.0,CC(C)C1=C(C(=C(N1CC[C@H](C[C@H](CC(=O)[O-])O)O)C2=CC=C(C=C2)F)C3=CC=CC=C3)C(=O)NC4=CC=CC=C4.CC(C)C1=C(C(=C(N1CC[C@H](C[C@H](CC(=O)[O-])O)O)C2=CC=C(C=C2)F)C3=CC=CC=C3)C(=O)NC4=CC=CC=C4.[Ca+2],FQCKMBLVYCEXJB-MNSAWQCASA-L
5281078.0,CC1=C2COC(=O)C2=C(C(=C1OC)C/C=C(\C)/CCC(=O)OCCN3CCOCC3)O,RTGDFNSFWBGLEC-SYZQJQIISA-N
5462355.0,CC(C)(C)NC(=O)[C@@H]1CN(CCN1C[C@H](C[C@@H](CC2=CC=CC=C2)C(=O)N[C@@H]3[C@@H](CC4=CC=CC=C34)O)O)CC5=CN=CC=C5.OS(=O)(=O)O,NUBQKPWHXMGDLP-BDEHJDMKSA-N
10885665.0,CC(C)CN(C[C@H]([C@H](CC1=CC=CC=C1)NC(=O)O[C@@H]2CCOC2)O)S(=O)(=O)C3=CC=C(C=C3)N,YMARZQAQMVYCKC-YFNKSVMNSA-N
17756783.0,CCOC1=CC=C(C=C1)NC(=C)NC2=CC=C(C=C2)OCC,APAAODWHOIYZEX-UHFFFAOYSA-N
33255.0,CC1=NN=C(S1)SCC2=C(N3[C@@H]([C@@H](C3=O)NC(=O)CN4C=NN=N4)SC2)C(=O)O,MLYYVTUWGNIJIB-BXKDBHETSA-N
2118.0,CC1=NN=C2N1C3=C(C=C(C=C3)Cl)C(=NC2)C4=CC=CC=C4,VREFGVBLTWBCJP-UHFFFAOYSA-N
15558682.0,CN1[C@H]2CC[C@@H]1[C@H]([C@@H](C2)OC(=O)C3=CC=CC=C3)C(=O)OC.Cl,PIQVDUKEQYOJNR-BPNKVWISSA-N
71563.0,CC(C)[C@H](C(=O)O)N,KZSNJWFQEVHDMF-SCSAIBSYSA-N
2724368.0,C1=CC(=C(C=C1N)O)C(=O)[O-].[Na+],FVVDKUPCWXUVNP-UHFFFAOYSA-M
3337.0,CCNC(C)CC1=CC(=CC=C1)C(F)(F)F,DBGIVFWFUFKIQN-UHFFFAOYSA-N
5876.0,C[C@]12C[C@@H]([C@H]3[C@H]([C@@H]1CC[C@@]2(C(=O)CO)O)C[C@@H](C4=CC(=O)C=C[C@]34C)F)O,MYYIMZRZXIQBGI-HVIRSNARSA-N
32778.0,CC1=CC(=NO1)C(=O)NCCC2=CC=C(C=C2)S(=O)(=O)NC(=O)NN3CCCCCC3,ZKUDBRCEOBOWLF-UHFFFAOYSA-N
14868.0,C1=CC(=CC=C1NC(=O)C2=C(C(=CC(=C2)Br)Br)O)Br,KVSKGMLNBAPGKH-UHFFFAOYSA-N
7151.0,COC(=O)C1=CN=CC=C1,YNBADRVTZLEFNH-UHFFFAOYSA-N
3821.0,CNC1(CCCCC1=O)C2=CC=CC=C2Cl,YQEZLKZALYSWHR-UHFFFAOYSA-N
5282219.0,CC(=CCOC1=CC=C(C=C1)/C=C/C(=O)C2=C(C=C(C=C2)OCC=C(C)C)OCC(=O)O)C,GFWRVVCDTLRWPK-KPKJPENVSA-N
117965.0,CCCCN1CCCC[C@H]1C(=O)NC2=C(C=CC=C2C)C.Cl,SIEYLFHKZGLBNX-NTISSMGPSA-N
12947.0,CCN(CCCC(C)NC1=C2C=CC(=CC2=NC=C1)Cl)CCO.OS(=O)(=O)O,JCBIVZZPXRZKTI-UHFFFAOYSA-N
7057995.0,C([C@H]([C@@H]1[C@@H]([C@@H]2[C@H](O1)O[C@@H](O2)C(Cl)(Cl)Cl)O)O)O,OJYGBLRPYBAHRT-IPQSZEQASA-N
6093170.0,C(CN(CC(=O)[O-])CC(=O)[O-])N(CC(=O)[O-])CC(=O)[O-].[Na+].[Na+].[Ca+2],SHWNNYZBHZIQQV-UHFFFAOYSA-J
464.0,C1=CC=C(C=C1)C(=O)NCC(=O)O,QIAFMBKCNZACKA-UHFFFAOYSA-N
54680691.0,C[C@@]1([C@H]2[C@@H]([C@H]3[C@@H](C(=O)C(=C([C@]3(C(=O)C2=C(C4=C1C=CC=C4O)O)O)O)C(=O)N)N(C)C)O)O.O.O,IMLJLCJZQLGHJS-JEKSYDDFSA-N
15165.0,CC(C12CC3CC(C1)CC(C3)C2)N.Cl,OZBDFBJXRJWNAV-UHFFFAOYSA-N
4763.0,CCC1(C(=O)NC(=O)NC1=O)C2=CC=CC=C2,DDBREPKUVSBGFI-UHFFFAOYSA-N
3032361.0,CC(C)CC1C(=O)N(C(=S)N1)CC=C,RATGSRSDPNECNO-UHFFFAOYSA-N
135413523.0,CCCC1=NN(C2=C1N=C(NC2=O)C3=C(C=CC(=C3)S(=O)(=O)N4CCN(CC4)C)OCC)C.C(C(=O)O)C(CC(=O)O)(C(=O)O)O,DEIYFTQMQPDXOT-UHFFFAOYSA-N
68827.0,C[C@@H]1CC[C@H]2[C@H](C(=O)O[C@H]3[C@@]24[C@H]1CC[C@](O3)(OO4)C)C,BLUAFEHZUWYNDE-NNWCWBAJSA-N
6764.0,C1=CC2=C(C(=O)C(=O)C3=C2C=CC=N3)N=C1,VLPADTBFADIFKG-UHFFFAOYSA-N
235905.0,C[C@]12CC[C@H]3[C@H]([C@@H]1CC[C@]2(CC=C)O)CCC4=CCCC[C@H]34,ATXHVCQZZJYMCF-XUDSTZEESA-N
31477.0,CC1=CC(=C(C(=C1OC(=O)C)C)C)OCC(CNC(C)C)O,BQIPXWYNLPYNHW-UHFFFAOYSA-N
441074.0,COC1=CC2=C(C=CN=C2C=C1)[C@@H]([C@H]3C[C@@H]4CCN3C[C@@H]4C=C)O,LOUPRKONTZGTKE-LHHVKLHASA-N
7232.0,C1CCC(CC1)NSC2=NC3=CC=CC=C3S2,DEQZTKGFXNUBJL-UHFFFAOYSA-N
5877.0,C[C@H]1C[C@H]2[C@@H]3CC[C@@]([C@]3(C[C@@H]([C@@H]2[C@@]4(C1=CC(=O)C=C4)C)O)C)(C(=O)COC(=O)C)O,PLBHSZGDDKCEHR-LFYFAGGJSA-N
11088.0,CC1=CC(=C(C=C1C2=CC(=C(C=C2C)OI)C(C)C)C(C)C)OI,SHOKWSLXDAIZPP-UHFFFAOYSA-N
14878.0,CCCCCCCCCCCCCCCCCC(=O)OCC(C)O,FKOKUHFZNIUSLW-UHFFFAOYSA-N
2893.0,CC1CC(CC(C1)(C)C)OC(=O)C(C2=CC=CC=C2)O,WZHCOOQXZCIUNC-UHFFFAOYSA-N
30951.0,C=CCOC1=C(C=C(C=C1)CC(=O)O)Cl,ARHWPKZXBHOEEE-UHFFFAOYSA-N
32343.0,C1=C2C(=C3C=C(C(=O)C(=C3OC2=C(C(=C1I)[O-])I)I)I)C4=C(C(=C(C(=C4Cl)Cl)Cl)Cl)C(=O)[O-].[Na+].[Na+],UWBXIFCTIZXXLS-UHFFFAOYSA-L
60795.0,C1CC(=O)NC2=C1C=CC(=C2)OCCCCN3CCN(CC3)C4=C(C(=CC=C4)Cl)Cl,CEUORZQYGODEFX-UHFFFAOYSA-N
2484.0,CC(C)(C)C1=CC=C(C=C1)CN(C)CC2=CC=CC3=CC=CC=C32,ABJKWBDEJIDSJZ-UHFFFAOYSA-N
65776.0,CC1=C(N(C2=C1C=C(C=C2)C(=O)OCCN(C)C)CC3=CC=CC=C3)C,YKWQHMLRAPIWDP-UHFFFAOYSA-N
6915944.0,C=CC1=C(N2[C@@H]([C@@H](C2=O)NC(=O)/C(=N\O)/C3=CSC(=N3)N)SC1)C(=O)O,RTXOFQZKPXMALH-GHXIOONMSA-N
92088.0,CC=CC1=C(N2[C@@H]([C@@H](C2=O)NC(=O)[C@@H](C3=CC=C(C=C3)O)N)SC1)C(=O)O.O,ALYUMNAHLSSTOU-PFBPGKLMSA-N
135398739.0,C1C[C@@H](O[C@@H]1CO)N2C=NC3=C2N=CNC3=O,BXZVVICBKDXVGW-NKWVEPMBSA-N
969472.0,CN1CCN(CC1)C(=O)O[C@H]2C3=NC=CN=C3C(=O)N2C4=NC=C(C=C4)Cl,GBBSUAFBMRNDJC-INIZCTEOSA-N
54677470.0,CC1=CN=C(S1)NC(=O)C2=C(C3=CC=CC=C3S(=O)(=O)N2C)O,ZRVUJXDFFKFLMG-UHFFFAOYSA-N
54911.0,CCC1=NN(C(=O)N1CCOC2=CC=CC=C2)CCCN3CCN(CC3)C4=CC(=CC=C4)Cl.Cl,DYCKFEBIOUQECE-UHFFFAOYSA-N
14720269.0,CC1=C(C=CN=C1CS(=O)C2=NC3=CC=CC=C3[N-]2)OCCCOC.[Na+],KRCQSTCYZUOBHN-UHFFFAOYSA-N
443879.0,CC1=CC(=C(C=C1)O)[C@H](CCN(C(C)C)C(C)C)C2=CC=CC=C2,OOGJQPCLVADCPB-HXUWFJFHSA-N
135398741.0,CC(C)[C@@H](C(=O)OCCOCN1C=NC2=C1N=C(NC2=O)N)N.Cl,ZCDDBUOENGJMLV-QRPNPIFTSA-N
68740.0,C1=CN(C=N1)CC(O)(P(=O)(O)O)P(=O)(O)O,XRASPMIURGNCCH-UHFFFAOYSA-N
27447.0,CC1=C(N2[C@@H]([C@@H](C2=O)NC(=O)[C@@H](C3=CC=CC=C3)N)SC1)C(=O)O,ZAIPMKNFIOOWCQ-UEKVPHQBSA-N
23665410.0,CCCC(C)C1(C(=O)NC(=NC1=O)[S-])CC.[Na+],AWLILQARPMWUHA-UHFFFAOYSA-M
3025067.0,C1CN(CCN1)C2=C3C(=CC=C2)OCCO3.Cl,JFSOSUNPIXJCIX-UHFFFAOYSA-N
65909.0,CC1(C2=CC=CN2C3=CC=CC=C3CO1)CN4CCC(CC4)N5C6=CC=CC=C6NC5=O,HTGCJAAPDHZCHL-UHFFFAOYSA-N
443375.0,CN1C2=CC=CC=C2C(=N[C@@H](C1=O)NC(=O)C3=CC4=CC=CC=C4N3)C5=CC=CC=C5,NFHRQQKPEBFUJK-HSZRJFAPSA-N
208953.0,C1COCCN1C2=CC3=C(C=C2C(F)(F)F)NC(=O)C(=O)N3CP(=O)(O)O,WZMQMKNCWDCCMT-UHFFFAOYSA-N
443872.0,C[C@]12CCC(=O)C=C1C[C@H]([C@@H]3[C@]24[C@H](O4)C[C@]5([C@H]3CC[C@@]56CCC(=O)O6)C)C(=O)OC,JUKPWJGBANNWMW-VWBFHTRKSA-N
5478883.0,C[C@@H](C(=O)N[C@@H](CC(C)C)[C@H](CC(=O)O)O)NC(=O)C[C@@H]([C@H](CC(C)C)NC(=O)[C@H](C(C)C)NC(=O)[C@H](C(C)C)NC(=O)CC(C)C)O,FAXGPCHRFPCXOO-LXTPJMTPSA-N
68313.0,CN(C)CCC1=CC=C(C=C1)O,KUBCEEMXQZUPDQ-UHFFFAOYSA-N
11082.0,CC1([C@@H](N2[C@H](S1)[C@@H](C2=O)N)C(=O)O)C,NGHVIOIJCVXTGV-ALEPSDHESA-N
5324289.0,CN1CC[C@]23[C@@H]4C(=CC=C2[C@H]1CC5=C3C(=C(C=C5)OC)O4)OC,FQXXSQDCDRQNQE-VMDGZTHMSA-N
120081.0,COC1=C(C=C2C(=C1)C(=O)NC(=O)N2)OC,KWNQIIMVPSMYEM-UHFFFAOYSA-N
135430323.0,CC1=CC(=O)C2=C(C3=C4C5=C2C1=C(C=C5C(C(=C4C(=O)C=C3O)O)(C)C)O)O,MJKDGCARCYPVQG-UHFFFAOYSA-N
65760.0,C1[C@H]([C@@H]([C@H](C(O1)NC2=CC=C(C=C2)C(=O)O)O)O)O,HLDUHCYBUVVDOT-GZBOUJLJSA-N
65940.0,C1=CC=C(C=C1)S(=O)(=O)NCCC2=CC=C(S2)OCC(=O)O,ISSKMEQROMFEHL-UHFFFAOYSA-N
5284442.0,C1=CC=C(C=C1)/C(=C\CCCCC(=O)O)/C2=CN=CC=C2,UWPBQLKEHGGKKD-GZTJUZNOSA-N
60712.0,C1=CSC(=C1)C(=O)C2=C(N(C3=C2C=C(C=C3)Cl)C(=O)N)O,IZSFDUMVCVVWKW-UHFFFAOYSA-N
19592.0,CC(C)(C(=O)O)OC1=CC=C(C=C1)C2CCCC3=CC=CC=C23,XJGBDJOMWKAZJS-UHFFFAOYSA-N
11046239.0,CCCCCCCCCCCC(=O)OC[C@H]([C@@H]1[C@@H]([C@H](CO1)O)O)O,LWZFANDGMFTDAV-BURFUSLBSA-N
30717.0,C1C2=CC=CC=C2C(=O)N3N1C(=O)C4=CC=CC=C4C3,CXSJGNHRBWJXEA-UHFFFAOYSA-N
68940.0,CC(=O)OCC1=C(N2[C@@H]([C@@H](C2=O)NC(=O)CC3=CC=CC=C3)SC1)C(=O)O,GOFCPYKUMJBHBH-RHSMWYFYSA-N
72146.0,COC1=C(C=CC(=C1)C(=S)N2CCOCC2)O,WQYRHRAZNNRDIA-UHFFFAOYSA-N
10252.0,CC(=O)NC(=O)C1=CC=CC=C1O,JZWFDVDETGFGFC-UHFFFAOYSA-N
65770.0,CCCCN1CCCC1C(=O)NC2=C(C=C(C=C2C)C)C,VEPZOLKTNZOTTQ-UHFFFAOYSA-N
66909.0,C1=CC=C(C=C1)CNS(=O)(=O)C2=CC=C(C=C2)N,ZHKXBELKPQXYEH-UHFFFAOYSA-N
594.0,C(C(C(=O)O)N)S,XUJNEKJLAYXESH-UHFFFAOYSA-N
5360232.0,CC=CC=NNC(=O)C1=CC=NC=C1,YLWYNCPRXFCNLQ-UHFFFAOYSA-N
42725.0,C1=CC=C(C(=C1)N)NC(=O)C2=CC=C(C=C2)N,QGMGHALXLXKCBD-UHFFFAOYSA-N
26483.0,CC1(C2CCC1(C[N+](C2)(C)CCC[N+](C)(C)C)C)C.COS(=O)(=O)[O-].COS(=O)(=O)[O-],ZOSQTCOGKFRDET-UHFFFAOYSA-L
96424.0,C1=CC(=CC=C1NC(=O)C=CC(=O)O)S(=O)(=O)NC2=NC=CS2,ALXRUJOUFGNSHT-UHFFFAOYSA-N
71518.0,C[N+](C)(C)CCOC(=O)C(C1=CC=CC=C1)(C2=CC=CC=C2)O.[I-],MGEPZVLQTPNDCU-UHFFFAOYSA-M
36102.0,CC1=CC=C(C=C1)S(=O)(=O)NC(=O)N[C@@H](C)CC2=CC=CC=C2,XILWEASNBDKGSA-AWEZNQCLSA-N
39328.0,CC(C)[N+](C)(C)CC(COC1=CC=CC2=CC=CC=C21)O.[Cl-],LJZCWOISXLZEEU-UHFFFAOYSA-M
32593.0,C1CN(CCC1C(=O)C2=CC=C(C=C2)F)CCCC(=O)C3=CC=C(C=C3)F,WCIBOXFOUGQLFC-UHFFFAOYSA-N
28718.0,CC1=C(C=CC=C1Cl)NC2=C(C=CC=N2)C(=O)O,CLOMYZFHNHFSIQ-UHFFFAOYSA-N
5280363.0,CCCCC[C@@H](/C=C/[C@H]1[C@@H](C[C@@H]([C@@H]1C/C=C\CCCC(=O)O)O)O)O,PXGPLTODNUVGFL-YNNPMVKQSA-N
5311100.0,C1[C@@H]([C@@H]([C@H]([C@@H]1O)/C=C/[C@H](COC2=CC=CC(=C2)C(F)(F)F)O)C/C=C\CCCC(=O)O)O,WWSWYXNVCBLWNZ-QIZQQNKQSA-N
16351.0,CN1CCN(CC1)C2=NC3=CC=CC=C3SC4=C2C=C(C=C4)Cl,KAAZGXDPUNNEFN-UHFFFAOYSA-N
49381.0,CN1CCN(CC1)C2=NC3=C(CC4=CC=CC=C42)C=CC(=C3)F,OBWGMKKHCLHVIE-UHFFFAOYSA-N
16667669.0,CCP(CC)CC.CC(=O)OC[C@@H]1[C@H]([C@@H]([C@H]([C@@H](O1)[S-])OC(=O)C)OC(=O)C)OC(=O)C.[Au+],AUJRCFUBUPVWSZ-XTZHGVARSA-M
135409471.0,C[C@@H]([C@@H]([C@H]1CNC2=C(N1)C(=O)NC(=N2)N)O)O.Cl.Cl,RKSUYBCOVNCALL-NTVURLEBSA-N
107921.0,CC[C@@]1(C(=O)N(C(=O)N1)C)C2=CC=CC=C2,GMHKMTDVRCWUDX-LBPRGKRZSA-N
443945.0,CN1C2=CC=CC=C2C(=O)N(C3=CC=CC=C31)CCN(C)C.Cl,RJPZIQRLRMWPRF-UHFFFAOYSA-N
56463.0,CC1=C(C2=CC=CC=C2N1CCN3CCOCC3)C(=O)C4=CC=C(C=C4)OC,MEUQWHZOUDZXHH-UHFFFAOYSA-N
5282435.0,C1=CC(=C(C=C1Cl)C2=NC(=NC(=N2)N)N)Cl.C(=C\C(=O)O)\C(=O)O,PJLVTVAIERNDEQ-BTJKTKAUSA-N
9868041.0,CS(=O)(=O)O.C1=CC(=CC=C1C(=O)OC2=CC3=C(C=C2)C=C(C=C3)C(=N)N)N=C(N)N,ZESSXQLDESEKGC-UHFFFAOYSA-N
28871.0,C1=CC=C(C=C1)C2=NC(=C(S2)CC(=O)O)C3=CC=C(C=C3)Cl,JIEKMACRVQTPRC-UHFFFAOYSA-N
28446.0,CNC1=C2CCCCC2=NN1C,NKDJNEGDJVXHKM-UHFFFAOYSA-N
11350.0,C1=CC=C(C=C1)C(CC2=CC(=C(C(=C2)I)O)I)C(=O)O,IKYIXZSIKOYSLD-UHFFFAOYSA-N
9862176.0,C1=CC(=CN=C1)CC(O)(P(=O)(O)[O-])P(=O)(O)[O-].[Na+].[Na+],ARGHCEVMLACPSI-UHFFFAOYSA-L
17756939.0,CN1C(C(=O)C2=C(S1(=O)=O)C=C(S2)Cl)C(=O)NC3=CC=CC=N3,QOFQTBTZCJVITI-UHFFFAOYSA-N
6237.0,CCC1=C(C2=CC=CC=C2O1)C(=O)C3=CC(=C(C(=C3)I)O)I,CZCHIEJNWPNBDE-UHFFFAOYSA-N
65614.0,CC(CC1=CC=CC=C1)NC=O,SGSYPSYCGPLSML-UHFFFAOYSA-N
11043.0,C1=CC2=C(C(=C(C=C2S(=O)(=O)O)I)O)N=C1,ZBJWWKFMHOAPNS-UHFFFAOYSA-N
12938.0,CCC1(C(=O)NC(=O)N(C1=O)C(=O)C2=CC=CC=C2)C3=CC=CC=C3,QMOWPJIFTHVQMB-UHFFFAOYSA-N
36190.0,CCN(CC)CCOC1=CC=CC=C1OC,OTEAKJIIJRDXBV-UHFFFAOYSA-N
71821.0,CC1=NC2=CC=CC=C2N1CC3=CC=C(C=C3)Cl,WNAQOLSMVPFGTE-UHFFFAOYSA-N
5282198.0,CCOC(=O)/C=C(\C)/C=C/C[C@@H](C)CCCC(C)C,FYQGBXGJFWXIPP-OJROSNHMSA-N
71267.0,CC1=C(C(=CC=C1)C)NC(=O)CN2CCCCCC2,RJOUHGWLHPOQSA-UHFFFAOYSA-N
194699.0,C1=CC(=CC=C1C(=O)CCl)OC2=CC=C(C=C2)C(=O)CCl,JVVSVPLSTGMSJT-UHFFFAOYSA-N
11634155.0,CC(C)C[C@H]1CN2CCC3=CC(=C(C=C3[C@@H]2CC1=O)OC)OC,MKJIEFSOBYUXJB-HOCLYGCPSA-N
65477.0,CC(C)(CC1=CC=C(C=C1)Cl)N.Cl,WEJDYJKJPUPMLH-UHFFFAOYSA-N
2292.0,CCCCNCC(C1=CC=C(C=C1)O)O,RDUHXGIIUDVSHR-UHFFFAOYSA-N
160796.0,CC(CC1=CC=CC=C1)NCC2=CC=CC=C2Cl.Cl,ASTCUURTJCZRSC-UHFFFAOYSA-N
65682.0,C[C@@H](CC1=CC=CC=C1)N(C)C,OBDSVYOSYSKVMX-JTQLQIEISA-N
68835.0,C1CCC(CC1)NC(=O)CN2CCNCC2,RTFADALJKSFJDZ-UHFFFAOYSA-N
68909.0,CC1=C(C(C(=C(N1)C)C(=O)OC)C2=CC=CC=C2OC(F)F)C(=O)OC,AZVFIZVKGSPGPK-UHFFFAOYSA-N
14604.0,CCN(CC)S(=O)(=O)C1=CC=C(C=C1)C(=O)O,UACOQEQOBAQRDQ-UHFFFAOYSA-N
24361.0,CC1=C(C(=CC=C1)C)NC(=O)CN2CCCC2,OYCGKECKIVYHTN-UHFFFAOYSA-N
68706.0,C1=CC=C(C=C1)N2C=C(C(=N2)C3=CC=C(C=C3)Cl)CC(=O)O,XVUQHFRQHBLHQD-UHFFFAOYSA-N
71894.0,COC1=CC=C(C=C1)C=CC(=O)C2=C(C=C(C=C2)OC)OC,HVAKUYCEWDPRCA-UHFFFAOYSA-N
69594.0,C1=CC(=C(C=C1S(=O)(=O)N)S(=O)(=O)N)Cl,NENBAISIHCWPKP-UHFFFAOYSA-N
2447.0,CC(C)C(C(=O)NC(=O)N)Br,CMCCHHWTTBEZNM-UHFFFAOYSA-N
6434871.0,C1CC1NC(=O)/C=C/C2=CC(=CC=C2)F,NCOOUEIQXVWKTO-QPJJXVBHSA-N
13756.0,C1C(=O)N=C2C=CC(=CC2=C(N1O)C3=CC=CC=C3)Cl,PSADRZMLSXCSAS-UHFFFAOYSA-N
27448.0,C1=CC(=CC=C1NC(=O)C2=CC(=C(S2)Br)Br)Br,ZLWLKVQCHZSSEL-UHFFFAOYSA-N
28858.0,C1=CC(=CC=C1C2=NC(=CS2)CC(=O)O)Cl,APBSKHYXXKHJFK-UHFFFAOYSA-N
2018.0,CC(=O)NC1=CC=C(C=C1)CC(=O)O,MROJXXOCABQVEF-UHFFFAOYSA-N
15250.0,CC(C)CC1=CC=C(C=C1)CC(=O)O,CYWFCPPBTWOZSF-UHFFFAOYSA-N
39299.0,CC1=CC(=C(N1C2=CC=C(C=C2)Cl)C)CC(=O)O,SJCRQMUYEQHNTC-UHFFFAOYSA-N
70374.0,C1COCCN1CNC(=O)C2=NC=CN=C2,GVTLAVKAVSKBKK-UHFFFAOYSA-N
26436.0,CCOC(=O)CC1=CC=C(C=C1)C2=CC=CC=C2,NPPJLSILDPVHCM-UHFFFAOYSA-N
41109.0,CC(C)(C(=O)OCCN1C=NC2=C1C(=O)N(C(=O)N2C)C)OC3=CC=C(C=C3)Cl,KYAKGJDISSNVPZ-UHFFFAOYSA-N
8614.0,C1=CC=C(C(=C1)C(=O)NCC(=O)O)I,CORFWQGVBFFZHF-UHFFFAOYSA-N
68888.0,CC(C)(C)C(=O)NCCCC(=O)O,SRPNQDXRVRCTNK-UHFFFAOYSA-N
68907.0,CCNC(=O)NCC1=CC(=CC=C1)Cl,ATMWYLVZVAXVDZ-UHFFFAOYSA-N
17756940.0,CC1=C(C(=CC=C1)C)NC(=O)NC2=CCCN2C,NVLYEUVHRBEXNK-UHFFFAOYSA-N
72073.0,C1=CC=C2C(=C1)N(C=C[N+]2=O)[O-],CKIHZSGJPSDCNC-UHFFFAOYSA-N
16564.0,C1C(OC2=CC=CC=C2O1)CN=C(N)N,HIUVKVDQFXDZHU-UHFFFAOYSA-N
62436.0,C1CCC(CC1)(C2=CC=CC=C2)N3CCCC3,FYOWWXMGDATDQY-UHFFFAOYSA-N
62751.0,C1CCC(CC1)(C2=CC=CS2)N3CCCCC3,JUZZEWSCNBCFRL-UHFFFAOYSA-N
11147.0,CCCCCCCCCCCCCCCC(=O)OCC(COC(=O)CCCCCCCCCCCCCCC)OC(=O)CCCCCCCCCCCCCCC,PVNIQBQSYATKKL-UHFFFAOYSA-N
5280933.0,CCCCC/C=C\C/C=C\C/C=C\CCCCC(=O)O,VZCCETWTMQHEPK-QNEBEIHSSA-N
68662.0,COC(=O)CC[C@@H](C(=O)O)N,ZGEYCCHDTIDZAE-BYPYZUCNSA-N
5281233.0,C/C(=C\C=C\C=C(\C=C\C=C(\C(=O)O[C@@H]1O[C@@H]([C@H]([C@@H]([C@H]1O)O)O)CO[C@@H]2O[C@@H]([C@H]([C@@H]([C@H]2O)O)O)CO)/C)/C)/C=C/C=C(/C(=O)O[C@@H]3O[C@@H]([C@H]([C@@H]([C@H]3O)O)O)CO[C@@H]4O[C@@H]([C@H]([C@@H]([C@H]4O)O)O)CO)\C,SEBIKDIMAPSUBY-RTJKDTQDSA-N
21847.0,C1CN(CCC1C2(CCC(=O)NC2=O)C3=CC=CC=C3)CC4=CC=CC=C4,LQQIVYSCPWCSSD-UHFFFAOYSA-N
71643.0,C1=CC=C(C=C1)CN=CC2=CC=CC=C2O,LPSMMAHYAIVSQW-UHFFFAOYSA-N
161562.0,CCN(CC)CCC(=O)N1C2=CC=CC=C2SC3=C1C=C(C=C3)C(F)(F)F,VHEOUJNDDFHPGJ-UHFFFAOYSA-N
219081.0,C1CN(CCN1CCC(=O)N2C3=CC=CC=C3SC4=C2C=C(C=C4)C(F)(F)F)CCO,KRMKBOUUDPUIDK-UHFFFAOYSA-N
6075.0,CN1CCCC(C1)CN2C3=CC=CC=C3SC4=CC=CC=C42,CBHCDHNUZWWAPP-UHFFFAOYSA-N
72157.0,CCCOC1=CC2=C(C=C1)N=C(S2)NC(=O)OC,HLLICFJUWSZHRJ-UHFFFAOYSA-N
9047.0,COC1=NC=CN=C1NS(=O)(=O)C2=CC=C(C=C2)N,KXRZBTAEDBELFD-UHFFFAOYSA-N
969494.0,CN1CCN(CC1)CCC(=O)N2C3=CC=CC=C3SC4=C2C=C(C=C4)C(F)(F)F,DOUQJBPSTIKRPH-UHFFFAOYSA-N
3275.0,CCN(CC)CCOC1=CC=CC=C1C(=O)CCC2=CC=CC=C2,OEGDFSLNGABBKJ-UHFFFAOYSA-N
8708.0,CCN(CC)CCOC1=CC2=C(C=C1)N=C(S2)N(C)C,WGMYEOIMVYADRJ-UHFFFAOYSA-N
13113.0,CCN(CC)CCC(=O)N1C2=CC=CC=C2SC3=C1C=C(C=C3)Cl,ZZKWNLZUYAGVOT-UHFFFAOYSA-N
62529.0,C1CCC(CC1)(C#N)N2CCCCC2,WWSAYKJWUZJLRT-UHFFFAOYSA-N
71116.0,COC1=C(C(=C(C=C1)C=NNC(=O)C2=CC=NC=C2)C(=O)O)OC,HSYFNANHKYNZNI-UHFFFAOYSA-N
18484.0,C1CC2CN(CCN2C1)CCCC(=O)C3=CC=C(C=C3)F,PQLYZHNINGGVMB-UHFFFAOYSA-N
65600.0,C1CN2CCC1C(C2)C(C3=CC=CC=C3)(C4=CC=CC=C4)O,PZMAHNDJABQWGS-UHFFFAOYSA-N
27918.0,C1=CC=C(C=C1)P(=O)(CC(=O)NN)C2=CC=CC=C2,PMHFLBQRALFMRT-UHFFFAOYSA-N
71234.0,CC(CNC(=O)C1=CN=CC=C1)NC(=O)C2=CN=CC=C2,KTXBOOWDLPUROC-UHFFFAOYSA-N
10832.0,C1=CC=C(C=C1)NC2=NC=NC(=N2)N,YMFGJWGABDOFID-UHFFFAOYSA-N
65630.0,C1CN2CCC1C(C2)OC(=O)C3=CC=CC=C3,AHKAOMZZTQULDS-UHFFFAOYSA-N
68947.0,C[C@]12CC[C@H]3[C@H]([C@@H]1CC[C@@H]2O)CCC4=C(C(=O)CC[C@]34C)Cl,KCZCIYZKSLLNNH-FBPKJDBXSA-N
65684.0,CC1=CC2=C(C=C1)NC3C2CN(CC3)C,CYJQCYXRNNCURD-UHFFFAOYSA-N
197861.0,C1CCN(CC1)CC2CCCCC2=O,PRFPQYGTPKDLHJ-UHFFFAOYSA-N
65790.0,COC1=CC(=CC(=C1OC)OC)C(=S)N2CCOCC2,MVOUIYUWRXPNKD-UHFFFAOYSA-N
12597.0,C1[C@H]([C@@H]2[C@H](O1)[C@H](CO2)O)O,KLDXJTOLSGUMSJ-JGWLITMVSA-N
667483.0,CCOC1=CC=C(C=C1)NC(=S)NC2=CC=C(C=C2)OCC,PRXHANOJNVGVGC-UHFFFAOYSA-N
155143.0,CCCCCCCCCC(=O)O[C@H]1CC[C@@H]2[C@@]1(CC[C@H]3[C@H]2CCC4=CC(=O)CC[C@]34C)C,LBERVHLCXUMDOT-MPZZESAYSA-N
3686.0,CC1=C(C(=O)C(=C(C1=O)OC)OC)CCCCCCCCCCO,JGPMMRGNQUBGND-UHFFFAOYSA-N
65944.0,C1CC(=O)N[C@@H]1C(=O)N2CSC[C@H]2C(=O)O,UUTKICFRNVKFRG-WDSKDSINSA-N
21453.0,COC1=C(C=C(C=C1)CC2=CN=C(N=C2N)N)OC,LDBTVAXGKYIFHO-UHFFFAOYSA-N
60605.0,C[C@@H]1CN(C[C@@H](N1)C)C2=C(C3=C(C(=C2F)F)C(=O)C(=CN3C4CC4)C(=O)O)F,QIPQASLPWJVQMH-DTORHVGOSA-N
5310993.0,CC1=CN=C(C=[N+]1[O-])C(=O)O,DJQOOSBJCLSSEY-UHFFFAOYSA-N
5284580.0,C[C@@H]1[C@H]([C@H](C[C@@H](O1)O[C@@H]2[C@H](O[C@H](C[C@@H]2O)OC3CC[C@]4([C@@H](C3)CC[C@@H]5[C@@H]4CC[C@]6([C@@]5(CC[C@@H]6C7=CC(=O)OC7)O)C)C)C)O)O[C@H]8C[C@@H]([C@@H]([C@H](O8)C)O[C@H]9[C@@H]([C@H]([C@@H]([C@H](O9)CO)O)O)O)OC(=O)C,YFGQJKBUXPKSAW-XBBQASNWSA-N
170327.0,CCN(CC)CCCC(C)NC1=C2C=CC(=CC2=NC(=C1)C=CC3=CC=CC=C3Cl)Cl,CMLVHSVFSYNMGM-UHFFFAOYSA-N
5719.0,CCN(C1=CC=CC(=C1)C2=CC=NC3=C(C=NN23)C#N)C(=O)C,HUNXMJYCHXQEGX-UHFFFAOYSA-N
68664.0,C1CN(CCN1CC2=CC=CC=C2)C(=O)C3=CC4=CC=CC=C4O3,SRIJFPBZWUFLFD-UHFFFAOYSA-N
119583.0,CCOC1=CC(=C(C=C1C(=O)NCC2CN(CCO2)CC3=CC=C(C=C3)F)Cl)N.C(C(=O)O)C(CC(=O)O)(C(=O)O)O,HUZTYZBFZKRPFG-UHFFFAOYSA-N
128798.0,C1CSC2=NC(=O)C(C(=O)N21)CC3=CC=C(C=C3)Cl,QSKVYHYMQQQAFS-UHFFFAOYSA-N
5487.0,C1CN=C(N1)NC2=C(C=CC3=NSN=C32)Cl,XFYDIVBRZNQMJC-UHFFFAOYSA-N
10476437.0,CC(=O)[C@]1(CC[C@@H]2[C@@]1(C[C@@H]([C@]3([C@H]2CCC4=CC(=O)CC[C@@]43C)F)O)C)OC(=O)C,JKQQZJHNUVDHKP-FQJIPJFPSA-N
68942.0,C1=CC=C2C(=C1)C(=O)C(C2=O)C3=CC=C(C=C3)F,NASXCEITKQITLD-UHFFFAOYSA-N
10046567.0,C[C@H](CCCC(C)C)[C@H]1CC(=O)C2=C3CC[C@H]4C[C@H](CC[C@@]4([C@H]3CC[C@]12C)C)O,LINVVMHRTUSXHL-GGVPDPBRSA-N
68363.0,CCOC1=CC(=CC(=C1OCC)OCC)C2=NC=CC3=CC(=C(C=C32)OC)OC,NGIFHAUKQGDVSR-UHFFFAOYSA-N
60172.0,C1=NC(=C2C(=N1)N(C=N2)CCOCP(=O)(O)O)N,SUPKOOSCJHTBAH-UHFFFAOYSA-N
15763.0,CCC1NC2=CC(=C(C=C2S(=O)(=O)N1)S(=O)(=O)N)Cl,VXLCNTLWWUDBSO-UHFFFAOYSA-N
71321.0,CC1=C(OC(=N1)C2=CC=C(C=C2)Cl)COC(C)(C)C(=O)O,LNXXSBRGLBOASF-UHFFFAOYSA-N
31060.0,CN1CCC(CC1)OC(=O)C(OC2=CC=C(C=C2)Cl)OC3=CC=C(C=C3)Cl,QDGIAPPCJRFVEK-UHFFFAOYSA-N
12358742.0,CC([C@H]1CC[C@@H]2[C@@]1(CC[C@H]3[C@H]2CC[C@H]4[C@@]3(CC[C@@H](C4)O)C)C)O,YWYQTGBBEZQBGO-YMQZRTQWSA-N
250948.0,CC1=C[C@@H]2[C@H](CC[C@]3([C@H]2CC(=C)[C@@]3(C(=O)C)OC(=O)C)C)[C@@]4(C1=CC(=O)CC4)C,UDKABVSQKJNZBH-DWNQPYOZSA-N
71671.0,CC(C1=CC=CC=C1)NNC(=O)C2=CC=CC=C2,BEWNZPMDJIGBED-UHFFFAOYSA-N
9454.0,CC1=C(C(=O)OC2=C1C=CC(=C2)OP(=O)(OCCCl)OCCCl)Cl,KULDXINYXFTXMO-UHFFFAOYSA-N
71693.0,C1COCCN1CCCC2=CC=C(C=C2)COC3=CC=CC=C3,CVHGCWVMTZWGAY-UHFFFAOYSA-N
16837.0,CCOC1=CC=C(C=C1)N=NC2=C(C=C(C=C2)N)N,GAWOVNGQYQVFLI-UHFFFAOYSA-N
60196286.0,C([C@@H]1[C@H]([C@@H]([C@H]([C@H](O1)O[C@@]2([C@H]([C@H]([C@@H](O2)O)O)O)CO)O)O)O)O,GQAXOLSLDHMBOF-ONNOSSBFSA-N
6719.0,C1=CC=C(C=C1)C(C2=CC=CC=C2)C(=O)C3C(=O)C4=CC=CC=C4C3=O,JYGLAHSAISAEAL-UHFFFAOYSA-N
68939.0,C1=C(C=C(C(=C1S(=O)C2=C(C(=CC(=C2)Cl)Cl)O)O)Cl)Cl,RPAJWWXZIQJVJF-UHFFFAOYSA-N
9570327.0,C1=C(OC(=C1)[N+](=O)[O-])/C=N/NC(=O)C2=C(C(=CC(=C2)[N+](=O)[O-])[N+](=O)[O-])O,XXUXXCZCUGIGPP-WLRTZDKTSA-N
31475.0,C1=CC(=CC=C1OC2=C(C=C(C=C2)NC(=O)C3=C(C(=CC(=C3)I)I)O)Cl)Cl,NEMNPWINWMHUMR-UHFFFAOYSA-N
70846.0,C1=CC=C2C(=C1)C(=O)C(C2=O)C3=CC=C(C=C3)Cl,NJDUWAXIURWWLN-UHFFFAOYSA-N
37384.0,CC(=O)NC1=CC=C(C=C1)OCCOCCOC2=CC=C(C=C2)NC(=O)C,JNEZCZPNQCQCFK-UHFFFAOYSA-N
37910.0,CC1=CC=CC=C1OCC(CNCCOC2=CC=C(C=C2)C(=O)N)O,SKQDKFOTIPJUSV-UHFFFAOYSA-N
5358572.0,COC1=CC=C(C=C1)C(=O)/C(=C\C(=O)O)/Br,UPZFHUODAYGHDZ-RMKNXTFCSA-N
19918.0,CCC1=NC=NC2=CC(=C(C=C21)OC)OC,STAYVYIMUXVGBN-UHFFFAOYSA-N
10944.0,CCOC(=O)NC(C(Cl)(Cl)Cl)O,ITMSAWKLJVGBIT-UHFFFAOYSA-N
7572.0,C1=CC=C(C=C1)CC2=CC=C(C=C2)OC(=O)N,ZBJBRUSGEJORQL-UHFFFAOYSA-N
65620.0,CC1=NC2=C(C=C1)C(=CC(=C2O)Br)Br,BNACJQWJZKPAPV-UHFFFAOYSA-N
11310.0,CC1=C(C2=CC=CC=C2C(=C1)OC(=O)C)OC(=O)C,RYWSYCQQUDFMAU-UHFFFAOYSA-N
21583.0,CN(CC1=CC=CC=C1)CC2=CC=CC=C2,WYZDCUGWXKHESN-UHFFFAOYSA-N
31343.0,CCCC(=O)OC(C(Cl)(Cl)Cl)P(=O)(OC)OC,BKAQXYNWONVOAX-UHFFFAOYSA-N
15568.0,C1=CN=CC=C1C(=O)NNCNNC(=O)C2=CC=NC=C2,WWCIFIOLOMCRET-UHFFFAOYSA-N
71818.0,COC1=CC=C(C2=CC=CC=C21)C(=O)CCC(=O)O,FHGJSJFIQNQBCK-UHFFFAOYSA-N
6194.0,C1=C(C(=O)NC(=O)N1)N(CCCl)CCCl,IDPUKCWIGUEADI-UHFFFAOYSA-N
65596.0,CCCCCCCCCCCCOCCCN,ZRJOUVOXPWNFOF-UHFFFAOYSA-N
71645.0,CC1=CC=C(C=C1)C(=O)C2=C(C=C(C=C2)OC)O,MJVGBKJNTFCUJM-UHFFFAOYSA-N
4602.0,C1=CC=C(C(=C1)C(=O)NC2=CC=C(C=C2)O)O,LGCMKPRGGJRYGM-UHFFFAOYSA-N
8298.0,CC1CC(CC(C1)(C)C)O,BRRVXFOKWJKTGG-UHFFFAOYSA-N
10404.0,CCOC(=S)SSC(=S)OCC,FVIGODVHAVLZOO-UHFFFAOYSA-N
264852.0,CC1=CC=C(C=C1)C(C)(C)C2=CC=C(C=C2)C,XIAHSJTUQAWUAW-UHFFFAOYSA-N
8961.0,C1CC2=C(C=CC(=C2C1)Cl)O,ATAJVFBUUIBIEO-UHFFFAOYSA-N
14369.0,C1=CC=C2C(=C1)C(=O)C(C2=O)C3=CC=C(C=C3)Br,NPUZIGSOEWMFKK-UHFFFAOYSA-N
90202.0,CCCCCCOC(=O)C1=CN=CC=C1,RVYGVBZGSFLJKH-UHFFFAOYSA-N
32322.0,CCCC(C)(COC(=O)N)COC(=O)NC1CC1,PTEUWWFEEPASRM-UHFFFAOYSA-N
71840.0,CC(=NCC1=CC=CC=C1)C2=CC=CC=C2O,DNSDMSAATMZYNW-UHFFFAOYSA-N
19917.0,CC(C)CCCC(C)NC(C)C,NKGYBXHAQAKSSG-UHFFFAOYSA-N
24107.0,CN1C(=O)CN2CCC3=CC=CC=C3C2C4=C1C=CC(=C4)Cl,YAQKGZXXQNKEET-UHFFFAOYSA-N
68089.0,CCOC(=O)C1=CC(=NC2=C1C=C(C=C2)C)C3=CC=CC=C3,BUDBHJPMAKXMLD-UHFFFAOYSA-N
71839.0,C1C(COC(O1)C(Cl)(Cl)Cl)(CO)CO,QMSJBEPHXPSJPT-UHFFFAOYSA-N
10646.0,C1CCN(C1)CCN2C3=CC=CC=C3SC4=CC=CC=C42,KJKJUXGEMYCCJN-UHFFFAOYSA-N
21798.0,CNC(=O)OC1=CC=CC=C1C(=O)NC2=CC=CC=C2,BEECRKDUIIQEBI-UHFFFAOYSA-N
72068.0,C1CC(=CC2=CC=CS2)C(=O)C(=CC3=CC=CS3)C1,KHXBULXCCPIELT-UHFFFAOYSA-N
101576.0,C1=CC=C(C=C1)C=CC2=CC=NC=C2,QKHRGPYNTXRMSL-UHFFFAOYSA-N
17499.0,CC(=O)NC1=CC=C(C=C1)OC(=O)C,UJAOSPFULOFZRR-UHFFFAOYSA-N
67686.0,C1N(CSC(=S)N1CC2=CC=CC=C2)CC3=CC=CC=C3,QFVAWNPSRQWSDU-UHFFFAOYSA-N
62495.0,CN1CCCC(C1)OC(=O)C(C2=CC=CC=C2)(C3=CC=CC=C3)O,ZBEILXWHVSVDBN-UHFFFAOYSA-N
60196287.0,C1CC(=O)N[C@@H]1C(=O)N[C@H]2C[C@@H]2C3=CC=CC=C3,UGSLDMJXBQKDCT-WOPDTQHZSA-N
17595.0,CCN1CCCC1=O,ZFPGARUNNKGOBB-UHFFFAOYSA-N
7405.0,C1CC(=O)N[C@@H]1C(=O)O,ODHCTXKNWHHXJC-VKHMYHEASA-N
636367.0,[C@@H]1([C@@H]([C@H](O[C@H]([C@@H]1O)O)C(=O)N)O)O,VOIFKEWOFUNPBN-QIUUJYRFSA-N
31340.0,CC(=O)OC[C@@H]1[C@H]([C@@H]([C@H]([C@H](O1)O[C@]2([C@H]([C@@H]([C@H](O2)COC(=O)C)OC(=O)C)OC(=O)C)COC(=O)C)OC(=O)C)OC(=O)C)OC(=O)C,ZIJKGAXBCRWEOL-SAXBRCJISA-N
638678.0,C1C[C@H](N(C1)C(=O)[C@H](CC2=CN=CN2)NC(=O)[C@@H]3CCC(=O)N3)C(=O)N,XNSAINXGIQZQOO-SRVKXCTJSA-N
9068.0,CC1=C(SC=[N+]1CC2=CN=C(N=C2N)C)CCOP(=O)(O)OP(=O)(O)O.[Cl-],YXVCLPJQTZXJLH-UHFFFAOYSA-N
92094.0,CC1=CC(=CC2=C1O[C@](CC2)(C)CCC[C@H](C)CCC[C@H](C)CCCC(C)C)O,GZIFEOYASATJEH-VHFRWLAGSA-N
21630.0,CCCCC(CC)COC(=O)C=CC1=CC=C(C=C1)OC,YBGZDTIWKVFICR-UHFFFAOYSA-N
6034.0,CCOC1=C(C=CC(=C1)NC(=O)C)C(=O)OC,GOVWOKSKFSBNGD-UHFFFAOYSA-N
7315.0,CCC(CC1=C(C(=C(C=C1I)I)O)I)C(=O)O,GOIQOQCNFWYSTQ-UHFFFAOYSA-N
5280805.0,C[C@H]1[C@@H]([C@H]([C@H]([C@@H](O1)OC[C@@H]2[C@H]([C@@H]([C@H]([C@@H](O2)OC3=C(OC4=CC(=CC(=C4C3=O)O)O)C5=CC(=C(C=C5)O)O)O)O)O)O)O)O,IKGXIBQEEMLURG-NVPNHPEKSA-N
5859.0,CN(C)S(=O)(=O)C1=CC=C(C=C1)OP(=S)(OC)OC,JISACBWYRJHSMG-UHFFFAOYSA-N
107926.0,CC(C)(C)OC(=O)C1=C2[C@@H]3CCCN3C(=O)C4=C(N2C=N1)C=CC=C4Br,LWUDDYHYYNNIQI-ZDUSSCGKSA-N
17931.0,CN1C(=S)CN=C(C2=C1C=CC(=C2)Cl)C3=CC=CC=C3,MWGWTOPCKLQYEU-UHFFFAOYSA-N
47979.0,COC1=CC(=CC(=C1OC)C(=O)NCC2CCCN2CC=C)S(=O)(=O)N,RYJXBGGBZJGVQF-UHFFFAOYSA-N
6040.0,C1CCN(CC1)CC2COC3=CC=CC=C3O2,LYKMMUBOEFYJQG-UHFFFAOYSA-N
7975.0,CC1=CC=CC=N1,BSKHPKMHTQYZBB-UHFFFAOYSA-N
28891.0,CCC(C1=CC=CC=C1)C(=O)OCCOCCN(CC)CC.C(C(=O)O)C(CC(=O)O)(C(=O)O)O,JVKMHUAWFDGPTF-UHFFFAOYSA-N
159977.0,CN1CCN(CC1)C2=NN=C3C(=C2)N(C4=CC=CC=C4O3)C,SDYYIRPAZHJOLM-UHFFFAOYSA-N
17693.0,C1CC1C(=O)NC2=CC(=C(C=C2)Cl)Cl,PLQDLOBGKJCDSZ-UHFFFAOYSA-N
135400471.0,C1=CC=C(C(=C1)/C=N/NC(=O)C2=CC=NC=C2)O,VBIZUNYMJSPHBH-OQLLNIDSSA-N
12628.0,CC1=CC=C(C=C1)S(=O)(=O)NC(=O)NC2CCCCC2,RIGBPMDIGYBTBJ-UHFFFAOYSA-N
165457.0,CCOC1=CC2=C(C3=C(C=C(C=C3)N)N=C2C=C1)N.CC(C(=O)O)O.O,NYEPHMYJRNWPLA-UHFFFAOYSA-N
60582.0,C1=CC(=CC=C1NC(=O)CCC(=O)O)S(=O)(=O)N,RXXXPZYBZLDQKP-UHFFFAOYSA-N
234310.0,CC(C)CC1=NN=C(S1)NS(=O)(=O)C2=CC=C(C=C2)OC,LZCBNYVJTNCPDR-UHFFFAOYSA-N
8434.0,CCOC(=O)C1=CC=C(C=C1)O,NUVBSKCKDOMJSU-UHFFFAOYSA-N
9574235.0,COC1=C(C=C(C=C1)/C=N/NC(=O)C2=CC=NC=C2)OC,HPXIKMBHOXLFOR-LICLKQGHSA-N
33334.0,COC1=CC2=C(C=C1)N=C(S2)NC(=O)NC3=CC=CC=C3,JHBWYQRKOUBPCA-UHFFFAOYSA-N
64517.0,C1C2CC3CC1CC(C2)(C3)NCCOC(=O)COC4=CC=C(C=C4)Cl,PLSMXIQMWYSHIV-UHFFFAOYSA-N
53555.0,CC1=C(C2=CC=CC=C2N1CCC(=O)O)CN3C=CN=C3,DEQLGSOHGTZKFB-UHFFFAOYSA-N
6918493.0,CC1=CC(=NC(=N1)O[C@H](C(=O)O)C(C2=CC=CC=C2)(C3=CC=CC=C3)OC)C,OUJTZYPIHDYQMC-LJQANCHMSA-N
36663.0,CN1CCC(C(C1)C(=O)C2=CC=C(C=C2)F)(C3=CC=C(C=C3)F)O,PPQZABOURJVKNI-UHFFFAOYSA-N
19910.0,C1=CC2=C(C=CC(=C2N=C1)O)[N+](=O)[O-],RJIWZDNTCBHXAL-UHFFFAOYSA-N
36303.0,C1CN(CC1C2=CC=CC=C2)CCC(=O)C3=CC4=C(C=C3)OCCO4,GZIISXIDAZYOLI-UHFFFAOYSA-N
7181.0,CCC1=NN=C(S1)NS(=O)(=O)C2=CC=C(C=C2)N,SVYBEBLNQGDRHF-UHFFFAOYSA-N
31390.0,C1=CC=C(C=C1)NS(=O)(=O)C2=CC=C(C=C2)N,YBUXKQSCKVQATK-UHFFFAOYSA-N
667497.0,CN1CCN(CC1)C(=O)C2CCCCC2,FRSIMZWJVMLPAI-UHFFFAOYSA-N
616236.0,CCOC(=O)C1=C(N(C2=C1C=C(C=C2)O)C)C,YTBNTDMBGXAOCG-UHFFFAOYSA-N
135524783.0,C1[C@@H](N=C(N[C@H]1O)N)[C@H]2C(=O)NC[C@@H](C(=O)N[C@H](C(=O)N[C@H](C(=O)N/C(=C\NC(=O)N)/C(=O)N2)CO)CO)NC(=O)C[C@H](CCCN)N.OS(=O)(=O)O,AQONYROJHRNYQQ-QMAPKBLTSA-N
92879.0,CCC(C(=O)N[C@H]1[C@@H]2N(C1=O)[C@H](C(S2)(C)C)C(=O)O)OC3=CC=CC=C3,HOCWPKXKMNXINF-XQERAMJGSA-N
6433573.0,C1=CC=C(C(=C1)/C=N/NC(=O)C2=CC=NC=C2)OCC(=O)O,MDFXJBQEWLCGHP-RQZCQDPDSA-N
71128.0,CCN(CC)CCOC(=O)C(C)(C1=CC=CC=C1)C2=CC=CC=C2,DIDYGLSKVUKRRP-UHFFFAOYSA-N
68943.0,C1CCN(C1)CC#CC(C2=CC=CC=C2)(C3=CC=CC=C3)O,LWPXJPFOEPMIRG-UHFFFAOYSA-N
72098.0,C1CN(CCN1CC2=CC3=C(C=C2)OCO3)CC(=O)N4C5=CC=CC=C5SC6=CC=CC=C64,UBAJTZKNDCEGKL-UHFFFAOYSA-N
14895.0,C1=CC(=CC(=C1)S(=O)(=O)NCCNS(=O)(=O)C2=CC=CC(=C2)[N+](=O)[O-])[N+](=O)[O-],MMDWBZHWHFGVHF-UHFFFAOYSA-N
65584.0,C1[C@@H]2C=C[C@H]1[C@H]3[C@@H]2C(=O)NC3=O,GPIUUMROPXDNRH-RNGGSSJXSA-N
7174.0,CCCOC(=O)C1=CC=C(C=C1)N,NBFQYHKHPBMJJV-UHFFFAOYSA-N
7176.0,CC(C)COC(=O)C1=CC=C(C=C1)N,PUYOAVGNCWPANW-UHFFFAOYSA-N
71895.0,CC1=C(C(=CC=C1)C)NC(=O)C2=CC=CC=C2C(=O)O,LLECMGGNFBKPRH-UHFFFAOYSA-N
5283731.0,C[C@H](CCCC(C)(C)O)[C@H]1CC[C@@H]\2[C@@]1(CCC/C2=C\C=C/3\C[C@H](CCC3=C)O)C,JWUBBDSIWDLEOM-DTOXIADCSA-N
5280453.0,C[C@H](CCCC(C)(C)O)[C@H]1CC[C@@H]\2[C@@]1(CCC/C2=C\C=C/3\C[C@H](C[C@@H](C3=C)O)O)C,GMRQFYUYWCNGIN-NKMMMXOESA-N
5283748.0,C[C@H](CC[C@H](C(C)(C)O)O)[C@H]1CC[C@@H]\2[C@@]1(CCC/C2=C\C=C/3\C[C@H](CCC3=C)O)C,FCKJYANJHNLEEP-XRWYNYHCSA-N
23716429.0,CCCCCC[C@H](C/C=C\CCCCCCCC(=O)[O-])O.[K+],VAKMIIPDYZXBEV-DPMBMXLASA-M
446284.0,CC/C=C\C/C=C\C/C=C\C/C=C\C/C=C\CCCC(=O)O,JAZBEHYOTPTENJ-JLNKQSITSA-N
445580.0,CC/C=C\C/C=C\C/C=C\C/C=C\C/C=C\C/C=C\CCC(=O)O,MBMBGCFOFBJSGT-KUBAVDMBSA-N
56846451.0,COC1=C(C(=C(C=C1)CCN(CCC2=C(C(=C(C=C2)OC)OC)OC)C(=O)C(C3=CC=CC=C3)C4=NCCC5=CC(=C(C=C54)OC)OC)OC)OC.Cl,UDKSNBMNKLDHNK-UHFFFAOYSA-N
71986.0,COC1=CC2=C(C=C1)NC=C2C(CN)C(=O)OC.Cl,KLGSBANGKXGRTA-UHFFFAOYSA-N
46861540.0,CN1CCC(CC1)NC2=NC=C3C(=N2)C(=NC=N3)NC4=CC(=C(C=C4)F)Cl.Cl.Cl,RFXGEKWBTCMDAW-UHFFFAOYSA-N
457193.0,C[C@@H]1[C@@H](C(=O)N[C@@H](C(=O)N2CCC[C@H]2C(=O)N(CC(=O)N([C@H](C(=O)O1)C(C)C)C)C)C(C)C)NC(=O)C3=C4C(=C(C=C3)C)OC5=C(C(=O)C(=C(C5=N4)C(=O)N[C@H]6[C@H](OC(=O)[C@@H](N(C(=O)CN(C(=O)[C@@H]7CCCN7C(=O)[C@H](NC6=O)C(C)C)C)C)C(C)C)C)N)C,RJURFGZVJUQBHK-IIXSONLDSA-N
138394061.0,[H+].[H+].B([O-])([O-])[O-].C1=CC=[C-]C=C1.[Hg+2],RLSMDFMZJRPYIM-UHFFFAOYSA-P
65329.0,C1CCN[C@H](C1)[C@H](C2=CC(=NC3=C2C=CC=C3C(F)(F)F)C(F)(F)F)O.Cl,WESWYMRNZNDGBX-YLCXCWDSSA-N
6433334.0,CN(C)CC[C@@H](C1=CC=C(C=C1)Br)C2=CC=CC=N2.C(=C\C(=O)O)\C(=O)O,SRGKFVAASLQVBO-DASCVMRKSA-N
5282138.0,CC1=C(C(C(=C(N1)C)C(=O)OC/C=C/C2=CC=CC=C2)C3=CC(=CC=C3)[N+](=O)[O-])C(=O)OCCOC,KJEBULYHNRNJTE-DHZHZOJOSA-N
36354.0,C=CCN(C1=C(C=CC=C1Cl)Cl)C2=NCCN2,OXTYVEUAQHPPMV-UHFFFAOYSA-N
5281881.0,C1CN(CCN1CC/C=C\2/C3=CC=CC=C3SC4=C2C=C(C=C4)C(F)(F)F)CCO,NJMYODHXAKYRHW-DVZOWYKESA-N
57952.0,C1CN=C(N1)C2CC2(C3=CC=CC=C3)C4=CC=CC=C4.C(CC(=O)O)C(=O)O,XFUIOIWYMHEPIE-UHFFFAOYSA-N
5359371.0,C=CCN1CC[C@]23CCCC[C@H]2[C@H]1CC4=C3C=C(C=C4)O,OZYUPQUCAUTOBP-QXAKKESOSA-N
5284596.0,C=CCN1CC[C@]23[C@@H]4C(=O)CC[C@]2([C@H]1CC5=C3C(=C(C=C5)O)O4)O,UZHSEJADLWPNLE-GRGSLBFTSA-N
5360515.0,C1CC1CN2CC[C@]34[C@@H]5C(=O)CC[C@]3([C@H]2CC6=C4C(=C(C=C6)O)O5)O,DQCKKXVULJGBQN-XFWGSAIBSA-N
5311304.0,C1CC(C1)CN2CC[C@]34[C@@H]5[C@H](CC[C@]3([C@H]2CC6=C4C(=C(C=C6)O)O5)O)O,NETZHAKZCGBWSS-CEDHKZHLSA-N
57242.0,CCCN1CCC[C@H]2[C@H]1CC3=CN=C(N=C3C2)N,TUFADSGTJUOBEH-ZWNOBZJWSA-N
5282381.0,CCCCC(C)(C/C=C/[C@H]1[C@@H](CC(=O)[C@@H]1CCCCCCC(=O)OC)O)O,OJLOPKGSLYJEMD-URPKTTJQSA-N
8955.0,CC(=O)[C@H]1CC[C@@H]2[C@@]1(CC[C@H]3[C@H]2CC=C4[C@@]3(CC[C@@H](C4)O)C)C,ORNBQBCIOKFOEO-QGVNFLHTSA-N
5284513.0,CC1=CC(=C(C(=C1/C=C/C(=C/C=C/C(=C/C(=O)O)/C)/C)C)C)OC,IHUNBGSDBOWDMA-AQFIFDHZSA-N
32731.0,C1C(=NC(=O)N1N=CC2=CC=C(O2)C3=CC=C(C=C3)[N+](=O)[O-])[O-].[Na+],KSRLIXGNPXAZHD-UHFFFAOYSA-M
357904.0,CC1=C(C(C(=C(N1)C)C(=O)OCCCN2CCC(CC2)(C3=CC=CC=C3)C4=CC=CC=C4)C5=CC(=CC=C5)[N+](=O)[O-])C(=O)OC.Cl,MHOSUIMBPQVOEU-UHFFFAOYSA-N
24832676.0,CCN1C[C@@]2([C@@H](C[C@@H]([C@@]34[C@@H]2[C@H]([C@@H]([C@H]31)[C@@]5([C@@H]6[C@H]4C[C@@]([C@@H]6OC(=O)C7=CC=CC=C7)([C@H]([C@@H]5O)OC)O)OC(=O)C)OC)OC)O)COC,XFSBVAOIAHNAPC-NPVHKAFCSA-N
2783.0,CC(C)(C)NCC(C1=CC(=C(C(=C1)Cl)N)Cl)O,STJMRWALKKWQGH-UHFFFAOYSA-N
44112.0,CC1=CC2=C(N1)C=CC=C2OCC(CNC(C)(C)C)OC(=O)C3=CC=CC=C3,UUOJIACWOAYWEZ-UHFFFAOYSA-N
6321253.0,CCN(CC)C(=O)N[C@H]1CN([C@H]2CC3=CNC4=CC=CC(=C34)C2=C1)C,BKRGVLQUQGGVSM-KDOFPFPSSA-N
5374.0,C=CCN1CCC2=C(CC1)SC(=N2)N,DHSSDEDRBUKTQY-UHFFFAOYSA-N
107715.0,CC(C)[C@@]1(C(=O)N2[C@H](C(=O)N3CCC[C@H]3[C@@]2(O1)O)CC4=CC=CC=C4)NC(=O)[C@@H]5C[C@H]6[C@@H](CC7=CNC8=CC=CC6=C78)N(C5)C,DEQITUUQPICUMR-HJPBWRTMSA-N
443884.0,C[C@@H](CO)NC(=O)[C@H]1CN([C@@H]2CC3=CNC4=CC=CC(=C34)C2=C1)C,WVVSZNPYNCNODU-XTQGRXLLSA-N
68848.0,CN1C[C@H](C[C@H]2[C@H]1CC3=CN(C4=CC=CC2=C34)C)NS(=O)(=O)N(C)C,JLVHTNZNKOSCNB-YSVLISHTSA-N
27400.0,CN1CCC(=C2C3=C(CCC4=CC=CC=C42)SC=C3)CC1,FIADGNVRKBPQEU-UHFFFAOYSA-N
45055378.0,CI.C=CCN1CC[C@]23[C@@H]4C(=O)CC[C@]2([C@H]1CC5=C3C(=C(C=C5)O)O4)O,DNRDQDFJZUHVNJ-STHHAXOLSA-N
105104.0,CN([C@H]1CC[C@@]2(CCCO2)C[C@@H]1N3CCCC3)C(=O)CC4=CC=CC=C4,PGZRDDYTKFZSFR-ONTIZHBOSA-N
9925873.0,COC1=C2C3=C(C[C@@H]4[C@H]5[C@]3(CCN4)[C@@H](O2)[C@H](C=C5)O)C=C1,HKOIXWVRNLGFOR-KOFBORESSA-N
11548.0,CC(C[N+](C)(C)C)OC(=O)N.[Cl-],XXRMYXBSBOVVBH-UHFFFAOYSA-N
5831.0,C[N+](C)(C)CCOC(=O)N.[Cl-],AIXAANGOTKPUOY-UHFFFAOYSA-N
8288.0,CC[N+](CC)(CCNC(=O)C(=O)NCC[N+](CC)(CC)CC1=CC=CC=C1Cl)CC2=CC=CC=C2Cl.[Cl-].[Cl-],DXUUXWKFVDVHIK-UHFFFAOYSA-N
6852391.0,CCCC[N+]1([C@@H]2CC(C[C@H]1[C@H]3[C@@H]2O3)OC(=O)[C@H](CO)C4=CC=CC=C4)C.[Br-],HOZOZZFCZRXYEK-HNHWXVNLSA-M
6243.0,C[N+]1(CC2=C(C1)C(=C(C(=C2Cl)Cl)Cl)Cl)CC[N+](C)(C)C.[Cl-].[Cl-],DXXUGBPKQDTBQW-UHFFFAOYSA-L
27350.0,CC(=O)O[C@H]1C[C@@H]2CC[C@@H]3[C@@H]([C@]2(C[C@@H]1[N+]4(CCCCC4)C)C)CC[C@]5([C@H]3C[C@@H]([C@@H]5OC(=O)C)[N+]6(CCCCC6)C)C.[Br-].[Br-],NPIJXCQZLFKBMV-YTGGZNJNSA-L
6321424.0,CC[C@H](C)[C@@H]1[C@H](CC[C@@]2(O1)C[C@@H]3C[C@H](O2)C/C=C(/[C@H]([C@H](/C=C/C=C/4\CO[C@H]5[C@@]4([C@@H](C=C([C@H]5O)C)C(=O)O3)O)C)O[C@H]6C[C@@H]([C@H]([C@@H](O6)C)O[C@H]7C[C@@H]([C@H]([C@@H](O7)C)O)OC)OC)\C)C,AZSNMRSAGSSBNP-XPNPUAGNSA-N
10921.0,C[N+](C)(C)CCCCCCCCCC[N+](C)(C)C.[Br-].[Br-],HLXQFVXURMXRPU-UHFFFAOYSA-L
3604.0,C[N+](C)(C)CCCCCC[N+](C)(C)C,VZJFGSRCJCXDSG-UHFFFAOYSA-N
8246.0,CN(C)C(=O)OC1=CC=CC(=C1)[N+](C)(C)C.[Br-],LULNWZDBKTWDGK-UHFFFAOYSA-M
441071.0,C1CN2CC3=CCO[C@H]4CC(=O)N5[C@H]6[C@H]4[C@H]3C[C@H]2[C@@]61C7=CC=CC=C75,QMGVPVSNSZLJIA-FVWCLLPLSA-N
16051918.0,CN1CCC2=CC(=C3C=C2[C@@H]1CC4=CC=C(C=C4)OC5=C6[C@@H](CC7=CC(=C(C=C7)O)O3)[N+](CCC6=CC(=C5O)OC)(C)C)OC.Cl.[Cl-],GXFZCDMWGMFGFL-KKXMJGKMSA-N
6172.0,CC[N+](CC)(CC)CCOC1=C(C(=CC=C1)OCC[N+](CC)(CC)CC)OCC[N+](CC)(CC)CC.[I-].[I-].[I-],REEUVFCVXKWOFE-UHFFFAOYSA-K
50287.0,CN=C(NCCSCC1=CSC(=N1)N=C(N)N)NC#N,YDDXVAXDYKBWDX-UHFFFAOYSA-N
31402.0,CC(=O)[C@H]1CC[C@@H]2[C@@]1(CC[C@H]3[C@H]2CC[C@H]4[C@@]3(CC[C@H](C4)O)C)C,AURFZBICLPNKBZ-YZRLXODZSA-N
57782.0,CC(CCCCN1C(=O)C2=C(N=CN2C)N(C1=O)C)O,NSMXQKNUPPXBRG-UHFFFAOYSA-N
5957.0,C1=NC(=C2C(=N1)N(C=N2)[C@H]3[C@@H]([C@@H]([C@H](O3)COP(=O)(O)OP(=O)(O)OP(=O)(O)O)O)O)N,ZKHQWZAMYRWXGA-KQYNXXCUSA-N
5361.0,CC1=C(C=C(C=C1)C(=O)NC2=C3C(=CC(=CC3=C(C=C2)S(=O)(=O)O)S(=O)(=O)O)S(=O)(=O)O)NC(=O)C4=CC(=CC=C4)NC(=O)NC5=CC=CC(=C5)C(=O)NC6=C(C=CC(=C6)C(=O)NC7=C8C(=CC(=CC8=C(C=C7)S(=O)(=O)O)S(=O)(=O)O)S(=O)(=O)O)C,FIAFUQMPZJWCLV-UHFFFAOYSA-N
6083.0,C1=NC(=C2C(=N1)N(C=N2)[C@H]3[C@@H]([C@@H]([C@H](O3)COP(=O)(O)O)O)O)N,UDMBCSSLTHHNCD-KQYNXXCUSA-N
145815.0,C(CC(=O)N)[C@H](C(=O)O)N,ZDXPYRJPNDTMRX-GSVOUGTGSA-N
76551.0,CC[C@@H](C)[C@H](C(=O)O)N,AGPKZVBTJJNPAG-RFZPGFLSSA-N
439524.0,CC(C)C[C@H](C(=O)O)N,ROHFNLRQFUQHCH-RXMQYKEDSA-N
68841.0,C([C@@H](C(=O)O)N)OP(=O)(O)O,BZQFBWGGLXLEPQ-REOHCLBHSA-N
164739.0,C[C@@H]([C@@H](C1=CC(=C(C=C1)O)O)O)N,GEFQWZLICWMTKF-CDUCUWFYSA-N
10215.0,C1=CC=C2C(=C1)C(=C(N2)C3=NC4=CC=CC=C4C3=O)O,QQILFGKZUJYXGS-UHFFFAOYSA-N
157672.0,CN1CCC[C@@H]1C2=CN=CC=C2,SNICXCGAKADSCV-SNVBAGLBSA-N
6505803.0,C[C@H]1C[C@@H]([C@@H]([C@H](/C=C(/[C@@H]([C@H](/C=C\C=C(\C(=O)NC2=CC(=O)C(=C(C1)C2=O)NCC=C)/C)OC)OC(=O)N)\C)C)O)OC,AYUNIORJHRXIBJ-TXHRRWQRSA-N
132519.0,CC(C)C[C@H](CC(=O)NO)C(=O)N[C@@H](CC1=CNC2=CC=CC=C21)C(=O)NC,NITYDPDXAAFEIT-DYVFJYSZSA-N
445643.0,C[C@@H]1C[C@@H]([C@@H]2[C@H](C[C@H]([C@@](O2)(C(=O)C(=O)N3CCCC[C@H]3C(=O)O[C@@H]([C@@H]([C@H](CC(=O)[C@@H](/C=C(/C1)\C)CC=C)O)C)/C(=C/[C@@H]4CC[C@H]([C@@H](C4)OC)O)/C)O)C)OC)OC,QJJXYPPXXYFBGM-LFZNUXCKSA-N
51683.0,C1C[C@H]([C@@H]2[C@@H]([C@@H](CN2C1)O)O)O,FXUAIOOAOAVCGD-WCTZXXKLSA-N
72092.0,CCCCCCCCOC1=CC=CC=C1C(=O)NC2=CC=C(C=C2)C(=O)OCC[N+](C)(CC)CC.[Br-],VWZPIJGXYWHBOW-UHFFFAOYSA-N
16760569.0,CN(C)C(=O)CCSC(C1=CC=CC(=C1)/C=C/C2=NC3=C(C=CC(=C3)Cl)C=C2)SCCC(=O)[O-].[Na+],XNAYQOBPAXEYLI-AAGWESIMSA-M
443939.0,C[C@H]1[C@H]([C@H](C[C@@H](O1)O[C@H]2C[C@@](CC3=C2C(=C4C(=C3O)C(=O)C5=C(C4=O)C(=CC=C5)OC)O)(C(=O)CO)O)N)O.Cl,MWWSFMDVAYGXBV-RUELKSSGSA-N
6438394.0,CCCCCCC(=O)CCCCCC/C=C/C[C@H]([C@@H]([C@@](CO)(C(=O)O)N)O)O,ZZIKIHCNFWXKDY-GNTQXERDSA-N
12922658.0,CCC1C(C2[C@@](O2)(/C=C/C(=O)[C@@H](C[C@@H]([C@@H]([C@H]([C@@H](CC(=O)O1)O)C)O[C@H]3[C@@H]([C@H](C[C@H](O3)C)N(C)C)O)CC=O)C)C)C,IUPCWCLVECYZRV-DIPWYQAOSA-N
23702994.0,C[C@H]1/C=C/C=C(\C(=O)NC2=CC(=C3C(=C2O)C(=C(C4=C3C(=O)[C@](O4)(O/C=C/[C@@H]([C@H]([C@H]([C@@H]([C@@H]([C@@H]([C@H]1O)C)O)C)OC(=O)C)C)OC)C)C)O)[O-])/C.[Na+],YVOFSHPIJOYKSH-NLYBMVFSSA-M
20054868.0,C[C@@H]1[C@H]([C@@H](C[C@@H](O1)O[C@H]2[C@@H](CC3=C(C2=O)C(=C4C(=C3)C=C(C(=C4O)C)O[C@H]5C[C@H]([C@H]([C@H](O5)C)OC(=O)O)O[C@@H]6C[C@H]([C@H]([C@H](O6)C)OC)O)O)[C@@H](C(=O)[C@H]([C@@H](C)O)O)OC)O[C@H]7C[C@H]([C@@H]([C@H](O7)C)O)O[C@H]8C[C@]([C@H]([C@@H](O8)C)OC(=O)C)(C)O)O,VWUDFIOZFAFOMW-QUOOOCNJSA-N
6917655.0,CC(=CC[C@@H]1[C@@](O1)(C)[C@H]2[C@@H]([C@@H](CC[C@]23CO3)OC(=O)/C=C/C=C/C=C/C=C/C(=O)O)OC)C,NGGMYCMLYOUNGM-CSDLUJIJSA-N
5978.0,CC[C@@]1(C[C@@H]2C[C@@](C3=C(CCN(C2)C1)C4=CC=CC=C4N3)(C5=C(C=C6C(=C5)[C@]78CCN9[C@H]7[C@@](C=CC9)([C@H]([C@@]([C@@H]8N6C=O)(C(=O)OC)O)OC(=O)C)CC)OC)C(=O)OC)O,OGWKCGZFUXNPDA-XQKSVPLYSA-N
22311.0,CC1=CCC(CC1)C(=C)C,XMGQYMWWDOXHJM-UHFFFAOYSA-N
10107.0,CCOP(=O)(OCC)OC(=CCl)C1=C(C=C(C=C1)Cl)Cl,FSAVDKDHPDSCTO-UHFFFAOYSA-N
42586.0,CC1=C(C(=CC=C1)C)N(C(C)C(=O)OC)C(=O)COC,ZQEIXNIJLIKNTD-UHFFFAOYSA-N
173636.0,C=CCOC(CN1C=CN=C1)C2=C(C=C(C=C2)Cl)Cl.OS(=O)(=O)O,XVTXMTOYQVRHSK-UHFFFAOYSA-N
162381.0,CC(=C[C@@H]1[C@H](C1(C)C)C(=O)OCC2=COC(=C2)CC3=CC=CC=C3)C,VEMKTZHHVJILDY-UXHICEINSA-N
8172.0,C(COCCOCCO)O,ZIBGPFATKBEMQZ-UHFFFAOYSA-N
47866.0,C1CC1NC2=NC(=NC(=N2)N)N,LVQDKIWDGQRHTE-UHFFFAOYSA-N
5392.0,COP(=S)(OC)OC1=CC=C(C=C1)SC2=CC=C(C=C2)OP(=S)(OC)OC,WWJZWCUNLNYYAU-UHFFFAOYSA-N
91744.0,CC1=CSC(=C1N(C(C)COC)C(=O)CCl)C,JLYFCTQDENRSOL-UHFFFAOYSA-N
4021.0,CC1=NN(C(=O)C1)C2=CC=CC=C2,QELUYTUMUWHWMC-UHFFFAOYSA-N
7547.0,C1=CC(=CC=C1NC(=O)NC2=CC(=C(C=C2)Cl)Cl)Cl,ICUTUKXCWQYESQ-UHFFFAOYSA-N
2450.0,C(C(CO)([N+](=O)[O-])Br)O,LVDKZNITIUWNER-UHFFFAOYSA-N
8042.0,CCCCCCCCCCCCCC(=O)OC(C)C,AXISYYRBXTVTFY-UHFFFAOYSA-N
23672301.0,C([C@H]([C@H]([C@@H]([C@H](C(=O)[O-])O)O)O)O)O.[Na+],UPMFZISCCZSDND-JJKGCWMISA-M
24764.0,C[Si](C)(C)O[Si](C)(C)C,UQEAIHBTYFGYIE-UHFFFAOYSA-N
517121.0,C1(=O)[N-]C(=O)N(C(=O)N1Cl)Cl.[Na+],MSFGZHUJTJBYFA-UHFFFAOYSA-M
8907.0,CCCCCCCCCCCCCCCC(=O)OC(C)C,XUGNVMKQXJXZCD-UHFFFAOYSA-N
62485.0,CC(C)(C)CC(C)(C)C1=CC(=C(C=C1)O)N2N=C3C=CC=CC3=N2,IYAZLDLPUNDVAG-UHFFFAOYSA-N
23673837.0,CCCCC(CC)COC(=O)CC(C(=O)OCC(CC)CCCC)S(=O)(=O)[O-].[Na+],APSBXTVYXVQYAB-UHFFFAOYSA-M
7180.0,C1=CC=C(C=C1)COC(=O)C2=CC=C(C=C2)O,MOZDKDIOPSPTBH-UHFFFAOYSA-N
15797.0,CCCCCCCCOC1=CC(=C(C=C1)C(=O)C2=CC=CC=C2)O,QUAMTGJKVDWJEQ-UHFFFAOYSA-N
16211101.0,C(CO/C=C/[C@@H](C(=O)O)N)N.Cl,ZDCPLYVEFATMJF-BTIOQYSDSA-N
517414.0,CC1=CC=C(C=C1)S(=O)(=O)[N-]Cl.O.O.O.[Na+],NZYOAGBNMCVQIV-UHFFFAOYSA-N
6251.0,C([C@H]([C@H]([C@@H]([C@@H](CO)O)O)O)O)O,FBPFZTCFMRRESA-KVTDHHQDSA-N
5988.0,C([C@@H]1[C@H]([C@@H]([C@H]([C@H](O1)O[C@]2([C@H]([C@@H]([C@H](O2)CO)O)O)CO)O)O)O)O,CZMRCDWAGMRECN-UGDNZRGBSA-N
9415.0,C[C@H]1C(=O)O[C@@H]2CCN3[C@@H]2C(=CC3)COC(=O)[C@]([C@]1(C)O)(C)O,QVCMHGGNRFRMAD-XFGHUUIASA-N
71905.0,CC1=C([N+](=O)C2=CC=CC=C2N1[O-])C(=O)NCCO,TURHTASYUMWZCC-UHFFFAOYSA-N
5974.0,CCCCCCCCCCCCCCCC[N+](C)(C)C.[Br-],LZZYPRNAOMGNLH-UHFFFAOYSA-M
517383.0,C1=CC=C(C=C1)C2=CC=CC=C2[O-].O.O.O.O.[Na+],SEVSIOOUCUTMMP-UHFFFAOYSA-M
23662383.0,CCCCC(CC)COS(=O)(=O)[O-].[Na+],DGSDBJMBHCQYGN-UHFFFAOYSA-M
5356789.0,CCCCCCCC/C=C\CCCCCCCCN,QGLWBTPVKHMVHM-KTKRTIGZSA-N
16218600.0,CCCCCCCCCCCCCCCCCC(=O)OC[C@H]([C@@H]1[C@@H]([C@H](CO1)O)O)O,HVUMOYIDDBPOLL-XWVZOOPGSA-N
5819.0,C1=C(C=C(C(=C1I)OC2=CC(=C(C(=C2)I)O)I)I)C[C@@H](C(=O)O)N,XUIIKFGFIJCVMT-LBPRGKRZSA-N
7615.0,CC(CN(CCN(CC(C)O)CC(C)O)CC(C)O)O,NSOXQYCFHDMMGV-UHFFFAOYSA-N
6909.0,C1(=O)N(C(=O)N(C(=O)N1Cl)Cl)Cl,YRIZYWQGELRKNT-UHFFFAOYSA-N
985.0,CCCCCCCCCCCCCCCC(=O)O,IPCSVZSSVZVIGE-UHFFFAOYSA-N
23662403.0,CCCCCCCCCCCCC1=CC=CC=C1S(=O)(=O)[O-].[Na+],HFQQZARZPUDIFP-UHFFFAOYSA-M
36314.0,CC1=C2[C@H](C(=O)[C@@]3([C@H](C[C@@H]4[C@]([C@H]3[C@@H]([C@@](C2(C)C)(C[C@@H]1OC(=O)[C@@H]([C@H](C5=CC=CC=C5)NC(=O)C6=CC=CC=C6)O)O)OC(=O)C7=CC=CC=C7)(CO4)OC(=O)C)O)C)OC(=O)C,RCINICONZNJXQF-MZXODVADSA-N
92839.0,CC(COC1=CC=CC=C1)O,IBLKWZIFZMJLFL-UHFFFAOYSA-N
9864.0,C(#N)N,XZMCDFZZKTWFGF-UHFFFAOYSA-N
3698.0,C1=CN=CC=C1C2=CNC(=O)C(=C2)N,RNLQIBCLLYYYFJ-UHFFFAOYSA-N
11273.0,C[C@]12CCC(=O)C(=C1CC[C@@H]3[C@@H]2CC[C@]4([C@H]3CCC4=O)C)O,OSVMTWJCGUFAOD-KZQROQTASA-N
38258.0,C(NC(=O)NC1C(=O)NC(=O)N1CO)NC(=O)NC2C(=O)NC(=O)N2CO,ZCTXEAQXZGPWFG-UHFFFAOYSA-N
28417.0,C[C@]12CC[C@H]3[C@H]([C@@H]1CC[C@]2(C#C)O)CCC4=CC5=C(C[C@]34C)C=NO5,POZRVZJJTULAOH-LHZXLZLDSA-N
9782.0,C[C@H]1C[C@H]2[C@@H]3CCC4=CC(=O)C=C[C@@]4([C@]3([C@H](C[C@@]2([C@]1(C(=O)CO)O)C)O)F)C,UREBDLICKHMUKA-DVTGEIKXSA-N
20469.0,C[C@H]1C[C@H]2[C@@H]3CCC4=CC(=O)C=C[C@@]4([C@]3([C@H](C[C@@]2([C@]1(C(=O)CO)O)C)O)Cl)C,NBMKJKDGKREAPL-DVTGEIKXSA-N
27461.0,C(CN(CC(=O)[O-])CC(=O)[O-])N(CC(=O)[O-])CC(=O)[O-].[Na+].[Fe+3],MKWYFZFMAMBPQK-UHFFFAOYSA-J
17100.0,CC1=CCC(CC1)C(C)(C)O,WUOACPNHFRMFPN-UHFFFAOYSA-N
5591.0,CC1=C(C2=C(CCC(O2)(C)COC3=CC=C(C=C3)CC4C(=O)NC(=O)S4)C(=C1O)C)C,GXPHKUHSUJUWKP-UHFFFAOYSA-N
2750.0,CC1(CCCCC1)COC2=CC=C(C=C2)CC3C(=O)NC(=O)S3,YZFWTZACSRHJQD-UHFFFAOYSA-N
2763.0,CC(C)(C(=O)O)OC1=CC=C(C=C1)C2CC2(Cl)Cl,KPSRODZRAIWAKH-UHFFFAOYSA-N
123622.0,CC(=CC1C(C1(C)C)C(=O)OCN2C(=O)CN(C2=O)CC#C)C,VPRAQYXPZIFIOH-UHFFFAOYSA-N
71808.0,CNC(=O)NC(C(Cl)(Cl)Cl)O,BULMIDNYAWYAMZ-UHFFFAOYSA-N
779179.0,COC1=CC=C(C=C1)C(=O)N2CCN(CC2)CC(=O)N3CCOCC3,PSWBKVWMVVCATC-UHFFFAOYSA-N
178144.0,CC1=C(N(C2=C1C=C(C=C2)C(=O)OCCN(C)C)CCN(C)C)C,LOCIGFDPZFJXFT-UHFFFAOYSA-N
11366.0,COC1=C(C=CC(=C1)C=C2CCCC(=CC3=CC(=C(C=C3)O)OC)C2=O)O,DHKKONBXGAAFTB-UHFFFAOYSA-N
6668.0,C1=CC(=C(C=C1N)S(=O)(=O)O)C=CC2=C(C=C(C=C2)N)S(=O)(=O)O,REJHVSOVQBJEBF-UHFFFAOYSA-N
10275.0,C1=CC=C(C=C1)C2=C(N=C(S2)N)N,UPOYFZYFGWBUKL-UHFFFAOYSA-N
42963.0,CC1=C(C(=CC=C1)C)NC(=O)CN(CC(=O)O)CC(=O)O,DJQJFMSHHYAZJD-UHFFFAOYSA-N
5343.0,CC1=CC(=NC(=N1)C)NS(=O)(=O)C2=CC=C(C=C2)N,YZMCKZRAOLZXAZ-UHFFFAOYSA-N
3109.0,C1=CC=[N+](C(=C1)SSC2=CC=CC=[N+]2[O-])[O-],ZHDBTKPXEJDTTQ-UHFFFAOYSA-N
8798.0,CC(=O)NC1=NC=C(S1)[N+](=O)[O-],UJRRDDHEMZLWFI-UHFFFAOYSA-N
6474573.0,C1=CC(=CN=C1)/C=N/NC(=S)N,ABWLRVJYVVQTGQ-BJMVGYQFSA-N
71957.0,C[C@@H](C(=O)N[C@@H](C)P(=O)(O)O)N,BHAYDBSYOBONRV-IUYQGCFVSA-N
13953.0,CC1=CC=C(C=C1)S(=O)(=O)NC(=O)NC2CCCCCCC2,XTOBSLUVJNOXGB-UHFFFAOYSA-N
3083671.0,CC1=CC=C(C=C1)S(=O)(=O)NC(=O)NC2CCCC2,SHVCKTUQDUTJDT-UHFFFAOYSA-N
27990.0,CC1=C(C(=C(C2=C1O[C@](CC2)(C)CCC[C@H](C)CCC[C@H](C)CCCC(C)C)C)OC(=O)C3=CN=CC=C3)C,MSCCTZZBYHQMQJ-AZAGJHQNSA-N
10761.0,CC1=C(SC=[N+]1CC2=CN=C(N=C2N)C)CCOP(=O)(O)O.[Cl-],GUGWNSHJDUEHNJ-UHFFFAOYSA-N
9561033.0,CC(=O)N/N=C/C1=CC=C(O1)[N+](=O)[O-],ACFHHZJOAUZSJU-XBXARRHUSA-N
18637.0,C1=C(OC(=C1)[N+](=O)[O-])C=NNC(=O)C(=O)N,AJSKOLZKIUMPPG-UHFFFAOYSA-N
71873.0,CCCCCCCCCCCCCCNCCO.CC(C(=O)O)O,HLFJBIVEMZFFOG-UHFFFAOYSA-N
71208.0,CC1=C2C=CC=NC2=C(C=C1)O,RPVGLMKJGQMQSN-UHFFFAOYSA-N
5373493.0,C1=C(OC(=C1)[N+](=O)[O-])/C=N\O,PTBKFATYSVLSSD-UTCJRWHESA-N
36143.0,C1=CC(=CC=C1[C@@H](C(=O)O)N)O,LJCWONGJFPCTTL-ZETCQYMHSA-N
23397.0,C1=CC=C(C=C1)C=CC(=O)NCCO,OSCTXCOERRNGLW-UHFFFAOYSA-N
10209.0,CC1=C(C2=CC=CC=C2C(=C1)O)O,ZJTLZYDQJHKRMQ-UHFFFAOYSA-N
11104.0,COC1=CC=CC=C1OC(=O)OC2=CC=CC=C2OC,ORUJFMPWKPVXLZ-UHFFFAOYSA-N
122125.0,COC1=C(C(=C(C=C1)CN2CCN(CC2)C(C3=CC=C(C=C3)F)C4=CC=C(C=C4)F)OC)OC.Cl.Cl,LOGVKVSFYBBUAJ-UHFFFAOYSA-N
10718.0,C1=CC=C(C=C1)C(=O)NC2=CC(=C(C=C2)C(=O)O)O,GNZCRYWFWKFIDM-UHFFFAOYSA-N
1549158.0,C1=CC(=CC=C1NN=C(N)N)N=NC(=S)N,ANZIOUQAFBXNHU-UHFFFAOYSA-N
8262.0,CCS(=O)(=O)C(C)(C)S(=O)(=O)CC,CESKLHVYGRFMFP-UHFFFAOYSA-N
65659.0,C1COCCN1CCCNC(=O)C2=CC=C(C=C2)Cl,YYFGRAGNYHYWEZ-UHFFFAOYSA-N
65784.0,CC(=O)N1C[C@@H](C[C@H]1C(=O)O)O,BAPRUDZDYCKSOQ-RITPCOANSA-N
6433.0,CCC(C)(S(=O)(=O)CC)S(=O)(=O)CC,LKACJLUUJRMGFK-UHFFFAOYSA-N
6288.0,C[C@H]([C@@H](C(=O)O)N)O,AYFVYJQAPQTCCC-GBXIJSLDSA-N
667492.0,CN1C2=CC=CC=C2C(=C1O)N=NC(=S)N,TTZUCVNWOZLIGL-UHFFFAOYSA-N
5902.0,CCN(CC)CCNC(C1=CC=CC=C1)C(=O)OCCC(C)C,RYOOHIUJEJZCFT-UHFFFAOYSA-N
5962.0,C(CCN)C[C@@H](C(=O)O)N,KDXKERNSBIXSRK-YFKPBYRVSA-N
14871.0,CCCCCCCCCCCC(=O)OCC(CO)O,ARIWANIATODDMH-UHFFFAOYSA-N
24699.0,CCCCCCCCCCCCCCCCCC(=O)OCC(CO)O,VBICKXHEKHSIBG-UHFFFAOYSA-N
688145.0,CCNC(=O)/C=C/C1=CC(=CC=C1)Br,LDCXGZCEMNMWIL-VOTSOKGWSA-N
67678.0,C([C@@H](C(=O)O)N)SSC[C@@H](C(=O)O)N,LEVWYRKDKASIDU-IMJSIDKUSA-N
74325.0,CCC(=O)NC1=CC=C(C=C1)O,SSMYTAQHMUHRSK-UHFFFAOYSA-N
2468.0,CCCCN=C(N)N=C(N)N,XSEUMFJMFFMCIU-UHFFFAOYSA-N
4765.0,C1=CC(=CC=C1O)S(=O)(=O)O,FEPBITJSIHRMRT-UHFFFAOYSA-N
92159.0,CC1C(OCCN1)C2=CC=CC=C2.Cl,VJNXVAVKCZJOFQ-UHFFFAOYSA-N
6999030.0,C1=CC(=C(C=C1[C@@H]([C@@H](C(=O)O)N)O)O)O,QXWYKJLNLSIPIN-YUMQZZPRSA-N
39526.0,C1CC2CN(CCN2C1)CCC(=O)N3C4=CC=CC=C4SC5=C3C=C(C=C5)Cl,ZQTOZLYOIRKCPL-UHFFFAOYSA-N
28554.0,CCN(CC)CCNC(=O)COC1=CC=C(C=C1)Cl,UORGKWWJEQDTGX-UHFFFAOYSA-N
11033.0,C1=CC(=CC=C1N)S(=O)(=O)NC(=O)N,WVAKABMNNSMCDK-UHFFFAOYSA-N
68770.0,CC(C)(C)NCC(COC1=CC=C(C=C1)NC(=O)NC2CCCCC2)O,MXFWWQICDIZSOA-UHFFFAOYSA-N
9927058.0,C1C(S/C(=C(/C#N)\N2C=CN=C2)/S1)C3=CC=CC=C3Cl,ZRTQSJFIDWNVJW-OWBHPGMISA-N
5311217.0,CCOC(=O)C1=C(NC(=C(C1C2=CC=CC=C2/C=C/C(=O)OC(C)(C)C)C(=O)OCC)C)C,GKQPCPXONLDCMU-CCEZHUSRSA-N
65894.0,C[C@H]([C@@H]1[C@@H]2N(C1=O)C(=C(S2)[C@H]3CCCO3)C(=O)O)O,HGGAKXAHAYOLDJ-FHZUQPTBSA-N
5717.0,CC1=CC=CC=C1S(=O)(=O)NC(=O)C2=CC(=C(C=C2)CC3=CN(C4=C3C=C(C=C4)NC(=O)OC5CCCC5)C)OC,YEEZWCHGZNKEEK-UHFFFAOYSA-N
71335.0,CN1C[C@@H]2C[C@H]1CN2C3=C(C=C4C(=C3)N(C=C(C4=O)C(=O)O)C5CC5)F,QMLVECGLEOSESV-RYUDHWBXSA-N
71329.0,CN(CCC1=CC=C(C=C1)NS(=O)(=O)C)CCOC2=CC=C(C=C2)NS(=O)(=O)C,IXTMWRCNAAVVAI-UHFFFAOYSA-N
5282136.0,C1CCN(CC1)CC2=CC(=NC=C2)OC/C=C\CNC(=O)CS(=O)CC3=CC=CO3,KMZQAVXSMUKBPD-DJWKRKHSSA-N
71339.0,C[C@@H]1[C@@H]2[C@H](C(=O)N2C(=C1SC3CN4C=NC=[N+]4C3)C(=O)[O-])[C@@H](C)O,MRMBZHPJVKCOMA-YJFSRANCSA-N
11954316.0,C1=CC(=C(C(=C1)C(=O)C2=CC=C(C=C2)Br)N)CC(=O)[O-].C1=CC(=C(C(=C1)C(=O)C2=CC=C(C=C2)Br)N)CC(=O)[O-].O.O.O.[Na+].[Na+],PPOSVVJOVKVBPW-UHFFFAOYSA-L
119182.0,C1=NC2=C(N=C(N=C2N1[C@H]3[C@H]([C@@H]([C@H](O3)CO)O)F)Cl)N,WDDPHFBMKLOVOX-AYQXTPAHSA-N
446596.0,C[C@H]([C@H]1[C@@H](O1)C[C@H]2CO[C@H]([C@@H]([C@@H]2O)O)C/C(=C/C(=O)OCCCCCCCCC(=O)O)/C)[C@H](C)O,MINDHVHHQZYEEK-HBBNESRFSA-N
5281081.0,CCN(CC)C(=O)/C(=C/C1=CC(=C(C(=C1)O)O)[N+](=O)[O-])/C#N,JRURYQJSLYLRLN-BJMVGYQFSA-N
134669.0,C(CO)CSC[C@@H](C(=O)O)N,KINWYTAUPKOPCQ-YFKPBYRVSA-N
5282474.0,CCCCC1=NC=C(N1CC2=CC=C(C=C2)C(=O)O)/C=C(\CC3=CC=CS3)/C(=O)O.CS(=O)(=O)O,DJSLTDBPKHORNY-XMMWENQYSA-N
53398649.0,CN(C)CCOC(=O)C(C1=CC=CC=C1)(C2=CC=CC=C2)OCC#C.Cl,RSBGQTFIHFGTSY-UHFFFAOYSA-N
60834.0,CNCC[C@@H](C1=CC=CS1)OC2=CC=CC3=CC=CC=C32.Cl,BFFSMCNJSOPUAY-LMOVPXPDSA-N
441300.0,C1CC1NC2=C3C(=NC(=N2)N)N(C=N3)[C@@H]4C[C@@H](C=C4)CO,MCGSCOLBFJQGHM-SCZZXKLOSA-N
60855.0,CC(=O)N[C@@H]1[C@H](C=C(O[C@H]1[C@@H]([C@@H](CO)O)O)C(=O)O)N=C(N)N,ARAIBEBZBOPLMB-UFGQHTETSA-N
3033825.0,C[C@@H]1CC(=O)NN=C1C2=CC=C(C=C2)NN=C(C#N)C#N,WHXMKTBCFHIYNQ-SECBINFHSA-N
135398508.0,C=C1[C@H](C[C@@H]([C@H]1CO)O)N2C=NC3=C2N=C(NC3=O)N,QDGZDCVAUDNJFG-FXQIFTODSA-N
60877.0,C1[C@H](O[C@H](S1)CO)N2C=C(C(=NC2=O)N)F,XQSPYNMVSIKCOC-NTSWFWBYSA-N
60854.0,C1CN(CCN1CCC2=C(C=C3C(=C2)CC(=O)N3)Cl)C4=NSC5=CC=CC=C54,MVWVFYHBGMAFLY-UHFFFAOYSA-N
5282451.0,C1C(C1)C2=NC3=CC=CC=C3C(=C2/C=C/[C@@H](O)C[C@@H](O)CC(=O)[O-])C4=CC=C(C=C4)F.C1C(C1)C2=NC3=CC=CC=C3C(=C2/C=C/[C@@H](O)C[C@@H](O)CC(=O)[O-])C4=CC=C(C=C4)F.[Ca+2],RHGYHLPFVJEAOC-FFNUKLMVSA-L
115367.0,C1CC[C@H]2[C@@H](C1)C(=O)N(C2=O)CCCCN3CCN(CC3)C4=NSC5=CC=CC=C54.Cl,HIZFAPMOZFYELI-GNXQHMNLSA-N
23663996.0,CC(C)(C1=CC=CC=C1CC[C@H](C2=CC=CC(=C2)/C=C/C3=NC4=C(C=CC(=C4)Cl)C=C3)SCC5(CC5)CC(=O)[O-])O.[Na+],LBFBRXGCXUHRJY-HKHDRNBDSA-M
60953.0,CCCCCOC(=O)NC1=NC(=O)N(C=C1F)[C@H]2[C@@H]([C@@H]([C@H](O2)C)O)O,GAGWJHPBXLXJQN-UORFTKCHSA-N
6918296.0,C[C@]12CC[C@H]3[C@H]([C@@H]1CC[C@@H]2C(=O)NC4=C(C=CC(=C4)C(F)(F)F)C(F)(F)F)CC[C@@H]5[C@@]3(C=CC(=O)N5)C,JWJOTENAMICLJG-QWBYCMEYSA-N
104850.0,CC1=C(N(N=C1C(=O)NN2CCCCC2)C3=C(C=C(C=C3)Cl)Cl)C4=CC=C(C=C4)Cl,JZCPYUJPEARBJL-UHFFFAOYSA-N
3393.0,CCN(CC)CCN1C(=O)CN=C(C2=C1C=CC(=C2)Cl)C3=CC=CC=C3F,SAADBVWGJQAEFS-UHFFFAOYSA-N
176870.0,COCCOC1=C(C=C2C(=C1)C(=NC=N2)NC3=CC=CC(=C3)C#C)OCCOC,AAKJLRGGTJKAMG-UHFFFAOYSA-N
92727.0,CC1=C(C(=CC=C1)C)OCC(=O)N[C@@H](CC2=CC=CC=C2)[C@H](C[C@H](CC3=CC=CC=C3)NC(=O)[C@H](C(C)C)N4CCCNC4=O)O,KJHKTHWMRKYKJE-SUGCFTRWSA-N
4496.0,CN1C(=O)CN=C(C2=C1C=CC(=C2)[N+](=O)[O-])C3=CC=CC=C3,GWUSZQUVEVMBPI-UHFFFAOYSA-N
23663976.0,CC(C)N1C2=CC=CC=C2C(=C1/C=C/[C@H](C[C@H](CC(=O)[O-])O)O)C3=CC=C(C=C3)F.[Na+],ZGGHKIMDNBDHJB-NRFPMOEYSA-M
123619.0,CC1=NC=C(C=C1)C2=C(C=C(C=N2)Cl)C3=CC=C(C=C3)S(=O)(=O)C,MNJVRJDLRVPLFE-UHFFFAOYSA-N
259331.0,C[C@]12CC[C@H]3[C@H]([C@@H]1CC[C@@H]2O)CCC4=C3C=CC(=C4)OC(=O)N(CCCl)CCCl,FRPJXPJMRWBBIH-RBRWEJTLSA-N
35455.0,CC(=CCC1C(=O)N(N(C1=O)C2=CC=CC=C2)C3=CC=CC=C3)C,RBBWCVQDXDFISW-UHFFFAOYSA-N
36273.0,CC1([C@@H](N2[C@H](S1)[C@@H](C2=O)N=CN3CCCCCC3)C(=O)O)C,BWWVAEOLVKTZFQ-NTZNESFSSA-N
34001.0,C1CC(CCC1CN)C(=O)OC2=CC=C(C=C2)CCC(=O)O.Cl,USROQQUKEBHOFF-UHFFFAOYSA-N
56649463.0,C[C@@H]1C[C@H]2[C@@H]3C[C@@H](C4=CC(=O)C(=C[C@@]4([C@]3([C@H](C[C@@]2([C@]1(C(=O)CO)O)C)O)F)C)Cl)F.O,LIVSBYNMLPEZHQ-DNGJBDHLSA-N
121097.0,COC(=O)C1=CC=CC=C1C(=O)C2=CC=C(C=C2)OCCN3CCCCC3.Cl,ZRFIFDFEDPJBII-UHFFFAOYSA-N
20056587.0,C[C@@]1(CO[C@@H]([C@@H]([C@H]1NC)O)O[C@H]2[C@@H](C[C@@H]([C@H]([C@@H]2O)O[C@@H]3[C@@H]([C@H]([C@@H]([C@H](O3)CN)O)O)O)N)NC(=O)C(CN)O)O.OS(=O)(=O)O,DDXRHRXGIWOVDQ-HTKRIHMCSA-N
4006.0,CC(C)OC(=O)C(=C1SC=CS1)C(=O)OC(C)C,YPIQVCUJEKAZCP-UHFFFAOYSA-N
4770.0,C1=CC=C(C=C1)CCCOC(=O)N,CAMYKONBWHRPDD-UHFFFAOYSA-N
68873.0,C[C@]12CCC(=O)C=C1[C@@H]3C[C@@H]3[C@@H]4[C@@H]2CC[C@]5([C@H]4[C@@H]6C[C@@H]6[C@@]57CCC(=O)O7)C,METQSPRSQINEEU-HXCATZOESA-N
68911.0,C[C@@H]1CC[C@H]2[C@H]([C@H](O[C@H]3[C@@]24[C@H]1CC[C@](O3)(OO4)C)OC)C,SXYIRMFQILZOAM-HVNFFKDJSA-N
152951.0,C[C@@H]1CCN([C@H](C1)C(=O)O)C(=O)[C@H](CCCN=C(N)N)NS(=O)(=O)C2=CC=CC3=C2NC[C@@H](C3)C,KXNPVXPOPUZYGB-XYVMCAHJSA-N
444025.0,CCOC(=O)O[C@@]1(CC[C@@H]2[C@@]1(C[C@@H]([C@H]3[C@H]2CCC4=CC(=O)C=C[C@]34C)O)C)C(=O)OCCl,DMKSVUSAATWOCU-HROMYWEYSA-N
444020.0,C1[C@@H]([C@@H]([C@H]([C@@H]([C@]1(CO)O)O)O)O)NC(CO)CO,FZNCGRZWXLXZSZ-CIQUZCHMSA-N
175804.0,CCCN1CCCC[C@H]1C(=O)NC2=C(C=CC=C2C)C.Cl,NDNSIBYYUOEUSV-RSAXXLAASA-N
65664.0,C[C@@H]1CC[C@H]2[C@H]([C@H](O[C@H]3[C@@]24[C@H]1CC[C@](O3)(OO4)C)OC(=O)CCC(=O)O)C,FIHJKUPKCHIPAT-NKHDUEHSSA-N
3936.0,CN(C1=NC(=CC=C1)OC)C(=S)OC2=CC3=C(CCCC3)C=C2,VPHPQNGOVQYUMG-UHFFFAOYSA-N
14010333.0,CC(CCC1=CC=C(C=C1)O)NCC(C2=CC=C(C=C2)O)O.Cl,JHGSLSLUFMZUMK-UHFFFAOYSA-N
3191.0,CC(C)(C)C1=CC=C(C=C1)C(=O)CCCN2CCC(CC2)OC(C3=CC=CC=C3)C4=CC=CC=C4,MJJALKDDGIKVBE-UHFFFAOYSA-N
50248.0,CSC1=NC2=CC(=C(C=C2N1)Cl)OC3=C(C(=CC=C3)Cl)Cl,NQPDXQQQCQDHHW-UHFFFAOYSA-N
3033968.0,CC[C@]12CC[C@H]3[C@H]([C@@H]1C=C[C@]2(C#C)O)CCC4=CC(=O)CC[C@H]34,SIGSPDASOTUPFS-XUDSTZEESA-N
3778.0,CC1=C(C(=O)N(N1C)C2=CC=CC=C2)C(C)C,PXWLVJLKJGVOKE-UHFFFAOYSA-N
1584822.0,C/C(=C\C1=CC=CC=C1)/C=C/2\C(=O)N(C(=S)S2)CC(=O)O,CHNUOJQWGUIOLD-SMTGYRLFSA-N
65947.0,CC1N2C3=CC(=C(C=C3C(=O)C(=C2S1)C(=O)O)F)N4CCN(CC4)CC5=C(OC(=O)O5)C,PWNMXPDKBYZCOO-UHFFFAOYSA-N
60164.0,COC1=C(C=C(C=C1)C2=CC3=C(C=C2)C=C(C=C3)C(=O)O)C45CC6CC(C4)CC(C6)C5,LZCDAPDGXCYOEH-UHFFFAOYSA-N
135400182.0,CC1=NC2=C(C=C(C=C2)CN(C)C3=CC=C(S3)C(=O)N[C@@H](CCC(=O)O)C(=O)O)C(=O)N1,IVTVGDXNLFLDRM-HNNXBMFYSA-N
2187.0,CC(C)(C#N)C1=CC(=CC(=C1)CN2C=NC=N2)C(C)(C)C#N,YBBLVLTVTVSKRW-UHFFFAOYSA-N
4410.0,CC1CCC2=C3N1C=C(C(=O)C3=CC(=C2N4CCC(CC4)O)F)C(=O)O,JYJTVFIEFKZWCJ-UHFFFAOYSA-N
71489.0,C[N+]1(CCCCC1)CCC(C2=CC=CC=C2)(C3=CC=CC=C3)C(=O)N.[Br-],PMAHPMMCPXYARU-UHFFFAOYSA-N
71616.0,C[C@@H](C1=NC=NC=C1F)[C@](CN2C=NC=N2)(C3=C(C=C(C=C3)F)F)O,BCEHBSKCWLPMDN-MGPLVRAMSA-N
5709759.0,CCN\1C2=CC=CC=C2S/C1=C\C=C\C3=[N+](C4=CC=CC=C4S3)CC.[I-],VZBILKJHDPEENF-UHFFFAOYSA-M
5282402.0,CN(C)CC/C=C\1/C2=CC=CC=C2COC3=C1C=C(C=C3)CC(=O)O.Cl,HVRLZEKDTUEKQH-NOILCQHBSA-N
60871.0,CC(C)(C)C(=O)OCOP(=O)(COCCN1C=NC2=C(N=CN=C21)N)OCOC(=O)C(C)(C)C,WOZSCQDILHKSGG-UHFFFAOYSA-N
23663992.0,CC(C)C1=C(C(=C(C(=N1)C(C)C)COC)C2=CC=C(C=C2)F)/C=C/[C@H](C[C@H](CC(=O)[O-])O)O.[Na+],GPUADMRJQVPIAS-QCVDVZFFSA-M
91274.0,CC1=C(SC=C1)C(=CCCN2CCC[C@H](C2)C(=O)O)C3=C(C=CS3)C.Cl,YUKARLAABCGMCN-PKLMIRHRSA-N
441401.0,CC(=O)NC[C@H]1CN(C(=O)O1)C2=CC(=C(C=C2)N3CCOCC3)F,TYZROVQLWOKYKF-ZDUSSCGKSA-N
71916.0,COC1=CC(=CC(=C1O)C(=O)NCCO)CC=C,UMJHTFHIQDEGKB-UHFFFAOYSA-N
135398748.0,C1=NC2=C(N1CCC(CO)CO)N=C(NC2=O)N,JNTOCHDNEULJHD-UHFFFAOYSA-N
6456015.0,CCN(CC)CCNC(=O)C1=C(NC(=C1C)/C=C\2/C3=C(C=CC(=C3)F)NC2=O)C.C([C@@H](C(=O)O)O)C(=O)O,LBWFXVZLPYTWQI-IPOVEDGCSA-N
444008.0,C[C@@H]1CC2=C(CCC(=O)C2)[C@@H]3[C@@H]1[C@@H]4CC[C@]([C@]4(CC3)C)(C#C)O,WZDGZWOAQTVYBX-XOINTXKNSA-N
4499.0,CC1=C(C(C(=C(N1)C)C(=O)OCC(C)C)C2=CC=CC=C2[N+](=O)[O-])C(=O)OC,VKQFCGNPDRICFG-UHFFFAOYSA-N
54585.0,C1=CC(=CC=C1C(=O)NCCC(=O)O)N=NC2=CC(=C(C=C2)O)C(=O)O,IPOKCKJONYRRHP-UHFFFAOYSA-N
60196291.0,CC(C)C[C@@H](C(=O)N[C@@H](CCCN=C(N)N)C(=O)N1CCC[C@@H]1C(=O)NCC(=O)N)NC(=O)[C@@H](CC2=CNC3=CC=CC=C32)NC(=O)[C@H](CC4=CC=C(C=C4)O)NC(=O)[C@H](CO)NC(=O)[C@H](CC5=CNC6=CC=CC=C65)NC(=O)[C@H](CC7=CN=CN7)NC(=O)[C@@H]8CCC(=O)N8.C1=CC=C2C(=C1)C=C(C(=C2CC3=C(C(=CC4=CC=CC=C43)C(=O)O)O)O)C(=O)O,ZBVJFYPGLGEMIN-IKNXIQPFSA-N
122188.0,CN1C(=CC(=O)N(C1=O)C)NCCN(CCCC2=CC=C(C=C2)[N+](=O)[O-])CCO.Cl,YPVGGQKNWAKOPX-UHFFFAOYSA-N
14888.0,[O-2].[O-2].[O-2].[As+3].[As+3],QTLQKAJBUDWPIB-UHFFFAOYSA-N
71384.0,C[C@@H](CN1CC(=O)NC(=O)C1)N2CC(=O)NC(=O)C2,BMKDZUISNHGIBY-ZETCQYMHSA-N
454216.0,CCCCC(=O)OCC(=O)[C@]1(C[C@@H](C2=C(C1)C(=C3C(=C2O)C(=O)C4=C(C3=O)C=CC=C4OC)O)O[C@H]5C[C@@H]([C@@H]([C@@H](O5)C)O)NC(=O)C(F)(F)F)O,ZOCKGBMQLCSHFP-KQRAQHLDSA-N
3033226.0,C1=CC=C(C=C1)C(C2=CC=CC=C2)S(=O)CC(=O)NO,CGNMLOKEMNBUAI-UHFFFAOYSA-N
2898.0,CC(=O)OC1=CC=C(C=C1)C(=C2CCCCC2)C3=CC=C(C=C3)OC(=O)C,GVOUFPWUYJWQSK-UHFFFAOYSA-N
16219127.0,CCN(CC)CCC1=C(C2=C(C(=C(C=C2)OCC(=O)OCC)Cl)OC1=O)C.Cl,CCCZJRFQJNGCCU-UHFFFAOYSA-N
17756794.0,C1[C@@H]([C@@H]([C@H]([C@@H]1O)/C=C/[C@H](COC2=CC(=CC=C2)Cl)O)C/C=C\CCCC(=O)[O-])O.[Na+],IFEJLMHZNQJGQU-KXXGZHCCSA-M
54343.0,C1=CC(=CC=C1CCNS(=O)(=O)C2=CC=C(C=C2)Cl)CC(=O)O,IULOBWFWYDMECP-UHFFFAOYSA-N
157313.0,C1C2C3=CC=CC=C3CC4=CC=CC=C4N2C(=N1)N.Cl,VKXSGUIOOQPGAF-UHFFFAOYSA-N
6918305.0,CC(=O)[C@H]1CC[C@@H]2[C@@]1(CC[C@H]3[C@H]2CC[C@@H]4[C@@]3(CC[C@@](C4)(C)O)C)C,PGTVWKLGGCQMBR-FLBATMFCSA-N
38102.0,C1CN(CCC1NC(=O)C2=CC=CC=C2)CCC3=CNC4=CC=CC=C43.Cl,AFJSFHAKSSWOKG-UHFFFAOYSA-N
11705034.0,C1CCN(CC1)C2(CCN(CC2)CCCC(=O)C3=CC=C(C=C3)F)C(=O)N.Cl.Cl,BMXXSXQVMCXGJM-UHFFFAOYSA-N
129228.0,C1=CC(=C(C(=C1)F)CN2C=C(N=N2)C(=O)N)F,POGQSBRIGCQNEG-UHFFFAOYSA-N
6536.0,CCN(CC)CCOC1=CC=C(C=C1)C(CC2=CC=C(C=C2)Cl)(C3=CC=C(C=C3)C)O,SYHDSBBKRLVLFF-UHFFFAOYSA-N
5502.0,CCC1C(=NN=C(C2=CC(=C(C=C12)OC)OC)C3=CC(=C(C=C3)OC)OC)C,RUJBDQSFYCKFAA-UHFFFAOYSA-N
60196293.0,C1CN2CCC1/C(=C(/COC3=CC4=C(C=C3)C5=CC=CC=C5N4)\F)/C2.Cl,JWXYVHMBPISIJQ-TVWXOORISA-N
16051941.0,CCC1=C[C@H]2C[C@@](C3=C(CN(C2)C1)C4=CC=CC=C4N3)(C5=C(C=C6C(=C5)[C@]78CCN9[C@H]7[C@@](C=CC9)([C@H]([C@@]([C@@H]8N6C)(C(=O)OC)O)OC(=O)C)CC)OC)C(=O)OC.C(C(C(=O)O)O)(C(=O)O)O.C(C(C(=O)O)O)(C(=O)O)O,CILBMBUYJCWATM-UDRBCWGGSA-N
9838712.0,C[C@H](C1=CC=C(C=C1)CC(C)C)C(=O)NS(=O)(=O)C,KQDRVXQXKZXMHP-LLVKDONJSA-N
59708.0,CCC(C(=O)N)N1CCCC1=O,HPHUVLMMVZITSG-UHFFFAOYSA-N
9386.0,C12(C(C(C(C(C1(F)F)(F)F)(F)F)(F)F)(C(C(C(C2(F)F)(F)F)(F)F)(F)F)F)F,UWEYRJFJVCLAGH-UHFFFAOYSA-N
7147.0,CCC(C1=CC=CC=C1)O,DYUQAZSOFZSPHD-UHFFFAOYSA-N
7291.0,C(C(CS)O)O,PJUIMOJAAPLTRJ-UHFFFAOYSA-N
8089.0,CC(C)CCCC(C)CCCC(C)CCCCC(C)CCCC(C)CCCC(C)C,PRAKJMSDJKAYCZ-UHFFFAOYSA-N
5288783.0,C[C@H](/C=C/[C@H](C1CC1)O)[C@H]2CC[C@@H]\3[C@@]2(CCC/C3=C\C=C/4\C[C@H](C[C@@H](C4=C)O)O)C,LWQQLNNNIPYSNX-UROSTWAQSA-N
3571582.0,C=CC1=CC=C(C=C1)S(=O)(=O)[O-].[Na+],XFTALRAZSCGSKN-UHFFFAOYSA-M
444539.0,C1=CC=C(C=C1)/C=C/C(=O)O,WBYWAXJHAXSJNI-VOTSOKGWSA-N
13506.0,C1=CC=C2C(=C1)C(=CC=C2S(=O)(=O)[O-])N=NC3=C4C=CC(=CC4=CC(=C3O)S(=O)(=O)[O-])S(=O)(=O)[O-].[Na+].[Na+].[Na+],WLDHEUZGFKACJH-UHFFFAOYSA-K
9528.0,C(C(F)(F)F)OCC(F)(F)F,KGPPDNUWZNWPSI-UHFFFAOYSA-N
1018.0,C1=CC=NC(=C1)C(=O)O,SIOXPEMLGUPBBT-UHFFFAOYSA-N
2734672.0,C1=CN(N=C1)C(=N)N.Cl,RBZRMBCLZMEYEH-UHFFFAOYSA-N
16683095.0,C(=O)(O[Bi]=O)O[Bi]=O,MGLUJXPJRXTKJM-UHFFFAOYSA-L
7533.0,C1CCC(CC1)NS(=O)(=O)O,HCAJEUSONLESMK-UHFFFAOYSA-N
3730.0,CC(=O)N(CC(CO)O)C1=C(C(=C(C(=C1I)C(=O)NCC(CO)O)I)C(=O)NCC(CO)O)I,NTHXOOBQLCIOLC-UHFFFAOYSA-N
2733208.0,COC(=O)[C@H](CS)N.Cl,WHOHXJZQBJXAKL-DFWYDOINSA-N
12447.0,CC1=CC(=C(C2=CC=C(C=C2)N)C3=CC=C(C=C3)N)C=CC1=N.Cl,AXDJCCTWPBKUKL-UHFFFAOYSA-N
23674.0,CCOC1=C2C(=C(C=C1)S(=O)(=O)O)C=CC=N2,YAMVZYRZAMBCED-UHFFFAOYSA-N
153751.0,CC[C@]1(C[C@@H](C2=C(C3=C(C=C2[C@H]1C(=O)OC)C(=O)C4=C(C3=O)C(=CC=C4)O)O)O[C@H]5C[C@@H]([C@@H]([C@@H](O5)C)O[C@H]6C[C@@H]([C@@H]([C@@H](O6)C)O[C@H]7CCC(=O)[C@@H](O7)C)O)N(C)C)O.Cl,KUSMIBXCRZTVML-PCCPLWKKSA-N
261501.0,CCOC(=O)C1=CC(=CC=C1)N.CS(=O)(=O)O,FQZJYWMRQDKBQN-UHFFFAOYSA-N
28145.0,[NH4+].[NH4+].F[Si-2](F)(F)(F)(F)F,ITHIMUMYFVCXSL-UHFFFAOYSA-P
11914.0,C1=CC=C(C=C1)[C@H](C(=O)O)O,IWYDHOAUDWTVEP-SSDOTTSWSA-N
8926.0,CCCCCCCCCCCCCCCCN,FJLUATLTXUNBOT-UHFFFAOYSA-N
6494.0,CCC(C)(C#C)O,QXLPXWSKPNOQLE-UHFFFAOYSA-N
5497.0,CCN(CC)C(=O)C1=CN=CC=C1,NCYVXEGFNDZQCU-UHFFFAOYSA-N
220401.0,CN[C@H]1CCC2=CC(=C(C(=C2C3=CC=C(C(=O)C=C13)OC)OC)OC)OC,NNJPGOLRFBJNIW-HNNXBMFYSA-N
37511.0,CC(CN(C)C)O,NCXUNZWLEYGQAH-UHFFFAOYSA-N
71648.0,COC1=CC(=CC(=C1)O)O,HDVRLUFGYQYLFJ-UHFFFAOYSA-N
69188.0,CCOC(=O)C1=CN=CC=C1,XBLVHTDFJBKJLG-UHFFFAOYSA-N
16682993.0,CC(=O)O[Al]OC(=O)C.O,RHPIJWYTYJJCFU-UHFFFAOYSA-L
2723617.0,CCOC(=O)[C@H](CS)N.Cl,JFKJWWJOCJHMGV-WCCKRBBISA-N
16957.0,CCCCCCCCCC[N+](C)(C)CCCCCCCCCC.[Br-],UMGXUWVIJIQANV-UHFFFAOYSA-M
2176.0,CCOC(=O)OC(C)OC1=C(N(S(=O)(=O)C2=CC=CC=C21)C)C(=O)NC3=CC=CC=N3,LSNWBKACGXCGAJ-UHFFFAOYSA-N
26650.0,COC1=CC(=CC(=C1OC)OC)C(=O)N2CCCCCCC2,WZSDNEJJUSYNSG-UHFFFAOYSA-N
23680486.0,C1=CC=C(C=C1)C(=O)N[C@@H](CC2=CC=C(C=C2)O)C(=O)NC3=CC=C(C=C3)C(=O)[O-].[Na+],HEJYVLSWQWPKPQ-BDQAORGHSA-M
23706211.0,CC1=C(C(=NO1)C2=C(C=CC=C2Cl)F)C(=O)N[C@H]3[C@@H]4N(C3=O)[C@H](C(S4)(C)C)C(=O)[O-].O.[Na+],PARMJFIQRZRMHG-VICXVTCVSA-M
14552708.0,CCCCCCCCCCOCC(CN)O.Cl,JZGHZXCZUAJOSA-UHFFFAOYSA-N
99288.0,CC[C@@H](C)[C@@H](C(=O)O)N,AGPKZVBTJJNPAG-UHNVWZDZSA-N
11474.0,C1=CC=NC(=C1)CO,SHNUBALDGXWUJI-UHFFFAOYSA-N
19958.0,C1=CC(=CC=C1N=C=S)N=C=S,OMWQUXGVXQELIX-UHFFFAOYSA-N
12004215.0,CC[C@H](C)[C@H]1C(=O)N[C@H](C(=O)N[C@H](C(=O)N[C@@H](CSSC[C@@H](C(=O)N[C@H](C(=O)N1)CC2=CC=C(C=C2)O)N)C(=O)N3CCC[C@H]3C(=O)N[C@@H](CC(C)C)C(=O)NCC(=O)N)CC(=O)N)CCC(=O)N.CC(=O)O,DSZOEVVLZMNAEH-BXUJZNQYSA-N
62330.0,CC1=CC=CC=C1N=NC2=CC(=C(C=C2)N=NC3=C(C=CC4=CC=CC=C43)O)C,RCTGMCJBQGBLKT-UHFFFAOYSA-N
70914.0,CC(=O)N[C@@H](CCC(=O)O)C(=O)O,RFMMMVDNIPUKGG-YFKPBYRVSA-N
10982.0,CC(C)CCCC(C)N,QNIVIMYXGGFTAK-UHFFFAOYSA-N
93176.0,C1[C@H](NCS1)C(=O)O,DZLNHFMRPBPULJ-VKHMYHEASA-N
451668.0,C1[C@@H]([C@H](O[C@H]1N2C=NC(=NC2=O)N)CO)O,XAUDJQYHKZQPEU-KVQBGUIXSA-N
14776.0,O=[Bi]O[Bi]=O,WMWLMWRWZQELOS-UHFFFAOYSA-N
308.0,C1=CC=C(C=C1)C=CCO,OOCCDEMITAIZTP-UHFFFAOYSA-N
440966.0,CC1([C@H]2CC[C@H](C2)C1=C)C,CRPUJAZIXJMDBK-BDAKNGLRSA-N
68651.0,CC(=O)CCC(=O)[O-].CC(=O)CCC(=O)[O-].O.O.[Ca+2],WQFDRFDIWAMOPA-UHFFFAOYSA-L
439240.0,C1[C@H]([C@@H]([C@@H](C(O1)O)O)O)O,SRBFZHDQGSBBOR-AGQMPKSLSA-N
863.0,C1CSSC1CCCCC(=O)N,FCCDDURTIIUXBY-UHFFFAOYSA-N
7191.0,C1=CC=C(C=C1)COC(=O)C2=CN=CC=C2,KVYGGMBOZFWZBQ-UHFFFAOYSA-N
16976.0,C1=CC(=C[N+](=C1)[O-])C(=O)O,FJCFFCXMEXZEIM-UHFFFAOYSA-N
5756.0,C[C@]12CC[C@H]3[C@H]([C@@H]1C[C@H]([C@@H]2O)O)CCC4=C3C=CC(=C4)O,PROQIPRRNZUXQM-ZXXIGWHRSA-N
62827.0,CCCCCCCCCCCCCCCCCC[N+](C)(C)CCC[Si](OC)(OC)OC.[Cl-],WSFMFXQNYPNYGG-UHFFFAOYSA-M
65057.0,C1=CC=C(C=C1)C2=C(C2=O)C3=CC=CC=C3,HCIBTBXNLVOFER-UHFFFAOYSA-N
9810212.0,C1=CC=C2C(=C1)C(=O)OC23C4=CC(=C(C(=C4OC5=C(C(=C(C=C35)Br)[O-])Br)Br)[O-])Br.[Na+].[Na+],LSMXXHPAEZLILP-UHFFFAOYSA-L
16682738.0,CCCCCCCCCCCC(=O)O[Sn](CCCC)(CCCC)OC(=O)CCCCCCCCCCC,UKLDJPRMSDWDSL-UHFFFAOYSA-L
31018.0,C1=CC(=CN=C1)CN,HDOUGSFASVGDCS-UHFFFAOYSA-N
31280.0,CCCCCCCCCCCCCCCC[N+](C)(C)CC.[Br-],VUFOSBDICLTFMS-UHFFFAOYSA-M
14250.0,CCCCCCCCCCCCCC[N+](C)(C)C.[Br-],CXRFDZFCGOPDTD-UHFFFAOYSA-M
9639.0,C(C(C(C(F)(F)F)(F)F)(F)F)(C(C(F)(F)F)(F)F)(F)F,ZJIJAJXFLBMLCK-UHFFFAOYSA-N
7652.0,C1=CC=C(C=C1)COC(=O)C=CC2=CC=CC=C2,NGHOLYJTSCBCGC-UHFFFAOYSA-N
8567.0,CNC[C@@H]([C@H]([C@@H]([C@@H](CO)O)O)O)O,MBBZMMPHUWSWHV-BDVNFPICSA-N
6324663.0,C[C@@H](C(=O)O)NC(=O)[C@@H]1CCCN1C(=O)[C@H](CC2=CN=CN2)NC(=O)[C@H](C(C)C)NC(=O)[C@H](CC3=CC=C(C=C3)O)NC(=O)[C@H](C(C)C)NC(=O)[C@H](CCCN=C(N)N)NC(=O)CNC,PFGWGEPQIUAZME-NXSMLHPHSA-N
9270.0,CC(=O)O[C@H]1CC[C@@H]2[C@H]3CC[C@]4([C@H]([C@@H]3CCC2=C1)CC[C@]4(C#C)OC(=O)C)C,ONKUMRGIYFNPJW-KIEAKMPYSA-N
14130.0,CCOC1=CC=C(C=C1)NC(=O)CC(C)O,LIAWQASKBFCRNR-UHFFFAOYSA-N
82325.0,CC1=NC=C(C(=C1O)CO)CSSCC2=CN=C(C(=C2CO)O)C.Cl.Cl,HRZWYHGGJOWGRI-UHFFFAOYSA-N
5282409.0,CN(C)CCOC(C1=CC=C(C=C1)Cl)C2=CC=CC=N2.C(=C\C(=O)O)\C(=O)O,GVNWHCVWDRNXAZ-BTJKTKAUSA-N
23603.0,C1CC2=CC=CC=C2C(C3=CC=CC=C31)C(=O)N,APBVLLORZMAWKI-UHFFFAOYSA-N
3033877.0,CCCCCCCC(=O)OCC(CO)O,GHBFNMLVSPCDGN-UHFFFAOYSA-N
9046.0,C[C@]12CC[C@H]3[C@H]([C@@H]1CC[C@]2(C#C)O)CCC4=C3C=CC(=C4)OC5CCCC5,PWZUUYSISTUNDW-VAFBSOEGSA-N
5311071.0,C[C@H]\1CC[C@@H](C/C1=C\C=C\2/CCC[C@]3([C@H]2CC[C@@H]3[C@H](C)/C=C/[C@H](C)C(C)C)C)O,ILYCWAKSDCYMBB-OPCMSESCSA-N
3034287.0,CCN(CC1=CN=C(C=C1)Cl)/C(=C/[N+](=O)[O-])/NC,CFRPSFYHXJZSBI-DHZHZOJOSA-N
37907.0,CC(C)(C)C(=O)C(N1C=CN=C1)OC2=CC=C(C=C2)Cl,OWEGWHBOCFMBLP-UHFFFAOYSA-N
8313.0,C(C(Cl)(Cl)Cl)(NC(=O)NC(C(Cl)(Cl)Cl)O)O,PPJXIHLNYDVTDI-UHFFFAOYSA-N
15583.0,C1C(C2(C(=C(C1(C2(Cl)Cl)Cl)Cl)Cl)Cl)CBr,DAASOABUJRMZAD-UHFFFAOYSA-N
65651.0,C1=CC(=C(C(=C1)F)C(=O)NC(=O)NC2=CC(=C(C=C2)Cl)OC3=C(C=C(C=N3)C(F)(F)F)Cl)F,YOWNVPAUWYHLQX-UHFFFAOYSA-N
4807.0,C1=CC=C(C(=C1)C=O)C=O,ZWLUXSQADUDCSB-UHFFFAOYSA-N
38072.0,C1=CC=C2C(=C1)C(=O)C3=CC=CC=C3N2CC(=O)O,UOMKBIIXHQIERR-UHFFFAOYSA-N
441375.0,C1[C@H]([C@@H]([C@H]([C@@H]([C@H]1N)O[C@@H]2[C@@H]([C@H]([C@@H]([C@H](O2)CO)O)O)N)O[C@H]3[C@@H]([C@@H]([C@H](O3)CO)O[C@@H]4[C@@H]([C@H]([C@@H]([C@@H](O4)CN)O)O)N)O)O)N.OS(=O)(=O)O,LJRDOKAZOAKLDU-UDXJMMFXSA-N
12008.0,CC1=CC(=C(C=C1)Cl)O,SMFHPCZZAAMJJO-UHFFFAOYSA-N
21414.0,CCCCCCCCCCC(CCCCCCCC)CO,LEACJMVNYZDSKR-UHFFFAOYSA-N
31209.0,CCCCCC(=CC1=CC=CC=C1)C=O,HMKKIXGYKWDQSV-UHFFFAOYSA-N
9873.0,C(C(C(C(C(F)(F)Br)(F)F)(F)F)(F)F)(C(C(C(F)(F)F)(F)F)(F)F)(F)F,WTWWXOGTJWMJHI-UHFFFAOYSA-N
9509.0,C1=CC(=CC=C1NC(=O)NC2=CC=C(C=C2)[N+](=O)[O-])[N+](=O)[O-],JEZZOKXIXNSKQD-UHFFFAOYSA-N
43961.0,C1=CC=C(C(=C1)CN)SC2=CC=CC=C2CO,HLAFSNJRKZLMPT-UHFFFAOYSA-N
6950248.0,C[C@@H](CN(C)C)O,NCXUNZWLEYGQAH-YFKPBYRVSA-N
2728761.0,C1=CC=C(C=C1)CNCCNCC2=CC=CC=C2.Cl.Cl,NZBGFGGNLREHFL-UHFFFAOYSA-N
137601.0,CCCC1=CC=C(C=C1)C(=O)O,ATZHGRNFEFVDDJ-UHFFFAOYSA-N
55251.0,C1=CC=C(C(=C1)C2=CC=C(C=C2)C(F)(F)F)C(=O)O,IQOMYCGTGFGDFN-UHFFFAOYSA-N
8138.0,COC(=O)CCCCCCCCC=C,KISVAASFGZJBCY-UHFFFAOYSA-N
8797.0,CC1=CC=C(C=C1)OC(=O)C,CDJJKTLOZJAGIZ-UHFFFAOYSA-N
2723920.0,C1(=NC(=O)NC(=O)N1)C(=O)[O-].[K+],IAPCTXZQXAVYNG-UHFFFAOYSA-M
71668.0,C1=CC(=C[N+](=C1)[O-])CO,LQYJAVWWKTWWKN-UHFFFAOYSA-N
31593.0,C1=CC=C(C=C1)CNC(=O)CN2C=CN=C2[N+](=O)[O-],CULUWZNBISUWAS-UHFFFAOYSA-N
7402.0,CCC1=CC=C(C=C1)S(=O)(=O)O,BRIXOPDYGQCZFO-UHFFFAOYSA-N
8820.0,C(C#N)C(=O)NN,HPHBOJANXDKUQD-UHFFFAOYSA-N
9370.0,C1=C(C=C(C(=C1I)O)I)[N+](=O)[O-],UVGTXNPVQOQFQW-UHFFFAOYSA-N
8026.0,CCON=O,QQZWEECEMNQSTG-UHFFFAOYSA-N
17113.0,CC1=CC(=C(C=C1)O)N2N=C3C=CC=CC3=N2,MCPKSFINULVDNX-UHFFFAOYSA-N
5284343.0,C([C@H]([C@@H]1[C@@H]([C@@H]2[C@H](O1)O[C@H](O2)C(Cl)(Cl)Cl)O)O)O,OJYGBLRPYBAHRT-GVUNPQSCSA-N
9849425.0,C1=CC(=CC2=NC3=C(C=CC(=C3)N)C=C21)N.C1=CC(=CC2=NC3=C(C=CC(=C3)N)C=C21)N.OS(=O)(=O)O,YADYXCVYLIKQJX-UHFFFAOYSA-N
6581.0,C=CC(=O)O,NIXOWILDQLNWCW-UHFFFAOYSA-N
5463350.0,CCN1/C(=C/C=C/C2=[N+](C3=CC=CC=C3C=C2)CC)/C=CC4=CC=CC=C41.[I-],QWYZFXLSWMXLDM-UHFFFAOYSA-M
91525.0,CN(C)C1=CC=C(C=C1)C(=C2C=CC(=[N+](C)C)C=C2)C3=C4C=CC(=CC4=CC(=C3O)S(=O)(=O)[O-])S(=O)(=O)[O-].[Na+],WDPIZEKLJKBSOZ-UHFFFAOYSA-M
19731.0,C1=CC=C(C=C1)NC2=C3C(=C(C=C2)N=NC4=C5C(=CC(=C4)S(=O)(=O)[O-])C=C(C=C5O)S(=O)(=O)[O-])C=CC=C3S(=O)(=O)[O-].[Na+].[Na+].[Na+],ADGGJQPKBDIZMT-UHFFFAOYSA-K
33039.0,CC1=CN(C(=O)NC1=O)[C@H]2C[C@@H]([C@H](O2)CO)F,UXCAQJAQSWSNPQ-XLPZGREQSA-N
88836.0,CC(C)CCOC(=O)C1=CC=C(C=C1)N(C)C,OFSAUHSCHWRZKM-UHFFFAOYSA-N
243274.0,CCOC(=O)C(=C(C1=CC=CC=C1)C2=CC=CC=C2)C#N,IAJNXBNRYMEYAZ-UHFFFAOYSA-N
62531.0,CC1=CC(=C(C(=C1)N2N=C3C=CC(=CC3=N2)Cl)O)C(C)(C)C,OCWYEMOEOGEQAN-UHFFFAOYSA-N
64184.0,C1C2CC3CC(C2)(CC1C3=O)O,TZBDEVBNMSLVKT-UHFFFAOYSA-N
33919.0,C1=CC=C(C=C1)C2=NC3=C(N2)C=C(C=C3)S(=O)(=O)O,UVCJGUGAGLDPAA-UHFFFAOYSA-N
16683083.0,S=[Sb](=S)S[Sb](=S)=S,PPKVREKQVQREQD-UHFFFAOYSA-N
16258.0,C1=CC=C2C(=C1)C(=O)NC(=O)O2,OAYRYNVEFFWSHK-UHFFFAOYSA-N
68610.0,C1=CC(=CC=C1C(=O)O)OCCCOC2=CC=C(C=C2)C(=O)O,VBISQLWPGDULSX-UHFFFAOYSA-N
80196.0,C1=C(C=C(C=C1O)O)O.O.O,MPYXTIHPALVENR-UHFFFAOYSA-N
14017587.0,CC(=O)N[C@H]([C@H](CC(=O)C(=O)O)O)[C@H]([C@@H]([C@@H](CO)O)O)O,KBGAYAKRZNYFFG-BOHATCBPSA-N
16682999.0,C1=C(C=C2C(=C1O)O[Bi]O2)C(=O)O.O,XXCBNHDMGIZPQF-UHFFFAOYSA-L
3034034.0,COC1=CC2=C(C=CN=C2C=C1)[C@H]([C@@H]3C[C@@H]4CCN3C[C@@H]4C=C)O,LOUPRKONTZGTKE-WZBLMQSHSA-N
71484.0,CC1=C(C2=CC3=NC(=CC4=NC(=CC5=C(C(=C(N5)C=C1N2)C=C)C)C(=C4CCC(=O)[O-])C)C(=C3C)CCC(=O)[O-])C=C.[Na+].[Na+],GPRXGEKBQVXWAQ-UHFFFAOYSA-L
23667639.0,CC1(OC[C@H]2[C@@H](O1)[C@H]3[C@@](O2)(OC(O3)(C)C)C(=O)[O-])C.[Na+],DEWVPZYHFVYXMZ-QCILGFJPSA-M
136183544.0,CS(=O)(=O)O.CS(=O)(=O)O.C1=CC(=CC=C1C=CC2=C(C=C(C=C2)C(=N)N)O)C(=N)N,YGNSQKCULHSJDC-UHFFFAOYSA-N
656641.0,CCCCCCCCCCCCOCCOCCOCCOCCOCCOCCOCCOCCOCCO,ONJQDTZCDSESIW-UHFFFAOYSA-N
446925.0,CC(=CCC/C(=C/C=C/C(=C/C=C/C(=C/C=C/C=C(/C=C/C=C(/C=C/C=C(/CCC=C(C)C)\C)\C)\C)/C)/C)/C)C,OAIJSZIZWZSQBC-GYZMGTAESA-N
14525.0,CC1(C2CCC(C2)(C1=O)C)C,LHXDLQBQYFFVNW-UHFFFAOYSA-N
157355.0,C([C@@H]1[C@@H]([C@@H]([C@H]([C@@H](O1)O[C@H]([C@@H](CO)O)[C@@H]([C@H](CO)O)O)O)O)O)O,VQHSOMBJVWLPSR-JVCRWLNRSA-N
16682734.0,C1=CC=C2C(=C1)C(=O)O[Bi]O2.O,QBWLKDFBINPHFT-UHFFFAOYSA-L
38882.0,CC1=NC=C(C(=C1O)C=O)COP(=O)(O)O.O,CEEQUQSGVRRXQI-UHFFFAOYSA-N
23665772.0,CCCCC(CC)CCC(CC(C)C)OS(=O)(=O)[O-].[Na+],FVEFRICMTUKAML-UHFFFAOYSA-M
25798.0,CN(C)CCS.Cl,NRVFDGZJTPCULU-UHFFFAOYSA-N
6585.0,CC(=O)OO,KFSLWBXXFJQRDL-UHFFFAOYSA-N
9549168.0,CC(=O)O.C1C[C@H](N(C1)C(=O)[C@@H]2CSSC[C@@H](C(=O)N[C@H](C(=O)N[C@H](C(=O)N[C@H](C(=O)N[C@H](C(=O)N2)CC(=O)N)CCC(=O)N)CC3=CC=CC=C3)CC4=CC=C(C=C4)O)N)C(=O)N[C@@H](CCCN=C(N)N)C(=O)NCC(=O)N,ZHFGXNMADRRGQP-HPILINOVSA-N
5280793.0,C[C@H](/C=C/[C@H](C)C(C)C)[C@H]1CC[C@@H]\2[C@@]1(CCC/C2=C\C=C/3\C[C@H](CCC3=C)O)C,MECHNRXZTMCUDQ-RKHKHRCZSA-N
56205.0,CN1CCN(CC1)C2=C(C=C3C(=C2)N(C=C(C3=O)C(=O)O)C4=CC=C(C=C4)F)F.Cl,JFMGBGLSDVIOHL-UHFFFAOYSA-N
60651.0,CN1CCN(CC1)C2=C(C=C3C4=C2OCN(N4C=C(C3=O)C(=O)O)C)F,BPFYOAJNDMUVBL-UHFFFAOYSA-N
43233.0,C1COC(O1)(CN2C=NC=N2)C3=C(C=C(C=C3)Cl)Cl,AKNQMEBLVAMSNZ-UHFFFAOYSA-N
42574.0,CC1=CC(=C(C=C1NC(=O)C2=C(C(=CC(=C2)I)I)O)Cl)C(C#N)C3=CC=C(C=C3)Cl,JMPFSEBWVLAJKM-UHFFFAOYSA-N
25750.0,CCN(CC)C(=O)C(=C(C)OP(=O)(OC)OC)Cl,RGCLLPNLLBQHPF-UHFFFAOYSA-N
2734398.0,C([C@@H]1[C@H]([C@@H]([C@](O1)(COP(=O)([O-])[O-])O)O)O)OP(=O)(O)[O-].[Na+].[Na+].[Na+],TZPGTGQRVXSGQM-HTKRKRNRSA-K
6256.0,C1[C@@H]([C@H](O[C@H]1N2C=C(C(=O)NC2=O)C(F)(F)F)CO)O,VSQQQLOSPVPRAZ-RRKCRQDMSA-N
533728.0,CCN(CC)C(=S)[S-].[Na+],IOEJYZSZYUROLN-UHFFFAOYSA-M
16219444.0,C1CCC(CC1)N.C1CCC(CC1)N.C([C@H](COP(=O)(O)O)O)O,FWIDSLORBURWJY-CFMHHUGTSA-N
33611.0,CN(CCCN1C2=CC=CC=C2CCC3=CC=CC=C31)CC(=O)C4=CC=C(C=C4)Cl.Cl,ZWZIQPOLMDPIQM-UHFFFAOYSA-N
9983292.0,CCC(=O)O.CCC(=O)O.C1CN=C(N1)C2=CC(=CC=C2)NC(=O)NC3=CC=CC(=C3)C4=NCCN4,AFGQXWSHYUHHNV-UHFFFAOYSA-N
23064738.0,O.O.O.O.O.O.[O-]P(=O)([O-])OP(=O)([O-])OP(=O)([O-])[O-].[Na+].[Na+].[Na+].[Na+].[Na+],FGXJOKTYAQIFRP-UHFFFAOYSA-I
177843.0,CCCCCCCCCCCCCC[N+](C)(C)CC1=CC=CC=C1.O.O.[Cl-],YLPZVNXGKBIJBW-UHFFFAOYSA-M
23676755.0,C(C(CS(=O)(=O)[O-])S)S.O.[Na+],XMUHNMQFDVIWGU-UHFFFAOYSA-M
9936727.0,CCC(CC)(C1=CC=CC=C1)C(=O)OCCOCCN(CC)CC.C(C(=O)O)C(CC(=O)O)(C(=O)O)O,KVKJFNUGVOFNGU-UHFFFAOYSA-N
451417.0,CC(C)[C@@H](C(=O)N[C@@H](CC1=CC=C(C=C1)O)C(=O)O)NC(=O)[C@H](CC(=O)O)NC(=O)[C@H](CCCCN)NC(=O)[C@H](CCCN=C(N)N)N,PSWFFKRAVBDQEG-YGQNSOCVSA-N
6918303.0,C1C[C@@H]2CN(C(=O)C3=CC=CC(=C23)C1)[C@@H]4CN5CCC4CC5.Cl,OLDRWYVIKMSFFB-SSPJITILSA-N
1201518.0,C[C@]12CC[C@H](C1(C)C)C[C@H]2O,DTGKSKDOIYIVQL-QXFUBDJGSA-N
37563.0,CC1=CC=C(C=C1)C=C2C3CCC(C2=O)(C3(C)C)C,HEOCBCNFKCOKBX-UHFFFAOYSA-N
12675.0,C(C(C(F)(F)F)(F)F)(C(C(F)(F)F)(F)F)(F)F,NJCBUSHGCBERSK-UHFFFAOYSA-N
5206.0,C(OC(C(F)(F)F)C(F)(F)F)F,DFEYYRMXOJXZRJ-UHFFFAOYSA-N
3226.0,C(C(OC(F)F)(F)F)(F)Cl,JPGQOUSTVILISH-UHFFFAOYSA-N
31799.0,C[N+]1(CCCCC1COC(=O)C(C2=CC=CC=C2)(C3=CC=CC=C3)O)C.COS(=O)(=O)[O-],AXKJGGRSAVLXTE-UHFFFAOYSA-M
5484.0,CN1CCCC(=C(C2=CC=CS2)C3=CC=CS3)C1,JWIXXNLOKOAAQT-UHFFFAOYSA-N
2972.0,CC1=C(C(=O)C=CN1C)O,TZXKOCQBRNJULO-UHFFFAOYSA-N
517304.0,CCN(CC)CCOC(=O)C1(CCCC1)C2=CC=CC=C2.CCN(CC)CCOC(=O)C1(CCCC1)C2=CC=CC=C2.C(CS(=O)(=O)O)S(=O)(=O)O,BANIDACEBXZGNK-UHFFFAOYSA-N
6364626.0,CCCCC[C@@H](/C=C/[C@H]1[C@@H](C[C@H]2[C@@H]1C/C(=C/CCCC(=O)[O-])/O2)O)O.[Na+],LMHIPJMTZHDKEW-XQYLJSSYSA-M
23670359.0,CCCCCN(C)CCC(O)(P(=O)(O)O)P(=O)(O)[O-].[Na+],LXLBEOAZMZAZND-UHFFFAOYSA-M
5394.0,CN1C(=O)N2C=NC(=C2N=N1)C(=O)N,BPEGJWRSRHCHSN-UHFFFAOYSA-N
5482.0,C1=CC(=C(C=C1Cl)Cl)C(CN2C=CN=C2)OCC3=C(SC=C3)Cl,QXHHHPZILQDDPS-UHFFFAOYSA-N
135403821.0,C[C@H]1/C=C/C=C(\C(=O)NC2=C(C(=C3C(=C2O)C(=C(C4=C3C(=O)[C@](O4)(O/C=C/[C@@H]([C@H]([C@H]([C@@H]([C@@H]([C@@H]([C@H]1O)C)O)C)OC(=O)C)C)OC)C)C)O)O)/C=N/N5CCN(CC5)C6CCCC6)/C,WDZCUPBHRAEYDL-GZAUEHORSA-N
23681451.0,CCC(=O)OC(C(C)C)OP(=O)(CCCCC1=CC=CC=C1)CC(=O)N2C[C@@H](C[C@H]2C(=O)[O-])C3CCCCC3.[Na+],TVTJZMHAIQQZTL-HREVRLCXSA-M
441351.0,CC(=O)O[C@H]1[C@H](C[C@@H]2[C@@]1(CC[C@H]3[C@H]2CC[C@@H]4[C@@]3(C[C@@H]([C@H](C4)O)N5CCOCC5)C)C)[N+]6(CCCC6)CC=C.[Br-],OYTJKRAYGYRUJK-FMCCZJBLSA-M
443866.0,CC1=CC=CN2C1=NC=C(C2=O)C3=NN=N[N-]3.[K+],NMMVKSMGBDRONO-UHFFFAOYSA-N
4494.0,CC1=C(C(C(=C(N1)C#N)C(=O)OC)C2=CC(=CC=C2)[N+](=O)[O-])C(=O)OC(C)C,FAIIFDPAEUKBEP-UHFFFAOYSA-N
65948.0,CC1=C(C(C(=C(N1)N)C(=O)OC2CN(C2)C(C3=CC=CC=C3)C4=CC=CC=C4)C5=CC(=CC=C5)[N+](=O)[O-])C(=O)OC(C)C,ZKFQEACEUNWPMT-UHFFFAOYSA-N
107999.0,CN1C=C(C2=CC=CC=C21)C(=O)[C@@H]3CCC4=C(C3)NC=N4.Cl,XIXYTCLDXQRHJO-RFVHGSKJSA-N
5284631.0,C1CC[N+]2(C1)[C@@H]3CC[C@H]2CC(C3)OC(=O)C(C4=CC=CC=C4)(C5=CC=CC=C5)O.[Cl-],RVCSYOQWLPPAOA-DHWZJIOFSA-M
66359.0,CC(=O)O[C@H]1CC[C@@H]2[C@@]1(C=CC3=C4CCC(=O)C=C4CC[C@@H]23)C,CMRJPMODSSEAPL-FYQPLNBISA-N
104865.0,CC(C)(C)C1=CC=C(C=C1)S(=O)(=O)NC2=C(C(=NC(=N2)C3=NC=CC=N3)OCCO)OC4=CC=CC=C4OC,GJPICJJJRGTNOD-UHFFFAOYSA-N
119570.0,CCCN[C@H]1CCC2=C(C1)SC(=N2)N,FASDKYOPVNHBLU-ZETCQYMHSA-N
5362376.0,CCOC1=CC=CC=C1OCCN[C@H](C)CC2=CC(=C(C=C2)OC)S(=O)(=O)N.Cl,ZZIZZTHXZRDOFM-XFULWGLBSA-N
2040.0,CC1=CC=CC=C1N2C(=NC3=C(C2=O)C=C(C=C3)N)CF,VDOSWXIDETXFET-UHFFFAOYSA-N
636405.0,CC1=CC(=O)C(=CN1)C(=O)N[C@H](C2=CC=C(C=C2)O)C(=O)N[C@H]3[C@@H]4N(C3=O)C(=C(CS4)CSC5=NN=NN5C)C(=O)O,PWAUCHMQEXVFJR-PMAPCBKXSA-N
73356.0,CCOC(CN1CCN(CC1)CC(C)C(=O)C2=CC=CC=C2)C3=CC=CC=C3.Cl.Cl,BPMQVOKMMQFZGV-UHFFFAOYSA-N
4121.0,CN1C(NC2=CC(=C(C=C2S1(=O)=O)S(=O)(=O)N)Cl)CCl,CESYKOGBSMNBPD-UHFFFAOYSA-N
4963.0,CCCSSC(=C(C)N(CC1=CN=C(N=C1N)C)C=O)CCO,UDCIYVVYDCXLSX-UHFFFAOYSA-N
5536.0,CCOC1=CC(=C(C=C1C(=O)CCC(=O)O)OCC)OCC,YPTFHLJNWSJXKG-UHFFFAOYSA-N
40973.0,CC[C@]12CC(=C)[C@H]3[C@H]([C@@H]1CC[C@]2(C#C)O)CCC4=CCCC[C@H]34,RPLCPCMSCLEKRS-BPIQYHPVSA-N
656583.0,C[C@]12CC[C@H]3[C@H]([C@@H]1CC[C@@H]2O)CC[C@]45[C@@]3(CC(=C([C@H]4O5)O)C#N)C,KVJXBPDAXMEYOA-CXANFOAXSA-N
6918178.0,CCC(=O)O[C@@]1([C@H](C[C@@H]2[C@@]1(C[C@@H]([C@]3([C@H]2C[C@@H](C4=CC(=O)C=C[C@@]43C)F)F)O)C)C)C(=O)CCl,BDSYKGHYMJNPAB-LICBFIPMSA-N
23695982.0,C1=CC=C2C(=C1)N=C3C(=CC(=O)C4=C3C(=O)C=C(N4)C(=O)[O-])O2.[Na+],HDQXPMXHXZNPKE-UHFFFAOYSA-M
2787.0,CCC(C)(C(=O)O)OC1=CC=C(C=C1)C2(CCCCC2)C3=CC=C(C=C3)OC(C)(CC)C(=O)O,BMOVQUBVGICXQN-UHFFFAOYSA-N
4820.0,CC1=C(C(=CC=C1)C)NC(=O)CC23CCCN2CCC3,BCQTVJKBTWGHCX-UHFFFAOYSA-N
92400.0,C[C@H](CSC(=O)C1=CC=CC=C1)C(=O)N2C[C@H](C[C@H]2C(=O)O)SC3=CC=CC=C3,IAIDUHCBNLFXEF-MNEFBYGVSA-N
20055424.0,CC1=NC=C(C(=N1)N)CN(/C(=C(\SS/C(=C(\N(C=O)CC2=CN=C(N=C2N)C)/C)/CCOC(=O)C(C)C)/CCOC(=O)C(C)C)/C)C=O,CKHJPWQVLKHBIH-ZDSKVHJSSA-N
27812.0,CC[C@]12C=CC3=C4CCC(=O)C=C4CC[C@H]3[C@@H]1CC[C@]2(C#C)O,BJJXHLWLUDYTGC-ANULTFPQSA-N
43593.0,C1C(=C(N2[C@H](S1)[C@@H](C2=O)NC(=O)[C@@H](C3=CC=CC=C3)O)C(=O)[O-])CSC4=NN=NN4CS(=O)(=O)[O-].[Na+].[Na+],NAXFZVGOZUWLEP-RFXDPDBWSA-L
64647.0,CCN1CC(C(C1=O)(C2=CC=CC=C2)C3=CC=CC=C3)CCN4CCOCC4.Cl,MBGXILHMHYLZJT-UHFFFAOYSA-N
23663938.0,CO/N=C(/C1=CSC(=N1)N)\C(=O)N[C@H]2[C@@H]3N(C2=O)C(=CCS3)C(=O)[O-].[Na+],ADLFUPFRVXCDMO-LIGXYSTNSA-M
23662369.0,C1=CC=C(C=C1)CN2C3=CC=CC=C3C(=N2)OCC(=O)[O-].[Na+],GHFGHIKJGVMEFT-UHFFFAOYSA-M
155434.0,CC(=O)NCCCS(=O)(=O)[O-].CC(=O)NCCCS(=O)(=O)[O-].[Ca+2],BUVGWDNTAWHSKI-UHFFFAOYSA-L
11954009.0,CN1N=NN=C1SCC2=C(N3C(=O)[C@H]([C@H]3SC2)NC(=O)/C(=N\OC)/C4=CSC(=N4)N)C(=O)O.CN1N=NN=C1SCC2=C(N3C(=O)[C@H]([C@H]3SC2)NC(=O)/C(=N\OC)/C4=CSC(=N4)N)C(=O)O.Cl,MPTNDTIREFCQLK-UNVJPQNDSA-N
441406.0,C[C@]12CCC(=O)C=C1CC[C@@H]3[C@@H]2[C@H](C[C@]4([C@H]3CC[C@@]4(C(=O)COP(=O)([O-])[O-])O)C)O.[Na+].[Na+],RYJIRNNXCHOUTQ-OJJGEMKLSA-L
3950.0,C1CCC(CC1)NC(=O)N(CCCl)N=O,GQYIWUVLTXOXAJ-UHFFFAOYSA-N
39764.0,CC(=O)O[C@H]1C[C@@H]2CC[C@@H]3[C@@H]([C@]2(C[C@@H]1N4CCCCC4)C)CC[C@]5([C@H]3C[C@@H]([C@@H]5OC(=O)C)[N+]6(CCCCC6)C)C.[Br-],VEPSYABRBFXYIB-PWXDFCLTSA-M
21102.0,CC(=O)NC1=CC=C(C=C1)OC(=O)C2=CC=CC=C2OC(=O)C,FEJKLNWAOXSSNR-UHFFFAOYSA-N
5281080.0,C[N+]1(CCC2=CC(=C(C=C2[C@H]1CC3=CC(=C(C(=C3)OC)OC)OC)OC)OC)CCCOC(=O)CC/C=C/CCC(=O)OCCC[N+]4(CCC5=CC(=C(C=C5[C@H]4CC6=CC(=C(C(=C6)OC)OC)OC)OC)OC)C.[Cl-].[Cl-],WMSYWJSZGVOIJW-ONUALHDOSA-L
656511.0,CC1([C@@H](N2[C@H](S1)[C@@H](C2=O)NC(=O)[C@@H](C3=CC=CC=C3)NC(=O)N4CCN(C4=O)S(=O)(=O)C)C(=O)O)C,YPBATNHYBCGSSN-VWPFQQQWSA-N
2194.0,COC1=CC=C(C=C1)C2=CC(=S)SS2,KYLIZBIRMBGUOP-UHFFFAOYSA-N
2161.0,CC(C)C1=CC2=C(C=C1)OC3=NC(=C(C=C3C2=O)C(=O)O)N,SGRYPYWGNKJSDL-UHFFFAOYSA-N
135508550.0,C[C@H]1C(=O)N[C@H](C(=O)N/C(=C\NC(=O)N)/C(=O)N[C@H](C(=O)NC[C@@H](C(=O)N1)N)[C@H]2CCNC(=N2)N)CNC(=O)C[C@H](CCCN)N,FRXNXDHFQYZYNA-GOTGUIIGSA-N
2541.0,CCOC1=NC2=CC=CC(=C2N1CC3=CC=C(C=C3)C4=CC=CC=C4C5=NNN=N5)C(=O)O,HTQMVQVXFRQIKW-UHFFFAOYSA-N
91442.0,CCN(CC)C(C)C(=O)C1=CC=CC=C1.Cl,ICFXZZFWRWNZMA-UHFFFAOYSA-N
28280.0,CC(C)(CO)[C@H](C(=O)NCCCC(=O)[O-])O.CC(C)(CO)[C@H](C(=O)NCCCC(=O)[O-])O.[Ca+2],OVXZVDMCQPLHIY-QXGOIDDHSA-L
160024.0,C1[C@H](OC2=C([C@]13C(=O)NC(=O)N3)C=C(C=C2)F)C(=O)N,WAAPEIZFCHNLKK-UFBFGSQYSA-N
5282164.0,C[C@H](CCC=C(C)C)[C@H]1CC[C@@]2([C@@]1(CC[C@]34[C@H]2CC[C@@H]5[C@]3(C4)CC[C@@H](C5(C)C)OC(=O)/C=C/C6=CC(=C(C=C6)O)OC)C)C,FODTZLFLDFKIQH-FSVGXZBPSA-N
71586979.0,CCOC(=O)[C@H](CS)NCCN[C@@H](CS)C(=O)OCC.Cl.Cl,HKASNZKRIQURIX-BZDVOYDHSA-N
95286.0,C1CC(=O)N(C1=O)CO,AZVYYSCOCHRFKW-UHFFFAOYSA-N
6918155.0,CC(C)C(=O)OCC(=O)[C@@]12[C@@H](C[C@@H]3[C@@]1(C[C@@H]([C@H]4[C@H]3CCC5=CC(=O)C=C[C@]45C)O)C)O[C@H](O2)C6CCCCC6,LUKZNWIVRBCLON-GXOBDPJESA-N
135413520.0,C1=CC(=CC=C1CCC2=CNC3=C2C(=O)NC(=N3)N)C(=O)N[C@@H](CCC(=O)[O-])C(=O)[O-].[Na+].[Na+],NYDXNILOWQXUOF-GXKRWWSZSA-L
2375.0,CC(CS(=O)(=O)C1=CC=C(C=C1)F)(C(=O)NC2=CC(=C(C=C2)C#N)C(F)(F)F)O,LKJPYSCBVHEWIU-UHFFFAOYSA-N
406563.0,CC1=CC=C(C=C1)S(=O)(=O)O.CNC(=O)C1=NC=CC(=C1)OC2=CC=C(C=C2)NC(=O)NC3=CC(=C(C=C3)Cl)C(F)(F)F,IVDHYUQIDRJSTI-UHFFFAOYSA-N
444005.0,CN(C)CC(COC1=CC=CC=C1CCC2=CC(=CC=C2)OC)OC(=O)CCC(=O)O.Cl,POQBIDFFYCYHOB-UHFFFAOYSA-N
6437380.0,CCCCN(CCCC)CC(C1=CC(=CC\2=C1C3=C(/C2=C/C4=CC=C(C=C4)Cl)C=C(C=C3)Cl)Cl)O,DYLGFOYVTXJFJP-MYYYXRDXSA-N
216326.0,C1CC(=O)NC(=O)C1N2CC3=C(C2=O)C=CC=C3N,GOTYRUGSSMKFNF-UHFFFAOYSA-N
157917.0,CC1=C(C(C(=C(N1)C)C(=O)OC(C)(C)CN(C)CCC(C2=CC=CC=C2)C3=CC=CC=C3)C4=CC(=CC=C4)[N+](=O)[O-])C(=O)OC.Cl,WMFYOYKPJLRMJI-UHFFFAOYSA-N
150762.0,CC1=C(C(C(=C(N1)C)C(=O)OCCN2CCN(CC2)C(C3=CC=CC=C3)C4=CC=CC=C4)C5=CC(=CC=C5)[N+](=O)[O-])C(=O)OC.Cl.Cl,JINNGBXKBDUGQT-UHFFFAOYSA-N
10634.0,C[C@]12CC[C@H]3[C@H]([C@@H]1CC[C@@H]2O)CC=C4[C@@]3(CC[C@@H](C4)O)C,QADHLRWLCPCEKT-LOVVWNRFSA-N
6099.0,CN(C)C1=CC2=C(C=C1)N=C3C=CC(=[N+](C)C)C=C3S2.[Cl-],CXKWCBBOMKCUKX-UHFFFAOYSA-M
197006.0,CS(=O)(=O)C1=CC=C(C=C1)[C@H]([C@@H](COC(=O)CN)NC(=O)C(Cl)Cl)O.Cl,DKXJDBJNAXSJDH-MHDYBILJSA-N
56704.0,CC(=O)OCC(=O)NCCCOC1=CC=CC(=C1)CN2CCCCC2.Cl,FEWCTJHCXOHWNL-UHFFFAOYSA-N
5282375.0,CCOC(=O)/C=C(\C)/C=C/C=C(\C)/C=C/C1=C(C(=C(C=C1C)OC)C)C,HQMNCQVAMBCHCO-DJRRULDNSA-N
6292.0,CC1=CC=CC=C1N2C(=NC3=CC=CC=C3C2=O)C,JEYCTXHKTXCGPB-UHFFFAOYSA-N
45356252.0,C1C[C@H]2C(=O)N[C@@H](CSSCCC(=O)N[C@H](C(=O)NCC(=O)N[C@H](C(=O)N[C@@H](C(=O)N2C1)CC3=CNC4=CC=CC=C43)CC(=O)O)CCCCN=C(N)N)C(=O)N,CZKPOZZJODAYPZ-BONDPLATSA-N
16051947.0,CC[C@@H]1/C=C(/C[C@@H](C[C@@H]([C@@H]2[C@H](C[C@H]([C@@](O2)(C(=O)C(=O)N3CCCC[C@H]3C(=O)O[C@@H]([C@@H]([C@H](CC1=O)O)C)/C(=C/[C@@H]4CC[C@H]([C@@H](C4)OC)Cl)/C)O)C)OC)OC)C)\C,KASDHRXLYQOAKZ-ZPSXYTITSA-N
208908.0,CS(=O)(=O)CCNCC1=CC=C(O1)C2=CC3=C(C=C2)N=CN=C3NC4=CC(=C(C=C4)OCC5=CC(=CC=C5)F)Cl,BCFGMOOMADDAQU-UHFFFAOYSA-N
189821.0,CC1=N[C@@]2([C@H](O1)C[C@@H]3[C@@]2(C[C@@H]([C@H]4[C@H]3CCC5=CC(=O)C=C[C@]45C)O)C)C(=O)COC(=O)C,FBHSPRKOSMHSIF-GRMWVWQJSA-N
168088.0,CC[N+]1(CCCCC1)CCOC(=O)C(C2=CC=CC=C2)(C3=CC=CC=C3)O.[Br-],VPUGSHLBERYQGC-UHFFFAOYSA-M
73303.0,C[C@@H]1[C@@H]2[C@H](C(=O)N2C(=C1S[C@H]3C[C@H](NC3)CNS(=O)(=O)N)C(=O)O)[C@@H](C)O,AVAACINZEOAHHE-VFZPANTDSA-N
4723.0,C1=CC=C(C=C1)C2C(=O)N=C(O2)N,NRNCYVBFPDDJNE-UHFFFAOYSA-N
18477728.0,C[C@@H]1CC[C@H]2C[C@@H](/C(=C/C=C/C=C\[C@H](C[C@H](C(=O)[C@@H]([C@@H](/C(=C/[C@H](C(=O)C[C@H](OC(=O)[C@@H]3CCCCN3C(=O)C(=O)[C@@]1(O2)O)[C@H](C)C[C@@H]4CC[C@H]([C@@H](C4)OC)OCCO)C)/C)O)OC)C)C)/C)OC,HKVAMNSJSFKALM-CPXURSODSA-N
3081361.0,CN1CCC(CC1)COC2=C(C=C3C(=C2)N=CN=C3NC4=C(C=C(C=C4)Br)F)OC,UHTHHESEBZOYNR-UHFFFAOYSA-N
13765.0,CC[C@@]1(CC[C@@H]2[C@@]1(CC[C@H]3[C@H]2CCC4=CCCC[C@H]34)C)O,AOXRBFRFYPMWLR-XGXHKTLJSA-N
71734.0,CCCCCCCCCCCCCCCCCCCCCC(=O)NC1=NC(=O)N(C=C1)[C@H]2[C@H]([C@@H]([C@H](O2)CO)O)O,SAMRUMKYXPVKPA-VFKOLLTISA-N
25077533.0,CCNC(=O)[C@@H]1CCCN1C(=O)[C@H](CCCN=C(N)N)NC(=O)[C@H](CC(C)C)NC(=O)[C@@H](CC2=CNC3=CC=CC=C32)NC(=O)[C@H](CC4=CC=C(C=C4)O)NC(=O)[C@H](CO)NC(=O)[C@H](CC5=CNC6=CC=CC=C65)NC(=O)[C@H](CC7=CN=CN7)NC(=O)[C@@H]8CCC(=O)N8.CC(=O)O,LYCYLGFSIXIXAB-NUZRHMIVSA-N
18293306.0,C[C@@H]1CC[C@H]2C[C@@H](/C(=C/C=C/C=C\[C@H](C[C@H](C(=O)[C@@H]([C@@H](/C(=C/[C@H](C(=O)C[C@H](OC(=O)[C@@H]3CCCCN3C(=O)C(=O)[C@@]1(O2)O)[C@H](C)C[C@@H]4CC[C@H]([C@@H](C4)OC)OC(=O)C(C)(CO)CO)C)/C)O)OC)C)C)/C)OC,CBPNZQVSJQDFBE-PXVOFZQNSA-N
123879.0,C1CC2=C(C[C@@H]1NS(=O)(=O)C3=CC=C(C=C3)F)C4=CC=CC=C4N2CCC(=O)O,LDXDSHIEDAPSSA-OAHLLOKOSA-N
151170.0,COC1=C(C=C(C=C1)C2(CCC(CC2)C(=O)O)C#N)OC3CCCC3,CFBUZOUXXHZCFB-UHFFFAOYSA-N
636411.0,CC1=CN=C(C(=C1OC)C)CS(=O)C2=NC3=C(N2)C=CC(=N3)OC,ZBFDAUIVDSSISP-UHFFFAOYSA-N
325003.0,C1=CC(=C(C=C1C(CNCCCCCCNCC(C2=CC(=C(C=C2)O)O)O)O)O)O.OS(=O)(=O)O,GTDCHGNGVGRHQY-UHFFFAOYSA-N
23418.0,CC1=CC(=C(C=C1CC2=CN=C(N=C2N)N)OC)OC,KEEYRKYKLYARHO-UHFFFAOYSA-N
54260.0,CCC(C)(C)C1=CC=C(C=C1)CC(C)CN2C[C@H](O[C@H](C2)C)C,MQHLMHIZUIDKOO-AYHJJNSGSA-N
5381.0,CCOC(=O)C1=CN=C(C=C1)C#CC2=CC3=C(C=C2)SCCC3(C)C,OGQICQVSFDPSEI-UHFFFAOYSA-N
5284360.0,CN(C)C(=O)COC(=O)CC1=CC=C(C=C1)OC(=O)C2=CC=C(C=C2)N=C(N)N.CS(=O)(=O)O,FSEKIHNIDBATFG-UHFFFAOYSA-N
656829.0,CC1CN(CCN1)C2=C(C(=C3C(=C2)N(C=C(C3=O)C(=O)O)C4CC4)C)F.Cl,IEPMBYOIQGCVHO-UHFFFAOYSA-N
60758.0,CC1=C(N=CN1)CN2CCC3=C(C2=O)C4=CC=CC=C4N3C.Cl,FNYQZOVOVDSGJH-UHFFFAOYSA-N
129791.0,CN(C)CCOC1=CC=C(C=C1)CNC(=O)C2=CC(=C(C=C2)OC)OC.Cl,ZTOUXLLIPWWHSR-UHFFFAOYSA-N
175989.0,C1C[C@H]([C@H](O[C@@H]1CN)O[C@@H]2[C@H](C[C@H]([C@@H]([C@H]2O)O[C@@H]3[C@@H]([C@H]([C@@H]([C@H](O3)CO)O)N)O)NC(=O)[C@H](CCN)O)N)N.OS(=O)(=O)O,UTUVRPOLEMRKQC-XDJMXTNXSA-N
77990.0,CCN(C)C(=O)OC1=CC=CC(=C1)[C@H](C)N(C)C.[C@H]([C@@H](C(=O)O)O)(C(=O)O)O,GWHQHAUAXRMMOT-RWALOXMOSA-N
65958.0,CNC1CCCN(C1)C2=C(C=C3C(=C2OC)N(C=C(C3=O)C(=O)O)C4CC4)F,MGQLHRYJBWGORO-UHFFFAOYSA-N
135749823.0,CCCC1=NC(=C2N1N=C(NC2=O)C3=C(C=CC(=C3)S(=O)(=O)N4CCN(CC4)CC)OCC)C.C(C(=O)O)C(CC(=O)O)(C(=O)O)O,KRRAUGJKMHOFMD-UHFFFAOYSA-N
65957.0,C[C@H]1COC2=C3N1C=C(C(=O)C3=CC(=C2C4(CC4)N)F)C(=O)O,XAGMUUZPGZWTRP-ZETCQYMHSA-N
5486830.0,C[C@H](CN1C=NC2=C(N=CN=C21)N)OCP(=O)(OCOC(=O)OC(C)C)OCOC(=O)OC(C)C.C(=CC(=O)O)C(=O)O,VCMJCVGFSROFHV-PFEQFJNWSA-N
93858.0,CC1=CC=C(C=C1)S(=O)(=O)O.C1CN(CC1N)C2=C(C=C3C(=O)C(=CN(C3=N2)C4=C(C=C(C=C4)F)F)C(=O)O)F,CSSQVOKOWWIUCX-UHFFFAOYSA-N
5741.0,COC1=C(C=C2C(=C1)CC(C2=O)CC3CCN(CC3)CC4=CC=CC=C4)OC.Cl,XWAIAVWHZJNZQQ-UHFFFAOYSA-N
23360.0,CC(C)NCC(C1=CC=CC=C1Cl)O.Cl,CPCPUCRSKRHVAH-UHFFFAOYSA-N
798.0,C1=CC=C2C(=C1)C=CN2,SIKJAQJRHWYJAI-UHFFFAOYSA-N
6736.0,CC1=CNC2=CC=CC=C12,ZFRKQXVRDFCRJG-UHFFFAOYSA-N
91465.0,C[C@H](CCCC(C)C)[C@H]1CC[C@@H]2[C@@]1(CC[C@H]3[C@H]2CC[C@H]4[C@@]3(CC[C@H](C4)O)C)C,QYIXCDOBOSTCEI-KKFSNPNRSA-N
656958.0,CCN(CC)CCSCC(=O)O[C@@H]1C[C@@]([C@H]([C@@H]([C@@]23CC[C@H]([C@@]1([C@@H]2C(=O)CC3)C)C)C)O)(C)C=C,UURAUHCOJAIIRQ-QGLSALSOSA-N
6328657.0,CO/N=C(/C1=CSC(=N1)N)\C(=O)N[C@H]2[C@@H]3N(C2=O)C(=C(CS3)CSC(=O)C4=CC=CO4)C(=O)O,ZBHXIWJRIFEVQY-IHMPYVIRSA-N
3571576.0,CC(C)(C)CC(C)(C)C1=CC(=C(C(=C1)N2N=C3C=CC=CC3=N2)O)CC4=C(C(=CC(=C4)C(C)(C)CC(C)(C)C)N5N=C6C=CC=CC6=N5)O,FQUNFJULCYSSOP-UHFFFAOYSA-N
90473.0,C[S+](CC[C@@H](C(=O)O)N)C[C@@H]1[C@H]([C@H]([C@@H](O1)N2C=NC3=C(N=CN=C32)N)O)O.[Cl-],DYFPQIYEZQULMZ-XKGORWRGSA-N
12629.0,CCCCCCCCCCCCCCCCC(C(=O)O)C(CC(=O)O)(C(=O)O)O,HZLCGUXUOFWCCN-UHFFFAOYSA-N
121396.0,C(CC(=O)O)[C@@H](C(=O)O)NC(=O)N,LCQLHJZYVOQKHU-VKHMYHEASA-N
65452.0,CC[C@H]([C@H]1[C@H](C[C@@H]([C@@H](O1)[C@@H](C)[C@@H]([C@H](C)C(=O)[C@H](CC)[C@@H]2[C@H](C[C@H]([C@]3(O2)C=C[C@H]([C@@]4(O3)CC[C@@](O4)(C)[C@H]5CC[C@@]([C@@H](O5)C)(CC)O)O)C)C)O)C)C)C(=O)O,VHKXXVVRRDYCIK-CWCPJSEDSA-N
2724259.0,CCCCCCCCCCCCCCCCOCCOCCOCCOCCOCCOCCOCCOCCOCCOCCOCCOCCOCCOCCOCCOCCOCCOCCOCCOCCO,NLMKTBGFQGKQEV-UHFFFAOYSA-N
10781.0,CC1CCCCN1CCCOC(=O)C2=CC=CC=C2.Cl,ZXSGQNYQJIUMQN-UHFFFAOYSA-N
3016408.0,C1=CC(=CC(=C1)O)C(CN)O.Cl,OWMFSWZUAWKDRR-UHFFFAOYSA-N
6296.0,CC1=C(C=CC(=C1)C2=CC(=C(C=C2)N=NC3=C(C4=C(C=C(C=C4C=C3S(=O)(=O)[O-])S(=O)(=O)[O-])N)O)C)N=NC5=C(C6=C(C=C(C=C6C=C5S(=O)(=O)[O-])S(=O)(=O)[O-])N)O.[Na+].[Na+].[Na+].[Na+],GLNADSQYFUSGOU-UHFFFAOYSA-J
5222465.0,CCCC(=O)[O-].[Na+],MFBOGIVSZKQAPD-UHFFFAOYSA-M
9568618.0,C1=C(N=C(S1)N)/C(=N/OCC(=O)[O-])/C(=O)N[C@H]2[C@H](N(C2=O)S(=O)(=O)[O-])COC(=O)N.[Na+].[Na+],BGGXRVPCJUKHTQ-AHCAJXDVSA-L
14220.0,C[S+](C)CCC(C(=O)O)N.[Cl-],MYGVPKMVGSXPCQ-UHFFFAOYSA-N
3357.0,CN1CCN(CC1)C2=C(C=C3C(=C2F)N(C=C(C3=O)C(=O)O)CCF)F,XBJBPGROQZJDOJ-UHFFFAOYSA-N
6852393.0,C[C@]12CC[C@H]3[C@H]([C@@H]1CC=C2)CC[C@@H]4[C@@]3(CCC(=O)C4)C,HFVMLYAGWXSTQI-QYXZOKGRSA-N
5918.0,C1=CN=CC(=C1N)N,OYTKINVCDFNREN-UHFFFAOYSA-N
20353.0,CC1=C(C(=C(C2=C1O[C@](CC2)(C)CCC[C@H](C)CCC[C@H](C)CCCC(C)C)C)OC(=O)CCC(=O)O)C,IELOKBJPULMYRW-NJQVLOCASA-N
21651.0,CCOC(=O)C1=CNC2=CC(=C(C=C2C1=O)OCC(C)C)OCC(C)C,LVVXOXRUTDAKFE-UHFFFAOYSA-N
4237.0,COC1=CC=C(C=C1)C2=C(ON=C2C3=CC=C(C=C3)OC)CC(=O)O,DJEIHHYCDCTAAH-UHFFFAOYSA-N
11808.0,CN1C2=C(C(=O)N(C1=O)C)NC(=N2)Br,SKTFQHRVFFOHTQ-UHFFFAOYSA-N
135705561.0,CN1C(CC2=CC(=C(C=C21)O)N=NC(=O)N)S(=O)(=O)[O-].[Na+],PDZKPUQLQNDXMQ-UHFFFAOYSA-M
54680085.0,C1=CC=C(C=C1)C(CC(C2=CC=C(C=C2)C3=CC=C(C=C3)Br)O)C4=C(C5=CC=CC=C5OC4=O)O,OWNRRUFOJXFKCU-UHFFFAOYSA-N
9281.0,COC1=C(C=CC(=C1)C2=CC(=C(C=C2)[N+]3=NC(=NN3C4=CC=C(C=C4)[N+](=O)[O-])C5=CC=CC=C5)OC)[N+]6=NC(=NN6C7=CC=C(C=C7)[N+](=O)[O-])C8=CC=CC=C8.[Cl-].[Cl-],FSVCQIDHPKZJSO-UHFFFAOYSA-L
452110.0,CCCCCCCCCCCCCCCC(=O)OC[C@H](COP(=O)([O-])OCC[N+](C)(C)C)OC(=O)CCCCCCCCCCCCCCC,KILNVBDSWZSGLL-KXQOOQHDSA-N
3045407.0,CO[C@H]1[C@@H](C[C@@H]2CN3CCC4=C([C@H]3C[C@@H]2[C@@H]1C(=O)OC)NC5=C4C=CC(=C5)OC)OC(=O)COC6=CC=C(C=C6)OC,KFDDPVMIQMFHBI-JLIPXIIDSA-N
23672582.0,C[C@@H]1C[C@H]2[C@@H]3CCC4=CC(=O)C=C[C@@]4([C@]3([C@H](C[C@@]2([C@]1(C(=O)COC(=O)C5=CC(=CC=C5)S(=O)(=O)[O-])O)C)O)F)C.[Na+],RPBJOYICBFNIMN-RDWMNNCQSA-M
2734019.0,CC1=CC2=C(C=C1C)N(C3=NC(=O)NC(=O)C3=N2)C[C@@H]([C@@H]([C@@H](COP(=O)([O-])OP(=O)([O-])OC[C@@H]4[C@H]([C@H]([C@@H](O4)N5C=NC6=C(N=CN=C65)N)O)O)O)O)O.[Na+].[Na+],XLRHXNIVIZZOON-WFUPGROFSA-L
128918.0,C1CN(CC=C1C2=CC(=CC=C2)C(F)(F)F)CCC3=CC4=CC=CC=C4C=C3.Cl,WVHBEIJGAINUBW-UHFFFAOYSA-N
60196296.0,C1C2=C(C=CC(=C2Cl)Cl)NC3=NC(=CN31)O.Cl,JKDNMUXKOJNCHS-UHFFFAOYSA-N
71413.0,CCN(CC)CCCN(C1CC2=CC=CC=C2C1)C3=CC=CC=C3.Cl,KIPFVRHNAAZJOD-UHFFFAOYSA-N
23663985.0,CC(C)(C)C(=O)OC1=CC=C(C=C1)S(=O)(=O)NC2=CC=CC=C2C(=O)NCC(=O)[O-].O.O.O.O.[Na+],PLHREJBSQUSUCW-UHFFFAOYSA-M
6918235.0,C1CC[C@H]2CN(C[C@H]2C1)C(=O)C[C@H](CC3=CC=CC=C3)C(=O)[O-].C1CC[C@H]2CN(C[C@H]2C1)C(=O)C[C@H](CC3=CC=CC=C3)C(=O)[O-].O.O.[Ca+2],QEVLNUAVAONTEW-UZYHXJQGSA-L
24868287.0,[Li+].[Li+].[Li+].CC(C)(COP(=O)([O-])OP(=O)([O-])OC[C@@H]1[C@H]([C@H]([C@@H](O1)N2C=NC3=C(N=CN=C32)N)O)OP(=O)(O)[O-])C(C(=O)NCCC(=O)NCCS)O.O.O,VYMAJVUGLWJGOO-JVQAMNNVSA-K
9852176.0,CC1=C(SC(=N1)SCC2=C(N3[C@@H]([C@@H](C3=O)NC(=O)/C(=N\OC)/C4=CSC(=N4)N)SC2)C(=O)[O-])CC(=O)[O-].[Na+].[Na+],WBOBLQIRACJNPA-AEKYOGSZSA-L
31202.0,CCCCCCCCCCCCCCCC[N+](C)(C)CC1=CC=CC=C1.[Cl-],SXPWTBGAZSPLHA-UHFFFAOYSA-M
6451143.0,C(CS(=O)(=O)[O-])CS(=O)(=O)[O-].[Na+].[Na+],DKGJFKPIUSHDIT-UHFFFAOYSA-L
92897.0,CCN(CC)CCOC(=O)C1=CN=CC=C1.C(C(=O)O)C(CC(=O)O)(C(=O)O)O,IABBAGAOMDWOCW-UHFFFAOYSA-N
6917941.0,C1CCC2=C(C1)C(=C3CCCC3=N2)N.O.Cl,SBTIBNSPYUUNGA-UHFFFAOYSA-N
60196297.0,CC1=CC(=O)N(C(=C1)CC(C)CC(C)(C)C)O.C(CN)CO,UVVPSBVBVDDOSR-UHFFFAOYSA-N
16052011.0,CC(C)C[C@@H](C(=O)N[C@@H](CCCN=C(N)N)C(=O)N1CCC[C@H]1C(=O)NNC(=O)N)NC(=O)[C@@H](COC(C)(C)C)NC(=O)[C@H](CC2=CC=C(C=C2)O)NC(=O)[C@H](CO)NC(=O)[C@H](CC3=CNC4=CC=CC=C43)NC(=O)[C@H](CC5=CN=CN5)NC(=O)[C@@H]6CCC(=O)N6.CC(=O)O,IKDXDQDKCZPQSZ-JHYYTBFNSA-N
23663953.0,CN1C2=CC=CC=C2C(C3=C(S1(=O)=O)C=C(C=C3)Cl)NCCCCCCC(=O)[O-].[Na+],ZLBSUOGMZDXYKE-UHFFFAOYSA-M
122077.0,C1=CC=C2C(=C1)C=C(N2CC(=O)O)C(=O)NC3=NC(=CS3)C4=CC=CC=C4Cl,ILNRQFBVVQUOLP-UHFFFAOYSA-N
163727.0,C1=CC(=NC=C1Cl)C(=O)NCCN.Cl,JMFKTFLARGGXCC-UHFFFAOYSA-N
15387.0,CC1CCN(CC1)CCCC(=O)C2=CC=C(C=C2)F,DKMFBWQBDIGMHM-UHFFFAOYSA-N
48229.0,C1=CC=C2C(=C1)C(OC2=O)OC(=O)C3=C(N=CC=C3)NC4=CC=CC(=C4)C(F)(F)F,ANMLJLFWUCQGKZ-UHFFFAOYSA-N
9887053.0,C1CC[C@H]([C@@H](C1)[NH-])[NH-].C(=O)(C(=O)O)O.[Pt+2],DRMCATBEKSVAPL-BNTLRKBRSA-N
56840877.0,C1CC(C1)(C(=O)[O-])C(=O)[O-].N.N.[Pt+4],BHKICZDKIIDMNR-UHFFFAOYSA-L
60785.0,C1CN(CCN1CCCN2C3=CC=CC4=C3C(=CC=C4)S2(=O)=O)C5=CC=C(C=C5)F,VGIGHGMPMUCLIQ-UHFFFAOYSA-N
51045.0,CC(C)(CC1=CNC2=CC=CC=C21)NCC(COC3=CC=CC=C3C#N)O,FBMYKMYQHCBIGU-UHFFFAOYSA-N
54746.0,CCNC(=O)N(CCCN(C)C)C(=O)[C@@H]1C[C@H]2[C@@H](CC3=CNC4=CC=CC2=C34)N(C1)CC=C,KORNTPPJEAJQIU-KJXAQDMKSA-N
54889.0,CCOC(=O)[C@H](CCC1=CC=CC=C1)N[C@@H](C)C(=O)N2CC3=CC(=C(C=C3C[C@H]2C(=O)O)OC)OC.Cl,JXRAXHBVZQZSIC-JKVLGAQCSA-N
23663403.0,CC1(C[C@@H]1C(=O)N/C(=C\CCCCSC[C@@H](C(=O)O)N)/C(=O)[O-])C.[Na+],QXPBTTUOVWMPJN-QBNHLFMHSA-M
135410906.0,C=CCN1C2=C(N=C(NC2=O)N)N(C1=O)[C@H]3[C@@H]([C@@H]([C@H](O3)CO)O)O,VDCRFBBZFHHYGT-IOSLPCCCSA-N
6432394.0,CCOC(=O)C1(CCN(CC1)CCC(C#N)(C2=CC=CC=C2)C3=CC=CC=C3)C4=CC=CC=C4.Cl,SHTAFWKOISOCBI-UHFFFAOYSA-N
5281243.0,CC1=C(C(C[C@@H](C1)O)(C)C)/C=C/C(=C/C=C/C(=C/C=C/C=C(\C)/C=C/C=C(\C)/C=C/[C@H]2C(=C[C@@H](CC2(C)C)O)C)/C)/C,KBPHJBAIARWVSC-RGZFRNHPSA-N
9850878.0,C[C@@H]1CC[C@@]23CCC(=O)[C@H]2[C@@]1([C@@H](C[C@@]([C@H]([C@@H]3C)O)(C)C=C)OC(=O)CSC(C)(C)CNC(=O)[C@@H](C(C)C)N)C,LLYYNOVSVPBRGV-MVNKZKPCSA-N
472335.0,CC[C@@]1(C2=C(COC1=O)C(=O)N3CC4=CC5=C(C=CC=C5[N+](=O)[O-])N=C4C3=C2)O,VHXNKPBCCMUMSW-FQEVSTJZSA-N
387447.0,B([C@H](CC(C)C)NC(=O)[C@H](CC1=CC=CC=C1)NC(=O)C2=NC=CN=C2)(O)O,GXJABQQUPOEUTA-RDJZCZTQSA-N
5487426.0,C[N+]1([C@@H]2CC(C[C@H]1[C@H]3[C@@H]2O3)OC(=O)C(C4=CC=CS4)(C5=CC=CS5)O)C.[Br-],DQHNAVOVODVIMG-RGECMCKFSA-M
123698.0,CCC1=CC=C(C=C1)C(=O)C(C)CN2CCCCC2.Cl,GTAXGNCCEYZRII-UHFFFAOYSA-N
248271.0,CCCCCCC(=O)O[C@H]1CC[C@@H]2[C@@]1(CC[C@H]3[C@H]2CC[C@@H]4[C@@]3(C(=CC(=O)C4)C)C)C,TXUICONDJPYNPY-FRXWOFFRSA-N
4888.0,CC(C1=CC2=C(C=C1)OC3=C(C2)C=CC=N3)C(=O)O,TVQZAMVBTVNYLA-UHFFFAOYSA-N
11296583.0,C[C@H]1[C@H]([C@H](C[C@@H](O1)O[C@H]2C[C@@](CC3=C2C(=C4C(=C3O)C(=O)C5=C(C4=O)C(=CC=C5)OC)O)(C(=O)CO)O)N)O[C@@H]6CCCCO6,KMSKQZKKOZQFFG-YXRRJAAWSA-N
5311066.0,C[C@]12C[C@@H]([C@H]3[C@H]([C@@H]1C[C@@H]4[C@]2(OC(O4)(C)C)C(=O)CO)CCC5=CC(=O)C=C[C@]35C)O,WBGKWQHBNHJJPZ-LECWWXJVSA-N
72159.0,C[N@+]12CCCC[C@@H]1CCC(=C(C3=CC=CS3)C4=CC=CS4)C2.[Br-],VKBNGRDAHSELMQ-KYSFMIDTSA-M
5311.0,C1=CC=C(C=C1)NC(=O)CCCCCCC(=O)NO,WAEXFXRVDQXREF-UHFFFAOYSA-N
60196298.0,[2H]C([2H])([2H])[C@@H](CC1=CC=CC=C1)N.[2H]C([2H])([2H])[C@@H](CC1=CC=CC=C1)N.OS(=O)(=O)O,PYHRZPFZZDCOPH-BDDWYDIWSA-N
448223.0,CN1[C@H]2CC[C@@H]1[C@H]([C@H](C2)OC(=O)C3=CC=CC=C3)C(=O)O,GVGYEFKIHJTNQZ-RFQIPJPRSA-N
2789.0,CN1C(=O)CC(=O)N(C2=C1C=CC(=C2)Cl)C3=CC=CC=C3,CXOXHMZGEKVPMT-UHFFFAOYSA-N
3261.0,C1C2=NN=CN2C3=C(C=C(C=C3)Cl)C(=N1)C4=CC=CC=C4,CDCHDCWJMGXXRH-UHFFFAOYSA-N
5359271.0,CCOC1=C2C3=C(C[C@@H]4[C@H]5[C@]3(CCN4C)[C@@H](O2)[C@H](C=C5)O)C=C1,OGDVEMNWJVYAJL-LEPYJNQMSA-N
3345.0,CCC(=O)N(C1CCN(CC1)CCC2=CC=CC=C2)C3=CC=CC=C3,PJMPHNIQZUBGLI-UHFFFAOYSA-N
5462328.0,CC(=O)O[C@H]1C=C[C@H]2[C@H]3CC4=C5[C@]2([C@H]1OC5=C(C=C4)OC(=O)C)CCN3C,GVGLGOZIDCSQPN-PVHGPHFFSA-N
43032.0,CC1=NC=C2N1C3=C(C=C(C=C3)Cl)C(=NC2)C4=CC=CC=C4F.Cl,PLYSCVSCYOQVRP-UHFFFAOYSA-N
5484366.0,C=CCN1CC[C@]23[C@@H]4[C@H]1CC5=C2C(=C(C=C5)O)O[C@H]3[C@H](C=C4)O.Cl,NAHATSPWSULUAA-ZQGPYOJVSA-N
4890.0,C1CC1CN2C(=O)CN=C(C3=C2C=CC(=C3)Cl)C4=CC=CC=C4,MWQCHHACWWAQLJ-UHFFFAOYSA-N
16078.0,CCCCCC1=CC(=C2[C@@H]3C=C(CC[C@H]3C(OC2=C1)(C)C)C)O,CYQFCXCEBYINGO-IAGOWNOFSA-N
5556.0,CC1=NN=C2N1C3=C(C=C(C=C3)Cl)C(=NC2)C4=CC=CC=C4Cl,JOFWLTCLBGQGBO-UHFFFAOYSA-N
8367.0,CCC(CC1=CNC2=CC=CC=C21)N,ZXUMUPVQYAFTLF-UHFFFAOYSA-N
138477.0,C1=CC=C(C=C1)N2C=NN=N2,IYPXPGSELZFFMI-UHFFFAOYSA-N
5284516.0,CCC(=O)O[C@@]1(CCN(C[C@H]1C)C)C2=CC=CC=C2,UVAZQQHAVMNMHE-CZUORRHYSA-N
65681.0,CC(C)CN1C=NC2=C1C(=O)N(C(=O)N2C)C,WHUWQSQEVISUMC-UHFFFAOYSA-N
6917974.0,C[C@]12CC[C@@H](C[C@H]1CC[C@@H]3[C@@H]2CC[C@]4([C@]35[C@H](O5)C[C@@H]4C6=COC(=O)C=C6)C)O,ATLJNLYIJOCWJE-CWMZOUAVSA-N
75194.0,C1=CC=C(C(=C1)C(=C2C=C(C(=O)C(=C2)I)I)C3=CC(=C(C(=C3)I)[O-])I)C(=O)[O-].[Na+].[Na+],CWHBCTLVWOCMPQ-UHFFFAOYSA-L
83975.0,CC(=CC1C(C1(C)C)C(=O)OCN2C(=O)C3=C(C2=O)CCCC3)C,CXBMCYHAMVGWJQ-UHFFFAOYSA-N
135659063.0,CN\1CC(=O)N/C1=N/C(=O)NC2=CC(=CC=C2)Cl,DWPQODZAOSWNHB-UHFFFAOYSA-N
443946.0,C[C@@H]1[C@H]([C@H](C[C@@H](O1)O[C@@H]2[C@H](O[C@H](C[C@@H]2O)O[C@@H]3[C@H](O[C@H](C[C@@H]3O)O[C@H]4CC[C@]5([C@@H](C4)CC[C@@H]6[C@@H]5C[C@H]([C@]7([C@@]6(CC[C@@H]7C8=CC(=O)OC8)O)C)O)C)C)C)O)OC,IYJMSDVSVHDVGT-PEQKVOOWSA-N
4116.0,COC(C(Cl)Cl)(F)F,RFKMCNOHBTXSMU-UHFFFAOYSA-N
59227.0,CCCN(CCC1=CC=CS1)[C@H]2CCC3=C(C2)C=CC=C3O,KFQYTPMOWPVWEJ-INIZCTEOSA-N
443936.0,CCCC(=O)O[C@@]1(CC[C@@H]2[C@@]1(C[C@@H]([C@]3([C@H]2C[C@@H](C4=CC(=O)C=C[C@@]43C)F)F)O)C)C(=O)COC(=O)C,WYQPLTPSGFELIB-JTQPXKBDSA-N
11219835.0,C1=CC=C(C(=C1)C2=NC(=NO2)C3=CC(=CC=C3)C(=O)O)F,OOUGLTULBSNHNF-UHFFFAOYSA-N
131535.0,CC(C)CN(C[C@H]([C@H](CC1=CC=CC=C1)NC(=O)O[C@H]2CCOC2)OP(=O)([O-])[O-])S(=O)(=O)C3=CC=C(C=C3)N.[Ca+2],PMDQGYMGQKTCSX-HQROKSDRSA-L
126565.0,C[C@@]12[C@](C[C@@H](O1)N3C4=CC=CC=C4C5=C6C(=C7C8=CC=CC=C8N2C7=C53)CNC6=O)(CO)O,UIARLYUEJFELEN-LROUJFHJSA-N
213039.0,CC(C)CN(C[C@H]([C@H](CC1=CC=CC=C1)NC(=O)O[C@H]2CO[C@@H]3[C@H]2CCO3)O)S(=O)(=O)C4=CC=C(C=C4)N,CJBJHOAVZSMMDJ-HEXNFIEUSA-N
3052775.0,CS(=O)(=O)O.C#CCN[C@@H]1CCC2=CC=CC=C12,JDBJJCWRXSVHOQ-UTONKHPSSA-N
444030.0,C1CN(C[C@@H]1C(C2=CC=CC=C2)(C3=CC=CC=C3)C(=O)N)CCC4=CC5=C(C=C4)OCC5.Br,UQAVIASOPREUIT-VQIWEWKSSA-N
5625.0,CC(C)NC1=C(N=CC=C1)N2CCN(CC2)C(=O)C3=CC4=C(N3)C=CC(=C4)NS(=O)(=O)C,WHBIGIKBNXZKFE-UHFFFAOYSA-N
6917715.0,CC[C@]12CC(=C)[C@H]3[C@H]([C@@H]1CC[C@]2(C#C)O)CCC4=CC(=O)CC[C@H]34,GCKFUYQCUCGESZ-BPIQYHPVSA-N
154058.0,C1CN2CCC1[C@H](C2)OC(=O)N3CCC4=CC=CC=C4[C@@H]3C5=CC=CC=C5.Cl,YAUBKMSXTZQZEB-VROPFNGYSA-N
135413534.0,CC(C)[C@@H](C(=O)OCC(CO)OCN1C=NC2=C1N=C(NC2=O)N)N.Cl,ZORWARFPXPVJLW-MTFPJWTKSA-N
163701.0,CCN(CC)C(=O)[C@@]1(C[C@@H]1CN)C2=CC=CC=C2.Cl,XNCDYJFPRPDERF-PBCQUBLHSA-N
110635.0,CN1CC(=O)N2[C@@H](C1=O)CC3=C([C@H]2C4=CC5=C(C=C4)OCO5)NC6=CC=CC=C36,WOXKDUGGOYFFRN-IIBYNOLFSA-N
5936.0,CC(C)OP(=O)(OC(C)C)F,MUCZHBLJLSDCSD-UHFFFAOYSA-N
60749.0,C1=CN(C(=O)N=C1N)[C@H]2C([C@@H]([C@H](O2)CO)O)(F)F.Cl,OKKDEIYWILRZIA-OSZBKLCCSA-N
456389.0,C1=CC(=CC=C1C(C#N)C2=C(C=C(C=C2Cl)N3C(=O)NC(=O)C=N3)Cl)Cl,ZSZFUDFOPOMEET-UHFFFAOYSA-N
8550.0,CO[C@H]1[C@@H](C[C@@H]2CN3CCC4=C([C@H]3C[C@@H]2[C@@H]1C(=O)OC)NC5=CC=CC=C45)OC(=O)C6=CC(=C(C(=C6)OC)OC)OC,CVBMAZKKCSYWQR-WCGOZPBSSA-N
9568628.0,CC[C@]12CC[C@H]3[C@H]([C@@H]1CC[C@]2(C#C)O)CCC4=C/C(=N/O)/CC[C@H]34,ISHXLNHNDMZNMC-VTKCIJPMSA-N
69092.0,CCCOC(=O)C1=CC=CC=C1O,LZFIOSVZIQOVFW-UHFFFAOYSA-N
72060.0,CCC(C1=CC=CC=C1)C(=O)NC(=O)N,AJOQSQHYDOFIOX-UHFFFAOYSA-N
14759.0,CCCCCC1=C(C=C(C=C1)C)O,CKGWFZQGEQJZIL-UHFFFAOYSA-N
71773.0,CCOCC(COC1=CC=C(C=C1)NC(=O)CC[S+](C)C)O.CC1=CC=C(C=C1)S(=O)(=O)[O-],RYVJQEZJUFRANT-UHFFFAOYSA-N
8430.0,CCCCCCCCCCCC(=O)N(CCO)CCO,AOMUHOFOVNGZAN-UHFFFAOYSA-N
156418.0,C[C@H](C1=CC=CC2=CC=CC=C21)NCCCC3=CC(=CC=C3)C(F)(F)F.Cl,QANQWUQOEJZMLL-PKLMIRHRSA-N
16161315.0,C[C@@H](C(=O)NCC(=O)N[C@H]1CSSC[C@H](NC(=O)[C@@H](NC(=O)[C@@H](NC(=O)[C@@H](NC(=O)[C@@H](NC(=O)[C@@H](NC(=O)[C@@H](NC(=O)[C@@H](NC(=O)[C@@H](NC(=O)[C@@H](NC(=O)[C@@H](NC1=O)CCCCN)CC(=O)N)CC2=CC=CC=C2)CC3=CC=CC=C3)CC4=CNC5=CC=CC=C54)CCCCN)C(C)O)CC6=CC=CC=C6)C(C)O)CO)C(=O)O)N,NHXLMOGPVYXJNR-UYURUMNQSA-N
3084014.0,CC(C(C1=CC=C(C=C1)O)O)NC.Cl,ICBZSKCTKKUQSY-UHFFFAOYSA-N
44151582.0,CO/N=C(/C1=CSC(=N1)N)\C(=O)N[C@H]2[C@@H]3N(C2=O)C(=C(CS3)C[N+]4=CC=C(N4CCO)N)C(=O)[O-].OS(=O)(=O)O,PFMOESPYOJZCSI-GRHXURATSA-N
135413505.0,C1=CC(=C(C=C1N=NC2=CC(=C(C=C2)[O-])C(=O)O)C(=O)O)[O-].[Na+].[Na+],ZJEFYLVGGFISGT-UHFFFAOYSA-L
160243.0,C[N+]1(CC(CC(=C(C2=CC=CS2)C3=CC=CS3)C1)OC)C.[Br-],QTSXMEPZSHLZFF-UHFFFAOYSA-M
6917754.0,CC(C)(C)NCC(C1=CC(=C(C(=C1)Cl)N)C(F)(F)F)O.Cl,MMCDXJOMPMIKGP-UHFFFAOYSA-N
54679224.0,C1=C(C(=CNC1=O)Cl)O,ZPLQIPFOCGIIHV-UHFFFAOYSA-N
60196300.0,CO/N=C(/C1=CSC(=N1)N)\C(=O)N[C@H]2[C@@H]3N(C2=O)C(=C(CS3)CSC4=CN=NS4)C(=O)O.Cl,IUUABWPFMXJYHO-IXLPVNPSSA-N
65906.0,CN(C1CCN(CC1)C2=NC3=CC=CC=C3N2CC4=CC=C(C=C4)F)C5=NC=CC(=O)N5,PVLJETXTTWAYEW-UHFFFAOYSA-N
5282181.0,C[C@H](CCCC(C)C)[C@H]1CC[C@@H]\2[C@@]1(CCC/C2=C\C=C/3\C[C@H](C[C@@H](C3=C)O)O)C,OFHCOWSQAMBJIW-AVJTYSNKSA-N
135413497.0,C1=CC=C(C=C1)C2=C(C(=O)NC(=N2)N)Br,CIUUIPMOFZIWIZ-UHFFFAOYSA-N
82146.0,CC1=CC2=C(C=C1C(=C)C3=CC=C(C=C3)C(=O)O)C(CCC2(C)C)(C)C,NAVMQTYZDKMPEU-UHFFFAOYSA-N
10126299.0,CC1CC(=O)NN=C1C2=CC3=C(C=C2)N=C(N3)C4=CC=C(C=C4)OC.Cl,OJLOGBZTFKPHDQ-UHFFFAOYSA-N
111332.0,CC(=O)OCC(=O)[C@]1(CC[C@@H]2[C@@]1(CC=C3[C@H]2CCC4=CC(=O)CC[C@@]43C)C)O,YUWPMEXLKGOSBF-GACAOOTBSA-N
231084.0,CC(C)CCC(=O)O[C@H]1CC[C@@H]2[C@@]1(CC[C@H]3[C@H]2CCC4=CC(=O)CC[C@]34C)C,PPYHLSBUTAPNGT-BKWLFHPQSA-N
5280899.0,CC1=C(C(C[C@@H](C1)O)(C)C)/C=C/C(=C/C=C/C(=C/C=C/C=C(/C=C/C=C(/C=C/C2=C(C[C@H](CC2(C)C)O)C)\C)\C)/C)/C,JKQXZKUSFCKOGQ-QAYBQHTQSA-N
135409535.0,CC1=C(C2=C(C=C1)N=C(NC2=O)N)SC3=CC=NC=C3.Cl.Cl,PJKVJJYMWOCLIJ-UHFFFAOYSA-N
5284572.0,CC1(C(=[N+](C2=C1C3=CC=CC=C3C=C2)CCCCS(=O)(=O)[O-])/C=C\C=C/C=C\C=C\4/C(C5=C(N4CCCCS(=O)(=O)[O-])C=CC6=CC=CC=C65)(C)C)C.[Na+],MOFVSTNWEDAEEK-UHFFFAOYSA-M
656612.0,CC1([C@@H]([C@H]1C(=O)OCC2=C(C(=CC(=C2F)F)F)F)C=C(Cl)Cl)C,DDVNRFNDOPPVQJ-HQJQHLMTSA-N
60196301.0,C1=CC(=CC=C1C=NN/C(=N/N=CC2=CC=C(C=C2)Cl)/N)Cl,MOOFYEJFXBSZGE-UHFFFAOYSA-N
135445749.0,CN1C(CNC2=C1C(=O)NC(=N2)N)CNC3=CC=C(C=C3)C(=O)NC(CCC(=O)[O-])C(=O)[O-].[Na+].[Na+],KKIWVYLOTHCGRV-UHFFFAOYSA-L
452306.0,CC(C)(CO)[C@H](C(=O)NCCC(=O)NCCSSCCNC(=O)CCNC(=O)[C@@H](C(C)(C)CO)O)O,DJWYOLJPSHDSAL-ROUUACIJSA-N
26197.0,CCCCCCCCCCCCCC(=O)OCC(COP(=O)([O-])OCC[N+](C)(C)C)OC(=O)CCCCCCCCCCCCC,CITHEXJVPOWHKC-UHFFFAOYSA-N
1174.0,C1=CNC(=O)NC1=O,ISAKRJDGNUQOIC-UHFFFAOYSA-N
7888.0,CC(CCCC(C)(C)O)CC=O,WPFVBOQKRVRMJB-UHFFFAOYSA-N
114750.0,CN1C(=O)C[C@H](NC1=O)C(=O)N[C@@H](CC2=CN=CN2)C(=O)N3CCC[C@H]3C(=O)N,LQZAIAZUDWIVPM-SRVKXCTJSA-N
71454.0,C1=CC(=CC(=C1)Cl)C(C2=CC3=C(C=C2)N=CN3)N4C=CN=C4.Cl,OTSZCHORPMQCBZ-UHFFFAOYSA-N
3338.0,CCCCC(C1=CC=CC=C1)O,OVGORFFCBUIFIA-UHFFFAOYSA-N
3763.0,C(C(F)(F)F)(OC(F)F)Cl,PIWKPBJCKXDKJR-UHFFFAOYSA-N
16211032.0,C(C1[C@H](C(C(C(O1)O)O)O)O[C@H]2C(C(C(C(O2)CO)O)O)O)O,GUBGYTABKSRVRQ-WFVLMXAXSA-N
5365672.0,CCCCC/C=C/C/C=C/CCCCCCCC(=O)OCC,FMMOOAYVCKXGMF-MVKOLZDDSA-N
9985.0,CCCC1CCCCN1,NDNUANOUGZGEPO-UHFFFAOYSA-N
33344.0,CN1C(=O)C=C(S1)Cl,DHNRXBZYEKSXIM-UHFFFAOYSA-N
20055232.0,C[C@@H]1CC[C@H]([C@@H](C1)OC(=O)C2=CC=CC=C2O)C(C)C,SJOXEWUZWQYCGL-DVOMOZLQSA-N
71386.0,CCCC(=O)O[C@@]1([C@H](C[C@@H]2[C@@]1(CC(=O)[C@]3([C@H]2CCC4=CC(=O)C=C[C@@]43C)F)C)C)C(=O)CCl,FBRAWBYQGRLCEK-AVVSTMBFSA-N
105024.0,C[Se]CC[C@@H](C(=O)O)N,RJFAYQIBOAGBLC-BYPYZUCNSA-N
1053.0,CC1=NC=C(C(=C1O)CN)COP(=O)(O)O,ZMJGSOSNSPKHNH-UHFFFAOYSA-N
14228836.0,C1=CN(C(=O)NC1=O)C2C(C(C(O2)COP(=O)(O)OC3C(OC(C3O)N4C=CC(=O)NC4=O)CO)O)O.N,VPXDHZMLJOJKOX-UHFFFAOYSA-N
3033817.0,CS(=O)(=O)O.C1[C@@H]2CC(C[C@H]3N2CC(=O)C1C3)OC(=O)C4=CNC5=CC=CC=C54,PSGRLCOSIXJUAL-ZPQKBBRKSA-N
23697816.0,C12=C(NC(=O)NC1=O)[N-]C(=O)N2.[Na+],NAFSTSRULRIERK-UHFFFAOYSA-M
16213095.0,C(COC[C@@H]1[C@H]([C@@H]([C@H]([C@H](O1)OCCO)OCCO)OCCO)OCCO)O.C([C@@H]1[C@H]([C@@H]([C@H]([C@H](O1)O)O)O)O)O,DNZMDASEFMLYBU-RNBXVSKKSA-N
60196303.0,C1CN2CC3=CCO[C@H]4CC(=O)N5[C@H]6[C@H]4[C@H]3C[C@H]2[C@@]61C7=CC=CC=C75.C1=CC=C(C=C1)CCl,YSSJFUVKVUPSFE-ZEYGOCRCSA-N
8736.0,C(C(C(=O)[O-])O)C(=O)[O-].[Na+].[Na+],WPUMTJGUQUYPIV-UHFFFAOYSA-L
31378.0,C[C@]12CCC(=O)C=C1CC[C@@H]3[C@@]2([C@H](C[C@]4([C@H]3CC[C@@]4(C(=O)CO)O)C)O)F,AAXVEMMRQDVLJB-BULBTXNYSA-N
18493.0,CC[N+](C)(CC)CCOC(=O)C(C1=CC=CC=C1)(C2=CC=CC=C2)O.[Br-],DKMVJQCQTCLYIF-UHFFFAOYSA-M
23724801.0,C1CCN(CC1)CCOC(=O)C(C2=CC=CC=C2)(C3=CC=CC=C3)O.Cl,ZJVKLBBPLUXEAC-UHFFFAOYSA-N
443970.0,CN(C)[C@H](CC1=CC=CC=C1)C2=CC=CC=C2,YEJZJVJJPVZXGX-MRXNPFEDSA-N
17671.0,CCCCCCCCCCCCCC[N+]1=CC=C(C=C1)C.[Cl-],ZCTSINFCZHUVLI-UHFFFAOYSA-M
25381.0,CC1(C2=CC=CC=C2C(=CCCN(C)C)C3=CC=CC=C31)C.Cl,RADLXCPDUXFGFF-UHFFFAOYSA-N
13985.0,CCCCCCOC1=CC=C(C2=CC=CC=C21)C(=N)N(CCCC)CCCC.Cl,PBYJDHRFPFHVKZ-UHFFFAOYSA-N
23671932.0,CN(C)C=NC1=C(C=C(C(=C1I)CCC(=O)[O-])I)I.[Na+],ZFHZUGUCWJVEQC-UHFFFAOYSA-M
23675747.0,CC(=O)NC1=C(C(=C(C(=C1I)C(=O)[O-])I)N(C)C(=O)C)I.[Na+],UKIYDXCFKFLIMU-UHFFFAOYSA-M
541384.0,CCCC(=O)NC1=C(C=C(C(=C1I)CC(CC)C(=O)[O-])I)I.[Na+],KTVKGXZZBQCBGD-UHFFFAOYSA-M
26951.0,CC(C)C1=NC=C(N1C)[N+](=O)[O-],NTAFJUSDNOSFFY-UHFFFAOYSA-N
2795.0,CN(C)CCC(C1=CC=CC=C1)(C2=CC=CC=C2Cl)O,WRCHFMBCVFFYEQ-UHFFFAOYSA-N
443942.0,CC1=C(OC2=C(C1=O)C=CC(=C2CN(C)C)OC)C3=CC=CC=C3.Cl,RCISIXJGNBXXPZ-UHFFFAOYSA-N
3011155.0,COC1=NC(=NC2=C1N=CN2[C@H]3[C@H]([C@@H]([C@H](O3)CO)O)O)N,IXOXBSCIXZEQEQ-UHTZMRCNSA-N
192160.0,CC1=CC(=C2[C@H]3[C@H]4[C@](CC[C@@H]5C4(CCCC5(C)C)CO3)(OC2=C1)C)O,UGGAILYEBCSZIV-NPVRBOKNSA-N
154413.0,CC1([C@@H]([C@H](C2=C(O1)C=C(C=C2)OC)C3=CC=C(C=C3)OCCN4CCCC4)C5=CC=CC=C5)C,XZEUAXYWNKYKPL-URLMMPGGSA-N
14668.0,CC(CN1C2=CC=CC=C2SC3=C1N=CC=C3)N(C)C.Cl,RQHCFTORMXCNGP-UHFFFAOYSA-N
66251.0,CO[C@H]1C[C@@H]2CN3CCC4=C([C@H]3C[C@@H]2[C@@H]([C@H]1OC)C(=O)OC)NC5=C4C=CC(=C5)OC.Cl,RVUCXCLULXWKIQ-PKNINNMNSA-N
441412.0,CCCOC(C1=CC=CC=C1)(C2=CC=CC=C2)C(=O)OC3CCN(CC3)C.Cl,KFUJMHHNLGCTIJ-UHFFFAOYSA-N
6433197.0,CCN\1C2=CC=CC=C2S/C1=C/C=C/C=C/C3=[N+](C4=CC=CC=C4S3)CC.[I-],MNQDKWZEUULFPX-UHFFFAOYSA-M
155032.0,CC(C)(C)NCC(CSC1=NC(=CS1)C2=CC=C(S2)C(=O)N)O.Cl,XXDAXBZYUXLDRD-UHFFFAOYSA-N
42373.0,CCN(CC)C(=O)NC1=CC(=C(C=C1)OCC(CNC(C)(C)C)O)C(=O)C.Cl,VKJHTUVLJYWAEY-UHFFFAOYSA-N
29112.0,CCCCCCCCCCOC1=C(C=C2C(=C1)C(=O)C(=CN2)C(=O)OCC)OCC,JHAYEQICABJSTP-UHFFFAOYSA-N
33309.0,CC(C)OC(=O)NC1=CC2=C(C=C1)N=C(N2)C3=CSC=N3,QZWHWHNCPFEXLL-UHFFFAOYSA-N
108143.0,CC1(CCC(C2=C1C=CC(=C2)NC(=O)C3=CC=C(C=C3)C(=O)O)(C)C)C,MUTNCGKQJGXKEM-UHFFFAOYSA-N
6433412.0,C[C@@H]1C[C@@H]([C@@H]([C@H]([C@@H](CC(=O)O[C@@H](CC2C(O2)/C=C/C1=O)C)OC(=O)C)OC)O[C@H]3[C@@H]([C@H]([C@@H]([C@H](O3)C)O[C@H]4C[C@@]([C@H]([C@@H](O4)C)OC(=O)CC(C)C)(C)O)N(C)C)O)CC=O,FQVHOULQCKDUCY-JXCZFYCESA-N
5388936.0,CC[C@@H]1C(=O)N2CCC[C@H]2C(=O)N([C@H](C(=O)N3CCC(=O)C[C@H]3C(=O)N[C@H](C(=O)O[C@@H]([C@@H](C(=O)N1)NC(=O)C4=C(C=CC=N4)O)C)C5=CC=CC=C5)CC6=CC=CC=C6)C,FEPMHVLSLDOMQC-IYPFLVAKSA-N
8310.0,CC1=C(C(=NC(=N1)NS(=O)(=O)C2=CC=C(C=C2)N)C)Br,KWXCNODTHBHSIQ-UHFFFAOYSA-N
5281082.0,CC(=O)C1=CC2=C(SC3=CC=CC=C3N2CCCN4CCN(CC4)CCO)C=C1.C(=C\C(=O)O)\C(=O)O.C(=C\C(=O)O)\C(=O)O,NUKVZKPNSKJGBK-SPIKMXEPSA-N
5358941.0,COC1=CC(=CC(=C1OC)OC)C=CC(=O)N2CCN(CC2)CC(=O)N3CCCC3.C(=C\C(=O)O)\C(=O)O,XSTJTOKYCAJVMJ-BTJKTKAUSA-N
53477580.0,C[C@H](CC1=CC=C(C=C1)OC)NC[C@@H](C2=CC(=C(C=C2)O)NC=O)O.C[C@H](CC1=CC=C(C=C1)OC)NC[C@@H](C2=CC(=C(C=C2)O)NC=O)O.C(=C/C(=O)O)\C(=O)O,OBRNDARFFFHCGE-QDSVTUBZSA-N
3062316.0,CC1=C(C(=CC=C1)Cl)NC(=O)C2=CN=C(S2)NC3=CC(=NC(=N3)C)N4CCN(CC4)CCO,ZBNZXTGUTAYRHI-UHFFFAOYSA-N
108150.0,CC1=CC2=C([C@@H]3[C@@H]4[C@H]5C6=C(C(=C7C(=C6[C@@H](N4[C@H]([C@H](C2)N3C)O)COC(=O)[C@@]8(CS5)C9=CC(=C(C=C9CCN8)O)OC)OCO7)C)OC(=O)C)C(=C1OC)O,PKVRCIRHQMSYJX-AIFWHQITSA-N
77993.0,CN1CCC[C@@H]1CC2=CNC3=C2C=C(C=C3)CCS(=O)(=O)C4=CC=CC=C4,PWVXXGRKLHYWKM-LJQANCHMSA-N
448013.0,C[C@H]1CCC[C@@]2([C@@H](O2)C[C@H](OC(=O)C[C@@H](C(C(=O)[C@@H]([C@H]1O)C)(C)C)O)/C(=C/C3=CSC(=N3)C)/C)C,QXRSDHAAWVKZLJ-PVYNADRNSA-N
60196305.0,C1C[C@H]([C@@H](NC1)CC(=O)CN2C=NC3=CC(=C(C=C3C2=O)Cl)Br)O.Cl,XFFYBQUXAJOKAL-LDXVYITESA-N
16051969.0,CC(=O)O.C1C[C@H](N(C1)C(=O)[C@@H]2CSSCCC(=O)N[C@H](C(=O)N[C@H](C(=O)N[C@H](C(=O)N[C@H](C(=O)N2)CC(=O)N)CCC(=O)N)CC3=CC=CC=C3)CC4=CC=C(C=C4)O)C(=O)N[C@@H](CCCN=C(N)N)C(=O)NCC(=O)N,MLSVJHOYXJGGTR-MOMGZFCSSA-N
5284610.0,C[C@@H]1[C@H]([C@@H](C[C@@H](O1)O[C@@H]2C[C@@H](O[C@@H]([C@@H]2O)C)OC3=CC4=CC5=C(C(=O)[C@H](C(C5)[C@@H](C(=O)[C@H]([C@@H](C)O)O)OC)O[C@H]6C[C@H]([C@@H]([C@H](O6)C)O)O[C@H]7C[C@H]([C@@H]([C@H](O7)C)O)O[C@H]8C[C@]([C@@H]([C@H](O8)C)O)(C)O)C(=C4C(=C3C)O)O)O)O,CFCUWKMKBJTWLW-GWRQQDNDSA-N
3561.0,C1=C(C(=CC(=C1Cl)Cl)Cl)OCC#CI,CTETYYAZBPJBHE-UHFFFAOYSA-N
60196306.0,CCCCC[C@H](C1[C@H](C[C@H](C[C@H](C[C@H](C[C@H](CC(C(C(/C(=C/C=C/C=C/C=C/C=C/[C@H](C(OC1=O)C)O)/C)O)O)O)O)O)O)O)O)O,AGJUUQSLGVCRQA-PJEYIJQRSA-N
13916.0,C1=CC(=C(C(=C1)Cl)[N+](=O)[O-])C2=CNC=C2Cl,QJBZDBLBQWFTPZ-UHFFFAOYSA-N
3000579.0,C1=CC(=CC=C1N)S(=O)(=O)NC(=S)N,UEMLYRZWLVXWRU-UHFFFAOYSA-N
22549.0,CC(CCC=C(C)C)NC.Cl,AUERTJOCDMCUAL-UHFFFAOYSA-N
2569.0,CC1=C(C(=O)C(=C(C1=O)N2CC2)C(COC(=O)N)OC)N3CC3,SHHKQEUPHAENFK-UHFFFAOYSA-N
283654.0,CC1C2C(=O)C3(CCC2(C3CC1=O)C)C(C)C(=O)O,UNPYYTKZOHYHMZ-UHFFFAOYSA-N
12164.0,C1=CC(=CC=C1O)[Hg]Cl,TWFQKNGANGSSRM-UHFFFAOYSA-M
4099.0,CCC1(C(=O)NC(=O)N(C1=O)C)CC,FWJKNZONDWOGMI-UHFFFAOYSA-N
410467.0,C1=CC=C(C=C1)NCCCO,GZYBSURBYCLNSM-UHFFFAOYSA-N
139594346.0,CCCCCCCCCC(=O)N[C@@H]1[C@H]([C@@H]([C@H](O[C@H]1OC2=C3C=C4C=C2OC5=C(C=C(C=C5)[C@H]([C@H]6C(=O)N[C@@H](C7=C(C(=CC(=C7)O)OC8[C@H]([C@H]([C@@H]([C@H](O8)CO)O)O)O)C9=C(C=CC(=C9)[C@H](C(=O)N6)NC(=O)[C@@H]4NC(=O)[C@@H]1C2=CC(=CC(=C2)OC2=C(C=CC(=C2)[C@@H](C(=O)N[C@H](CC2=CC(=C(O3)C=C2)Cl)C(=O)N1)N)O)O)O)C(=O)O)O[C@H]1[C@@H]([C@H]([C@@H]([C@H](O1)CO)O)O)NC(=O)C)Cl)CO)O)O,BJNLLBUOHPVGFT-ODZIPIJHSA-N
5280757.0,CCC/C=C/C=C/C(=O)O[C@H]1/C(=C/C(=O)OC)/C[C@H]2C[C@@H](OC(=O)C[C@@H](C[C@@H]3C[C@@H](C([C@@](O3)(C[C@@H]4C/C(=C/C(=O)OC)/C[C@@H](O4)/C=C/C([C@@]1(O2)O)(C)C)O)(C)C)OC(=O)C)O)[C@@H](C)O,MJQUEDHRCUIRLF-TVIXENOKSA-N
24244.0,C[N+]1(CCC2=CC(=C3C=C2[C@@H]1CC4=CC=C(C=C4)OC5=C6[C@@H](CC7=CC(=C(C=C7)OC)O3)[N+](CCC6=CC(=C5OC)OC)(C)C)OC)C.[I-].[I-],DIGFQJFCDPKEPF-OIUSMDOTSA-L
72120.0,C(C(=O)O)O.[NH2-].[NH2-].[Pt+2],KLNFSAOEKUDMFA-UHFFFAOYSA-N
9296.0,CS(=O)(=O)OCC(C(COS(=O)(=O)C)O)O,YCPOZVAOBBQLRI-UHFFFAOYSA-N
66826.0,C1=CC(=CC=C1[N+](=O)[O-])[As](=O)(O)O,FUUFQLXAIUOWML-UHFFFAOYSA-N
66829.0,C1CN(CCN1)C(=S)S,IDIICHZCEIGXGB-UHFFFAOYSA-N
68952.0,C[C@]12CC[C@H]3[C@H]([C@@H]1CC[C@@H]2OC(=O)CCC4CCCC4)CCC5=C(C(=O)CC[C@H]35)O,KHKDIUPVDIEHAH-KXLSUQFWSA-N
6999.0,C1=CC=C(C(=C1)O)[Hg]Cl,GABVDWALKPAUEQ-UHFFFAOYSA-M
65781.0,CC(C)C1=C(C=C2C(=C1)CC[C@@H]3[C@@]2(CCC[C@@]3(C)C(=O)O)C)S(=O)(=O)O,IWCWQNVIUXZOMJ-MISYRCLQSA-N
8365.0,CCOC(=O)C1=CC=CC=C1O,GYCKQBWUSACYIF-UHFFFAOYSA-N
6306.0,CC[C@H](C)[C@@H](C(=O)O)N,AGPKZVBTJJNPAG-WHFBIAKZSA-N
142752.0,CCCCCCCCCC(=O)NO,QZXOLBPUAUOQFB-UHFFFAOYSA-N
23662354.0,C(CS(=O)(=O)[O-])S.[Na+],XOGTZOOQQBDUSI-UHFFFAOYSA-M
23691029.0,C1=CN=CC=C1C(=O)NNCS(=O)(=O)[O-].[Na+],XIKFVJMQXWJVQW-UHFFFAOYSA-M
60196307.0,CC(CN1C2=CC=CC=C2SC3=C1C=C(C=C3)C(F)(F)F)CN(C)C.C(=CC(=O)O)C(=O)O,MRRIMVLRWWYKTQ-UHFFFAOYSA-N
65453.0,C[C@@]1(CO[C@@H]([C@@H]([C@H]1NC)O)O[C@H]2[C@@H](C[C@@H]([C@H]([C@H]2O)O[C@@H]3[C@@H](CC=C(O3)CN)N)N)N)O,URWAJWIAIPFPJE-VHLNBGGKSA-N
65628.0,CN1C2=C(C=C(C=C2)N(CCCl)CCCl)N=C1CCCC(=O)O,YTKUWDBFDASYHO-UHFFFAOYSA-N
14708.0,C[C@]12CC[C@H]3[C@H]([C@@H]1CC[C@]2(C)O)CC[C@@H]4[C@@]3(CC5=NON=C5C4)C,RGLLOUBXMOGLDQ-IVEVATEUSA-N
5432.0,CC1=NC=C(C(=N1)N)CN(C=O)C(=C(CCO)SSC(=C(C)N(CC2=CN=C(N=C2N)C)C=O)CCO)C,GFEGEDUIIYDMOX-UHFFFAOYSA-N
2449.0,CC1=C(C(=O)C(=C(C1=O)C)C(CCCCCC(=O)O)C2=CC=CC=C2)C,ZBVKEHDGYSLCCC-UHFFFAOYSA-N
54158.0,CC1=CC(=C(C(=C1NC(=O)CN(CC(=O)O)CC(=O)O)C)Br)C,MHPZZZZLAQGTHT-UHFFFAOYSA-N
92140.0,CCCC(=O)OC[C@H]([C@H]([C@H](CN1C2=C(C=C(C(=C2)C)C)N=C3C1=NC(=O)NC3=O)OC(=O)CCC)OC(=O)CCC)OC(=O)CCC,MJNIWUJSIGSWKK-BBANNHEPSA-N
6505.0,CCCCOC(=O)CC(CC(=O)OCCCC)(C(=O)OCCCC)OC(=O)C,QZCLKYGREBVARF-UHFFFAOYSA-N
16057918.0,CC1=C(C2=CC3=C(C(=C([N-]3)C=C4C(=C(C(=N4)C=C5C(=C(C(=N5)C=C1[N-]2)C)C(C)SCC(C(=O)NC)N)C)C(C)SCC(C(=O)NC)N)C)CCC(=O)O)CCC(=O)O.[Fe+2],WFVBWSTZNVJEAY-UHFFFAOYSA-L
68791.0,C1C2N1C(=O)N=C2N,BIXBBIPTYBJTRY-UHFFFAOYSA-N
54708862.0,C1=CC=C(C(=C1)C(=O)O)[O-].C1=CC=C(C(=C1)C(=O)O)[O-].O.O.O.O.[Mg+2],NBQBEWAYWAMLJJ-UHFFFAOYSA-L
148124.0,CC1=C2[C@H](C(=O)[C@@]3([C@H](C[C@@H]4[C@]([C@H]3[C@@H]([C@@](C2(C)C)(C[C@@H]1OC(=O)[C@@H]([C@H](C5=CC=CC=C5)NC(=O)OC(C)(C)C)O)O)OC(=O)C6=CC=CC=C6)(CO4)OC(=O)C)O)C)O,ZDZOTLJHXYCWBA-VCVYQWHSSA-N
135449328.0,COCC(=O)NC1=C(C=CC(=C1)SC2=CC=CC=C2)N=C(NC(=O)OC)NC(=O)OC,HMCCXLBXIJMERM-UHFFFAOYSA-N
16212480.0,CCCCCCCCCCCCCCCC(=O)OC[C@H]([C@@H]1[C@@H]([C@H](CO1)O)O)O,IYFATESGLOUGBX-YVNJGZBMSA-N
92151.0,C1CCN(CC1)CCC(C2CC3CC2C=C3)(C4=CC=CC=C4)O.Cl,RDNLAULGBSQZMP-UHFFFAOYSA-N
60196309.0,CC1=CC2=C(C=C1C)N(C=N2)[C@@H]3[C@@H]([C@@H]([C@H](O3)CO)OP(=O)(O)OC(C)CNC(=O)CC[C@@]4([C@H]([C@@H]5[C@]6([C@@]([C@@H](/C(=C(/C7=N/C(=C\C8=N/C(=C(\C4=N5)/C)/[C@H](C8(C)C)CCC(=O)N)/[C@H]([C@]7(C)CC(=O)N)CCC(=O)N)\C)/[N-]6)CCC(=O)N)(C)CC(=O)N)C)CC(=O)N)C)O.CC(=O)O.[Co],JEINOAHBVLNVDD-WYVZQNDMSA-M
443130.0,COC(CNC(=O)C1=CC=CC=C1OCC(=O)O)C[Hg].O,GCUOGPZRDRUOAP-UHFFFAOYSA-N
638072.0,CC(=CCC/C(=C/CC/C(=C/CC/C=C(/CC/C=C(/CCC=C(C)C)\C)\C)/C)/C)C,YYGNTYWPHWGJRM-AAJYLUCBSA-N
65094.0,C[C@H](CCCC(C)(C)O)[C@H]1CC[C@@H]2[C@@]1(CC[C@H]3[C@H]2CC=C4[C@@]3(CC[C@@H](C4)O)C)C,INBGSXNNRGWLJU-ZHHJOTBYSA-N
13118.0,C1=C(OC(=C1)[N+](=O)[O-])C=CC(=NN=C(N)N)C=CC2=CC=C(O2)[N+](=O)[O-],XQCFHQBGMWUEMY-UHFFFAOYSA-N
9954082.0,CCN(CC)CCO[C@H]1CC[C@@]2([C@H]3CC[C@]4([C@H]([C@@H]3CC=C2C1)CCC4=O)C)C.Cl,GZFYZYBWLCYBMI-MYZJJQSMSA-N
23672302.0,CC(C)(C)C1=CC2=C(C=C1)C(=C(C=C2)C(C)(C)C)S(=O)(=O)[O-].[Na+],XYEXKDCAGSHWSD-UHFFFAOYSA-M
3032325.0,CC/C(=C(/CC)\C1=CC=C(C=C1)OP(=O)(O)O)/C2=CC=C(C=C2)OP(=O)(O)O,NLORYLAYLIXTID-ISLYRVAYSA-N
657237.0,C1=NC2=C(N=C(N=C2N1[C@H]3[C@H]([C@@H]([C@H](O3)CO)O)O)F)N,HBUBKKRHXORPQB-FJFJXFQQSA-N
15684.0,C1=CC(=C(C=C1Cl)Cl)CO,DBHODFSFBXJZNY-UHFFFAOYSA-N
644280.0,C1=CC(=C(C=C1C[C@@H](C(=O)O)N)I)OC2=CC(=C(C(=C2)I)O)I,HZCBWYNLGPIQRK-LBPRGKRZSA-N
11954008.0,CO/N=C(/C1=CSC(=N1)N)\C(=O)N[C@H]2[C@@H]3N(C2=O)C(=C(CS3)C[N+]4=CC=CC5=C4CCC5)C(=O)[O-].OS(=O)(=O)O,RKTNPKZEPLCLSF-QHBKFCFHSA-N
2273.0,C1=CSC(=C1)CNC2=CC(=C(C=C2C3=NNN=N3)S(=O)(=O)N)Cl,HMEDEBAJARCKCT-UHFFFAOYSA-N
3033050.0,C[C@]([C@H]1C[C@@]23CC[C@@]1([C@H]4[C@@]25CCN([C@@H]3CC6=C5C(=C(C=C6)O)O4)CC7CC7)OC)(C(C)(C)C)O.Cl,UAIXRPCCYXNJMQ-RZIPZOSSSA-N
5282485.0,CCOCCN1C(=NC2=CC=CC=C12)N3CCN(CCC3)C.C(=C/C(=O)O)\C(=O)O.C(=C/C(=O)O)\C(=O)O,FWLKKPKZQYVAFR-LVEZLNDCSA-N
5485193.0,CCOC(=O)[C@H](CCC1=CC=CC=C1)N[C@@H](C)C(=O)N2[C@@H](CN(C2=O)C)C(=O)O.Cl,LSLQGMMMRMDXHN-GEUPQXMHSA-N
3045381.0,CN(CCCN1CCC2=CC(=C(C=C2CC1=O)OC)OC)C[C@H]3CC4=CC(=C(C=C34)OC)OC.Cl,HLUKNZUABFFNQS-ZMBIFBSDSA-N
443873.0,CCOC(=O)[C@H](CCC1=CC=CC=C1)N[C@H]2CS[C@@H](CN(C2=O)CC(=O)O)C3=CC=CS3.Cl,XDDQNOKKZKHBIX-ASBZXGSUSA-N
24871329.0,C(C1=C(SC(=C1C#N)N(CC(=O)[O-])CC(=O)[O-])C(=O)[O-])C(=O)[O-].O.O.O.O.O.O.O.[Sr+2].[Sr+2],BHMMKFQLHGVSRL-UHFFFAOYSA-J
151194.0,C1=CC=C2C(=C1)C(=NN=C2NC3=CC=C(C=C3)Cl)CC4=CC=NC=C4,YCOYDOIWSSHVCK-UHFFFAOYSA-N
1013376.0,CC(=O)NC1=CC=C(C=C1)NC(=S)NC(=O)C2=CC=C(C=C2)C(C)(C)C,WOWJIWFCOPZFGV-UHFFFAOYSA-N
71961.0,CC1([C@@H](N2[C@H](S1)[C@@H](C2=O)NC(=O)[C@@H](C3=CC=C(C=C3)O)NC(=O)[C@@H](CC(=O)NC)N)C(=O)O)C,BHELIUBJHYAEDK-OAIUPTLZSA-N
6540478.0,CC[C@]12CC[C@H]3[C@H]([C@@H]1CC[C@]2(C#C)OC(=O)C)CCC4=C/C(=N/O)/CC[C@H]34,KIQQMECNKUGGKA-NMYWJIRASA-N
5282180.0,CC1=C(C(CCC1)(C)C)/C=C/C(=C/C=C/C(=C/C(=O)OC2=C(C3=C(C(=C2C)C)O[C@](CC3)(C)CCC[C@H](C)CCC[C@H](C)CCCC(C)C)C)/C)/C,RIQIJXOWVAHQES-UNAKLNRMSA-N
25804.0,C[N+](C)(C)CCCC(=O)OC.[Cl-],RZMKWKZIJJNSLQ-UHFFFAOYSA-M
168884.0,C[N+]1(CCCCC1)CC2COC(O2)(C3CCCCC3)C4=CC=CC=C4.[I-],YHEWVHONOOWLMW-UHFFFAOYSA-M
10328936.0,CC[C@H](C)[C@@H](C(=O)NCC(=O)N[C@@H](CC(C)C)C(=O)N[C@@H](CCSC)C(=O)N)NC(=O)[C@H](CC1=CC=CC=C1)NC(=O)[C@H](C)NC(=O)[C@H](CC(=O)O)NC(=O)[C@H](CCCCN)NC(=O)[C@H](CO)NC(=O)[C@@H]2CCCN2C(=O)[C@@H]3CCC(=O)N3,AYLPVIWBPZMVSH-FCKMLYJASA-N
11956149.0,C[C@@H](C(=O)C1=CC=CC=C1)N.Cl,HPZCAKYHISJOIK-FJXQXJEOSA-N
156395.0,C[C@H](C(=O)C1=CC=CC=C1)N.Cl,HPZCAKYHISJOIK-OGFXRTJISA-N
3058692.0,C[C@H]1[C@H](OC(=N1)N)C2=CC=CC=C2,LJQBMYDFWFGESC-CBAPKCEASA-N
8366.0,CCC(CC1=CNC2=CC=CC=C21)N.CC(=O)O,TUQLBJAHRWROHB-UHFFFAOYSA-N
46781343.0,CCCSC1=C(C=C(C(=C1)OC)CCN)OC.Cl,AHZKNSBEESCMGM-UHFFFAOYSA-N
71580.0,COC1=CC(=CC(=C1OC)OC)CCN.Cl,FVZVSNDNKMOYKF-UHFFFAOYSA-N
110689.0,CC(CC1=CC(=C(C(=C1)OC)OC)OC)N.Cl,GOAXEHDWLMGWIV-UHFFFAOYSA-N
60196311.0,COC1=C2C3=C(C[C@@H]4[C@H]5[C@]3(CCN4)[C@@H](O2)[C@H](C=C5)O)C=C1.Cl,PNRHAWADPSUWEX-GBWBWFAWSA-N
60196312.0,C[C@H]1[C@@H]2CC3=C([C@]1(CCN2C)C)C=C(C=C3)O.C[C@H]1[C@@H]2CC3=C([C@]1(CCN2C)C)C=C(C=C3)O.C(=C/C(=O)O)\C(=O)O,RCWNECHJWILCMX-YEGJCURRSA-N
3041255.0,CC[C@@H](C(C[C@H](C)N(C)C)(C1=CC=CC=C1)C2=CC=CC=C2)O.Cl,GMNBUMFCZAZBQG-ZHXLSBKVSA-N
206311.0,CC[C@H](C(C[C@@H](C)N(C)C)(C1=CC=CC=C1)C2=CC=CC=C2)O.Cl,GMNBUMFCZAZBQG-OGPPPPIKSA-N
92942.0,C[C@H](CN1CCOCC1)C(C2=CC=CC=C2)(C3=CC=CC=C3)C(=O)N4CCCC4.[C@@H]([C@H](C(=O)O)O)(C(=O)O)O,ACRMUSVWIFZVSM-JTHHODAVSA-N
13493.0,CCN(CC)CCN1C2=C(C=C(C=C2)[N+](=O)[O-])N=C1CC3=CC=C(C=C3)OCC,PXDBZSCGSQSKST-UHFFFAOYSA-N
135259.0,CC[C@@H](C(C[C@H](C)NC)(C1=CC=CC=C1)C2=CC=CC=C2)OC(=O)C.Cl,QOWPUUFVFLIYRR-PVMVIUQGSA-N
3030770.0,CCC(=O)OC1(CCN(CC1)C)C2=CC=CC=C2.Cl,WQANBUZBKNCRKH-UHFFFAOYSA-N
60977.0,CC(=O)OC1(CCN(CC1)CCC2=CC=CC=C2)C3=CC=CC=C3,BVURVTVDNWSNFN-UHFFFAOYSA-N
3048355.0,C[C@@H]1[C@@H]2CC3=C([C@]1(CCN2CCC4=CC=CC=C4)C)C=C(C=C3)O.Br,MNMGNPZLUMHSKK-UTUAMNFXSA-N
217048.0,CCN(CC)C1=CC(=C(C=C1)N=NC2=CC=C(C=C2)S(=O)(=O)N(C)C)S(=O)(=O)NCC[N+]3=CC=CC=C3.[Cl-],RZLODSHXMGASGM-UHFFFAOYSA-M
13501022.0,C[C@H]1[C@H]2CC3=C([C@@]1(CCN2CCC4=CC=CC=C4)C)C=C(C=C3)O.Br,MNMGNPZLUMHSKK-BAONSNCKSA-N
62300.0,CCC(=O)N(C1CCN(CC1)CCC2=CC=CC=C2)C3=CC=C(C=C3)F,KXUBAVLIJFTASZ-UHFFFAOYSA-N
119057604.0,CCC(=O)N([C@H]1CCN(C[C@H]1C)CCC2=CC=CC=C2)C3=CC=CC=C3.Cl,GQIWDGKLQJBQJU-GVWAYPJCSA-N
60196317.0,CCC(=O)N([C@H]1CCN(C[C@@H]1C)CCC2=CC=CC=C2)C3=CC=CC=C3.Cl,GQIWDGKLQJBQJU-CQERKEQDSA-N
60196318.0,CCC(=O)N(C1CCN(CC1)CC2=CC=CC=C2)C3=CC=CC=C3.Cl,IHEUGHQOXFVWOX-UHFFFAOYSA-N
60196319.0,CCC1=CC(=C(C=C1OC)C[C@H](C)N)OC.Cl,NFWFNZNUXAZEQG-FVGYRXGTSA-N
60196320.0,CCC1=CC(=C(C=C1OC)C[C@@H](C)N)OC.Cl,NFWFNZNUXAZEQG-SBSPUUFOSA-N
43398.0,CC(CC1=CC2=C(C(=C1)OC)OCO2)[NH3+].[Cl-],HULCPMREEFWFRE-UHFFFAOYSA-N
60196321.0,CCC(=O)N(C1CCN(CC1)CC(C2=CC=CC=C2)O)C3=CC=CC=C3.Cl,NTUISTSMMNDSGF-UHFFFAOYSA-N
60196322.0,CCC(=O)N(C1CCN(CC1)C(C)CC2=CC=CS2)C3=CC=CC=C3.Cl,ZPCTWZBZFKQKPU-UHFFFAOYSA-N
91864482.0,CCC(=O)N([C@H]1CCN(C[C@H]1C)CCC2=CC=CS2)C3=CC=CC=C3.Cl,BZESOWZMHVTLLQ-XLCHORMMSA-N
46783063.0,CCC(=O)N(C1CCN(CC1)CC2=CC=CS2)C3=CC=CC=C3.Cl,PXIVVZPZKLVXAH-UHFFFAOYSA-N
60196324.0,CCC(=O)N(C1CCN(CC1)CCC2=CC=CS2)C3=CC=CC=C3.Cl,PYBINXJTQQLXGK-UHFFFAOYSA-N
60196325.0,CC1=CC(=C(C=C1OC)C[C@@H](C)N)OC.Cl,IPIMRNFGYPQKAM-SBSPUUFOSA-N
60196326.0,CC1=CC(=C(C=C1OC)C[C@H](C)N)OC.Cl,IPIMRNFGYPQKAM-FVGYRXGTSA-N
62786.0,CC(CC1=C(C=CC(=C1)OC)OC)N.Cl,OLBMBFHNGDUGST-UHFFFAOYSA-N
60196327.0,C[C@@H](CC1=C(C=CC(=C1)OC)OC)N.Cl,OLBMBFHNGDUGST-QRPNPIFTSA-N
60196328.0,CC(CC1=CC2=C(C=C1)OCO2)NO.Cl,DMBCJQVFXIKFJX-UHFFFAOYSA-N
9844225.0,CC(=O)O[C@H]1C=C[C@H]2[C@H]3CC4=C5[C@]2([C@H]1OC5=C(C=C4)OC(=O)C)CCN3C.Cl,FZJYQGFGNHGSFX-PVQKIFDLSA-N
60196329.0,C[C@@H]1[C@H]2CC3=C([C@@]1(CCN2C)C)C=C(C=C3)O.C(=C/C(=O)O)\C(=O)O,JJBZYGQNBCNTQB-PUQSNWPBSA-N
66124.0,C[C@@H](CC1=CC=CC=C1)NC.Cl,TWXDDNPPQUTEOV-FVGYRXGTSA-N
9306.0,CC(CC1=CC=CC=C1)NC.Cl,TWXDDNPPQUTEOV-UHFFFAOYSA-N
60196330.0,CCN[C@@H](C)CC1=CC=CC=C1.Cl,HFBTZBOJTFIRAS-PPHPATTJSA-N
208898.0,CCCCC1=C(C2=C(O1)C=CC(=C2)NS(=O)(=O)C)C(=O)C3=CC=C(C=C3)OCCCN(CCCC)CCCC,ZQTNQVWKHCQYLQ-UHFFFAOYSA-N
31331.0,CC(CC(C#N)(C1=CC=CC=C1)C2=CC=CC=C2)N(C)C,GJJQIGFCGLPOQK-UHFFFAOYSA-N
15424.0,CCC(=O)O[C@](CC1=CC=CC=C1)(C2=CC=CC=C2)[C@H](C)CN(C)C.Cl,QMQBBUPJKANITL-MYXGOWFTSA-N
6321225.0,CN1CC[C@]23[C@@H]4[C@H]1CC5=C2C(=C(C=C5)O)O[C@H]3[C@H](C=C4)O.CN1CC[C@]23[C@@H]4[C@H]1CC5=C2C(=C(C=C5)O)O[C@H]3[C@H](C=C4)O.O.O.O.O.O.OS(=O)(=O)O,GRVOTVYEFDAHCL-RTSZDRIGSA-N
21124389.0,C1CN[C@@H]2CC3=C4[C@@]15[C@H]2C=C[C@@H]([C@@H]5OC4=C(C=C3)O)O.Cl,HQNHDHNPDOTERW-VIGPQYPBSA-N
66264.0,CCN[C@@H](C)CC1=CC(=CC=C1)C(F)(F)F.Cl,ZXKXJHAOUFHNAS-FVGYRXGTSA-N
16219349.0,CCN[C@H](C)CC1=CC(=CC=C1)C(F)(F)F.Cl,ZXKXJHAOUFHNAS-SBSPUUFOSA-N
2164.0,CCC1(C(=O)NC(=O)NC1=O)CCC(C)C,VIROVYVQCGLCII-UHFFFAOYSA-N
31143.0,CCC[C@@H](C)C1(C(=O)NC(=O)NC1=O)CC=C,KQPKPCNLIDLUMF-MRVPVSSYSA-N
30019.0,CCC[C@H](C)C1(C(=O)NC(=O)NC1=O)CC=C,KQPKPCNLIDLUMF-QMMMGPOBSA-N
9567.0,CC1=NC2=CC=CC=C2C(=O)N1C3=CC=CC=C3Cl,SFITWQDBYUMAPS-UHFFFAOYSA-N
23663870.0,C(CC(=O)[O-])CO.[Na+],XYGBKMMCQDZQOZ-UHFFFAOYSA-M
5761.0,CCN(CC)C(=O)[C@H]1CN([C@@H]2CC3=CNC4=CC=CC(=C34)C2=C1)C,VAYOSLLFUXYJDT-RDTXWAMCSA-N
60196331.0,C[C@@H](CC1=CC(=C(C=C1OC)Br)OC)N.Cl,SPBBKPOIDQIWDZ-FJXQXJEOSA-N
60196332.0,C[C@H](CC1=CC(=C(C=C1OC)Br)OC)N.Cl,SPBBKPOIDQIWDZ-OGFXRTJISA-N
12626562.0,CC(CC1=CC(=C(C=C1OC)Br)OC)N.Cl,SPBBKPOIDQIWDZ-UHFFFAOYSA-N
12259684.0,C[C@@H]1[C@@H]2CC3=C([C@]1(CCN2CC=C(C)C)C)C=C(C=C3)O.C(CC(=O)O)C(=O)O,KFPNZIZLGZZGHO-NMVCJIEOSA-N
12259683.0,C[C@H]1[C@H]2CC3=C([C@@]1(CCN2CC=C(C)C)C)C=C(C=C3)O.C(CC(=O)O)C(=O)O,KFPNZIZLGZZGHO-DTOXXUQYSA-N
64761.0,CCC(=O)N(C1=CC=CC=C1)C2(CCN(CC2)CCN3C(=O)N(N=N3)CC)COC.Cl,AQORHZJDCHLLJN-UHFFFAOYSA-N
65494.0,CCC(=O)N(C1=CC=CC=C1)C2(CCN(CC2)CCC3=CC=CS3)COC.C(C(=O)O)C(CC(=O)O)(C(=O)O)O,OJCZPLDERGDQRJ-UHFFFAOYSA-N
24802109.0,CC(C)N(CCC1=CNC2=C1C=C(C=C2)OC)C(C)C.Cl,QEBJXWFHKCUFLS-UHFFFAOYSA-N
200391.0,C1CCC(CC1)(C2=CC=CC=C2)N.Cl,AFQRMCRVQVUGMF-UHFFFAOYSA-N
6442928.0,C1NCCN(C1)CC2=CC=CC=C2.C(=C/C(=O)O)\C(=O)O.C(=C/C(=O)O)\C(=O)O,QFSTZLZUVSCZMK-LVEZLNDCSA-N
656832.0,CN1[C@H]2CC[C@@H]1[C@H]([C@H](C2)OC(=O)C3=CC=CC=C3)C(=O)OC.Cl,PIQVDUKEQYOJNR-VZXSFKIWSA-N
15984075.0,CN1CC[C@]23[C@@H]4[C@H]1CC5=C2C(=C(C=C5)OC)O[C@H]3[C@H](C=C4)O.Cl,NUXLENPAZQNFAM-FFHNEAJVSA-N
5492898.0,CN1CC[C@]23[C@@H]4[C@H]1CC5=C2C(=C(C=C5)OC)O[C@H]3[C@@H](CC4)O,RBOXVHNMENFORY-KEMUOJQUSA-N
5359421.0,CN1CC[C@]23[C@@H]4[C@H]1CC5=C2C(=C(C=C5)O)O[C@H]3[C@H](CC4)O,IJVCSMSMFSCRME-KBQPJGBKSA-N
60196333.0,C1C[C@H]2[C@@H](C[C@@H]1N2)C3=CN=C(C=C3)Cl.Cl,BLGAWVGDKRRESC-RDTSDOJCSA-N
3057998.0,CCNC(C)CC1=CC2=C(C=C1)OCO2.Cl,IBDIPBWIXJRJQM-UHFFFAOYSA-N
71285.0,CC(CC1=CC2=C(C=C1)OCO2)NC.Cl,LUWHVONVCYWRMZ-UHFFFAOYSA-N
10257.0,CN(C)CCC1=CNC2=C1C=C(C=C2)O,VTTONGPRPXSUTJ-UHFFFAOYSA-N
60196334.0,CCN(CC)CCC1=CNC2=CC=CC=C21.CCN(CC)CCC1=CNC2=CC=CC=C21.C(=C/C(=O)O)\C(=O)O,IXGYMJUYTUSCHE-WXXKFALUSA-N
60196335.0,CN(C)CCC1=CNC2=CC=CC=C21.C(=C/C(=O)O)\C(=O)O,OHMVTPSXVQQKPA-WLHGVMLRSA-N
24721009.0,CCCN(CCC)CCC1=CNC2=CC=CC=C21.Cl,AIAASKTUEVUIQM-UHFFFAOYSA-N
4980.0,CN(C)CCC1=CNC2=C1C(=CC=C2)O,SPCIYGNTAMCTRO-UHFFFAOYSA-N
14184.0,CCC(=O)C(CC(C)N(C)C)(C1=CC=CC=C1)C2=CC=CC=C2.Cl,FJQXCDYVZAHXNS-UHFFFAOYSA-N
102710.0,CC(CC1=CC=CC=C1)NCCN2C=NC3=C2C(=O)N(C(=O)N3C)C.Cl,MVXGSLGVWBVZCA-UHFFFAOYSA-N
197059.0,CC[C@H]1C[C@@H]2C[C@@H]3[C@H]1N(C2)CCC4=C3NC5=C4C=C(C=C5)OC.Cl,IKJFDJLQPHDRTD-ISYVNWANSA-N
10624.0,CN(C)CCC1=CNC2=C1C(=CC=C2)OP(=O)(O)O,QVDSEJDULKLHCG-UHFFFAOYSA-N
24194381.0,CCC(=O)N(C1CCN(CC1)C(C)CC2=CC=CC=C2)C3=CC=CC=C3.Cl,AYZIIWODJOXKNC-UHFFFAOYSA-N
50878597.0,C1C2CNCC1C3=CC4=NC=CN=C4C=C23.Cl,ZUCZFANFKYSVKF-UHFFFAOYSA-N
644076.0,C1C[C@H](N(C1)C(=O)[C@@H]2CSSC[C@@H](C(=O)N[C@H](C(=O)N[C@H](C(=O)N[C@H](C(=O)N[C@H](C(=O)N2)CC(=O)N)CCC(=O)N)CC3=CC=CC=C3)CC4=CC=C(C=C4)O)N)C(=O)N[C@@H](CCCCN)C(=O)NCC(=O)N,BJFIDCADFRDPIO-DZCXQCEKSA-N
44072.0,C1=CC(=C(C=C1C(F)(F)F)Cl)OC2=CC(=C(C=C2)[N+](=O)[O-])C(=O)[O-].[Na+],RVULBHWZFCBODE-UHFFFAOYSA-M
71992.0,C[C@H](CSC(=O)C)C(=O)N1CCC[C@H]1C(=O)N[C@@H](CC2=CC=CC=C2)C(=O)O,FHHHOYXPRDYHEZ-COXVUDFISA-N
71884.0,CCC(C)(C)OC(=O)N[C@@H](CC1=CNC2=CC=CC=C21)C(=O)N[C@@H](CCSC)C(=O)N[C@@H](CC(=O)O)C(=O)N[C@@H](CC3=CC=CC=C3)C(=O)N,CAVZBWFUMSXZFB-LJWNLINESA-N
148121.0,C#CCC(CC1=CN=C2C(=N1)C(=NC(=N2)N)N)C3=CC=C(C=C3)C(=O)N[C@@H](CCC(=O)O)C(=O)O,OGSBUKJUDHAQEA-WMCAAGNKSA-N
56840936.0,C/C=C\1/C(=O)NC(C(=O)O[C@H]\2CC(=O)N[C@@H](C(=O)N[C@H](CSSCC/C=C2)C(=O)N1)C(C)C)C(C)C,OHRURASPPZQGQM-WDCUYUQDSA-N
11243969.0,C1[C@@H]2C[C@@H]2N([C@@H]1C#N)C(=O)[C@H](C34CC5CC(C3)CC(C5)(C4)O)N,QGJUIPDUBHWZPV-SGTAVMJGSA-N
5281042.0,C[N+]1(CCC2=CC(=C(C=C2[C@H]1CC3=CC(=C(C(=C3)OC)OC)OC)OC)OC)CCCOC(=O)CC/C=C/CCC(=O)OCCC[N+]4(CCC5=CC(=C(C=C5[C@H]4CC6=CC(=C(C(=C6)OC)OC)OC)OC)OC)C,ILVYCEVXHALBSC-OTBYEXOQSA-N
54686904.0,CC(C)(C)NCC(=O)NC1=CC(=C2C[C@H]3C[C@H]4[C@@H](C(=O)C(=C([C@]4(C(=O)C3=C(C2=C1O)O)O)O)C(=O)N)N(C)C)N(C)C,SOVUOXKZCCAWOJ-HJYUBDRYSA-N
6918126.0,CC/C=C(/C1=CSC(=N1)N)\C(=O)N[C@H]2[C@@H]3N(C2=O)C(=C(CS3)COC(=O)N)C(=O)OCOC(=O)C(C)(C)C.Cl,ALPFRUJYOAKQQR-CQZSJNSUSA-N
13649426.0,CCC1(CC2=CC=CC=C2C1)C3=CN=CN3.Cl,PCCVCJAQMHDWJY-UHFFFAOYSA-N
16132300.0,CC[C@H](C)[C@@H](C(=O)N[C@@H](CC(C)C)C(=O)N[C@@H](CC(=O)N)C(=O)O)NC(=O)[C@H](CO)NC(=O)[C@H](CC(=O)N)NC(=O)[C@H](CC(C)C)NC(=O)[C@H](CC1=CC=C(C=C1)O)NC(=O)[C@H](CCCCN)NC(=O)[C@H](CCCCN)NC(=O)[C@H](C(C)C)NC(=O)[C@H](C)NC(=O)[C@H](CCSC)NC(=O)[C@H](CCC(=O)N)NC(=O)[C@H](CCCCN)NC(=O)[C@H](CCCNC(=N)N)NC(=O)[C@H](CC(C)C)NC(=O)[C@H](CCCNC(=N)N)NC(=O)[C@H]([C@@H](C)O)NC(=O)[C@H](CC2=CC=C(C=C2)O)NC(=O)[C@H](CC(=O)N)NC(=O)[C@H](CC(=O)O)NC(=O)[C@H]([C@@H](C)O)NC(=O)[C@H](CC3=CC=CC=C3)NC(=O)[C@H](C(C)C)NC(=O)[C@H](C)NC(=O)[C@H](CC(=O)O)NC(=O)[C@H](CO)NC(=O)[C@H](CC4=CN=CN4)N,VBUWHHLIZKOSMS-RIWXPGAOSA-N
23663404.0,CC#CCC(C)[C@@H](/C=C/[C@H]1[C@@H](C[C@H]2[C@@H]1C3=CC=CC(=C3O2)CCCC(=O)[O-])O)O.[Na+],YTCZZXIRLARSET-VJRSQJMHSA-M
20054849.0,CC1=NC=C(C(=N1)N)CN(/C(=C(\SS/C(=C(\N(C=O)CC2=CN=C(N=C2N)C)/C)/CCOC(=O)C3=CC=CC=C3)/CCOC(=O)C4=CC=CC=C4)/C)C=O,IWXAZSAGYJHXPX-LYWFMZLMSA-N
656604.0,CC(C)(C(=O)N[C@@H](CS)C(=O)O)S,VUAFHZCUKUDDBC-BYPYZUCNSA-N
115305.0,CCCC(=O)N1CCCN(CC1)C2=NC3=CC(=C(C=C3C(=N2)N)OC)OC.Cl,NBGBEUITCPENLJ-UHFFFAOYSA-N
443867.0,CC(C)(C)C1=CC=C(C=C1)CN(C)CC2=CC=CC3=CC=CC=C32.Cl,LJBSAUIFGPSHCN-UHFFFAOYSA-N
5485221.0,CC1=C(N2[C@@H]([C@@H](C2=O)NC(=O)/C(=N/OC)/C3=CSC(=N3)N)SC1)C(=O)OCOC(=O)C(C)(C)C.Cl,XAAOHMIKXULDKJ-LZRHLYMTSA-N
60196336.0,CN1C(=NN=N1)SCC2=C(N3[C@@H]([C@@](C3=O)(NC(=O)CSC[C@H](C(=O)[O-])N)OC)SC2)C(=O)O.[Na+],SBIDXLKJYJVQOE-YNJMIPHHSA-M
6918222.0,CO/N=C(\C1=NSC(=N1)N)/C(=O)N[C@H]2[C@@H]3N(C2=O)C(=C(CS3)C[N+]4=C5C=CC=NN5C=C4)C(=O)[O-].Cl,NTJHUKMPVIFDNY-CZNPUCISSA-N
60196337.0,CO/N=C(\C1=NSC(=N1)N)/C(=O)N[C@H]2[C@@H]3N(C2=O)C(=C(CS3)C[N+]4=C5C=CC=NN5C=C4)C(=O)[O-].OS(=O)(=O)O,ALBRIBHWWYACDZ-CZNPUCISSA-N
23688977.0,C1C(=C(N2[C@H](S1)[C@@H](C2=O)NC(=O)CN3C=NN=N3)C(=O)[O-])CSC4=NN=CS4.[Na+],UGUMHWUOXWFPFH-JHQAJZDGSA-M
441348.0,CCN(CC)CCOC(=O)C1=C(C=C(C=C1)N)Cl.Cl,SZKQYDBPUCZLRX-UHFFFAOYSA-N
214348.0,C1=CC=C(C(=C1)C2=NN(C(=N2)C3=CC=CC=C3O)C4=CC=C(C=C4)C(=O)O)O,BOFQWVMAQOTZIW-UHFFFAOYSA-N
5362115.0,CCOC(=O)[C@H](CCC1=CC=CC=C1)N[C@@H](C)C(=O)N(CC(=O)O)C2CC3=CC=CC=C3C2.Cl,FDJCVHVKXFIEPJ-JCNFZFLDSA-N
91670.0,CCCCC(=O)OCC(=O)[C@H]1[C@@H](C[C@@H]2[C@@]1(C[C@@H]([C@]3([C@H]2C[C@@H](C4=CC(=O)C=C[C@@]43C)F)F)O)C)C,HHJIUUAMYGBVSD-YTFFSALGSA-N
62581.0,CCCCCCCC[N+](C)(C)CCCCCCCC.[Cl-],FARBQUXLIQOIDY-UHFFFAOYSA-M
3307.0,CCC1=CC2=C(S1)N3C(=NN=C3CN=C2C4=CC=CC=C4Cl)C,VMZUTJCNQWMAGF-UHFFFAOYSA-N
14257662.0,C1C[C@H](N(C1)C(=O)[C@@H]2CSSC[C@@H](C(=O)N[C@H](C(=O)N[C@H](C(=O)N[C@H](C(=O)N[C@H](C(=O)N2)CC(=O)N)CCC(=O)N)CC3=CC=CC=C3)CC4=CC=CC=C4)N)C(=O)N[C@@H](CCCCN)C(=O)NCC(=O)N,SFKQVVDKFKYTNA-DZCXQCEKSA-N
214356.0,C1=CC(=C(C=C1F)F)C(CN2C=NC=N2)(CN3C=NC=N3)OP(=O)(O)O,GHJWNRRCRIGGIO-UHFFFAOYSA-N
160925.0,CC1=NC=C(C(=N1)N)CN(C=O)C(=C(CCO)SSCC2CCCO2)C.Cl,OPGOLNDOMSBSCW-UHFFFAOYSA-N
636398.0,CCCC(=O)O[C@@]1(CC[C@@H]2[C@@]1(C[C@@H]([C@H]3[C@H]2CCC4=CC(=O)CC[C@]34C)O)C)C(=O)COC(=O)CC,FOGXJPFPZOHSQS-AYVLZSQQSA-N
6450271.0,C[C@@H]1C/C=C/C=C/[C@@H]([C@@H](C[C@@H]([C@@H]([C@H]([C@@H](CC(=O)O1)O)OC)O[C@H]2[C@@H]([C@H]([C@@H]([C@H](O2)C)O[C@@H]3CC([C@@H]([C@H](O3)C)O)(C)C)N(C)C)O)CC=O)C)O.C(C(C(=O)O)O)(C(=O)O)O,LCDBILLRZFJKMN-RKYMYSRXSA-N
164457.0,CC1(OC[C@H](O1)COC(=O)CCC2=CC=C(C=C2)OC[C@H](CNCCNC(=O)N3CCOCC3)O)C.Cl,DLPGJHSONYLBKP-IKGOIYPNSA-N
47462.0,C1=CC=C(C(=C1)C(=O)[O-])NC2=C(C=CC(=C2)Cl)C(=O)[O-].[Na+].[Na+],QPJBONAWFAURGB-UHFFFAOYSA-L
3003141.0,C1[C@H](S/C(=C(\C#N)/N2C=CN=C2)/S1)C3=C(C=C(C=C3)Cl)Cl,YTAOBBFIOAEMLL-REQDGWNSSA-N
131750181.0,C[C@@H](C(=O)N[C@@H](C)C(=O)N[C@@H](CCSC)C(=O)N[C@@H](CCCCN)C(=O)N[C@@H](CCCNC(=N)N)C(=O)N[C@@H](CC1=CN=CN1)C(=O)NCC(=O)N[C@@H](CC(C)C)C(=O)N[C@@H](CC(=O)O)C(=O)N[C@@H](CC(=O)N)C(=O)N[C@@H](CC2=CC=C(C=C2)O)C(=O)N[C@@H](CCCNC(=N)N)C(=O)NCC(=O)N[C@@H](CC3=CC=C(C=C3)O)C(=O)N[C@@H](CO)C(=O)N[C@@H](CC(C)C)C(=O)NCC(=O)N[C@@H](CC(=O)N)C(=O)O)NC(=O)[C@H](C)NC(=O)[C@H](CC(C)C)NC(=O)[C@H](CCC(=O)O)NC(=O)[C@H](CS)NC(=O)[C@H](CCCNC(=N)N)NC(=O)CNC(=O)[C@H](CC4=CC=CC=C4)NC(=O)[C@H](C(C)C)N,JFXJPYIEDZSWNF-JWBGUOTLSA-N
171808.0,C[C@@]1(CO[C@@H]([C@@H]([C@H]1NC)O)O[C@H]2[C@@H](C[C@@H]([C@H]([C@@H]2O)O[C@@H]3[C@@H](CC[C@H](O3)CNC)N)N)N)O.OS(=O)(=O)O,MQDGQSCLOYLSEK-SCFBDNQUSA-N
26383.0,CCCCC1=CC2=C(C=C1OCC3=CC=CC=C3)NC=C(C2=O)C(=O)OC,NNOPDLNHPOLRRE-UHFFFAOYSA-N
3083870.0,CC(CN1C2=CC=CC=C2S(=O)(=O)C3=CC=CC=C31)CN(C)C.Cl,NPMMOYKGIWLASW-UHFFFAOYSA-N
20055528.0,CC1=C(N=C(N=C1N)C(CC(=O)N)NCC(C(=O)N)N)C(=O)NC(C(C2=CN=CN2)O[C@H]3[C@H]([C@H]([C@@H]([C@@H](O3)CO)O)O)O[C@@H]4[C@H]([C@H]([C@@H]([C@H](O4)CO)O)OC(=O)N)O)C(=O)NC(C)C(C(C)C(=O)NC(C(C)O)C(=O)NCCC5=NC(=CS5)C6=NC(=CS6)C(=O)NCCCN[C@@H](C)C7=CC=CC=C7)O.OS(=O)(=O)O,ZHHIHQFAUZZMTG-HBTICLRTSA-N
40703.0,CC1(C2CCC(C1C2)CCOCC[N+]3(CCOCC3)CC4=CC(=C(C=C4Br)OC)OC)C.[Br-],IKGXLCMLVINENI-UHFFFAOYSA-M
51051629.0,C1=C(NC=N1)C[C@@H](C(=O)O)[N-]C(=O)CCN.[Zn],GFWBKUDRXMQSFD-FJXQXJEOSA-M
80278.0,C(C(COP(=O)([O-])[O-])O)O.[K+].[K+],CHFUHGDBYUITQJ-UHFFFAOYSA-L
4887.0,C1=CC=C(C=C1)CCCCOC2=CC=C(C=C2)C(=O)NC3=CC=CC4=C3OC(=CC4=O)C5=NNN=N5,NBQKINXMPLXUET-UHFFFAOYSA-N
60202781.0,CC1=C(C(=O)C[C@@H]1OC(=O)[C@@H]2[C@H](C2(C)C)C=C(C)C)C/C=C\C=C.CC1=C(C(=O)C[C@@H]1OC(=O)[C@@H]2[C@H](C2(C)C)/C=C(\C)/C(=O)OC)C/C=C\C=C,VXSIXFKKSNGRRO-MXOVTSAMSA-N
9833444.0,CSCC[C@@H](C(=O)NCC(=O)N[C@@H](CC1=CNC2=CC=CC=C21)C(=O)N[C@@H](CCSC)C(=O)N[C@@H](CC(=O)O)C(=O)N[C@@H](CC3=CC=CC=C3)C(=O)N)NC(=O)[C@H](CC4=CC=C(C=C4)OS(=O)(=O)O)NC(=O)[C@H](CC(=O)O)N,IZTQOLKUZKXIRV-YRVFCXMDSA-N
443984.0,CC1([C@@H](N2[C@H](S1)[C@@H](C2=O)NC(=O)C(C3=CC=CC=C3)S(=O)(=O)[O-])C(=O)[O-])C.[Na+].[Na+],FWRNIJIOFYDBES-HCIBPFAFSA-L
60751.0,C1CC2=NC1=C(C3=CC=C(N3)C(=C4C=CC(=N4)C(=C5C=CC(=C2C6=CC(=CC=C6)O)N5)C7=CC(=CC=C7)O)C8=CC(=CC=C8)O)C9=CC(=CC=C9)O,LYPFDBRUNKHDGX-UHFFFAOYSA-N
53384398.0,CC(=CCC/C(=C/CC/C(=C/CCC(=CCCC(=O)C)C)/C)/C)C,HUCXKZBETONXFO-AJDZVAQLSA-N
60936.0,C1=CC(=CC=C1SC(P(=O)(O)[O-])P(=O)(O)[O-])Cl.[Na+].[Na+],SKUHWSDHMJMHIW-UHFFFAOYSA-L
54682461.0,CCC[C@]1(CC(=C(C(=O)O1)[C@H](CC)C2=CC(=CC=C2)NS(=O)(=O)C3=NC=C(C=C3)C(F)(F)F)O)CCC4=CC=CC=C4,SUJUHGSWHZTSEU-FYBSXPHGSA-N
4659569.0,CC1=CC=C(C=C1)C(=O)C2=CC(=C(C(=C2)O)O)[N+](=O)[O-],MIQPIUSUKVNLNT-UHFFFAOYSA-N
71406.0,CC1=C(C(=C(C2=C1OC(CC2)(C)CCCC(C)CCCC(C)CCCC(C)C)C)OC(=O)CCC(=O)OCCO)C,AOBORMOPSGHCAX-UHFFFAOYSA-N
54693468.0,C1=CC=C(C(=C1)C(=O)O)[O-].C1=CC=C(C(=C1)C(=O)O)[O-].[Zn+2],PZXFWBWBWODQCS-UHFFFAOYSA-L
3033690.0,C[C@H](CSC(=O)C1=CC=CC=C1)C(=O)N2C[C@H](C[C@H]2C(=O)[O-])SC3=CC=CC=C3.C[C@H](CSC(=O)C1=CC=CC=C1)C(=O)N2C[C@H](C[C@H]2C(=O)[O-])SC3=CC=CC=C3.[Ca+2],NSYUKKYYVFVMST-LETVYOFWSA-L
5380.0,CCCCOC(=O)C(=O)NC1=CC=CC(=C1)C2=NNN=N2,XQTARQNQIVVBRX-UHFFFAOYSA-N
37497.0,CCCN(CC)C(CC)C(=O)NC1=C(C=CC=C1C)C,VTUSIVBDOCDNHS-UHFFFAOYSA-N
392622.0,CC(C)C1=NC(=CS1)CN(C)C(=O)N[C@@H](C(C)C)C(=O)N[C@@H](CC2=CC=CC=C2)C[C@@H]([C@H](CC3=CC=CC=C3)NC(=O)OCC4=CN=CS4)O,NCDNCNXCDXHOMX-XGKFQTDJSA-N
4744.0,CN1CCN(CC1)CCCN2C3=CC=CC=C3SC4=CC=CC=C42,WEYVCQFUGFRXOM-UHFFFAOYSA-N
56330.0,CCOC(=O)[C@H](CCC1=CC=CC=C1)N[C@H]2CCCN3CCC[C@H](N3C2=O)C(=O)O,HHHKFGXWKKUNCY-FHWLQOOXSA-N
60196341.0,[CH3-].CC1=CC2=C(C=C1C)N(C=N2)C3C(C(C(O3)CO)OP(=O)([O-])OC(C)CNC(=O)CCC\4(C(C5C6(C(C(C(=N6)/C(=C\7/C(C(C(=N7)/C=C\8/C(C(C(=N8)/C(=C4\[N-]5)/C)CCC(=O)N)(C)C)CCC(=O)N)(C)CC(=O)N)/C)CCC(=O)N)(C)CC(=O)N)C)CC(=O)N)C)O.[Co+3],ZFLASALABLFSNM-UHFFFAOYSA-L
26618.0,CC1=C(C(=CC=C1)C)NC(=O)C2=CC(=C(C=C2O)Cl)S(=O)(=O)N,MTZBBNMLMNBNJL-UHFFFAOYSA-N
5489012.0,C[C@@H]([C@@H](C1=CC=CC=C1)O)NCCC(=O)C2=CC(=CC=C2)OC.Cl,JMUPNNYLJGSMPK-JPJJPTBZSA-N
39324.0,CC1=CC(=CC=C1)OCC(CNCCC2=CC(=C(C=C2)OC)OC)O.Cl,FJTKCFSPYUMXJB-UHFFFAOYSA-N
5281107.0,C[C@H](/C=C/[C@H](C)C(C)C)[C@H]1CC[C@@H]\2[C@@]1(CCC/C2=C\C=C/3\C[C@H](C[C@@H](C3=C)O)O)C,HKXBNHCUPKIYDM-CGMHZMFXSA-N
21826.0,C[C@]12C[C@@H]([C@]3([C@H]([C@@H]1C[C@@H]4[C@]2(OC(O4)(C)C)C(=O)COC(=O)CC(C)(C)C)CCC5=CC(=O)C=C[C@@]53C)F)O,TZIZWYVVGLXXFV-FLRHRWPCSA-N
60946.0,CCCCS(=O)(=O)N[C@@H](CC1=CC=C(C=C1)OCCCCC2CCNCC2)C(=O)O.O.Cl,HWAAPJPFZPHHBC-FGJQBABTSA-N
6850814.0,CCOC(=O)[C@H](CCC1=CC=CC=C1)N[C@@H](C)C(=O)N2CC3(C[C@H]2C(=O)O)SCCS3.Cl,CLDOLNORSLLQDI-OOAIBONUSA-N
19861.0,CN1CCC(=C2C3=CC=CC=C3CCC4=C2N=CC=C4)CC1,SEBMTIQKRHYNIT-UHFFFAOYSA-N
5282182.0,CC(=CCC/C(=C/CC/C(=C/CCC(=O)OC/C=C(\C)/CCC=C(C)C)/C)/C)C,ZPACYDRSPFRDHO-ROBAGEODSA-N
5282422.0,CCN(CC)CC1=NC=CN1C2=C(C=C(C=C2)[N+](=O)[O-])C(=O)C3=CC=CC=C3Cl.C(=C/C(=O)O)\C(=O)O,JDQAUUIBFFFOOV-WLHGVMLRSA-N
151075.0,C1=CC=C(C=C1)C(=O)C2=CC=CC(=C2N)CC(=O)N,QEFAQIPZVLVERP-UHFFFAOYSA-N
9800568.0,CCCCC(C(=O)CC[C@H]1[C@@H](CC(=O)[C@@H]1CCCCCCC(=O)O)O)(F)F,DBVFKLAGQHYVGQ-BFYDXBDKSA-N
5281104.0,C[C@H](/C=C/[C@H](C)C(C)(C)O)[C@H]1CC[C@@H]\2[C@@]1(CCC/C2=C\C=C3C[C@H](C[C@@H](C3)O)O)C,BPKAHTKRCLCHEA-UBFJEZKGSA-N
5284533.0,CC(=O)[C@]1(CC[C@@H]2[C@@]1(CC[C@H]3[C@H]2C=C(C4=CC(=O)CC[C@]34C)Cl)C)O,VUHJZBBCZGVNDZ-TTYLFXKOSA-N
3441.0,CC1=NC=C(C(=N1)N)CN(C=O)C(=C(CCO)SSCC2CCCO2)C,JTLXCMOFVBXEKD-UHFFFAOYSA-N
444021.0,CC1=CC=C(C=C1)S(=O)(=O)O.CC1([C@@H](N2[C@H](S1)[C@@H](C2=O)NC(=O)[C@@H](C3=CC=CC=C3)N)C(=O)OCOC(=O)[C@H]4C(S(=O)(=O)[C@H]5N4C(=O)C5)(C)C)C,FFCSPKNZHGIDQM-CGAOXQFVSA-N
8980.0,CN(C)CCOC(C1=CC=CC=C1)C2=CC=CC=C2.Cl,PCHPORCSPXIHLZ-UHFFFAOYSA-N
68741.0,C[C@]12CC[C@H]3[C@H]([C@@H]1CC[C@@H]2C(=O)NC(C)(C)C)CC=C4[C@@]3(CCC(=C4)C(=O)O)C,VAPSMQAHNAZRKC-PQWRYPMOSA-N
60613.0,C1=CN(C(=O)N=C1N)C[C@@H](CO)OCP(=O)(O)O,VWFCHDSQECPREK-LURJTMIESA-N
157690.0,C[C@@H]1C2=C(CN1)C=C(C=C2)C3=C(C4=C(C=C3)C(=O)C(=CN4C5CC5)C(=O)O)OC(F)F.CS(=O)(=O)O.O,IGTHEWGRXUAFKF-NVJADKKVSA-N
15008962.0,COC1=C(C(=NC=C1)CS(=O)C2=NC3=C([N-]2)C=CC(=C3)OC(F)F)OC.[Na+],YNWDKZIIWCEDEE-UHFFFAOYSA-N
16052015.0,C[C@@H]1OC[C@@H]2[C@@H](O1)[C@@H]([C@H]([C@@H](O2)OC3C4COC(=O)[C@@H]4[C@@H](C5=CC6=C(C=C35)OCO6)C7=CC(=C(C(=C7)OC)OP(=O)(O)O)OC)O)O,LIQODXNTTZAGID-PXUPSGQQSA-N
441244.0,C1=CN=C(N=C1)[N-]S(=O)(=O)C2=CC=C(C=C2)N.[Ag+],UEJSSZHHYBHCEL-UHFFFAOYSA-N
60754.0,CNC(=O)CN(CCN(CCN(CC(=O)NC)CC(=O)[O-])CC(=O)[O-])CC(=O)[O-].O.[Gd+3],XPCLDSMKWNNKOM-UHFFFAOYSA-K
6398761.0,C[C@@H]([C@H]1CC[C@@H]\2[C@@]1(CCC/C2=C\C=C/3\C[C@H](C[C@@H](C3=C)O)O)C)OCCC(C)(C)O,DTXXSJZBSTYZKE-ZDQKKZTESA-N
2225.0,CC1=C(C(C(=C(N1)C)C(=O)OCC(=O)C)C2=CC=CC=C2[N+](=O)[O-])C(=O)OC,NCUCGYYHUFIYNU-UHFFFAOYSA-N
134018.0,CC1=C(SC(=N1)C2=CC(=C(C=C2)OCC(C)C)C#N)C(=O)O,BQSJTQLCZDPROO-UHFFFAOYSA-N
71310.0,CCC1(CC2=CC=CC=C2C1)C3=CN=CN3,HSWPZIDYAHLZDD-UHFFFAOYSA-N
5281065.0,CCCCCCCN(CC)CCCC(C1=CC=C(C=C1)NS(=O)(=O)C)O.CCCCCCCN(CC)CCCC(C1=CC=C(C=C1)NS(=O)(=O)C)O.C(=C/C(=O)O)\C(=O)O,PCIOHQNIRPWFMV-WXXKFALUSA-N
441199.0,CO[C@@]1([C@@H]2N(C1=O)C(=C(CS2)COC(=O)N)C(=O)O)NC(=O)CC3=CC=CS3,WZOZEZRFJCJXNZ-ZBFHGGJFSA-N
443868.0,CC1=C([C@@H](C(=C(N1)C)C(=O)O[C@H]2CCN(C2)CC3=CC=CC=C3)C4=CC(=CC=C4)[N+](=O)[O-])C(=O)OC.Cl,XEMPUKIZUCIZEY-YSCHMLPRSA-N
656602.0,C[N+]1([C@@H]2CC[C@H]1CC(C2)OC(=O)C(C3=CC=CC=C3)(C4=CC=CC=C4)O)CCF.[Br-],FNUZASGZEHGWQM-QCERWEEGSA-M
60196343.0,C[C@@H]1CN(CCN1[C@H](COC)C2=CC=C(C=C2)C(F)(F)F)C3(CCN(CC3)C(=O)C4=C(N=CN=C4C)C)C.C(=C\C(=O)O)\C(=O)O,GXINKQQWHLIBJA-RMXADNEASA-N
154256.0,CC1=C(N(C2=C1C=C(C=C2)O)CC3=CC=C(C=C3)OCCN4CCCCCC4)C5=CC=C(C=C5)O.CC(=O)O,OMZAMQFQZMUNTP-UHFFFAOYSA-N
65332.0,CC(=O)O[C@H]1C[C@@H]2CC[C@@H]3[C@@H]([C@]2(C[C@@H]1N4CC[N+](CC4)(C)C)C)CC[C@]5([C@H]3C[C@@H]([C@@H]5OC(=O)C)N6CC[N+](CC6)(C)C)C.[Br-].[Br-],TXWBOBJCRVVBJF-YTGGZNJNSA-L
5284514.0,CC1=CC=C(C=C1)/C(=C\CN2CCCC2)/C3=CC=CC(=N3)/C=C/C(=O)O,PWACSDKDOHSSQD-IUTFFREVSA-N
23665728.0,C1=CC=C(C=C1)C(=O)C2=CC=CC(=C2N)CC(=O)[O-].[Na+],MJAQSCHBMPGJES-UHFFFAOYSA-M
11658860.0,C[C@H]1CNCCC2=C1C=C(C=C2)Cl,XTTZERNUQAFMOF-QMMMGPOBSA-N
54671008.0,CC1=NN=C(O1)C(=O)NC(C)(C)C2=NC(=C(C(=O)N2C)O)C(=O)NCC3=CC=C(C=C3)F,CZFFBEXEKNGXKS-UHFFFAOYSA-N
56031.0,CC1=C(C(=CC=C1)CC2=CN=CN2)C.Cl,OIWRDXKNDCJZSM-UHFFFAOYSA-N
3395.0,CC(C1=CC(=C(C=C1)C2=CC=CC=C2)F)C(=O)OC(C)OC(=O)C,ALIVXCSEERJYHU-UHFFFAOYSA-N
60714.0,CC(CN1CCN(CCN(CCN(CC1)CC(=O)[O-])CC(=O)[O-])CC(=O)[O-])O.[Gd+3],DPNNNPAKRZOSMO-UHFFFAOYSA-K
68654.0,C1=CC=NC(=C1)C(C2=CC=C(C=C2)OS(=O)(=O)[O-])C3=CC=C(C=C3)OS(=O)(=O)[O-].[Na+].[Na+],GOZDTZWAMGHLDY-UHFFFAOYSA-L
229295.0,CCCCCCC(=O)O[C@]1(CC[C@@H]2[C@@]1(CC[C@H]3[C@H]2CCC4=CC(=O)CC[C@H]34)C)C#C,APTGJECXMIKIET-WOSSHHRXSA-N
6918580.0,CC(C(=O)OCC[N+](C)(C)C)OC(=O)C.CC(C(=O)OCC[N+](C)(C)C)OC(=O)C.C1=CC2=C(C=CC=C2S(=O)(=O)[O-])C(=C1)S(=O)(=O)[O-],HELVYVGHOJPCEV-UHFFFAOYSA-L
71470.0,CCCC(=O)O[C@@]1([C@H](C[C@@H]2[C@@]1(C[C@@H]([C@]3([C@H]2CCC4=CC(=O)C=C[C@@]43C)F)O)C)C)C(=O)COC(=O)CC,VXOWJCTXWVWLLC-REGDIAEZSA-N
55483.0,C1=CC=C(C=C1)CCNCCCCCCNCCC2=CC(=C(C=C2)O)O,RYBJORHCUPVNMB-UHFFFAOYSA-N
21070.0,CCCCCCC(=O)O[C@H]1CC[C@@H]2[C@@]1(CC[C@H]3[C@H]2CCC4=C3C=CC(=C4)O)C,RFWTZQAOOLFXAY-BZDYCCQFSA-N
259329.0,C[C@]12CC[C@H]3[C@H]([C@@H]1CC[C@@H]2OP(=O)(O)O)CCC4=C3C=CC(=C4)OC(=O)N(CCCl)CCCl,ADFOJJHRTBFFOF-RBRWEJTLSA-N
53315792.0,CC(=O)OC[C@@H]1[C@H]([C@@H]([C@H]([C@@H](O1)O[C@@H]2[C@H](O[C@H]([C@@H]([C@H]2O)OC(=O)C3=CC=CC=C3C(=O)O)O)COC(=O)C)O)OC(=O)C4=CC=CC=C4C(=O)O)O,DMNFZTKVDDFCQE-WJXNTJCASA-N
6917787.0,CC1=CC=CC=C1N2CCN(CC2)CCC3=NN=C4N3CCCC4.Cl,ZIODNPFQZIHCOE-UHFFFAOYSA-N
24762.0,CCCCCCCCCCCCCCCCCC(=O)OCCO,RFVNOJDQRGSOEL-UHFFFAOYSA-N
644077.0,C1C[C@H](N(C1)C(=O)[C@@H]2CSSC[C@@H](C(=O)N[C@H](C(=O)N[C@H](C(=O)N[C@H](C(=O)N[C@H](C(=O)N2)CC(=O)N)CCC(=O)N)CC3=CC=CC=C3)CC4=CC=C(C=C4)O)N)C(=O)N[C@@H](CCCN=C(N)N)C(=O)NCC(=O)N,KBZOIRJILGZLEJ-LGYYRGKSSA-N
5284483.0,CCCCN(CCCC)C(=S)[S-].CCCCN(CCCC)C(=S)[S-].[Zn+2],BOXSVZNGTQTENJ-UHFFFAOYSA-L
15895902.0,CCC(=O)[N-]S(=O)(=O)C1=CC=C(C=C1)C2=C(ON=C2C3=CC=CC=C3)C.[Na+],HQPVVKXJNZEAFW-UHFFFAOYSA-M
10288.0,CC1=CC2=C(C(=C1)O)C(=C3C(=C2)C=CC=C3O)O,JBGKVNQFVAJOGC-UHFFFAOYSA-N
999.0,C1=CC=C(C=C1)CC(=O)O,WLJVXDMOQOGPHL-UHFFFAOYSA-N
10382.0,C1=CC=C(C=C1)NC(=O)CS,DLVKRCGYGJZXFK-UHFFFAOYSA-N
2723816.0,CCC(=O)[O-].[Na+],JXKPEJDQGNYQSM-UHFFFAOYSA-M
4117.0,CC(CC1=CC=CC=C1OC)NC,OEHAYUOVELTAPG-UHFFFAOYSA-N
6322.0,C(C[C@@H](C(=O)O)N)CN=C(N)N,ODKSFYDXXFIFQN-BYPYZUCNSA-N
5833.0,CC(=O)S[C@@H]1CC2=CC(=O)CC[C@@]2([C@@H]3[C@@H]1[C@@H]4CC[C@]5([C@]4(CC3)C)CCC(=O)O5)C,LXMSZDCAJNLERA-ZHYRCANASA-N
4595.0,CC1=NC=CN1CC2CCC3=C(C2=O)C4=CC=CC=C4N3C,FELGMEQIXOGIFQ-UHFFFAOYSA-N
6249.0,CC1([C@@H](N2[C@H](S1)[C@@H](C2=O)NC(=O)[C@@H](C3=CC=CC=C3)N)C(=O)O)C,AVKUERGKIZMTKX-NJBDSQKTSA-N
171548.0,C1[C@H]2[C@@H]([C@@H](S1)CCCCC(=O)O)NC(=O)N2,YBJHBAHKTGYVGT-ZKWXMUAHSA-N
64949.0,C1=CC(=CC=C1C(=N)N)OCCCOC2=CC=C(C=C2)C(=N)N,WTFXJFJYEJZMFO-UHFFFAOYSA-N
23327.0,C(CC(=O)O)[C@H](C(=O)O)N,WHUUTDBJXJRKMK-GSVOUGTGSA-N
33032.0,C(CC(=O)O)[C@@H](C(=O)O)N,WHUUTDBJXJRKMK-VKHMYHEASA-N
71346.0,CS(=O)(=O)O.C1CCC2(C1)CC(=O)N(C(=O)C2)CCNCC3COC4=CC=CC=C4O3,JXBLEDCYKVWLJI-UHFFFAOYSA-N
443385.0,CCC[C@@H]1C[C@H](N(C1)C)C(=O)N[C@@H]([C@@H]2[C@@H]([C@@H]([C@H]([C@H](O2)SC)OP(=O)(O)O)O)O)[C@H](C)Cl,UFUVLHLTWXBHGZ-MGZQPHGTSA-N
16211197.0,C([C@H](C(=O)O)N)C(=O)N.O,RBMGJIZCEWRQES-HSHFZTNMSA-N
4436.0,C1CN=C(N1)CC2=CC=CC3=CC=CC=C32,CNIIGCLFLJGOGP-UHFFFAOYSA-N
55652.0,CN([C@H]1CC[C@@]2(CCCO2)C[C@@H]1N3CCCC3)C(=O)CC4=CC(=C(C=C4)Cl)Cl,NYKCGQQJNVPOLU-ONTIZHBOSA-N
9305.0,C1=C(C=C(C(=C1I)O)I)C[C@@H](C(=O)O)N,NYPYHUZRZVSYKL-ZETCQYMHSA-N
5283344.0,CCCCCC(/C=C/C=O)O,JVJFIQYAHPMBBX-FNORWQNLSA-N
6328684.0,CCCCNC(C)(C)[P+](=O)O,YHLWPOLSPCBOPC-UHFFFAOYSA-O
6400441.0,C[C@H]([C@@H](CO)NC(=O)[C@@H]1CSSC[C@@H](C(=O)N[C@H](C(=O)N[C@@H](C(=O)N[C@H](C(=O)N[C@H](C(=O)N1)C(C)O)CCCCN)CC2=CNC3=CC=CC=C32)CC4=CC=CC=C4)NC(=O)[C@@H](CC5=CC=CC=C5)N)O,DEQANNDTNATYII-RRCPSWKPSA-N
240.0,C1=CC=C(C=C1)C=O,HUMNYLRZRPPJDN-UHFFFAOYSA-N
9719.0,C1=CC(=CC=C1NC(=O)NC2=CC(=C(C=C2)Cl)C(F)(F)F)Cl,ZFSXZJXLKAJIGS-UHFFFAOYSA-N
3016.0,CN1C(=O)CN=C(C2=C1C=CC(=C2)Cl)C3=CC=CC=C3,AAOVKJBEBIDNHE-UHFFFAOYSA-N
135565635.0,CC(C)N1C2=NC=NC(=C2C(=N1)C3=CC4=C(N3)C=CC(=C4)O)N,MFAQYJIYDMLAIM-UHFFFAOYSA-N
3055.0,C1CCN(CC1)CCCC(C2=CC=CC=C2)(C3=CC=CC=C3)O,OGAKLTJNUQRZJU-UHFFFAOYSA-N
24944334.0,CC(=O)OCC(=O)[C@]1(CCC2[C@@]1(CC(C3C2CCC4=CC(=O)CC[C@]34C)O)C)O,ALEXXDVDDISNDU-IEVVGEFUSA-N
65800.0,C1CN1P2(=NP(=NP(=N2)(N3CC3)N4CCOCC4)(N5CC5)N6CC6)N7CC7,SCGZIPCHOAVGCL-UHFFFAOYSA-N
5507.0,CC1=C(C=CC(=C1)NC2=CC=CC=C2C(=O)O)Cl,QDNMBJXNLJFNHT-UHFFFAOYSA-N
7558.0,CC(CC1CCCCC1)NC,JCRIVQIOJSSCQD-UHFFFAOYSA-N
114948.0,CC(C)C[C@H]1C(=O)N2CCC[C@H]2[C@]3(N1C(=O)[C@](O3)(C(C)C)NC(=O)[C@@H]4C[C@H]5[C@@H](CC6=CNC7=CC=CC5=C67)N(C4)C)O,PBUNVLRHZGSROC-VTIMJTGVSA-N
11556711.0,CC(C)C[C@@H](C(=O)[C@]1(CO1)C)NC(=O)[C@H](CC2=CC=CC=C2)NC(=O)[C@H](CC(C)C)NC(=O)[C@H](CCC3=CC=CC=C3)NC(=O)CN4CCOCC4,BLMPQMFVWMYDKT-NZTKNTHTSA-N
8293.0,COP(=S)(OC)OC1=CC=C(C=C1)S(=O)(=O)N,BSBSDQUZDZXGFN-UHFFFAOYSA-N
148192.0,CC(C)(C)[C@@H](C(=O)N[C@@H](CC1=CC=CC=C1)[C@H](CN(CC2=CC=C(C=C2)C3=CC=CC=N3)NC(=O)[C@H](C(C)(C)C)NC(=O)OC)O)NC(=O)OC,AXRYRYVKAWYZBR-GASGPIRDSA-N
50491.0,CC1(C(N2C(S1(=O)=O)CC2=O)C(=O)OCOC(=O)C(C)(C)C)C,OHPVYKXTRACOSQ-UHFFFAOYSA-N
6317.0,CC(C)NCC(C1=CC=C(C=C1)[N+](=O)[O-])O,UAORFCGRZIGNCI-UHFFFAOYSA-N
21640.0,C1=CC=C(C=C1)N2C(=NN=N2)N,ULIDRMKBVYYVIQ-UHFFFAOYSA-N
54339.0,C1=CC=C(C=C1)CCNC2=NC(=CS2)C3=CC=CC=C3,WEEYMMXMBFJUAI-UHFFFAOYSA-N
107807.0,CCC[C@@H](C(=O)OCC)N[C@@H](C)C(=O)N1[C@H]2CCCC[C@H]2C[C@H]1C(=O)O,IPVQLZZIHOAWMC-QXKUPLGCSA-N
13755.0,CCOC1=NN=C(C=C1)NS(=O)(=O)C2=CC=C(C=C2)N,FFJIWWBSBCOKLS-UHFFFAOYSA-N
16682987.0,CCCCCCCCCCCCCCCCCC(=O)O[Al].O.O,OIPZNTLJVJGRCI-UHFFFAOYSA-M
23705.0,CCCCCCCCCCCC[N+](C)(C)CC1=CC=CC=C1.[Br-],KHSLHYAUZSPBIU-UHFFFAOYSA-M
6058.0,C(CS)N,UFULAYFCSOUIOV-UHFFFAOYSA-N
16760141.0,C[C@@H]\1C/C(=C/C[C@@H]2C[C@@H](C[C@@]3(O2)C/C(=N/OC)/[C@@H]([C@H](O3)/C(=C/C(C)C)/C)C)OC(=O)[C@@H]4C=C([C@H]([C@@H]5[C@]4(/C(=C/C=C1)/CO5)O)O)C)/C,YZBLFMPOMVTDJY-CBYMMZEQSA-N
443382.0,CCCCCCCCCCCCCCCC(=O)OC[C@H]([C@@H](C1=CC=C(C=C1)[N+](=O)[O-])O)NC(=O)C(Cl)Cl,PXKHGMGELZGJQE-ILBGXUMGSA-N
12449.0,CCN(CC)C1=CC=C(C=C1)C(=C2C=CC(=[N+](CC)CC)C=C2)C3=CC=CC=C3.OS(=O)(=O)[O-],NNBFNNNWANBMTI-UHFFFAOYSA-M
8111.0,C(CNCCN)N,RPNUMPOLZDHAAY-UHFFFAOYSA-N
77942.0,CC(C)N(CCCl)C(C)C.Cl,IUSXYVRFJVAVOB-UHFFFAOYSA-N
3032281.0,CCCCCCCCCCCCCCCC(=O)OC[C@@H](COP(=O)([O-])OCC[N+](C)(C)C)OC(=O)CCCCCCCCCCCCCCC,KILNVBDSWZSGLL-LHEWISCISA-N
6904.0,C([C@@H]([C@H]([C@@H](C(=O)CO)O)O)O)O,BJHIKXHVCXFQLS-OTWZMJIISA-N
53316417.0,CC[N+]1(CCCC1)C.C(F)(F)(F)S(=O)(=O)[N-]S(=O)(=O)C(F)(F)F,BRVHCCPVIILNPA-UHFFFAOYSA-N
11921.0,C1=CC=C(C(=C1)CCl)[N+](=O)[O-],BXCBUWKTXLWPSB-UHFFFAOYSA-N
637564.0,C/C=C/C=C/C=O,BATOPAZDIZEVQF-MQQKCMAXSA-N
73415808.0,[C@@H]([C@H](C(=O)[O-])[O-])(C(=O)[O-])[O-].[C@@H]([C@H](C(=O)[O-])[O-])(C(=O)[O-])[O-].O.O.O.[K+].[K+].[Sb+3].[Sb+3],WBTCZEPSIIFINA-MSFWTACDSA-J
299.0,C1(=O)C2(C3(C4(C1(C5(C2(C3(C(C45Cl)(Cl)Cl)Cl)Cl)Cl)Cl)Cl)Cl)Cl,LHHGDZSESBACKH-UHFFFAOYSA-N
6197.0,C[C@H]1C[C@@H](C(=O)[C@@H](C1)[C@@H](CC2CC(=O)NC(=O)C2)O)C,YPHMISFOHDHNIV-FSZOTQKASA-N
9910986.0,CN1CC[C@@H]([C@@H](C1)O)C2=C(C=C(C3=C2OC(=CC3=O)C4=CC=CC=C4Cl)O)O.Cl,LGMSNQNWOCSPIK-LWHGMNCYSA-N
20054964.0,C[C@H]1C[C@H]([C@@](O[C@@H]1[C@H]2C[C@@H]([C@@H](O2)[C@@]3(CC[C@@H](O3)[C@@]4(CC[C@@]5(O4)C[C@@H]([C@H]([C@H](O5)[C@@H](C)[C@H]6[C@@H]([C@H]([C@@H]([C@](O6)(CC(=O)[O-])O)C)OC)OC)C)O)C)C)OC7C[C@@H]([C@H]([C@@H](O7)C)OC)OC)(C)O)C.[NH4+],WQGJEAMPBSZCIF-VEKNOCPUSA-N
172306.0,COC1=CC=CC2=C1[C@@H]3CN(C[C@@H]3CO2)CCCCN4C(=O)C5=C(C6=NC(=CN=C6S5)C7=CC=CC=C7)NC4=O.Cl,OFPMGRPQOZABPO-GZJHNZOKSA-N
5281032.0,CN1CCN(CC1)CCCN2C3=C(SC4=CC=CC=C24)C=CC(=C3)Cl.C(=C\C(=O)O)\C(=O)O.C(=C\C(=O)O)\C(=O)O,DSKIOWHQLUWFLG-SPIKMXEPSA-N
135413536.0,C[C@H](C1=CC(=CC(=C1)C(F)(F)F)C(F)(F)F)O[C@@H]2[C@@H](N(CCO2)CC3=NNC(=O)N3)C4=CC=C(C=C4)F,ATALOFNDEOCMKK-OITMNORJSA-N
46780884.0,CN1CCN(CC1)CCCOC2=C(C=C3C(=C2)N=CC(=C3NC4=CC(=C(C=C4Cl)Cl)OC)C#N)OC.CO,KBLGKECLADKUHT-UHFFFAOYSA-N
11626384.0,C1CC2=C(C=CC(=C2)F)O[C@H]1[C@H](CNC[C@@H]([C@@H]3CCC4=C(O3)C=CC(=C4)F)O)O.Cl,JWEXHQAEWHKGCW-BIISKSHESA-N
62770.0,C[C@H]1[C@H]([C@H](C[C@@H](O1)O[C@H]2C[C@@](CC3=C2C(=C4C(=C3O)C(=O)C5=C(C4=O)C(=CC=C5)OC)O)(C(=O)C)O)N)O.Cl,GUGHGUXZJWAIAS-QQYBVWGSSA-N
73675.0,C[Si](CN1C=NC=N1)(C2=CC=C(C=C2)F)C3=CC=C(C=C3)F,FQKUGOMFVDPBIZ-UHFFFAOYSA-N
43116.0,CC[C@@]1(C[C@@H]2C[C@@](C3=C(CCN(C2)C1)C4=CC=CC=C4N3)(C5=C(C=C6C(=C5)[C@]78CCN9[C@H]7[C@@](C=CC9)([C@H]([C@@]([C@@H]8N6C)(C(=O)N)O)O)CC)OC)C(=O)OC)O.OS(=O)(=O)O,COFJBSXICYYSKG-FJFFLIEUSA-N
135465076.0,C1=CC=C(C=C1)/[N+](=N/[O-])/[O-].[NH4+],GXCSNALCLRPEAS-CFYXSCKTSA-N
13745.0,COP(=O)(OC)OC(=CCl)C1=CC(=C(C=C1Cl)Cl)Cl,UBCKGWBNUIFUST-UHFFFAOYSA-N
21013.0,C1=C(C(=C(C(=C1Cl)Cl)Cl)Cl)O,RULKYXXCCZZKDZ-UHFFFAOYSA-N
24180680.0,C[C@@H]1[C@H]([C@H](C[C@@H](O1)O[C@@H]2[C@H](O[C@H](C[C@@H]2O)OC3CC[C@@]4([C@H]5CC[C@@]6([C@H]([C@H](C[C@@]6([C@@H]5CCC4C3)O)O)C7=CC(=O)OC7)C)C)C)O)O[C@H]8C[C@@H]([C@@H]([C@H](O8)C)O[C@H]9[C@@H]([C@H]([C@@H]([C@H](O9)CO)O)O)O)OC(=O)C,XVAPNQFQPDAROQ-KBADXSOQSA-N
11859.0,C1=C(C=C(C(=C1Cl)Cl)Cl)O,GBNHEBQXJVDXSW-UHFFFAOYSA-N
16560.0,CC(=C)C(=O)NC1=CC(=C(C=C1)Cl)Cl,VCBRBUKGTWLJOB-UHFFFAOYSA-N
8341.0,C1=CC=C2C(=C1)C(=O)C3=C(C2=O)C=C(C=C3)N,XOGPDSATLSAZEK-UHFFFAOYSA-N
93184.0,CC1([C@@H](N2[C@H](S1)[C@@H](C2=O)NC(=O)C(C3=CC=CC=C3)C(=O)OC4=CC5=C(CCC5)C=C4)C(=O)O)C,JIRBAUWICKGBFE-MNRDOXJOSA-N
444212.0,C(/C(=C\C(=O)O)/C(=O)O)C(=O)O,GTZCVFVGUGFEME-HNQUOIGGSA-N
5282593.0,CN1[C@@H]2CC[C@H]1CC(C2)OC(=O)C(C3=CC=CC=C3)O,ZTVIKZXZYLEVOL-DGKWVBSXSA-N
444266.0,C(=C\C(=O)O)\C(=O)O,VZCYOOQTPOCHFL-UPHRSURJSA-N
5281250.0,CCCCCCCCCCCCCCCC(=O)O[C@H]1CC(C(=C(C1)C)/C=C/C(=C/C=C/C(=C/C=C/C=C(/C=C/C=C(/C=C/C2=C(C[C@H](CC2(C)C)OC(=O)CCCCCCCCCCCCCCC)C)\C)\C)/C)/C)(C)C,XACHQDDXHDTRLX-XLVVAOPESA-N
4041.0,CN1CCN=C(C2=C1C=CC(=C2)Cl)C3=CC=CC=C3,YLCXGBZIZBEVPZ-UHFFFAOYSA-N
23668516.0,CCCCC(=O)[O-].[K+],OPCDHYPGIGFJGH-UHFFFAOYSA-M
3715.0,CC1=C(C2=C(N1C(=O)C3=CC=C(C=C3)Cl)C=CC(=C2)OC)CC(=O)O,CGIGDMFJXJATDK-UHFFFAOYSA-N
2800.0,CCN(CC)CCOC1=CC=C(C=C1)C(=C(C2=CC=CC=C2)Cl)C3=CC=CC=C3,GKIRPKYJQBWNGO-UHFFFAOYSA-N
8225.0,CCC(=O)O[C@H]1CC[C@@H]2[C@@]1(CC[C@H]3[C@H]2CCC4=C3C=CC(=C4)OC(=O)CC)C,JQIYNMYZKRGDFK-RUFWAXPRSA-N
7436.0,CNCC(=O)C1=CC(=C(C=C1)O)O,PZMVOUYYNKPMSI-UHFFFAOYSA-N
60196345.0,CC(=O)N[C@@H](C=O)[C@@H]([C@@H]([C@H](CO)O)O)O,MBLBDJOUHNCFQT-DKXJUACHSA-N
14743.0,C[C@]12CC[C@H]3[C@H]([C@@H]1CC[C@@H]2OC(=O)CCC4=CC=CC=C4)CCC5=CC(=O)CC[C@]35C,HHSXYDOROIURIP-FEZCWRLCSA-N
9548595.0,C/C=C(/CC[C@@H](C)[C@H]1CC[C@@H]2[C@@]1(CC[C@H]3C2=CC[C@@H]4[C@@]3(CC[C@@H]([C@H]4C)O)C)C)\C(C)C,LPZCCMIISIBREI-JXMPMKKESA-N
6216.0,CC(=O)OCC(=O)[C@]1([C@@H](C[C@@H]2[C@@]1(C[C@@H]([C@]3([C@H]2CCC4=CC(=O)C=C[C@@]43C)F)O)C)OC(=O)C)O,XGMPVBXKDAHORN-RBWIMXSLSA-N
71264.0,CCOC(=O)NC1=CC2=C(CCC3=CC=CC=C3N2C(=O)CN(C)C)C=C1,KJAMZCVTJDTESW-UHFFFAOYSA-N
23665888.0,CC1(CC(=O)C2=CC=CC=C2C1=O)S(=O)(=O)[O-].[Na+],XDPFHGWVCTXHDX-UHFFFAOYSA-M
11065.0,CN(C)CCC=C1C2=CC=CC=C2CCC3=CC=CC=C31.Cl,KFYRPLNVJVHZGT-UHFFFAOYSA-N
43815.0,C1CNC[C@H]([C@@H]1C2=CC=C(C=C2)F)COC3=CC4=C(C=C3)OCO4,AHOUBRCZNHFOSL-YOEHRIQHSA-N
71890.0,C1=CC=C2C(=C1)C(=NN=C2NN)CC3=CC=NC=C3,KCASCYQNVLPVDP-UHFFFAOYSA-N
63002.0,CC(C)(C1=CC=C(C=C1)C(CCCN2CCC(CC2)C(C3=CC=CC=C3)(C4=CC=CC=C4)O)O)C(=O)O.Cl,RRJFVPUCXDGFJB-UHFFFAOYSA-N
4476.0,C1=CC(=CN=C1)C(=O)OCC(COC(=O)C2=CN=CC=C2)(COC(=O)C3=CN=CC=C3)COC(=O)C4=CN=CC=C4,KUEUWHJGRZKESU-UHFFFAOYSA-N
3743.0,CC(=O)N(CC(CO)O)C1=C(C(=C(C(=C1I)C(=O)NCC(CO)O)I)C(=O)NCCO)I,UUMLTINZBQPNGF-UHFFFAOYSA-N
5284584.0,C1CC(=C(N2[C@H]1[C@@H](C2=O)NC(=O)[C@@H](C3=CC=CC=C3)N)C(=O)O)Cl.O,GPYKKBAAPVOCIW-HSASPSRMSA-N
60196346.0,CC(=O)OCC(=O)[C@]1(C(=C)CC2[C@@]1(C[C@@H]([C@]3(C2CCC4=CC(=O)C=C[C@@]43C)F)O)C)O,DEFOZIFYUBUHHU-CODDRGOBSA-N
9886081.0,C[C@@H]1CC[C@@]23CCC(=O)[C@H]2[C@@]1([C@@H](C[C@@]([C@H]([C@@H]3C)O)(C)C=C)OC(=O)CO)C,ZRZNJUXESFHSIO-BKUNHTPHSA-N
443928.0,C[C@@H]1C[C@H]2[C@@H]3C[C@@H](C4=CC(=O)C=C[C@@]4([C@H]3[C@H](C[C@@]2([C@]1(C(=O)COC(=O)C)O)C)O)C)F,HYRKAAMZBDSJFJ-LFDBJOOHSA-N
68549.0,CCN(CCN1C(=NC2=C1C(=O)N(C(=O)N2C)C)CC3=CC=CC=C3)CCO.Cl,PDBXHPORMXSXKO-UHFFFAOYSA-N
71113.0,CCCC(CCC)C(=O)N,OMOMUFTZPTXCHP-UHFFFAOYSA-N
5736.0,CN(C)CCOC1=CC2=CC=CC=C2SC3=C1C=C(C=C3)Cl,HDOZVRUNCMBHFH-UHFFFAOYSA-N
34081.0,C1CC(C(C(C1)(COC(=O)C2=CN=CC=C2)COC(=O)C3=CN=CC=C3)O)(COC(=O)C4=CN=CC=C4)COC(=O)C5=CN=CC=C5,VRAHPESAMYMDQI-UHFFFAOYSA-N
4870.0,CN1C(NC2=CC(=C(C=C2S1(=O)=O)S(=O)(=O)N)Cl)CSCC(F)(F)F,CYLWJCABXYDINA-UHFFFAOYSA-N
198165.0,CC1=CC2=C(C[C@H]3[C@@H]4[C@]2(CCCC4)CCN3C)C=C1.OP(=O)(O)O,ODJHDWLIOUGPPA-URVXVIKDSA-N
39912.0,C[C@@H](C1=CC=C(C=C1)CC(C)C)C(=O)O,HEFNNWSXXWATRW-JTQLQIEISA-N
5284529.0,COC1=C(N2[C@@H]([C@@H](C2=O)NC(=O)[C@@H](C3=CCC=CC3)N)SC1)C(=O)O,RDMOROXKXONCAL-UEKVPHQBSA-N
11693.0,C[N+]1(CCC(C1)OC(=O)C(C2CCCC2)(C3=CC=CC=C3)O)C.[Br-],VPNYRYCIDCJBOM-UHFFFAOYSA-M
2515.0,CCN(CC(C)O)C1=NN=C(C=C1)NNC(=O)OCC,QLTVVOATEHFXLT-UHFFFAOYSA-N
50294.0,CCCC1=C2C(=CC3=C1OC(=CC3=O)C(=O)O)C(=O)C=C(N2CC)C(=O)O,RQTOOFIXOKYGAN-UHFFFAOYSA-N
6257.0,COC1=CC=CC=C1OCC2CNC(=O)O2,ZMNSRFNUONFLSP-UHFFFAOYSA-N
62937.0,CC(C)NCC(COC1=CC=C(C=C1)CCOC)O.CC(C)NCC(COC1=CC=C(C=C1)CCOC)O.C(CC(=O)O)C(=O)O,RGHAZVBIOOEVQX-UHFFFAOYSA-N
7188.0,C1CCN(CC1)C(=S)SSC(=S)N2CCCCC2,KNBRWWCHBRQLNY-UHFFFAOYSA-N
5994.0,CC(=O)[C@H]1CC[C@@H]2[C@@]1(CC[C@H]3[C@H]2CCC4=CC(=O)CC[C@]34C)C,RJKFOVLPORLFTN-LEKSSAKUSA-N
6446.0,C[C@]12CCC(=O)C=C1CC[C@@H]3[C@@]2([C@H](C[C@]4([C@H]3CC[C@]4(C)O)C)O)F,YLRFCQOZQXIBAB-RBZZARIASA-N
7083.0,CC1=CC2=C(C=C1N)SC3=CC(=[N+](C)C)C=CC3=N2.[Cl-],GEDVVYWLPUPJJZ-UHFFFAOYSA-N
2557.0,CN1CC(C2=CC(=C(C=C21)O)N=NC(=O)N)O,SSCSSDNTQJGTJT-UHFFFAOYSA-N
7902.0,CN(C)CCO,UEEJHVSXFDXPFK-UHFFFAOYSA-N
2724333.0,[C@H]1([C@@H]2[C@@H]([C@H](C(=O)O2)O)O[C@H]1O)O,OGLCQHRZUSEXNB-WHDMSYDLSA-N
107526.0,C([C@H]([C@H]([C@@H]([C@H](C=O)O)O)O)O)O,GZCGUPFRVQAUEE-SLPGGIOYSA-N
7618.0,C(CO)N(CCO)CCO,GSEJCLTVZPLZKY-UHFFFAOYSA-N
9904.0,C[C@]12CC[C@H]3[C@H]([C@@H]1CC[C@@H]2O)CCC4=CC(=O)CC[C@H]34,NPAGDVCDWIYMMC-IZPLOLCNSA-N
21700.0,CCC(=O)OCC(=O)[C@]1([C@H](C[C@@H]2[C@@]1(C[C@@H]([C@]3([C@H]2CCC4=CC(=O)C=C[C@@]43C)Cl)O)C)C)OC(=O)CC,KUVIULQEHSCUHY-XYWKZLDCSA-N
3705.0,C1=CC2=C(C=C1S(=O)(=O)O)C(=C(N2)C3=NC4=C(C3=O)C=C(C=C4)S(=O)(=O)O)O,JMEVHYCNAPFOAB-UHFFFAOYSA-N
60196347.0,CCN\1C2=CC=CC=C2S/C1=C/C=C/C=C/C3=[N+](C4=CC=CC=C4S3)CC.[Cl-],YKJIWQOIXAXDTR-UHFFFAOYSA-M
2006.0,C1=CC(=CC(=C1)NC(=O)C(=O)O)C2=NNN=N2,VWQZJJZGISNFOE-UHFFFAOYSA-N
10113978.0,CC1=C(C=C(C=C1)NC2=NC=CC(=N2)N(C)C3=CC4=NN(C(=C4C=C3)C)C)S(=O)(=O)N,CUIHSIWYWATEQL-UHFFFAOYSA-N
16052038.0,CCCCCCCCCCCCCCCC(=O)O[C@@H]1[C@H]([C@H]([C@H](O[C@@H]1SC)[C@@H]([C@H](C)Cl)NC(=O)[C@@H]2C[C@H](CN2C)CCC)O)O.Cl,GTNDZRUWKHDICY-DJHAJVGHSA-N
65632.0,C1CSC(=O)C1NC(=O)CSCC(=O)O,QGFORSXNKQLDNO-UHFFFAOYSA-N
8395.0,CCOC(=O)COC1=CC2=C(C=C1)C(=O)C=C(O2)C3=CC=CC=C3,ZVXBAHLOGZCFTP-UHFFFAOYSA-N
10212.0,CC(=CCOC1=C2C(=CC3=C1OC=C3)C=CC(=O)O2)C,OLOOJGVNMBJLLR-UHFFFAOYSA-N
16961.0,C[C@@H]1C[C@H]2[C@@H]3CCC4=CC(=O)C=C[C@@]4([C@]3([C@H](C[C@@]2([C@]1(C(=O)COP(=O)([O-])[O-])O)C)O)F)C.[Na+].[Na+],PLCQGRYPOISRTQ-FCJDYXGNSA-L
54678486.0,CC(=O)CC(C1=CC=CC=C1)C2=C(C3=CC=CC=C3OC2=O)O,PJVWKTKQMONHTI-UHFFFAOYSA-N
119020.0,C(CCN=C(N)N)CN=C(N)N.OS(=O)(=O)O,RWTGFMPOODRXIM-UHFFFAOYSA-N
11650.0,C(=N)(N)N.C(=N)(N)N.C(=O)(O)O,STIAPHVBRDNOAJ-UHFFFAOYSA-N
636396.0,C1[C@@H]([C@H]([C@@H]([C@H]([C@@H]1N)O[C@@H]2[C@@H]([C@H]([C@@H]([C@H](O2)CO)O)N)O)O)O[C@@H]3[C@@H]([C@H]([C@@H]([C@H](O3)CN)O)O)N)N.OS(=O)(=O)O,YGTPKDKJVZOVCO-KELBJJLKSA-N
71277.0,CC[C@@H]1[C@@]([C@@H]([C@H](C(=O)[C@@H](C[C@@]([C@@H]([C@H]([C@@H]([C@H](C(=O)O1)C)O[C@H]2C[C@@]([C@H]([C@@H](O2)C)O)(C)OC)C)O[C@H]3[C@@H]([C@H](C[C@H](O3)C)N(C)C)OC(=O)CC)(C)O)C)C)O)(C)O,TYQXKHPOXXXCTP-CSLYCKPJSA-N
3037582.0,[C@@H]([C@@H]([C@H](C(=O)O)O)O)([C@@H](C(=O)O)O)O,DSLZVSRJTYRBFB-DUHBMQHGSA-N
135482068.0,CCNCC.CCN(CC)/[N+](=N/O)/[O-],BCWUDVHLRZWMBE-YJOCEBFMSA-N
439318.0,C1[C@@H]([C@H]([C@@H]([C@H]([C@@H]1N)O[C@@H]2[C@@H]([C@H]([C@@H]([C@H](O2)CO)O)N)O)O)O[C@@H]3[C@@H]([C@H]([C@@H]([C@H](O3)CN)O)O)N)N,SKKLOUVUUNMCJE-FQSMHNGLSA-N
122797.0,COC1=CC(=CC(=C1O)OC)[C@H]2[C@@H]3[C@H](COC3=O)[C@@H](C4=CC5=C(C=C24)OCO5)O,YVCVYCSAAZQOJI-JHQYFNNDSA-N
6437877.0,CC1=C(SC=N1)/C=C\C2=C(N3[C@@H]([C@@H](C3=O)NC(=O)/C(=N\OC)/C4=CSC(=N4)N)SC2)C(=O)OCOC(=O)C(C)(C)C,AFZFFLVORLEPPO-UVYJNCLZSA-N
5561.0,C(CCl)N(CCCl)CCCl,FDAYLTPAFBGXAB-UHFFFAOYSA-N
208947.0,CC1=C2CC[C@@H](C(=O)N2C3=CC=CC=C13)CC4=C(NC=N4)C,AEKQMJRJRAHOAP-CYBMUJFWSA-N
3089.0,CC(CN1C2=CC=CC=C2SC3=C1C=C(C=C3)S(=O)(=O)N(C)C)N(C)C,VWNWVCJGUMZDIU-UHFFFAOYSA-N
3047798.0,CC1CC(=O)NN=C1C2=CC=C(C=C2)NCC(C)(C)NCC(COC3=C(C=CC(=C3)Cl)C#N)O,SHAJOALCPZUGLR-UHFFFAOYSA-N
213037.0,C1COCCN1S(=O)(=O)C2=CC=C(C=C2)NC(=O)C3=C(C=CC(=C3)Cl)NS(=O)(=O)C4=CC=C(S4)Cl,PQHLRGARXNPFCF-UHFFFAOYSA-N
60196348.0,CCN(CC)C(=O)C1=CC(=C(C=C1N(CC)CCN(C)C)N2CCC(CC2)C3=CC=CC=C3)S(=O)(=O)CC4=CC=CC=C4.C(=O)(C(F)(F)F)O,XDSUEKSKAPHPTN-UHFFFAOYSA-N
644025.0,CN[C@]1(CCCCC1=O)C2=CC=CC=C2Cl,YQEZLKZALYSWHR-CYBMUJFWSA-N
182137.0,CN[C@@]1(CCCCC1=O)C2=CC=CC=C2Cl,YQEZLKZALYSWHR-ZDUSSCGKSA-N
16051931.0,CNC(=NC)NCC1=CC=CC=C1.CNC(=NC)NCC1=CC=CC=C1.OS(=O)(=O)O,YTIJUXVIZLYQTB-UHFFFAOYSA-N
9800972.0,CCN(CC)CCC1=C(C2=C(C=C(C=C2)OCC(=O)OCC)OC1=O)C.Cl,KSQIAZKOUOEHSA-UHFFFAOYSA-N
284314.0,CC1=CC=C(C=C1)S(=O)(=O)O.CS(=O)(=O)OCCCNCCCOS(=O)(=O)C,XQGSVNHIIVBMPX-UHFFFAOYSA-N
24194514.0,CC1=C(C2=CC(=C(C=C2N1)OC)OC)CCN3CCN(CC3)C4=CC=CC=C4.Cl,USAPVNXIZYFWLO-UHFFFAOYSA-N
3003870.0,COC1=C(C=C(C=C1)C2NC(=S)N3N2C(=S)NC3C4=CC(=C(C=C4)OC)OC)OC,IFSLBHIBVNZLNQ-UHFFFAOYSA-N
9434.0,C[N+](C)(CCCCCC[N+](C)(C)C1C2=CC=CC=C2C3=CC=CC=C13)C4C5=CC=CC=C5C6=CC=CC=C46.[Br-].[Br-],WDEFPRUEZRUYNW-UHFFFAOYSA-L
16682839.0,C1=CC(=CC=C1NC(=O)CO)[As](=O)(O)O[Bi]=O,FATAHBJTOKXSDH-UHFFFAOYSA-M
9866696.0,C1=CC2=C(C(=C1)O)C(=O)C3=C(C2[C@H]4[C@@H]([C@H]([C@@H]([C@H](O4)CO)O)O)O)C=C(C=C3O)CO,AFHJQYHRLPMKHU-CGISPIQUSA-N
8954.0,C1=CC(=CC=C1NCS(=O)[O-])S(=O)(=O)C2=CC=C(C=C2)NCS(=O)[O-].[Na+].[Na+],AZBNFLZFSZDPQF-UHFFFAOYSA-L
656634.0,COC1=CC(=CC(=C1OC)OC)C[C@H]2C3=CC(=C(C=C3CCN2)O)O.Cl,UHSXRTHJCJGEKG-UQKRIMTDSA-N
443949.0,C1CN(CCN1CCO)C(=O)CN2C3=C(C=CC(=C3)Cl)SC2=O.Cl,UKNGDQSYPNBJAO-UHFFFAOYSA-N
16106.0,CN1CCN(CC1)C2=NC3=CC=CC=C3CC4=CC=CC=C42,PWRPUAKXMQAFCJ-UHFFFAOYSA-N
3015003.0,CN(CC1=C(C=CC=C1Cl)NC(=O)C2=CC=CC=C2)CC(=O)N3CCOCC3.Cl,ZAOHKACVOFGZOI-UHFFFAOYSA-N
101587.0,C[N+]1(CCN(CC1)CC(C2CCCCC2)(C3=CC=CC=C3)O)C.COS(=O)(=O)[O-],NSILVESQCSUIAJ-UHFFFAOYSA-M
8589.0,CCC(C1=CC=CC=C1)C2=NOC(=N2)CCN(CC)CC.C(C(=O)O)C(CC(=O)O)(C(=O)O)O,WFAULHLDTDDABL-UHFFFAOYSA-N
55361.0,C(CCCN=C(N)N)CCC(=O)NC(C(=O)NCCCCNCCCN)O.Cl.Cl.Cl,AXSPHUWXYSZPBG-UHFFFAOYSA-N
23616254.0,CCOC(=O)C1(CCCN(CC1)C)C2=CC=CC=C2.Cl,XHRYXPJUXHWWJD-UHFFFAOYSA-N
5468154.0,C1=CC2=C(C=C(C(=C2N=C1)O)C(=O)NC3=CC(=C(C=C3)/C=C/C4=C(C=C(C=C4)NC(=O)C5=CC(=C6C=CC=NC6=C5O)S(=O)(=O)O)S(=O)(=O)O)S(=O)(=O)O)S(=O)(=O)O,NNHYHQPZMITHQP-AATRIKPKSA-N
400769.0,C[C@@]12CC[C@]3(CCC(C[C@H]3[C@H]1C(=O)C=C4[C@]2(CC[C@@H]5[C@@]4(C=C(C(=O)C5(C)C)C#N)C)C)(C)C)C(=O)OC,WPTTVJLTNAWYAO-KPOXMGGZSA-N
3034658.0,CC(=O)[C@]1(CC[C@@H]2[C@@]1(C[C@@H](C3([C@H]2CCC4=CC(=O)CC[C@@]43C)F)O)C)O,OFSXGKOMEGSTSE-YTAPOSPOSA-N
60196349.0,CCCCCCCCCC(=O)N[O-].[Na+],JIIMLORWBQFAJV-UHFFFAOYSA-N
223866.0,CN(C)CCOC1=CC=CC=C1CC2=CC=CC=C2.C1=CC(=C(C=C1N)O)C(=O)O,JRVBTXQCSKBPEV-UHFFFAOYSA-N
135403635.0,C1CCN(CC1)CC2=CNC3=C2C(=O)NC=N3,YPBUATXUTLIOSC-UHFFFAOYSA-N
12113.0,CCOC1=CC=C(C=C1)NC(=NC2=CC=C(C=C2)OCC)C.Cl,RRRKUSYYBYVFMC-UHFFFAOYSA-N
6992284.0,C1CN2CCC1[C@@H](C2)CN3C4=CC=CC=C4SC5=CC=CC=C53,HOKDBMAJZXIPGC-INIZCTEOSA-N
403.0,C1=CC(=CC=C1N)O,PLIKAWJENQZMHA-UHFFFAOYSA-N
6584.0,CC(=O)OC,KXKVLQRXCPHEJC-UHFFFAOYSA-N
7501.0,C=CC1=CC=CC=C1,PPBRXRYQALVLMV-UHFFFAOYSA-N
20250.0,C1=CC(=C(C=C1Cl)Cl)C(=O)CCl,VYWPPRLJNVHPEU-UHFFFAOYSA-N
5282215.0,C1CCNC2=C(C1)C=CC(=C2)C(=O)CCC3CCN(CC3)CC4=CC=CC=C4.C(=C/C(=O)O)\C(=O)O,CWEHWZPCDBRUNO-WLHGVMLRSA-N
68547.0,C1=CC(=CC=C1N=C=S)OC2=CC=C(C=C2)[N+](=O)[O-],SVMGVZLUIWGYPH-UHFFFAOYSA-N
57823090.0,CCO[C@H](CC1=CC=C(C=C1)OCCC2=CC=C(C=C2)OS(=O)(=O)C)C(=O)O,CXGTZJYQWSUFET-LJQANCHMSA-N
10251042.0,CCOC(=O)C1=C2CN(C(=O)C3=C(N2C=N1)C=CC=C3I)C,FRIZVHMAECRUBR-UHFFFAOYSA-N
129209.0,CC1=C(C(=CC=C1)C)N(CCCC2=CN=CC=C2)C(=O)C(C)N.Cl.Cl,VLIYADXYDUEILX-UHFFFAOYSA-N
27891.0,CCCCNC1=CC=C(C=C1)C(=O)OCC[NH+](CC)CC.[Cl-],XTIUAXFQEAMQRU-UHFFFAOYSA-N
4783.0,C1=CC=C(C=C1)OC(=O)CCCCCCCCC#CI,YXYXRFVXKCHITA-UHFFFAOYSA-N
130956.0,C1=CC2=NC=C(N2C=C1)CC(O)(P(=O)(O)O)P(=O)(O)O,VMMKGHQPQIEGSQ-UHFFFAOYSA-N
216237.0,CC1=CC=CC=C1C(=O)NC2=CC(=C(C=C2)C(=O)N3CCCC(C4=C3C=CC(=C4)Cl)O)C,GYHCTFXIZSNGJT-UHFFFAOYSA-N
210301.0,C[N+]1(CCCCC1)CC2COC(O2)(C3=CC=CC=C3)C4=CC=CC=C4.[I-],NOXZRZKBAKQQAL-UHFFFAOYSA-M
3740.0,C1=C(C(=C(C(=C1I)NC(=O)COCCOCCOCC(=O)NC2=C(C=C(C(=C2I)C(=O)O)I)I)I)C(=O)O)I,JXMIBUGMYLQZGO-UHFFFAOYSA-N
9811353.0,C1=CC(=CC(=C1)C2=C(C=CC(=C2)CCCCCCC3=CC(=C(C=C3)O[C@@H]4[C@H]([C@H]([C@@H]([C@H](O4)CO)O)O)O)C5=CC=CC(=C5)CC(=O)O)O[C@@H]6[C@H]([C@H]([C@@H]([C@H](O6)CO)O)O)O)CC(=O)O,RYWCQJDEHXJHRI-XJMXIVSISA-N
53315139.0,CCOC(=O)CC1=CC(=CC=C1)C2=C(C=CC(=C2)CCCCCCC3=CC(=C(C=C3)O[C@@H]4[C@H]([C@H]([C@@H]([C@H](O4)COC(=O)C)OC(=O)C)OC(=O)C)OC(=O)C)C5=CC=CC(=C5)CC(=O)OCC)O[C@@H]6[C@H]([C@H]([C@@H]([C@H](O6)COC(=O)C)OC(=O)C)OC(=O)C)OC(=O)C,UCMXDJFDVQUZHE-MPGCQMRFSA-N
132916.0,C1CN2C(=O)[C@H](N=C(C3=CC=CC1=C32)C4=CC=CC=C4F)NC(=O)C5=CC6=CC=CC=C6N5,WKJDXKWFGJWGAS-XMMPIXPASA-N
10455790.0,C1CN2C(=O)[C@@H](N=C(C3=CC=CC1=C32)C4=CC=CC=C4F)NC(=O)C5=CC6=CC=CC=C6N5,WKJDXKWFGJWGAS-DEOSSOPVSA-N
23663963.0,CCC1=CC(=C2C1=CC=CC(=C2)C(C)C)S(=O)(=O)[O-].[Na+],KXGWXVVNYQOMQZ-UHFFFAOYSA-M
185457.0,C1=CC=C(C=C1)C(=O)SCC(=O)NCC(=O)NCC(=O)NCC(=O)O,VDPYMEBVIDZKMD-UHFFFAOYSA-N
1999.0,CCC(C1=CC=CC=C1)C(=O)NC(=O)NC(=O)C,GBPZSCQLDXUGNO-UHFFFAOYSA-N
125564.0,CCN1CCN(CC1)C2=NC3=C(CCCCCC3)C(=C2)C4=CC=C(C=C4)F,XVGOZDAJGBALKS-UHFFFAOYSA-N
151173.0,C1C(O[C@H](O1)CO)N2C=CC(=NC2=O)N,RXRGZNYSEHTMHC-MLWJPKLSSA-N
10133071.0,CC(=O)NC1=NC(=O)N(C=C1)C2COC(O2)COC(=O)C3=CC=CC=C3,BAODLFFHZLIRKZ-UHFFFAOYSA-N
3035267.0,CCOC(=O)OCC/C(=C(\C)/N(CC1=CN=C(N=C1N)C)C=O)/SC(=O)OCC.Cl,LIOJHMDIELWKFZ-OBBOLZQKSA-N
26602.0,CCOC(=O)NC(C)(C)CC1=CC=C(C=C1)Cl,TZWKUQDQKPYNLL-UHFFFAOYSA-N
5282203.0,CC(C1=CC=C(C=C1)/C=C/2\CCCCC2=O)C(=O)O,AUZUGWXLBGZUPP-GXDHUFHOSA-N
133264.0,CCCCCOC1=C(C=C(C=C1)C2C(=O)NC(=O)S2)OCC,CRPGRUONUFDYBG-UHFFFAOYSA-N
71809.0,CC[N+](CC)(CC)CCOC(=O)C(C1CCCC1)C2CCCC2.[Br-],ADZXDFALMZGPTN-UHFFFAOYSA-M
130990.0,CCCCCCCCCCCCCCCCCCNC(=O)OC1CCN(CC1)C(=O)OC[C@H](COC(=O)N(CC2=CC=CC=[N+]2CC)C(=O)C3=CC=CC=C3OC)OC.[Cl-],IXRMFSBOHHRXSS-YPMTVOEDSA-N
72004.0,CCOC(=O)C1=CC=C(C=C1)OCCN2C[C@@H]([C@H]([C@@H]([C@H]2CO)O)O)O,NWWORXYTJRPSMC-QKPAOTATSA-N
3309.0,CCN1C(C2=CC=CC=C2C1=O)NC3=CC=C(C=C3)OCCN4CCCCC4,ITIONVBQFUNVJV-UHFFFAOYSA-N
9568078.0,CC1=CC=C(C=C1)/C=N/N2C(=CSC2=S)C3=CC=CC=C3,SRANDCPSMJNFCK-WOJGMQOQSA-N
5282450.0,C1CCN(CC1)CC2=CC(=NC=C2)OC/C=C\CNC3=C(C(=O)C3=O)N,XMDYZASWLGWIPL-DJWKRKHSSA-N
6918106.0,CN1[C@@H]2CC[C@H]1CC(C2)NC(=O)N3C4=CC=CC=C4NC3=O,RWXRJSRJIITQAK-YOGCLGLASA-N
65870.0,CCOC(=O)CN1C=CC=C1C2=NC(=C(S2)C3=CC=C(C=C3)OC)C4=CC=C(C=C4)OC,ISCHOARKJADAKJ-UHFFFAOYSA-N
127998.0,CC1=CC=C(C=C1)C(=O)CC(CSC(=O)C)C(=O)O,YRSSFEUQNAXQMX-UHFFFAOYSA-N
129319.0,CCNC(=O)NCCCOC1=CC=CC(=C1)CN2CCCCC2,SVCQBXMFONNZHX-UHFFFAOYSA-N
23684123.0,CC1=CC=CC=C1C(=O)N2CC/C(=N\OS(=O)(=O)[O-])/C3=C2C=C(C=C3)Cl.[K+],NQFKOWCYLQFLSM-QTCZRQAZSA-M
19879.0,CC(C1=CC=CC=C1)N[NH3+].OS(=O)(=O)[O-],XTODHAAOYCGVIW-UHFFFAOYSA-N
20054967.0,CCCCC/C=C\C/C=C\CCCCCCCC(=O)NC(C)C1=CC=CC=C1,RWIUTHWKQHRQNP-NQLNTKRDSA-N
3045414.0,CC(C)(C)NC[C@@H](C1=C(C=C(C=C1)O)Cl)O,LIXBJWRFCNRAPA-NSHDSACASA-N
60810.0,C1CN(CCN1CCCC(=O)NC2C3=CC=CC=C3CSC4=CC=CC=C24)C5=CC=C(C=C5)F,WFNRNNUZFPVBSM-UHFFFAOYSA-N
65953.0,CC1=C(C(C(=C(N1)COC(=O)N)C(=O)OC(C)C)C2=C(C(=CC=C2)Cl)Cl)C(=O)OC,WTOVRSWDBLIFHU-UHFFFAOYSA-N
60790.0,COC1=C(C=C(C=C1)CNCC(COC2=CC3=C(C=C2)NC(=O)C=C3)O)OC,BYKYPZBCMBEEGU-UHFFFAOYSA-N
443947.0,CC[C@H]1C[C@H]2[C@@H]3CCC4=CC(=O)CC[C@@H]4[C@H]3CC[C@@]2([C@H]1O)C,FCKLFGKATYPJPG-SSTBVEFVSA-N
4726.0,CCCCCC1NC2=C(C=C(C(=C2)C(F)(F)F)S(=O)(=O)N)S(=O)(=O)N1,AKHXXQAIVSMYIS-UHFFFAOYSA-N
167180.0,C1CCN(CC1)CC(C2=NOC(=C2)C3=CC=CC=C3)O.C(C(=O)O)C(CC(=O)O)(C(=O)O)O,LLIFHVXJAXBPMC-UHFFFAOYSA-N
164486.0,C1=CN(C(=N1)[N+](=O)[O-])CO[C@@H](CO)[C@@H](CO)O,FIITXXIVUIXYMI-RQJHMYQMSA-N
20749.0,CC[N+]1(CCC(=C(C2=CC=CC=C2)C3=CC=CC=C3)C1C)CC.[Br-],UCGJZJXOPSNTGZ-UHFFFAOYSA-M
19596.0,CC1=NC(=CC(=N1)OC)NS(=O)(=O)C2=CC=C(C=C2)N,QKLSCPPJEVXONT-UHFFFAOYSA-N
34051.0,CC1=CC(=CC=C1)N(C)C(=S)OC2=CC3=C(CCC3)C=C2,ANJNOJFLVNXCHT-UHFFFAOYSA-N
129991.0,CC(=O)OCC(=O)NC1=CC(=CC(=C1Cl)NC(=O)COC(=O)C)C#N,VNVBCWREJHKWSG-UHFFFAOYSA-N
119175.0,CC1C2=NN=C(N2C3=C(C=C(S3)CCC4=CC=C(C=C4)CC(C)C)C(=N1)C5=CC=CC=C5Cl)C,RMSWMRJVUJSDGN-UHFFFAOYSA-N
60196351.0,C1[C@@H](C2=C(CN1)C(=C(C=C2)O)O)C3=CC(=C(C=C3)O)O.Cl,NHCWZEQEFHNLBQ-HNCPQSOCSA-N
5464257.0,CC1=NN(N=N1)CC2=C(N3[C@@H]([C@@H](C3=O)NC(=O)/C(=N/OC)/C4=CSC(=N4)N)SC2)C(=O)O,XSPUSVIQHBDITA-KXDGEKGBSA-N
71793.0,C1CCN(C1)NC(=O)NS(=O)(=O)C2=CC=C(C=C2)Cl,HNSCCNJWTJUGNQ-UHFFFAOYSA-N
5311398.0,CCC(=O)O[C@H]1[C@H](C[C@@H]2[C@@]1(CC[C@H]3[C@H]2CC[C@@H]4[C@@]3(C[C@@H]([C@H](C4)OC(=O)C)N5CCCCC5)C)C)[N+]6(CCCCC6)CC=C.[Br-],LVQTUXZKLGXYIU-GWSNJHLMSA-M
53948566.0,CCC(=O)O[C@H]1[C@H](C[C@@H]2[C@@]1(CC[C@H]3[C@H]2CC[C@@H]4[C@@]3(C[C@@H]([C@H](C4)OC(=O)C)N5CCCCC5)C)C)N6CCCCC6,JCTBRKGARALROK-ABAFHIJKSA-N
60021.0,CC1CN(CCN1)C2=C(C=C3C(=C2)N(C=C(C3=O)C(=O)O)C4=C(C=C(C=C4)F)F)F,QKDHBVNJCZBTMR-UHFFFAOYSA-N
15004.0,CCCOC(=O)CC1=CC(=C(C=C1)OCC(=O)N(CC)CC)OC,KEJXLQUPYHWCNM-UHFFFAOYSA-N
71900.0,CC1=NC(=CN1C2=CC=C(C=C2)[N+](=O)[O-])[N+](=O)[O-],NMTBSNPBIGRZBL-UHFFFAOYSA-N
33176.0,CC1=C(C2=C(N1CC(=O)O)C=C(C=C2)OC)C(=O)C3=CC=C(C=C3)Cl,DGMZLCLHHVYDIS-UHFFFAOYSA-N
10236.0,C1=CC=C2C(=C1)C(=O)C(C2=O)(O)O,FEMOMIGRRWSMCU-UHFFFAOYSA-N
9570475.0,C/C(=N\O)/C1=CC=C(C=C1)OCC(=O)N2CCCCC2,XUDSQIDNHJMBBW-FOWTUZBSSA-N
35751.0,CC(=O)C1=CC=C(C=C1)OCC(=O)N2CCCCC2,HFHLKKYWNAOHCI-UHFFFAOYSA-N
65394.0,C1=CC=C(C(=C1)CC(=O)O)OC2=C(C=C(C=C2)Cl)Cl,IDKAXRLETRCXKS-UHFFFAOYSA-N
34870.0,C1CC2=CC=CC=C2C(C3=CC=CC=C31)NCCCCCCC(=O)O,ONNOFKFOZAJDHT-UHFFFAOYSA-N
60196352.0,C1CNCCC1CCC2=CNC3=CC=CC=C32.Cl,GIPICJLTGNEIIL-UHFFFAOYSA-N
4474062.0,CN1C=C(C(=O)C2=C1C=C(C=C2)F)S(=O)C,UYGONJYYUKVHDD-UHFFFAOYSA-N
3033626.0,CC1C2=CC=CC=C2CN1NC(=O)C3=CC(=C(C=C3)Cl)S(=O)(=O)N,BHUKYXOYJMLRAK-UHFFFAOYSA-N
27901.0,CN1CCC(CC1)N(CC2=CC=CS2)C3=CC=CC=C3,KLOHYVOVXOUKQI-UHFFFAOYSA-N
91273.0,C1C[C@H]2C[C@@H]1[C@H]3[C@@H]2C(=O)N(C3=O)CCCCN4CCN(CC4)C5=NC=CC=N5,CEIJFEGBUDEYSX-FZDBZEDMSA-N
71467.0,CC(COC1=CC=CC=C1)NN,QNEXFJFTGQBXBJ-UHFFFAOYSA-N
31473.0,CC(C)CCOCC(CN1CCOCC1)OC(=O)C2=CC(=C(C(=C2)OC)OC)OC,YOKPRDAUBGOISU-UHFFFAOYSA-N
26391.0,CC(=O)OC1=CC=C(C=C1)C2(C(=O)NC3=CC=CC=C3O2)C4=CC=C(C=C4)OC(=O)C,ZCBJDQBSLZREAA-UHFFFAOYSA-N
3489.0,CC(C)(C)C1=NN=C(S1)NS(=O)(=O)C2=CC=CC=C2,NMWQEPCLNXHPDX-UHFFFAOYSA-N
636399.0,CC(CCC1=CC2=C(C=C1)OCO2)NN.Cl,UOZNXVYMTZITGP-UHFFFAOYSA-N
208925.0,CCCCCC[C@@H](CCC)C(=O)O,YCYMCMYLORLIJX-SNVBAGLBSA-N
4921.0,CCCN(CCC)C(=O)C(CCC(=O)OCCCN1CCN(CC1)CCOC(=O)CC2=C(N(C3=C2C=C(C=C3)OC)C(=O)C4=CC=C(C=C4)Cl)C)NC(=O)C5=CC=CC=C5,PTXGHCGBYMQQIG-UHFFFAOYSA-N
66067.0,CCOP(=O)(CC)OC1=CC=C(C=C1)[N+](=O)[O-],XXUJMEYKYHETBZ-UHFFFAOYSA-N
4047.0,CC1(CCCO1)CN(C)S(=O)(=O)C2=CC(=C(C=C2)Cl)S(=O)(=O)N,SMNOERSLNYGGOU-UHFFFAOYSA-N
20056549.0,CO[C@]1([C@H]2N(C1=O)C(=C(CO2)CSC3=NN=NN3CCO)C(=O)O)NC(=O)CSC(F)F,UHRBTBZOWWGKMK-SWLSCSKDSA-N
4257.0,C1CCN2C(C1)NC(=O)C23CCN(CC3)CCCN4C5=CC=CC=C5CCC6=C4C=C(C=C6)Cl,PXUIZULXJVRBPC-UHFFFAOYSA-N
53665.0,C1(C(=C(C(=O)O1)Cl)C(Cl)Cl)O,WNTRMRXAGJOLCU-UHFFFAOYSA-N
44341259.0,C1CC12CN(C[C@@H]2N)C3=C(C=C4C(=C3Cl)N(C=C(C4=O)C(=O)O)C5C[C@H]5F)F,PNUZDKCDAWUEGK-VBUNGHGYSA-N
11499.0,C(CO[N+](=O)[O-])N(CCO[N+](=O)[O-])CCO[N+](=O)[O-],HWKQNAWCHQMZHK-UHFFFAOYSA-N
688576.0,CC(=O)O[C@@H]1[C@H]2[C@H]([C@@H](C(=O)O2)OC(=O)C)OC1=O,ZOZKYEHVNDEUCO-XUTVFYLZSA-N
208836.0,CC(C(C1=CC=CC=C1)O)N(C)CCOC(C2=CC=CC=C2)C3=CC=CC=C3,OEHKWMHRFWWMQK-UHFFFAOYSA-N
3300.0,CCOC(=O)C1=CC=C(C=C1)NC(=O)CN2CCCCC2,QLGIFPJNYPWBMQ-UHFFFAOYSA-N
32995.0,CN(C)C(=O)CNC(=O)CC1=CC=CC=C1,OZTTXCISDPJUDI-UHFFFAOYSA-N
164072.0,CC1=NC2=C(CC3=C(O2)C=CC(=C3)C(C)C(=O)OCC(=O)N(C)C)C=C1,ZAKRMJAETCUYKK-UHFFFAOYSA-N
71837.0,CCN(CC)CCNC(=O)C1=C(C=C(C=C1)Cl)OCC=C,UHWFVIPXDFZTFA-UHFFFAOYSA-N
2461.0,CCCCC1C(=O)NC(=O)N(C1=O)C2CCCCC2,DVEQCIBLXRSYPH-UHFFFAOYSA-N
198695.0,C1CCN(CC1)C(=O)[C@H]2CCC(=O)N2,GOWRRBABHQUJMX-MRVPVSSYSA-N
198707.0,C[C@H](CN1CCCC1)C(=O)C2=CC=C(C=C2)C(F)(F)F,RYZCWZZJFAKYHX-LLVKDONJSA-N
229455.0,C[C@]12CC[C@H]3[C@H]([C@@H]1CC[C@@H]2OC(=O)CCC4=CC=CC=C4)CCC5=CC(=O)CC[C@H]35,UBWXUGDQUBIEIZ-QNTYDACNSA-N
21800.0,CCC(=O)OCC(=O)[C@]1([C@H](C[C@@H]2[C@@]1(C[C@@H]([C@]3([C@H]2CCC4=CC(=O)C=C[C@@]43C)F)O)C)C)OC(=O)CC,CIWBQSYVNNPZIQ-XYWKZLDCSA-N
59774.0,CC1=NC=CN1CC2CCC3=C(C2=O)C4=CC=CC=C4N3C.O.O.Cl,VRSLTNZJOUZKLX-UHFFFAOYSA-N
6434144.0,CN1CCCN=C1/C=C/C2=CC=CS2.[C@@H]([C@H](C(=O)O)O)(C(=O)O)O,VWRCYAZJKNPEQR-NIEARKAZSA-N
80311.0,CN(C)CCN(CC1=CC=C(C=C1)Cl)C2=CC=CC=N2.Cl,VEYWWAGBHABATA-UHFFFAOYSA-N
5284555.0,C[C@]12CC[C@H]3[C@H]([C@@H]1CCC2=O)CCC4=C3C=CC(=C4)OS(=O)(=O)O.C1CNCCN1,HZEQBCVBILBTEP-ZFINNJDLSA-N
592735.0,CCC(C)(C)C1C(=O)N2CCCC2C3(N1C(=O)C(O3)(C(C)C)NC(=O)C4CC5C(CC6=CNC7=CC=CC5=C67)N(C4)C)O,YLXBZBPHTNJZQE-UHFFFAOYSA-N
2151.0,CC1=C(C(=O)N(N1C)C2=CC=CC=C2)N,RLFWWDJHLFCNIJ-UHFFFAOYSA-N
7314.0,C([C@@H]1[C@@H]([C@@H]([C@H]([C@@H](O1)O[C@H]([C@@H](CO)O)[C@@H]([C@H](C(=O)O)O)O)O)O)O)O,JYTUSYBCFIZPBE-AMTLMPIISA-N
15605556.0,CC(CCC=C(C)C)NC.CC(CCC=C(C)C)NC.[C@@H]([C@@H]([C@H](C(=O)O)O)O)([C@@H](C(=O)O)O)O,WSXKZIDINJKWPM-IBGZLQDMSA-N
10041070.0,C[C@]12C=CC3=C4CCC(=O)C=C4CC[C@H]3[C@@H]1CC[C@]2(CC=C)O,VWAUPFMBXBWEQY-ANULTFPQSA-N
9570290.0,CCOP(=S)(OCC)O/N=C(\C#N)/C1=CC=CC=C1,ATROHALUCMTWTB-WYMLVPIESA-N
13081.0,CCOP(=S)(OCC)SCSC1=CC=C(C=C1)Cl,VEDTXTNSFWUXGQ-UHFFFAOYSA-N
2723722.0,CC(=O)[C@H]1CC[C@@H]2[C@@]1(CC[C@H]3[C@H]2CC=C4[C@@]3(CC[C@@H](C4)OC(=O)C)C)C,CRRKVZVYZQXICQ-RJJCNJEVSA-N
156414.0,C=CC(=O)NC1=C(C=C2C(=C1)C(=NC=N2)NC3=CC(=C(C=C3)F)Cl)OCCCN4CCOCC4,OMZCMEYTWSXEPZ-UHFFFAOYSA-N
10127622.0,CN1C=NC2=C1C=C(C(=C2F)NC3=C(C=C(C=C3)Br)Cl)C(=O)NOCCO,CYOHGALHFOKKQC-UHFFFAOYSA-N
6918454.0,C1CC1CONC(=O)C2=C(C(=C(C=C2)F)F)NC3=C(C=C(C=C3)I)Cl,GFMMXOIFOQCCGU-UHFFFAOYSA-N
9826528.0,C1=CC(=C(C=C1I)F)NC2=C(C=CC(=C2F)F)C(=O)NOC[C@@H](CO)O,SUDAHWBOROXANE-SECBINFHSA-N
148177.0,CCCCCCCCCCCCCCCCCCOP(=O)([O-])OC1CC[N+](CC1)(C)C,SZFPYBIJACMNJV-UHFFFAOYSA-N
3038522.0,CC(C)OC1=CC=C(C=C1)NC(=O)N2CCN(CC2)C3=NC=NC4=CC(=C(C=C43)OC)OCCCN5CCCCC5,UXXQOJXBIDBUAC-UHFFFAOYSA-N
176167.0,CN1C=C(C2=CC=CC=C21)C3=C(C(=O)NC3=O)C4=CN(C5=CC=CC=C54)C6CCN(CC6)CC7=CC=CC=N7,AXRCEOKUDYDWLF-UHFFFAOYSA-N
24964624.0,C1CC(C1)(C2=CC=C(C=C2)C3=C(C=C4C(=N3)C=CN5C4=NNC5=O)C6=CC=CC=C6)N,ULDXWLCXEDXJGE-UHFFFAOYSA-N
23725098.0,CC1=NN=C(N1C2C[C@H]3CC[C@@H](C2)N3CC[C@H](C4=CC=CC=C4)NC(=O)C5CCC(CC5)(F)F)C(C)C,GSNHKUDZZFZSJB-BTUDYTORSA-N
68781.0,C[C@@H]1CC2=CC3=C(C(=C2C4=C(C(=C(C=C4C[C@@]1(C)O)OC)OC)OC)OC)OCO3,ZWRRJEICIPUPHZ-SFDCACGMSA-N
5832.0,CC(=O)O[C@]1(CC[C@@H]2[C@@]1(CC[C@H]3[C@H]2CCC4=CC(=O)CC[C@H]34)C)C#C,IMONTRJLAWHYGT-ZCPXKWAGSA-N
2724552.0,C1[C@H]([C@@H]([C@@H]([C@@](O1)(CO)O)O)O)O,LKDRXBCSQODPBY-VANKVMQKSA-N
72081.0,C1C[C@H](N(C1)C(=O)[C@@H]2CSSC[C@@H](C(=O)N[C@H](C(=O)N[C@H](C(=O)N[C@H](C(=O)N[C@H](C(=O)N2)CC(=O)N)CCC(=O)N)CC3=CC=CC=C3)CC4=CC=C(C=C4)O)NC(=O)CNC(=O)CNC(=O)CN)C(=O)N[C@@H](CCCCN)C(=O)NCC(=O)N,BENFXAYNYRLAIU-QSVFAHTRSA-N
444000.0,C[C@]12CC[C@H]3[C@H]([C@@H]1CC[C@@H]2OP(=O)([O-])[O-])CCC4=C3C=CC(=C4)OC(=O)N(CCCl)CCCl.[Na+].[Na+],IIUMCNJTGSMNRO-VVSKJQCTSA-L
6410758.0,C1C(=C(N2[C@H](S1)[C@@H](C2=O)NC(=O)[C@@H](C3=CC=C(C=C3)O)N)C(=O)O)CSC4=NNN=C4,UOCJDOLVGGIYIQ-PBFPGSCMSA-N
6526396.0,CC(C)OC(=O)OC(C)OC(=O)C1=C(CS[C@H]2N1C(=O)[C@H]2NC(=O)/C(=N\OC)/C3=CSC(=N3)N)COC,LTINZAODLRIQIX-FBXRGJNPSA-N
16051933.0,C1C[C@H](N(C1)C(=O)[C@@H]2CSSCCC(=O)N[C@H](C(=O)N[C@H](C(=O)N[C@H](C(=O)N[C@H](C(=O)N2)CC(=O)N)CCC(=O)N)CC3=CC=CC=C3)CC4=CC=C(C=C4)O)C(=O)N[C@@H](CCCN=C(N)N)C(=O)NCC(=O)N,NFLWUMRGJYTJIN-NXBWRCJVSA-N
23624131.0,CC(C)C[C@@H](C(=O)N[C@@H](CCCN=C(N)N)C(=O)N1CCC[C@H]1C(=O)NCC(=O)N)NC(=O)CNC(=O)[C@H](CC2=CC=C(C=C2)O)NC(=O)[C@H](CO)NC(=O)[C@H](CC3=CNC4=CC=CC=C43)NC(=O)[C@H](CC5=CN=CN5)NC(=O)[C@@H]6CCC(=O)N6.Cl,UPRWQSQENCASAD-HBBGHHHDSA-N
5597.0,COC1=CC(=CC(=C1OC)OC)C(=O)NC2CCCNC2,YSIITVVESCNIPR-UHFFFAOYSA-N
5311051.0,C[C@H]1C[C@H]2[C@@H]3CCC4=CC(=O)C=C[C@@]4([C@]3([C@H](C[C@@]2([C@]1(C(=O)CCl)O)C)O)F)C,FCSHDIVRCWTZOX-DVTGEIKXSA-N
6917067.0,CC[C@@H]1[C@@]([C@@H]2[C@H]([C@H]([C@@H](C[C@@]([C@@H]([C@H]([C@@H]([C@H](C(=O)O1)C)O[C@H]3C[C@@]([C@H]([C@@H](O3)C)O)(C)OC)C)O[C@H]4[C@@H]([C@H](C[C@H](O4)C)N(C)C)O)(C)O)C)N[C@H](O2)COCCOC)C)(C)O,WLOHNSSYAXHWNR-NXPDYKKBSA-N
156422.0,CC1=CC=C(C=C1)N2C(=CC(=N2)C(C)(C)C)NC(=O)NC3=CC=C(C4=CC=CC=C43)OCCN5CCOCC5,MVCOAUNKQVWQHZ-UHFFFAOYSA-N
5284517.0,C[C@@H]([C@@H]1CC[C@H]([C@H](O1)O[C@@H]2[C@H]([C@@H]([C@@H]([C@H]([C@H]2O)N(C)C(=O)CN)OC)O)N)N)N,BIDUPMYXGFNAEJ-APGVDKLISA-N
3050408.0,CC1=C(C=CC(=C1)N2C(=O)NC(=O)N(C2=O)C)OC3=CC=C(C=C3)S(=O)(=O)C(F)(F)F,VBUNOIXRZNJNAD-UHFFFAOYSA-N
92877.0,C[C@@]12CCC[C@H]1[C@@H]3CC[C@H]4C[C@H](CC[C@@]4([C@H]3CC2)C)O,DJTOLSNIKJIDFF-LOVVWNRFSA-N
2159.0,CCN1CCCC1CNC(=O)C2=CC(=C(C=C2OC)N)S(=O)(=O)CC,NTJOBXMMWNYJFB-UHFFFAOYSA-N
182230.0,CC(=O)N[C@@H](CCC(=O)N)C(=O)O,KSMRODHGGIIXDV-YFKPBYRVSA-N
12598086.0,CC(=O)NC1=C(C(=C(C(=C1I)C(=O)O)I)NC(=O)C)I.O.O,JHQKUXXJPHSPOL-UHFFFAOYSA-N
62820.0,C(C(CO)OP(=O)([O-])[O-])O.[Ca+2],UHHRFSOMMCWGSO-UHFFFAOYSA-L
79717.0,CC1=CC(=CC(=C1O)C)C(C)(C)C2=CC(=C(C(=C2)C)O)C,ODJUOZPKKHIEOZ-UHFFFAOYSA-N
10631.0,C[C@H]1C[C@@H]2[C@H](CC[C@]3([C@H]2CC[C@@]3(C(=O)C)O)C)[C@@]4(C1=CC(=O)CC4)C,FRQMUZJSZHZSGN-HBNHAYAOSA-N
92146.0,C([C@@H]1[C@H]([C@@H]([C@H]([C@H](O1)O[C@@H]2[C@H](O[C@@H]([C@@H]([C@H]2O)O)O[C@H]([C@@H](CO)O)[C@@H]([C@H](C=O)O)O)CO)O)O)O)O,RXVWSYJTUUKTEA-CGQAXDJHSA-N
656804.0,C[C@]12C[C@@H]([C@H]3[C@H]([C@@H]1CC[C@@]2(C(=O)COC(=O)CCC(=O)O)O)CCC4=CC(=O)C=C[C@]34C)O,APGDTXUMTIZLCJ-CGVGKPPMSA-N
60196356.0,CCN1CCN(C(=O)C1=O)C(=O)N[C@H](C2=CC=CC=C2)C(=O)N[C@H]3[C@@H]4N(C3=O)[C@@H](C(S4)(C)C)C(=O)[O-].[Na+],WCMIIGXFCMNQDS-UVINOEOUSA-M
643684.0,CCCCCC[C@H](C/C=C\CCCCCCCC(=O)O)O,WBHHMMIMDMUBKC-QJWNTBNXSA-N
60196357.0,C([C@@H]1[C@H]([C@@H]([C@H]([C@H](O1)O[C@]2([C@H]([C@@H]([C@H](O2)COS(=O)(=O)O[Al])OS(=O)(=O)O[Al])OS(=O)(=O)O[Al])COS(=O)(=O)O[Al])OS(=O)(=O)O[Al])OS(=O)(=O)O[Al])OS(=O)(=O)O[Al])OS(=O)(=O)O[Al].O.O.O.O.O.O.O.O.O.O.O.O.O.O.O.O.O.O.O.O.O.O.O.O.O.O.O.O.O.O.O.O.[Al].[Al].[Al].[Al].[Al].[Al].[Al].[Al],IRIPCXKKNOWLLY-PIPKHVHYSA-F
60149.0,C1CN(CCC1C2=CN(C3=C2C=C(C=C3)Cl)C4=CC=C(C=C4)F)CCN5CCNC5=O,GZKLJWGUPQBVJQ-UHFFFAOYSA-N
16013.0,C1=CC(=CC=C1N=NC2=C(NN(C2=O)C3=CC=C(C=C3)S(=O)(=O)[O-])C(=O)[O-])S(=O)(=O)[O-].[Na+].[Na+].[Na+],ZLWLTDZLUVBSRJ-UHFFFAOYSA-K
23479.0,CC(CC(C1=CC=CC=C1)C2=CC=CC=C2)NC(C)(C)C.Cl,RNGHAJVBYQPLAZ-UHFFFAOYSA-N
7991.0,CCCCC(=O)O,NQPDZGIKBAWPEJ-UHFFFAOYSA-N
9298.0,COP(=S)(OC)OC1=CC(=C(C=C1Cl)Cl)Cl,JHJOOSLFWRRSGU-UHFFFAOYSA-N
439693.0,C1[C@@H]([C@H](O[C@H]1N2C=NC3=C2NC=NC[C@H]3O)CO)O,FPVKHBSQESCIEP-JQCXWYLXSA-N
119171.0,CC1=C(C(C(=C(N1)C)P2(=O)OCC(CO2)(C)C)C3=CC(=CC=C3)[N+](=O)[O-])C(=O)OCCN(CC4=CC=CC=C4)C5=CC=CC=C5,NSVFSAJIGAJDMR-UHFFFAOYSA-N
37767.0,CCCCCCCCCCCCCCCC(=O)OCCC1CCN(CC1)CCCN2C3=CC=CC=C3SC4=C2C=C(C=C4)S(=O)(=O)N(C)C,KTOYYUONFQWSMW-UHFFFAOYSA-N
124246.0,CS(=O)(=O)NC1=C(C=C2C(=C1)OC=C(C2=O)NC=O)OC3=CC=CC=C3,ANMATWQYLIFGOK-UHFFFAOYSA-N
65359.0,C(CC(=O)N[C@@H](CSSC[C@@H](C(=O)NCC(=O)O)NC(=O)CC[C@@H](C(=O)O)N)C(=O)NCC(=O)O)[C@@H](C(=O)O)N,YPZRWBKMTBYPTK-BJDJZHNGSA-N
10633.0,C[C@]12CCC(=O)C[C@@H]1CC[C@@H]3[C@@H]2CC[C@]4([C@H]3CC[C@]4(C)O)C,WYZDXEKUWRCKOB-YDSAWKJFSA-N
13806.0,CCNC1=CC2=C(C=C1C)C(=C3C=C(C(=[NH+]CC)C=C3O2)C)C4=CC=CC=C4C(=O)OCC.[Cl-],VYXSBFYARXAAKO-UHFFFAOYSA-N
65889.0,CC1=NN=C2N1C3=C(C=C(S3)CCC(=O)N4CCOCC4)C(=NC2)C5=CC=CC=C5Cl,JGPJQFOROWSRRS-UHFFFAOYSA-N
5462501.0,C[C@@H](C(=O)N1CCC[C@H]1C(=O)O)N[C@@H](CCC2=CC=CC=C2)C(=O)O,LZFZMUMEGBBDTC-QEJZJMRPSA-N
55250378.0,[C@@H]1([C@H]2[C@@H](C(O[C@@H]1C(=O)O2)O)O)O,NNKCVJYUFBVOMM-MJCJSMLMSA-N
44460585.0,CCC(C)[C@@H]1[C@H](C=C[C@@]2(O1)C[C@@H]3C[C@H](O2)C/C=C(/[C@H]([C@H](/C=C/C=C/4\CO[C@H]5[C@@]4([C@@H](C=C([C@H]5O)C)C(=O)O3)O)C)O[C@H]6C[C@@H]([C@H]([C@@H](O6)C)O[C@H]7C[C@@H]([C@@H]([C@@H](O7)C)NC(=O)C)OC)OC)\C)C,ZKWQQXZUCOBISE-BTUYMBSXSA-N
6060.0,CC(=O)OCC[N+](C)(C)C.[Cl-],JUGOREOARAHOCO-UHFFFAOYSA-M
311.0,C(C(=O)O)C(CC(=O)O)(C(=O)O)O,KRKNYBCHXYNGOX-UHFFFAOYSA-N
443753.0,CC(C)(CO)[C@H](C(=O)NCCC(=O)[O-])O.CC(C)(CO)[C@H](C(=O)NCCC(=O)[O-])O.[Ca+2],FAPWYRCQGJNNSJ-UBKPKTQASA-L
16211610.0,COC1=CC2=C(C=CN=C2C=C1)[C@H]([C@@H]3C[C@@H]4CCN3C[C@@H]4C=C)O.COC1=CC2=C(C=CN=C2C=C1)[C@H]([C@@H]3C[C@@H]4CCN3C[C@@H]4C=C)O.O.O.OS(=O)(=O)O,ZHNFLHYOFXQIOW-LPYZJUEESA-N
23667631.0,CC1=C(C(=NO1)C2=CC=CC=C2)C(=O)N[C@H]3[C@@H]4N(C3=O)[C@H](C(S4)(C)C)C(=O)[O-].[Na+],VDUVBBMAXXHEQP-SLINCCQESA-M
9832750.0,C[C@H]1/C=C/C=C/2\CO[C@H]3[C@@]2([C@@H](C=C([C@H]3O)C)C(=O)O[C@H]4C[C@@H](C/C=C(/[C@H]1O[C@H]5C[C@@H]([C@H]([C@@H](O5)C)O[C@H]6C[C@@H]([C@H]([C@@H](O6)C)O)OC)OC)\C)O[C@]7(C4)C=C[C@@H]([C@H](O7)C8CCCCC8)C)O,QLFZZSKTJWDQOS-YDBLARSUSA-N
40854.0,COC(=O)NC1=NC2=C(N1)C=C(C=C2)S(=O)C3=CC=CC=C3,BEZZFPOZAYTVHN-UHFFFAOYSA-N
2879.0,CC1=CC=C(C=C1)O,IWDCLRJOBJJRNH-UHFFFAOYSA-N
8546.0,C1=CC=C2C(=C1)C=C(C(=C2CC3=C(C(=CC4=CC=CC=C43)C(=O)O)O)O)C(=O)O,WLJNZVDCPSBLRP-UHFFFAOYSA-N
19571.0,CCC(=O)O[C@H]1CC[C@@H]2[C@@]1(CC[C@H]3[C@H]2CCC4=C3C=CC(=C4)O)C,PQCRZWCSVWBYSC-AGRFSFNASA-N
7510.0,C1=CC(=CN=C1)CO,MVQVNTPHUGQQHK-UHFFFAOYSA-N
5280531.0,CCCCCCCCCCCCCCCC(=O)OC/C=C(\C)/C=C/C=C(\C)/C=C/C1=C(CCCC1(C)C)C,VYGQUTWHTHXGQB-FFHKNEKCSA-N
338.0,C1=CC=C(C(=C1)C(=O)O)O,YGSDEFSMJLZEOE-UHFFFAOYSA-N
4101.0,C1N2CN3CN1CN(C2)C3,VKYKSIONXSXAKP-UHFFFAOYSA-N
2723854.0,C1=CC2=C(C=C1S(=O)(=O)[O-])C(=C(N2)C3=NC4=C(C3=O)C=C(C=C4)S(=O)(=O)[O-])O.[Na+].[Na+],JFVXEJADITYJHK-UHFFFAOYSA-L
7681.0,CN(C)CC1=CC=CC=C1,XXBDWLFCJWSEKW-UHFFFAOYSA-N
31234.0,C1=CC=C(C=C1)CCCO,VAJVDSVGBWFCLW-UHFFFAOYSA-N
8361.0,C1=CC=C(C=C1)OC(=O)C2=CC=CC=C2O,ZQBAKBUEJOMQEX-UHFFFAOYSA-N
53315431.0,C(C(C(=O)[O-])[S-])C(=O)[O-].O.[Na+].[Na+].[Au+],YLQOAPBVYJCTPW-UHFFFAOYSA-K
10788.0,CN1CN(C(=S)SC1)C,QAYICIQNSGETAS-UHFFFAOYSA-N
6880.0,C1=CC=C(C(=C1)C(=O)OCCO)O,LVYLCBNXHHHPSB-UHFFFAOYSA-N
996.0,C1=CC=C(C=C1)O,ISWSIDIOOBJBQZ-UHFFFAOYSA-N
3259.0,C1=CC=C2C(=C1)C(=O)OC23C4=CC(=C(C(=C4OC5=C(C(=C(C=C35)I)O)I)I)O)I,OALHHIHQOFIMEF-UHFFFAOYSA-N
3102.0,C1=CC=C(C=C1)C(=O)C2=CC=CC=C2,RWCCWEUUXYIKHB-UHFFFAOYSA-N
11551560.0,C(C[NH-])[NH-].[Cl-].[Cl-].[Pt+4],IROITDSZMKWTSF-UHFFFAOYSA-L
3270262.0,C=CS(=O)(=O)[O-].[Na+],BWYYYTVSBPRQCN-UHFFFAOYSA-M
11643980.0,CC(=O)[O-].C[N+](C)(C)CCO,QLKGUVGAXDXFFW-UHFFFAOYSA-M
1981.0,CC1=C(C2=C(N1C(=O)C3=CC=C(C=C3)Cl)C=CC(=C2)OC)CC(=O)OCC(=O)O,FSQKKOOTNAMONP-UHFFFAOYSA-N
5311010.0,CC[C@H](C)[C@H]1C(=O)N[C@H](C(=O)N[C@H](C(=O)N[C@@H](CSSCCC(=O)N[C@@H](C(=O)N1)CC2=CC=C(C=C2)OCC)C(=O)N3CCC[C@H]3C(=O)N[C@@H](CCCN)C(=O)NCC(=O)N)CC(=O)N)[C@@H](C)O,VWXRQYYUEIYXCZ-OBIMUBPZSA-N
441325.0,CCCCC1=C(C2=CC=CC=C2O1)C(=O)C3=CC(=C(C(=C3)I)OCCN(CC)CC)I.Cl,ITPDYQOUSLNIHG-UHFFFAOYSA-N
9853654.0,CC(C)(C)OC(=O)NCCC(=O)N[C@@H](CC1=CNC2=CC=CC=C21)C(=O)N[C@@H](CCSC)C(=O)N[C@@H](CC(=O)O)C(=O)N[C@@H](CC3=CC=CC=C3)C(=O)N,NEYNJQRKHLUJRU-DZUOILHNSA-N
5311035.0,CCCC1(CCC1)[C@@H](C/C=C/[C@H]2[C@@H](CC(=O)[C@@H]2CCCCCCC(=O)OC)O)O,XRISENIKJUKIHD-LHQZMKCDSA-N
5745.0,CC(=O)OCC(=O)[C@]1(CC[C@@H]2[C@@]1(CC(=O)[C@H]3[C@H]2CCC4=CC(=O)CC[C@]34C)C)O,ITRJWOMZKQRYTA-RFZYENFJSA-N
656833.0,C1=CC(=CC=C1[C@H]([C@@H](COC(=O)CCC(=O)[O-])NC(=O)C(Cl)Cl)O)[N+](=O)[O-].[Na+],RPLOPBHEZLFENN-HTMVYDOJSA-M
23667300.0,CO[C@@]1([C@@H]2N(C1=O)C(=C(CS2)COC(=O)N)C(=O)[O-])NC(=O)CC3=CC=CS3.[Na+],GNWUOVJNSFPWDD-XMZRARIVSA-M
2543.0,CCCCCC1=CC(=C2C(=C1)OC(C3=C2C=C(C=C3)C)(C)C)O,VBGLYOIFKLUMQG-UHFFFAOYSA-N
23665731.0,CN1C(=NN=N1)SCC2=C(N3[C@@H]([C@@H](C3=O)NC(=O)[C@@H](C4=CC=CC=C4)OC=O)SC2)C(=O)[O-].[Na+],ICZOIXFFVKYXOM-YCLOEFEOSA-M
38103.0,CC1=C(N2[C@@H]([C@@H](C2=O)NC(=O)[C@@H](C3=CCC=CC3)N)SC1)C(=O)O,RDLPVSKMFDYCOR-UEKVPHQBSA-N
5484438.0,CN1CC[C@@]23CCCC[C@@H]2[C@@H]1CC4=C3C=C(C=C4)O.[C@@H]([C@H](C(=O)O)O)(C(=O)O)O,RWTWIZDKEIWLKQ-XCPWPWHNSA-N
6301.0,CC1=NC2=C(C=C1)C(=CC(=C2O)Cl)Cl,GPTXWRGISTZRIO-UHFFFAOYSA-N
24066.0,C1C[C@@H](O[C@@H]1CO)N2C=CC(=NC2=O)N,WREGKURFCTUGRC-POYBYMJQSA-N
19529.0,CN(C1=CC=C(C=C1)OC(=O)C2=CC=CO2)C(=O)C(Cl)Cl,BDYYDXJSHYEDGB-UHFFFAOYSA-N
2997.0,C1C(=O)NC2=C(C=C(C=C2)Cl)C(=N1)C3=CC=CC=C3,AKPLHCDWDRPJGD-UHFFFAOYSA-N
62064.0,CC(CC1=CC(=C(C=C1OC)Br)OC)N.Br,KOUBEZAODVTFTG-UHFFFAOYSA-N
23675786.0,CC1=C(C(=NO1)C2=C(C=CC=C2Cl)Cl)C(=O)N[C@H]3[C@@H]4N(C3=O)[C@H](C(S4)(C)C)C(=O)[O-].O.[Na+],SIGZQNJITOWQEF-VICXVTCVSA-M
104769.0,CC(C)NCC(COC1=CC=C(C=C1)CCC(=O)OC)O.Cl,GEKNCWBANDDJJL-UHFFFAOYSA-N
443953.0,CC[C@@H]1[C@@]([C@@H]([C@H](C(=O)[C@@H](C[C@@]([C@@H]([C@H]([C@@H]([C@H](C(=O)O1)C)O[C@H]2C[C@@]([C@H]([C@@H](O2)C)O)(C)OC)C)O[C@H]3[C@@H]([C@H](C[C@H](O3)C)N(C)C)OC(=O)CCC(=O)OCC)(C)O)C)C)O)(C)O,NSYZCCDSJNWWJL-YXOIYICCSA-N
48040.0,CN1CCCCC1CCC2=CC=CC=C2NC(=O)C3=CC=C(C=C3)OC.Cl,OJIIZIWOLTYOBS-UHFFFAOYSA-N
16158.0,C[C@@H]1C[C@H]2C3C[C@@H](C4=CC(=O)C=CC4([C@]3([C@H](CC2([C@]1(C(=O)COC(=O)C(C)(C)C)O)C)O)F)C)F,JWRMHDSINXPDHB-UZNGINFASA-N
16850.0,C1=CC=C2C(=C1)C(=O)OC23C4=C(C=C(C=C4)O)OC5=C3C=CC(=C5)O,GNBHRKFJIUUOQI-UHFFFAOYSA-N
23694214.0,C[C@]12CCC(=O)C=C1CC[C@@H]3[C@@H]2[C@H](C[C@]4([C@H]3CC[C@@]4(C(=O)COC(=O)CCC(=O)[O-])O)C)O.[Na+],HHZQLQREDATOBM-CODXZCKSSA-M
169870.0,CCCCCC(=O)O[C@@]1(CC[C@@H]2[C@@]1(CC[C@H]3[C@H]2CCC4=CC(=O)CC[C@]34C)C)C(=O)C,DOMWKUIIPQCAJU-LJHIYBGHSA-N
3671.0,CC(C)C1=NN2C=CC=CC2=C1C(=O)C(C)C,ZJVFLBOZORBYFE-UHFFFAOYSA-N
3739.0,C1=C(C(=C(C(=C1I)NC(=O)CCCCC(=O)NC2=C(C=C(C(=C2I)C(=O)O)I)I)I)C(=O)O)I,FFINMCNLQNTKLU-UHFFFAOYSA-N
55008.0,CCCCCCCCCCCCCCCCSCC(COC)COP(=O)([O-])OCC[N+](C)(C)C,ODEDPKNSRBCSDO-UHFFFAOYSA-N
657180.0,CCNC(=O)[C@@H]1CCCN1C(=O)[C@H](CCCN=C(N)N)NC(=O)[C@H](CC(C)C)NC(=O)[C@@H](CC(C)C)NC(=O)[C@H](CC2=CC=C(C=C2)O)NC(=O)[C@H](CO)NC(=O)[C@H](CC3=CNC4=CC=CC=C43)NC(=O)[C@H](CC5=CN=CN5)NC(=O)[C@@H]6CCC(=O)N6.CC(=O)O,RGLRXNKKBLIBQS-XNHQSDQCSA-N
6076.0,C1[C@@H]2[C@H]([C@H]([C@@H](O2)N3C=NC4=C(N=CN=C43)N)O)OP(=O)(O1)O,IVOMOUWHDPKRLL-KQYNXXCUSA-N
247.0,C[N+](C)(C)CC(=O)[O-],KWIUHFFTVRNATP-UHFFFAOYSA-N
65709.0,CCN(CC)CCN1C2=CC=CC=C2N=C(C1=O)CC3=CC=C(C=C3)OC,MSPRUJDUTKRMLM-UHFFFAOYSA-N
6603759.0,C[C@@H]1[C@@H]2CC3=C([C@]1(CCN2CC4CC4)C)C=C(C=C3)O,YQYVFVRQLZMJKJ-UUWFMWQGSA-N
74724.0,C[N+](C)(C)CCO.[Br-],JJCWKVUUIFLXNZ-UHFFFAOYSA-M
11224.0,CC(C1=CC=CC=C1)(C2=CC=CC=N2)OCCN(C)C.C(CC(=O)O)C(=O)O,KBAUFVUYFNWQFM-UHFFFAOYSA-N
71157.0,CC1=C(C(=CC=C1)C)NC(=O)CN2CCCC2=O,NGHTXZCKLWZPGK-UHFFFAOYSA-N
58504.0,CCN(CC)CCNC(=O)C1=CC=C(C=C1)NS(=O)(=O)C.Cl,OKXAJGDKHKNFAX-UHFFFAOYSA-N
5472495.0,CC\1=C(C2=C(/C1=C\C3=CC=C(C=C3)S(=O)(=O)C)C=CC(=C2)F)CC(=O)O,MVGSNCBCUWPVDA-MFOYZWKCSA-N
23680530.0,C[C@H]1C[C@H]2[C@@H]3CC[C@@]([C@]3(C[C@@H]([C@@H]2[C@@]4(C1=CC(=O)C=C4)C)O)C)(C(=O)COC(=O)CCC(=O)[O-])O.[Na+],FQISKWAFAHGMGT-SGJOWKDISA-M
110823.0,CC(CC1=CC2=C(C=C1)OCO2)N.Cl,XLAOKZDOZHZWBK-UHFFFAOYSA-N
4947.0,CCCOC(=O)C1=CC(=C(C(=C1)O)O)O,ZTHYODDOHIVTJV-UHFFFAOYSA-N
2969.0,CCCCCCCCCC(=O)O,GHVNFZFCNZKVNT-UHFFFAOYSA-N
1183.0,COC1=C(C=CC(=C1)C=O)O,MWOOGOJBHIARFG-UHFFFAOYSA-N
8467.0,CCOC1=C(C=CC(=C1)C=O)O,CBOQJANXLMLOSS-UHFFFAOYSA-N
8554.0,COC(=O)C1=CC=CC=C1C(=O)OC,NIQCNGHVCWTJSM-UHFFFAOYSA-N
31404.0,CC1=CC(=C(C(=C1)C(C)(C)C)O)C(C)(C)C,NLZUEZXRPGMBCV-UHFFFAOYSA-N
120070.0,COC(=O)C(C(=O)OC)Cl,LNBQBURECUEBKZ-UHFFFAOYSA-N
9920342.0,CCCCCCCC/C=C\CCCCCCCC(=O)OC[C@H]([C@@H]1[C@@H]([C@H](CO1)O)O)O,NWGKJDSIEKMTRX-AAZCQSIUSA-N
443403.0,C1CN[C@H]2CC3=C4[C@@]15[C@H]2C=C[C@@H]([C@@H]5OC4=C(C=C3)O)O,ONBWJWYUHXVEJS-WYCAWQEYSA-N
6433272.0,C[C@H]1/C=C/C=C/CC/C=C/C=C/C=C/C=C/C(CC2C(C(C[C@](O2)(CC(C(CCC(CC(CC(CC(=O)O[C@H]([C@@H]([C@@H]1O)C)C)O)O)O)O)O)O)O)C(=O)O)O[C@@H]3[C@H]([C@H]([C@@H]([C@H](O3)C)O)N)O,VQOXZBDYSJBXMA-RKEBNKJGSA-N
6054.0,C1=CC=C(C=C1)CCO,WRMNZCZEMHIOCP-UHFFFAOYSA-N
145866992.0,CCCCNC(=O)[C@H](CCCN)NC(=O)[C@H](CCCN)NC(=O)[C@H](CCCN)NC(=O)[C@H](CCCN)NC(=O)[C@H](CCCN)NC(=O)[C@H](CCCN)NC(=O)[C@H](CCCN)NC(=O)[C@H](CCCN)NC(=O)[C@H](CCCN)NC(=O)[C@H](CCCN)NC(=O)[C@H](CCCN)NC(=O)[C@H](CCCN)NC(=O)[C@H](CCCN)NC(=O)[C@H](CCCN)NC(=O)[C@H](CCCN)NC(=O)[C@H](CCCN)NC(=O)[C@H](CCCN)NC(=O)[C@H](CCCN)NC(=O)[C@H](CCCN)NC(=O)[C@H](CCCN)N.Cl,VPFUTHUABXYFHY-VQQPERLMSA-N
33630.0,C1CN(CCC1(C2=CC(=C(C=C2)Cl)C(F)(F)F)O)CCCC(C3=CC=C(C=C3)F)C4=CC=C(C=C4)F,MDLAAYDRRZXJIF-UHFFFAOYSA-N
517321.0,CCCOC1=C(C=C(C=C1)C(=O)OCCN(CC)CC)N.Cl,BFUUJUGQJUTPAF-UHFFFAOYSA-N
57348914.0,C(C(C(=O)[O-])O)(C(=O)[O-])O.C(C(C(=O)[O-])O)(C(=O)[O-])O.O.[K+].[Sb+3],BLJSNFJFAWGMFS-UHFFFAOYSA-J
638034.0,CC1=C(C(CCC1)(C)C)/C=C/C(=C/C=C/C(=C/COC(=O)C)/C)/C,QGNJRVVDBSJHIZ-QHLGVNSISA-N
7214.0,CCC(=CC)C(=O)NC(=O)N,QCUPYFTWJOZAOB-UHFFFAOYSA-N
60196360.0,C[C@]12CC[C@](C[C@H]1C3=CC(=O)[C@@H]4[C@]5(CC[C@@H](C(C5CC[C@]4([C@@]3(CC2)C)C)(C)C)O[C@@H]6[C@@H]([C@H]([C@@H]([C@H](O6)C(=O)[O-])O)O)O[C@H]7[C@@H]([C@H]([C@@H]([C@H](O7)C(=O)O)O)O)O)C)(C)C(=O)O.[Na+],WRZYGPIFICWRCG-UIAZACTHSA-M
10374.0,C1=CC(=CC=C1NC2=NC=NC(=N2)N)Cl,YRZQHIVOIFJEEE-UHFFFAOYSA-N
7010.0,CCC(C)C(C1=CC=CC=C1)C(=O)OCC[N+](C)(CC)CC.[Br-],CEJGGHKJHDHLAZ-UHFFFAOYSA-M
7697.0,C1=CC(=CC=C1OCC(CO)O)Cl,MXOAEAUPQDYUQM-UHFFFAOYSA-N
51668574.0,CS(=O)(=O)NC(=O)CCC/C=C\C[C@@H]1[C@H]([C@@H](CC1=O)O)/C=C/[C@@H](COC2=CC=CC=C2)O,UQZVCDCIMBLVNR-LRGCSWIWSA-N
5984.0,C([C@H]([C@H]([C@@H](C(=O)CO)O)O)O)O,BJHIKXHVCXFQLS-UYFOZJQFSA-N
23677960.0,C([O-])S(=O)O.O.O.[Na+],VJWVWUHJLZEHOU-UHFFFAOYSA-N
92729.0,CC1=C(C=C2CC[C@@](OC2=C1C)(C)CCC[C@H](C)CCC[C@H](C)CCCC(C)C)O,QUEDXNHFTDJVIY-DQCZWYHMSA-N
5443.0,C1=CC=C(C(=C1)C(=O)O)S,NBOMNTLFRHMDEZ-UHFFFAOYSA-N
20838960.0,C1CCC(CC1)[C@@H](/C=C/[C@H]2[C@@H](C[C@H]3[C@@H]2C/C(=C/C4=CC(=CC=C4)C(=O)O)/O3)O)O.[Na+],KPQVOJYDUCZQEQ-REHYUDDHSA-N
19604.0,CCOC(=O)NNC1=NN=CC2=CC=CC=C21.Cl,OMCOKCNIYWULQH-UHFFFAOYSA-N
1175.0,C12=C(NC(=O)N1)NC(=O)NC2=O,LEHOTFFKMJEONL-UHFFFAOYSA-N
4837.0,C1CNCCN1,GLUUGHFHXGJENI-UHFFFAOYSA-N
159278.0,C1=CC(=CC=C1CCO[C@H]2[C@@H]([C@H]([C@@H]([C@H](O2)CO)O)O)O)O,ILRCGYURZSFMEG-RKQHYHRCSA-N
151166.0,CC1=CC(=C(C=C1)NC2=C(C=CC=C2Cl)F)CC(=O)O,KHPKQFYUPIUARC-UHFFFAOYSA-N
5870.0,C[C@]12CC[C@H]3[C@H]([C@@H]1CCC2=O)CCC4=C3C=CC(=C4)O,DNXHEGUUPJUMQT-CBZIJGRNSA-N
63049.0,CCC(=O)OCC(=O)[C@]1([C@@H](C[C@@H]2[C@@]1(C[C@@H]([C@]3([C@H]2CCC4=CC(=O)C=C[C@@]43C)F)O)C)C)OC(=O)CC,CIWBQSYVNNPZIQ-PKWREOPISA-N
3658.0,C1CN(CCN1CCOCCO)C(C2=CC=CC=C2)C3=CC=C(C=C3)Cl,ZQDWXGKKHFNSQK-UHFFFAOYSA-N
60196361.0,CN(C)CC[C@@H](C1=CC=C(C=C1)Cl)C2=CC=CC=N2.Cl,NOXNCSQBTYNMHD-RSAXXLAASA-N
15096.0,CCCC[Sn](CCCC)(CCCC)Cl,GCTFWCDSFPMHHS-UHFFFAOYSA-M
3042.0,CCN(CC)CCOC(=O)C1(CCCCC1)C2CCCCC2,CURUTKGFNZGFSE-UHFFFAOYSA-N
60196362.0,C1C[C@@H](CN(C1)CCC2=CC3=C(C=C2)OCO3)OC(C4=CC=CC=C4)C5=CC=CC=C5.C(=C/C(=O)O)\C(=O)O,PMHKTAIGYOVZEZ-DSSYAJFBSA-N
517326.0,C(C(=O)[O-])(Cl)Cl.[Na+],LUPNKHXLFSSUGS-UHFFFAOYSA-M
750.0,C(C(=O)O)N,DHMQDGOQFOQNFH-UHFFFAOYSA-N
135408763.0,C1=C(N=C(NC1=O)N)N,SWELIMKTDYHAOY-UHFFFAOYSA-N
197942.0,C1COCCN1[N+]2=NOC(=C2)N.[Cl-],ZRFWHHCXSSACAW-UHFFFAOYSA-M
2912.0,CC1(C(C1C(=O)OC(C#N)C2=CC(=CC=C2)OC3=CC=CC=C3)C=C(Cl)Cl)C,KAATUXNTWXVJKI-UHFFFAOYSA-N
56972160.0,C[C@H](C1=CC=CC=N1)C2=C(CC3=CC=CC=C32)CCN(C)C.C(=C\C(=O)O)\C(=O)O,SWECWXGUJQLXJF-HFNHQGOYSA-N
193949.0,CC(C)OC(=O)C1=CC2=C(N1)C=CC=C2OCC(CNC(C)(C)C)O,SJYFDORQYYEJLB-UHFFFAOYSA-N
5152.0,C1=CC=C(C=C1)CCCCOCCCCCCNCC(C2=CC(=C(C=C2)O)CO)O,GIIZNNXWQWCKIB-UHFFFAOYSA-N
5311181.0,CC#CCC(C)[C@@H](/C=C/[C@H]1[C@@H](C[C@H]2[C@@H]1C/C(=C/CCCC(=O)O)/C2)O)O,HIFJCPQKFCZDDL-ACWOEMLNSA-N
158793.0,C1=CC=C(C=C1)[C@H](CNCCOC2=CC=C(C=C2)CC(=O)O)O.Cl,KCEFVYIWOQSJCH-LMOVPXPDSA-N
9821849.0,CC(=O)O[C@H]1CC[C@@]2([C@H]3CC[C@]4([C@H]([C@@H]3CC=C2C1)CC=C4C5=CN=CC=C5)C)C,UVIQSJCZCSLXRZ-UBUQANBQSA-N
5284620.0,C[C@@H]1C/C=C/C=C/[C@@H]([C@@H](C[C@@H]([C@@H]([C@H]([C@@H](CC(=O)O1)OC(=O)C)OC)O[C@H]2[C@@H]([C@H]([C@@H]([C@H](O2)C)O[C@H]3C[C@@]([C@H]([C@@H](O3)C)O)(C)O)N(C)C)O)CC=O)C)O[C@@H]4CC[C@@H]([C@H](O4)C)N(C)C,ZPCCSZFPOXBNDL-TXJOLGFOSA-N
65280.0,CC1=CC(=NO1)NS(=O)(=O)C2=CC=C(C=C2)NC(=O)C,GXPIUNZCALHVBA-UHFFFAOYSA-N
23625795.0,CC(C)[C@@H](CC1=CC(=C(C=C1)OC)OCCCOC)C[C@@H]([C@H](C[C@@H](C(C)C)C(=O)NCC(C)(C)C(=O)N)O)N.Cl,BSJUIBZAXCXFMZ-NATPOTRJSA-N
54897.0,CCCN(CCC)C(=O)CC1=C(N=C2N1C=C(C=C2)Cl)C3=CC=C(C=C3)Cl,JRTIDHTUMYMPRU-UHFFFAOYSA-N
3036780.0,CN1C[C@@H]2[C@@H](C1)C3=C(C=CC(=C3)Cl)OC4=CC=CC=C24,VSWBSWWIRNCQIJ-GJZGRUSLSA-N
6450551.0,CNC(=O)C1=CC=CC=C1SC2=CC3=C(C=C2)C(=NN3)/C=C/C4=CC=CC=N4,RITAVMQDGBJQJZ-FMIVXFBMSA-N
656667.0,CC1=C([C@H](C(=C(N1)C)C(=O)O[C@@H]2CCCN(C2)CC3=CC=CC=C3)C4=CC(=CC=C4)[N+](=O)[O-])C(=O)OC.Cl,KILKDKRQBYMKQX-MIPPOABVSA-N
2451.0,CC1=NN=C2N1C3=C(C=C(S3)Br)C(=NC2)C4=CC=CC=C4Cl,UMSGKTJDUHERQW-UHFFFAOYSA-N
60196365.0,C1CN(CCN1CCOCC(=O)N)C(C2=CC=CC=C2)C3=CC=C(C=C3)Cl.Cl.Cl,ASDFTQNLTBVBQC-UHFFFAOYSA-N
9048.0,CC1(N=C(N=C(N1C2=CC=C(C=C2)Cl)N)N)C.Cl,MOUAPRKJJUXEIE-UHFFFAOYSA-N
60196366.0,C1=CC(=C(C=C1C(=N)N)Br)OCCCOC2=C(C=C(C=C2)C(=N)N)Br.Cl.Cl,ULUQHVAAGGTBSD-UHFFFAOYSA-N
57372628.0,C[N+](C)(CCOC1=CC=CC=C1)CC2=CC=CS2.[I-],MEYDOHSRJJCPTC-UHFFFAOYSA-M
152943.0,CN[C@@H]1CCC2=C(C1)C3=C(N2)C=CC(=C3)C(=O)N.C(CC(=O)O)C(=O)O.O,CUETXFMONOSVJA-KLQYNRQASA-N
6918003.0,CN1[C@@H]2CCC[C@H]1CC(C2)NC(=O)C3=NN(C4=CC=CC=C43)C.Cl,QYZRTBKYBJRGJB-PCMHIUKPSA-N
38347.0,C1COP(=O)(NC1OO)N(CCCl)CCCl,VPAWVRUHMJVRHU-UHFFFAOYSA-N
9802545.0,CC1=C(C(=O)N2CCC[C@H](C2=N1)O)CCN3CCC(CC3)C4=NOC5=C4C=CC(=C5)F,PMXMIIMHBWHSKN-LJQANCHMSA-N
71360.0,CC(=O)C1=CC(=C(C=C1)OCCCN2CCC(CC2)C3=NOC4=C3C=CC(=C4)F)OC,XMXHEBAFVSFQEX-UHFFFAOYSA-N
3731.0,CN(C1=C(C(=C(C(=C1I)C(=O)NCC(CO)O)I)C(=O)NCC(CO)O)I)C(=O)CO,NJKDOADNQSYQEV-UHFFFAOYSA-N
5284587.0,C[C@H]1C[C@H]2[C@@H]3CCC4=CC(=O)C=C[C@@]4([C@H]3C(=O)C[C@@]2([C@]1(C(=O)CO)O)C)C,PIDANAQULIKBQS-RNUIGHNZSA-N
6476.0,CC1(CC(=O)N(C1=O)C)C2=CC=CC=C2,AJXPJJZHWIXJCJ-UHFFFAOYSA-N
60196367.0,CC1=CC=C(C=C1)C2(CCN(CC2)CCCC(=O)C3=CC=C(C=C3)F)O.OS(=O)(=O)O,XZWQFUUBBJGWIB-UHFFFAOYSA-N
9890250.0,COC1=C2C(=CC(=C1N3C[C@@H]4CCCN[C@@H]4C3)F)C(=O)C(=CN2C5CC5)C(=O)O.O.Cl,SKZIMSDWAIZNDD-WJMOHVQJSA-N
60875.0,CNS(=O)(=O)CCC1=CC2=C(C=C1)NC=C2C3CCN(CC3)C.Cl,AWEZYKMQFAUBTD-UHFFFAOYSA-N
197162.0,C1[C@H]([C@@H]([C@H]([C@@H]([C@H]1N)O[C@@H]2[C@@H]([C@H]([C@@H]([C@H](O2)CN)O)O)N)O[C@H]3[C@@H]([C@@H]([C@H](O3)CO)O[C@@H]4[C@@H]([C@H]([C@@H]([C@@H](O4)CN)O)O)N)O)O)N.OS(=O)(=O)O,OIXVKQDWLFHVGR-WQDIDPJDSA-N
468595.0,CC[C@@H]([C@H](C)O)N1C(=O)N(C=N1)C2=CC=C(C=C2)N3CCN(CC3)C4=CC=C(C=C4)OC[C@H]5C[C@](OC5)(CN6C=NC=N6)C7=C(C=C(C=C7)F)F,RAGOYPUPXAKGKH-XAKZXMRKSA-N
10158453.0,CC(=O)OC1=CC2=C(S1)CCN(C2)C(C3=CC=CC=C3F)C(=O)C4CC4.Cl,JALHGCPDPSNJNY-UHFFFAOYSA-N
5311454.0,CC(C)(C)C(/C=C/C1=CC2=C(C=C1)OCO2)O,IBLNKMRFIPWSOY-FNORWQNLSA-N
60196368.0,C([C@@H]1[C@H]([C@@H]([C@H]([C@H](O1)O[C@]2([C@H]([C@@H]([C@H](O2)COS(=O)[O-])OS(=O)[O-])OS(=O)[O-])COS(=O)[O-])OS(=O)[O-])OS(=O)[O-])OS(=O)[O-])OS(=O)[O-].[Na+].[Na+].[Na+].[Na+].[Na+].[Na+].[Na+].[Na+],BUNIJNKGVFOZOZ-QRDGSJRXSA-F
3082221.0,CCN1CCCC1CNC(=O)C2=C(C=CC(=C2)S(=O)(=O)CC)OC.Cl,IGOWMQPOGQYFFM-UHFFFAOYSA-N
9574101.0,CCOC(=O)CN[C@H](C1CCCCC1)C(=O)N2CC[C@H]2C(=O)NCC3=CC=C(C=C3)/C(=N/O)/N,ZXIBCJHYVWYIKI-PZJWPPBQSA-N
5720.0,CC(C1=CC2=C(C=C1)SC3=CC=CC=C3C(=O)C2)C(=O)O,MUXFZBHBYYYLTH-UHFFFAOYSA-N
72158.0,CC(C1=CC=C(C2=CC=CC=C21)C3CCCCC3)C(=O)O,VZUGVMQFWFVFBX-UHFFFAOYSA-N
5352624.0,CC\1=C(C2=C(/C1=C\C3=CC=C(C=C3)SC)C=CC(=C2)F)CC(=O)O,LFWHFZJPXXOYNR-MFOYZWKCSA-N
54680660.0,CCCCCCCCCCCCCCCC(=O)OC[C@@H]([C@@H]1C(=C(C(=O)O1)O)O)O,QAQJMLQRFWZOBN-LAUBAEHRSA-N
24825758.0,CC[C@H](C)CCCCC(=O)N[C@@H](CCN)C(=O)N[C@@H]([C@@H](C)O)C(=O)N[C@@H](CCN)C(=O)N[C@H]1CCNC(=O)[C@@H](NC(=O)[C@@H](NC(=O)[C@@H](NC(=O)[C@@H](NC(=O)[C@H](NC(=O)[C@@H](NC1=O)CCN)CC(C)C)CC(C)C)CCN)CCN)[C@@H](C)O,XDJYMJULXQKGMM-HHAJOKTESA-N
75195.0,C1=CC=C(C(=C1)C(=C2C=C(C(=O)C(=C2)I)I)C3=CC(=C(C(=C3)I)O)I)C(=O)O,KVFPRLVRGPLMDH-UHFFFAOYSA-N
3767.0,C1=CN=CC=C1C(=O)NN,QRXWMOHMRWLFEY-UHFFFAOYSA-N
47510.0,CC1=C(C(=CC=C1)C)NC(=O)NC(=NC)N,RRHJHSBDJDZUGL-UHFFFAOYSA-N
130313.0,CC1([C@@H](N2[C@H](S1(=O)=O)CC2=O)C(=O)O)C,FKENQMMABCRJMK-RITPCOANSA-N
54675783.0,CN(C)[C@H]1[C@@H]2C[C@@H]3CC4=C(C=CC(=C4C(=C3C(=O)[C@@]2(C(=C(C1=O)C(=O)N)O)O)O)O)N(C)C,FFTVPQUHLQBXQZ-KVUCHLLUSA-N
1054.0,CC1=NC=C(C(=C1O)CO)CO,LXNHXLLTXMVWPM-UHFFFAOYSA-N
4893.0,COC1=C(C=C2C(=C1)C(=NC(=N2)N3CCN(CC3)C(=O)C4=CC=CO4)N)OC,IENZQIKPVFGBNW-UHFFFAOYSA-N
20841747.0,C1=CC=C(C=C1)[NH3+].[N+](=O)([O-])[O-],HGJMFBLKPZELQG-UHFFFAOYSA-O
4066.0,C1CN2CCC1C(C2)CN3C4=CC=CC=C4SC5=CC=CC=C53,HOKDBMAJZXIPGC-UHFFFAOYSA-N
7483.0,CNC1=CC=C(C=C1)[N+](=O)[O-],XIFJZJPMHNUGRA-UHFFFAOYSA-N
8030.0,C1=CSC=C1,YTPLMLYBLZKORZ-UHFFFAOYSA-N
643833.0,C(=C\Cl)\Cl,KFUSEUYYWQURPO-UPHRSURJSA-N
76985.0,CSC1=CC=C(C=C1)C=O,QRVYABWJVXXOTN-UHFFFAOYSA-N
21660.0,C1CCC(C(C1)C(=O)OCC2CO2)C(=O)OCC3CO3,XFUOBHWPTSIEOV-UHFFFAOYSA-N
6113.0,CCOS(=O)(=O)C,PLUBXMRUUVWRLT-UHFFFAOYSA-N
62660.0,CC(C)CCOC(=O)C=CC1=CC=CC=C1,JFHCDEYLWGVZMX-UHFFFAOYSA-N
13594.0,C1CC=CC(=O)C1,FWFSEYBSWVRWGL-UHFFFAOYSA-N
13676.0,CCOP(=S)(CC)SC1=CC=CC=C1,KVGLBTYUCJYMND-UHFFFAOYSA-N
1254.0,CC1CCC(C(C1)O)C(C)C,NOOLISFMXDJSKH-UHFFFAOYSA-N
6396.0,C[Si](C)(C)C,CZDYPVPMEAXLPK-UHFFFAOYSA-N
31284.0,CCCCCCCCCCCCCC(=O)OC,ZAZKJZBWRNNLDS-UHFFFAOYSA-N
62449.0,CO[Si](CCCCl)(OC)OC,OXYZDRAJMHGSMW-UHFFFAOYSA-N
13363.0,CCN(CC)CCCl.Cl,RAGSWDIQBBZLLL-UHFFFAOYSA-N
18170.0,C1=CC=C(C=C1)CSC#N,ABNDFSOIUFLJAH-UHFFFAOYSA-N
67955.0,CNC1=NC=NC2=C1NC=N2,CKOMXBHMKXXTNW-UHFFFAOYSA-N
11138.0,C1=C(C=C(C=C1C(=O)O)C(=O)O)C(=O)O,QMKYBPDZANOJGF-UHFFFAOYSA-N
7498.0,C1=CC=C(C=C1)CBr,AGEZXYOZHKGVCM-UHFFFAOYSA-N
642197.0,C(/C=C/CCl)Cl,FQDIANVAWVHZIR-OWOJBTEDSA-N
6537505.0,C[C@@H]1CC[C@H](C2=C(C[C@H]([C@H]12)O)C)/C=C(\C)/C(=O)O,XJNQXTISSHEQKD-UNXUOHHUSA-N
3543259.0,C1=CC2=C(C=C1[N+](=O)[O-])C(=O)NNC2=O,XQFIOLKLHNOFCA-UHFFFAOYSA-N
11137.0,C1=CC(=CC(=C1)O)[N+](=O)[O-],RTZZCYNQPHTPPL-UHFFFAOYSA-N
12281.0,C1=C(C=C(C=C1Cl)Cl)N,UQRLKWGPEVNVHT-UHFFFAOYSA-N
6561.0,CC(C)C=O,AMIMRNSIRUDHCM-UHFFFAOYSA-N
154914.0,COC1=CC=CC2=C3C(=C(C=C21)[N+](=O)[O-])C(=CC4=C3OCO4)C(=O)[O-].[Na+],BQVOPWJSBBMGBR-UHFFFAOYSA-M
6571.0,CC(=O)CCl,BULLHNJGPPOUOX-UHFFFAOYSA-N
6510.0,CCC(CO)(CO)CO,ZJCCRDAZUWHFQH-UHFFFAOYSA-N
14896.0,CC1(C2CCC(=C)C1C2)C,WTARULDDTDQWMU-UHFFFAOYSA-N
18050.0,COC(=O)CCS,LDTLDBDUBGAEDT-UHFFFAOYSA-N
15313.0,CCC1=CC=C(C=C1)Br,URFPRAHGGBYNPW-UHFFFAOYSA-N
5281707.0,C1=CC2=C(C=C1O)OC3=C2C(=O)OC4=C3C=CC(=C4)O,ZZIALNLLNHEQPJ-UHFFFAOYSA-N
165286.0,CNN.OS(=O)(=O)O,KJDJPXUIZYHXEZ-UHFFFAOYSA-N
27655.0,C(C(C(=O)O)Cl)C(=O)O,QEGKXSHUKXMDRW-UHFFFAOYSA-N
7521.0,C=CC1=CC=CC=N1,KGIGUEBEKRSTEW-UHFFFAOYSA-N
8102.0,CCCCCCN,BMVXCPBXGZKUPN-UHFFFAOYSA-N
15439.0,C=CCCCCCCC=C,NLDGJRWPPOSWLC-UHFFFAOYSA-N
19920.0,CC(C)OCC1CO1,NWLUZGJDEZBBRH-UHFFFAOYSA-N
22710.0,C1=CC(=C(C=C1C=O)Cl)Cl,ZWUSBSHBFFPRNE-UHFFFAOYSA-N
6569.0,CCC(=O)C,ZWEHNKRNPOVVGH-UHFFFAOYSA-N
7216.0,CCN(CC)C(=S)SCC(=C)Cl,XJCLWVXTCRQIDI-UHFFFAOYSA-N
15965.0,C1(=C(C(=NC(=C1Cl)Cl)C(=O)O)Cl)N,NQQVFXUMIDALNH-UHFFFAOYSA-N
6693.0,C1=CC2=C3C(=C1)C(=O)OC(=O)C3=CC=C2,GRSMWKLPSNHDHA-UHFFFAOYSA-N
8924.0,C(CCCNCCCCCCN)CCN,MRNZSTMRDWRNNR-UHFFFAOYSA-N
75103.0,CC(CO)CO,QWGRWMMWNDWRQN-UHFFFAOYSA-N
6861.0,C1=CC=C2C(=C1)C=CC=C2CC(=O)N,XFNJVKMNNVCYEK-UHFFFAOYSA-N
12694.0,C(C(=O)N)(Cl)Cl,WCGGWVOVFQNRRS-UHFFFAOYSA-N
7557.0,CC(=CC1=CC=CC=C1)C=O,VLUMOWNVWOXZAU-UHFFFAOYSA-N
8143.0,CCCCCCCCN,IOQPZZOEVPZRBK-UHFFFAOYSA-N
28503.0,C1=CC=C(C=C1)CCI,KVTHPKXDLVYNCH-UHFFFAOYSA-N
4649906.0,C1=NC=N[N-]1.[Na+],NVMNEWNGLGACBB-UHFFFAOYSA-N
6537495.0,CC(=O)[O-].CC(=O)[O-].O.O.[Cd+2],AUIZLSZEDUYGDE-UHFFFAOYSA-L
12443.0,C12=C(C(=C(C(=C1Br)Br)Br)Br)C(=O)OC2=O,QHWKHLYUUZGSCW-UHFFFAOYSA-N
7248.0,CC1=C(C=C(C=C1)N)C,DOLQYFPDPKPQSS-UHFFFAOYSA-N
16212317.0,COC1=C(C2=C[N+]3=C(C=C2C=C1)C4=CC(=C(C=C4CC3)OC)OC)OC.O.[Cl-],PIQNSCSNSSZUIT-UHFFFAOYSA-M
6416.0,CC(=O)C(C)(C)C,PJGSXYOJTGTZAV-UHFFFAOYSA-N
6818.0,CCCCC(CC)COC(=O)C1=CC=CC=C1C(=O)OCCCC,AVOLBYOSCILFLL-UHFFFAOYSA-N
9005.0,COC(OC)OC,PYOKUURKVVELLB-UHFFFAOYSA-N
91538.0,COC1CCC=CO1,XCYWUZHUTJDTGS-UHFFFAOYSA-N
3033151.0,C1CN(CCC1N2C3=CC=CC=C3NC2=S)CCCC(=O)C4=CC=C(C=C4)F,YDLQKLWVKKFPII-UHFFFAOYSA-N
5282175.0,CCCCCCCC(=O)CC[C@H]1[C@@H](C[C@@H]([C@@H]1C/C=C\CCCC(=O)OC(C)C)O)O,XXUPXHKCPIKWLR-JHUOEJJVSA-N
6918678.0,C1[C@@H]2CNC[C@H]1C3=CC4=NC=CN=C4C=C23.[C@@H]([C@H](C(=O)O)O)(C(=O)O)O,TWYFGYXQSYOKLK-CYUSMAIQSA-N
22386467.0,C1=CC=C2C(=C1)C(=NN=C2NC3=CC=C(C=C3)Cl)CC4=CC=NC=C4.Cl.Cl,AZUQEHCMDUSRLH-UHFFFAOYSA-N
22833389.0,CCCCCCCCCCCC(=O)OC[C@H]([C@@H]1[C@@H]([C@H](CO1)OCCO)OCCO)O,CRBBOOXGHMTWOC-NPDDRXJXSA-N
13836.0,C[N+](C)(C)CCCl.[Cl-],UHZZMRAGKVHANO-UHFFFAOYSA-M
21694.0,C1=CC2=C3C(=C1)C=CC4=C(C=CC(=C43)C=C2)[N+](=O)[O-],ALRLPDGCPYIVHP-UHFFFAOYSA-N
6557.0,CC(=C)C=C,RRHGJUQNOFWUDK-UHFFFAOYSA-N
7595.0,C1=CC=C(C=C1)NC(=O)NC2=CC=CC=C2,GWEHVDNNLFDJLR-UHFFFAOYSA-N
8247.0,CC(=O)NNC1=CC=CC=C1,UICBCXONCUFSOI-UHFFFAOYSA-N
15752.0,C1=C(C=C(C(=C1[N+](=O)[O-])N)Br)[N+](=O)[O-],KWMDHCLJYMVBNS-UHFFFAOYSA-N
9074.0,C1=CC=C(C=C1)NC2=CC=C(C=C2)N=O,OIJHFHYPXWSVPF-UHFFFAOYSA-N
11346.0,CC(=O)C1=CC=CC=C1[N+](=O)[O-],SUGXZLKUDLDTKX-UHFFFAOYSA-N
3894848.0,C1=C(C(=CC(=C1Cl)[N+](=O)[O-])O)N,ZARYBZGMUVAJMK-UHFFFAOYSA-N
6591.0,C(C(Cl)Cl)(Cl)Cl,QPFMBZIOSGYJDE-UHFFFAOYSA-N
7260.0,CC1=C(C=C(C=C1)Cl)N,WRZOMWDJOLIVQP-UHFFFAOYSA-N
61017.0,CC(C)(C)CC(C)(C)N,QIJIUJYANDSEKG-UHFFFAOYSA-N
7022.0,C1=CC(=CC2=C(C=C(C=C21)S(=O)(=O)O)O)N,HBZVNWNSRNTWPS-UHFFFAOYSA-N
9635.0,C(C(Cl)(Cl)Cl)(F)(F)F,BOSAWIQFTJIYIS-UHFFFAOYSA-N
9916275.0,CCN(CC)C1=CC2=C(C=C1)C(=C3C=CC(=[N+](CC)CC)C=C3O2)C4=C(C=C(C=C4)S(=O)(=O)[O-])S(=O)(=O)[O-].[Na+],SXQCTESRRZBPHJ-UHFFFAOYSA-M
90960.0,CC(CC(=O)O)CC(C)(C)C,OILUAKBAMVLXGF-UHFFFAOYSA-N
5284371.0,CN1CC[C@]23[C@@H]4[C@H]1CC5=C2C(=C(C=C5)OC)O[C@H]3[C@H](C=C4)O,OROGSEYTTFOCAN-DNJOTXNNSA-N
64961.0,C1=CC=C2C(=C1)C3=C(N2)C=NC=C3,AIFRHYZBTHREPW-UHFFFAOYSA-N
16218793.0,CCCC[P+](C)(CCCC)CCCC.COS(=O)(=O)[O-],JMXOUHNHEFFQIW-UHFFFAOYSA-M
7607.0,C1=CC(=C(C=C1N=C=O)Cl)Cl,MFUVCHZWGSJKEQ-UHFFFAOYSA-N
8373.0,CC1=CC=CC=C1C(=O)O,ZWLPBLYKEWSWPD-UHFFFAOYSA-N
29872.0,C1=CC2=C(C(=C1)Cl)N=C(S2)N,OEQQFQXMCPMEIH-UHFFFAOYSA-N
20750.0,CC=CCC#N,UVKXJAUUKPDDNW-UHFFFAOYSA-N
11505.0,CC1=CC=C(C=C1)CO,KMTDMTZBNYGUNX-UHFFFAOYSA-N
12576.0,C1=CC(=CC(=C1)[N+](=O)[O-])C(=O)N,KWAYEPXDGHYGRW-UHFFFAOYSA-N
6633.0,CC1=CC=C(C=C1)S(=O)(=O)NC2CCCCC2,DKYVVNLWACXMDW-UHFFFAOYSA-N
5282379.0,CC1=C(C(CCC1)(C)C)/C=C/C(=C/C=C/C(=C\C(=O)O)/C)/C,SHGAZHPCJJPHSC-XFYACQKRSA-N
8258.0,CC(C)(C#C)O,CEBKHWWANWSNTI-UHFFFAOYSA-N
10723.0,C1CC(C2=CC=CC=C2C1)O,JAAJQSRLGAYGKZ-UHFFFAOYSA-N
81313.0,CCCOCCOCCO,DJCYDDALXPHSHR-UHFFFAOYSA-N
78771.0,CCO[Si](CCCCl)(OCC)OCC,KSCAZPYHLGGNPZ-UHFFFAOYSA-N
72884.0,CC(=O)NNC(=O)C,ZLHNYIHIHQEHJQ-UHFFFAOYSA-N
16741.0,C1=CC=C(C=C1)CCN=C=S,IZJDOKYDEWTZSO-UHFFFAOYSA-N
2734247.0,CCCCCCN1C=C[N+](=C1)C.C(F)(F)(F)S(=O)(=O)[O-],RABFGPMWVQNDHI-UHFFFAOYSA-M
7666.0,C1=CC=C(C=C1)CCBr,WMPPDTMATNBGJN-UHFFFAOYSA-N
8390.0,CC1=C(C=C(C=C1)N)[N+](=O)[O-],GDIIPKWHAQGCJF-UHFFFAOYSA-N
5281873.0,CC1(C(C1C(=O)OC(C#N)C2=CC(=CC=C2)OC3=CC=CC=C3)/C=C(/C(F)(F)F)\Cl)C,ZXQYGBMAQZUVMI-UNOMPAQXSA-N
7298.0,C1CCC(C1)O,XCIXKGXIYUWCLL-UHFFFAOYSA-N
5284499.0,CCCCCCCC/C=C\CCCCCCCCO,ALSTYHKOOCGGFT-KTKRTIGZSA-N
222536.0,CC(OC(=O)C)OC(=O)C,ACKALUBLCWJVNB-UHFFFAOYSA-N
26690.0,CCCCCCCCCC(=O)N(C)C,HNXNKTMIVROLTK-UHFFFAOYSA-N
23194.0,CCCCCCCCCCCC1=CC=CC=C1,XBEADGFTLHRJRB-UHFFFAOYSA-N
16682740.0,CCCC[Sn](CCCC)(OC(=O)C)OC(=O)C,JJLKTTCRRLHVGL-UHFFFAOYSA-L
75146.0,C1=CC=C(C=C1)NC2=CC=C(C=C2)N.Cl,PNEVDCGZQWFIKV-UHFFFAOYSA-N
11499271.0,C[N+]1=CN(C=C1)CCO.[Cl-],QVRFXIWAQRNWEX-UHFFFAOYSA-M
7684.0,CC1=CC=C(C=C1)NC(=O)C,YICAMJWHIUMFDI-UHFFFAOYSA-N
8438.0,C1OC2=C(O1)C=C(C=C2)C=O,SATCULPHIDQDRE-UHFFFAOYSA-N
16449.0,C1=CC=C(C=C1)C2=CC(=CC=C2)Br,USYQKCQEVBFJRP-UHFFFAOYSA-N
5743.0,C[C@@H]1C[C@H]2[C@@H]3CCC4=CC(=O)C=C[C@@]4([C@]3([C@H](C[C@@]2([C@]1(C(=O)CO)O)C)O)F)C,UREBDLICKHMUKA-CXSFZGCWSA-N
11671.0,CC(C)(C(=O)O)O,BWLBGMIXKSTLSX-UHFFFAOYSA-N
12748.0,CC1=CSC=N1,QMHIMXFNBOYPND-UHFFFAOYSA-N
13205.0,CC1=C(C=CC=C1N)N,RLYCRLGLCUXUPO-UHFFFAOYSA-N
7321.0,C1=CC(=C(C=C1[N+](=O)[O-])[N+](=O)[O-])N,LXQOQPGNCGEELI-UHFFFAOYSA-N
5364713.0,CCCCCCCC/C=C\CCCCCCCCOCCO,KWVPFECTOKLOBL-KTKRTIGZSA-N
7509.0,C1=CC=C(C=C1)CS,UENWRTRMUIOCKN-UHFFFAOYSA-N
10313079.0,CN(C)C.Cl,SZYJELPVAFJOGJ-UHFFFAOYSA-N
31432.0,CC(C)(C)C(=O)C(Cl)Cl,UDWZXMQIEHAAQT-UHFFFAOYSA-N
29096.0,CC(CCCC(C)(C)O)C=C,XSNQECSCDATQEL-UHFFFAOYSA-N
12342.0,C(=O)NNC=O,POVXOWVFLAAVBH-UHFFFAOYSA-N
2734223.0,CCCCCCCCN1C=C[N+](=C1)C.[Cl-],OXFBEEDAZHXDHB-UHFFFAOYSA-M
7726.0,C1=CC(=CC=C1C=O)Cl,AVPYQKSLYISFPO-UHFFFAOYSA-N
8502.0,C1=CC(=CC=C1C(=O)Cl)[N+](=O)[O-],SKDHHIUENRGTHK-UHFFFAOYSA-N
16659.0,C1=CC=C2C(=C1)N=C(C(=N2)Cl)Cl,SPSSDDOTEZKOOV-UHFFFAOYSA-N
10453.0,CC(C)CCCC(C)CCCC(C)CCCC(C)(C=C)O,KEVYVLWNCKMXJX-UHFFFAOYSA-N
11746.0,C(C(C(=O)O)Br)Br,ZMYAKSMZTVWUJB-UHFFFAOYSA-N
6811.0,C1=CC=C2C(=C1)C(=O)OC2=O,LGRFSURHDFAFJT-UHFFFAOYSA-N
7369.0,C1=CC=C(C=C1)S(=O)(=O)Cl,CSKNSYBAZOQPLR-UHFFFAOYSA-N
21584847.0,CC1=CC=CC=C1.C(=[N-])=O.C(=[N-])=O,FZDRZJKVIDHUAE-UHFFFAOYSA-N
7734.0,CCC1=CC=C(C=C1)CC,DSNHSQKRULAAEI-UHFFFAOYSA-N
12017.0,CCC(CCl)Cl,PQBOTZNYFQWRHU-UHFFFAOYSA-N
17038.0,C1C=CCC2C1C(=O)N(C2=O)SC(C(Cl)Cl)(Cl)Cl,JHRWWRDRBPCWTF-UHFFFAOYSA-N
6490.0,CC(C)C(C(C)(C)COC(=O)C(C)C)O,DAFHKNAQFPVRKR-UHFFFAOYSA-N
61020.0,CC(=CC=O)C,SEPQTYODOKLVSB-UHFFFAOYSA-N
7597.0,C1=CC=C(C=C1)OC(=O)OC2=CC=CC=C2,ROORDVPLFPIABK-UHFFFAOYSA-N
7748.0,CCOC(=O)CBr,PQJJJMRNHATNKG-UHFFFAOYSA-N
31296.0,C(Cl)(Br)Br,GATVIKZLVQHOMN-UHFFFAOYSA-N
16932.0,CC1=C2C=CC3=CC=CC4=C3C2=C(C=C1)C=C4,KBSPJIWZDWBDGM-UHFFFAOYSA-N
5811.0,C1=C(C=C(C=C1Cl)Cl)C(=O)O,CXKCZFDUOYMOOP-UHFFFAOYSA-N
36159.0,C1=CC(=C(C=C1Br)Br)OC2=CC(=C(C=C2Br)Br)Br,WHPVYXDFIXRKLN-UHFFFAOYSA-N
6893.0,CC1=C(C(=CC=C1)N)C,VVAKEQGKZNKUSU-UHFFFAOYSA-N
7407.0,CC(=C)C1=CC=CC=C1,XYLMUPLGERFSHI-UHFFFAOYSA-N
115157.0,CCC(COCCOC(=O)C=C)(COCCOC(=O)C=C)COCCOC(=O)C=C,MTPIZGPBYCHTGQ-UHFFFAOYSA-N
7354.0,CCCCOC(=O)C(=C)C,SOGAXMICEFXMKE-UHFFFAOYSA-N
7757.0,CC(=O)CC(=O)OC,WRQNANDWMGAFTP-UHFFFAOYSA-N
10176127.0,C1=CC=NC=C1.Cl,AOJFQRQNPXYVLM-UHFFFAOYSA-N
75471.0,CC1(CC(CC(N1)(C)C)O)C,VDVUCLWJZJHFAV-UHFFFAOYSA-N
72.0,C1=CC(=C(C=C1C(=O)O)O)O,YQUVCSBJEUQKSH-UHFFFAOYSA-N
5382.0,C1=CC(=CC=C1OC2=C(C=C(C=N2)Cl)Cl)OC3=C(C=C(C=N3)Cl)Cl,BAFKRPOFIYPKBQ-UHFFFAOYSA-N
25608.0,C1=CC(=C(C=C1C(Cl)(Cl)Cl)Cl)Cl,ATYLRBXENHNROH-UHFFFAOYSA-N
32346.0,C1=CC=C2C(=C1)NC(=N2)NC(=O)N,LNYZEFQMIURYEI-UHFFFAOYSA-N
40301.0,C1=CC=C(C=C1)C2=CSC(=N2)N.O.Br,SBVYKOGRUCDICV-UHFFFAOYSA-N
4276.0,COC1=CC(=CC2=C1OCO2)CC=C,BNWJOHGLIBDBOB-UHFFFAOYSA-N
61410.0,CCCCCCCCC(=O)OCC=C,MFLWLDDOGSNSKO-UHFFFAOYSA-N
13432.0,CC1=C(C2=CC=CC=C2C=C1)[N+](=O)[O-],IZNWACYOILBFEG-UHFFFAOYSA-N
7438.0,CC1=CCC(CC1O)C(=C)C,BAVONGHXFVOKBV-UHFFFAOYSA-N
8085.0,CC(C)CNCC(C)C,NJBCRXCAPCODGX-UHFFFAOYSA-N
7829.0,COC(=O)CCCCCCCCC(=O)OC,ALOUNLDAKADEEB-UHFFFAOYSA-N
12989.0,CCOCCC(=O)OCC,BHXIWUJLHYHGSJ-UHFFFAOYSA-N
36081.0,CC(=O)OC1CCC(CC1)C(C)(C)C,MBZRJSQZCBXRGK-UHFFFAOYSA-N
24287.0,Cl[Sn](Cl)(Cl)Cl,HPGGPRDJHPYFRM-UHFFFAOYSA-J
62857.0,CNCCC(C1=CC=CC=C1)OC2=CC=C(C=C2)C(F)(F)F.Cl,GIYXAJPCNFJEHY-UHFFFAOYSA-N
38018.0,C1=CC(=C(C(=C1C2=C(C(=C(C=C2)Cl)Cl)Cl)Cl)Cl)Cl,BTAGRXWGMYTPBY-UHFFFAOYSA-N
7819.0,CC(C)COC(=O)C=C,CFVWNXQPGQOHRJ-UHFFFAOYSA-N
25833.0,CCC=CC#N,ISBHMJZRKAFTGE-UHFFFAOYSA-N
9309.0,C=CCC1=CC=CC=C1,HJWLCRVIBGQPNF-UHFFFAOYSA-N
10704.0,CC1=CC=CC=C1C(=O)N,XXUNIGZDNWWYED-UHFFFAOYSA-N
5558.0,C(Br)(Br)Br,DIKBFYAXUHHXCS-UHFFFAOYSA-N
6969.0,C1=CC2=C(C=C1[N+](=O)[O-])C(=O)NC2=O,ANYWGXDASKQYAD-UHFFFAOYSA-N
7472.0,CN(C)C1=CC=C(C=C1)N,BZORFPDSXLZWJF-UHFFFAOYSA-N
10486.0,CC(C)(C)Cl,NBRKLOOSMBRFMH-UHFFFAOYSA-N
6514.0,C(CS)C(=O)O,DKIDEFUBRARXTE-UHFFFAOYSA-N
13381.0,CCCCCCCCC=C,AFFLGGQVNFXPEV-UHFFFAOYSA-N
92321.0,CN1C(=O)C2=C(C1=O)C=C(C=C2)[N+](=O)[O-],JBCHWGTZAAZJKG-UHFFFAOYSA-N
10329304.0,[Cl-].[Cl-].[Fe+2],NMCUIPGRVMDVDB-UHFFFAOYSA-L
12089.0,C1=CC(=CC=C1C(=O)O)NN,PCNFLKVWBDNNOW-UHFFFAOYSA-N
627458.0,COC1=C(C=CC(=C1)Cl)OC2=C(C=C(C=C2)Cl)Cl,NLYDHBBTVWMLFD-UHFFFAOYSA-N
7858.0,C=CCO,XXROGKLTLUQVRX-UHFFFAOYSA-N
16097.0,CC1=C(C(=CC=C1)[N+](=O)[O-])C(=O)O,CCXSGQZMYLXTOI-UHFFFAOYSA-N
9253.0,C1CCCC1,RGSFGYAAUTVSQA-UHFFFAOYSA-N
10797.0,CC1=CC=CO1,VQKFNUFAXTZWDK-UHFFFAOYSA-N
11899.0,C1=CC(=C(C=C1Cl)Cl)[N+](=O)[O-],QUIMTLZDMCNYGY-UHFFFAOYSA-N
6365.0,CC(Cl)Cl,SCYULBFZEHDVBN-UHFFFAOYSA-N
442495.0,C[C@@H]1CCC(=C(C)C)C(=O)C1,NZGWDASTMWDZIW-MRVPVSSYSA-N
7834.0,CCC1CO1,RBACIKXCRWGCBB-UHFFFAOYSA-N
41022.0,CC(=O)O.C1CCNC(C1)CNC(=O)C2=C(C=CC(=C2)OCC(F)(F)F)OCC(F)(F)F,RKXNZRPQSOPPRN-UHFFFAOYSA-N
8112.0,C(CNCCO)N,LHIJANUOQQMGNT-UHFFFAOYSA-N
61032.0,COCCC#N,OOWFYDWAMOKVSF-UHFFFAOYSA-N
2723942.0,C1=CC=C(C=C1)COC(=O)N[C@@H](CC(=O)O)C(=O)O,XYXYXSKSTZAEJW-VIFPVBQESA-N
9815489.0,CC(COC)OCC(C)OC(=O)C,LAVARTIQQDZFNT-UHFFFAOYSA-N
1910825.0,CCCCN(CCCC)C1=CC(=C(C=C1)C(=O)C2=CC=CC=C2C(=O)O)O,QPNFUBAIQZJEPO-UHFFFAOYSA-N
3727.0,C(C(=O)N)I,PGLTVOMIXTUURA-UHFFFAOYSA-N
522105.0,CC1=CC(=CC=C1)N.Cl,VDXZPXIEEVOGLV-UHFFFAOYSA-N
8794.0,C1=CC=C(C=C1)CC#N,SUSQOBVLVYHIEX-UHFFFAOYSA-N
18177.0,C(#N)C(Cl)Cl,STZZWJCGRKXEFF-UHFFFAOYSA-N
11954.0,CNC(=O)C1=CC=CC=C1,NCCHARWOCKOHIH-UHFFFAOYSA-N
6397.0,C[Si](C)(C)Cl,IJOOHPMOJXWVHK-UHFFFAOYSA-N
7044.0,C1CCC2CCCCC2C1,NNBZCPXTIHJBJL-UHFFFAOYSA-N
23160050.0,CC[N+]1=CC=CC=C1.F[P-](F)(F)(F)(F)F,IXUFJPDZCQJYBC-UHFFFAOYSA-N
5378708.0,CCCCCCCC/C=C\CCCCCCCC(=O)OCCOC(=O)CCCCCCC/C=C\CCCCCCCC,NKSOSPOXQKNIKJ-CLFAGFIQSA-N
5364509.0,CCCCCCCC/C=C\CCCCCCCC(=O)OC,QYDYPVFESGNLHU-KHPPLWFESA-N
8151.0,C(CSCCC#N)C#N,NDVLTZFQVDXFAN-UHFFFAOYSA-N
517063.0,C(CS(=O)(=O)[O-])O.[Na+],LADXKQRVAFSPTR-UHFFFAOYSA-M
7469.0,CC(=O)C1=CC=C(C=C1)O,TXFPEBPIARQUIG-UHFFFAOYSA-N
62477.0,CCOC(C=C)OCC,MCIPQLOKVXSHTD-UHFFFAOYSA-N
15074.0,C1=CN=CC=C1C(=O)N,VFQXVTODMYMSMJ-UHFFFAOYSA-N
7949.0,CC1=CC(=CC(=C1)N)C,MKARNSWMMBGSHX-UHFFFAOYSA-N
15132.0,CC1=C2C(=CC=C1)SC(=N2)N,GRIATXVEXOFBGO-UHFFFAOYSA-N
18502.0,C1CCC(CC1)N=C=O,KQWGXHWJMSMDJJ-UHFFFAOYSA-N
24883.0,C(C=CCl)Cl,UOORRWUZONOOLO-UHFFFAOYSA-N
2537.0,CC1(C2CCC1(C(=O)C2)C)C,DSSYKIVIOFKYAU-UHFFFAOYSA-N
7062.0,CCN(CC)C1=CC(=CC=C1)O,WAVOOWVINKGEHS-UHFFFAOYSA-N
24722.0,CCOP(=O)(OCC)SCCSCC.CCOP(=S)(OCC)OCCSCC,FAXIJTUDSBIMHY-UHFFFAOYSA-N
10474.0,[C-]#N.[C-]#N.[K+].[Ag+],HKSGQTYSSZOJOA-UHFFFAOYSA-N
8037.0,CN(C)CCN(C)C,KWYHDKDOAIKMQN-UHFFFAOYSA-N
5281116.0,CCCCCCCC/C=C\CCCCCCCCCCCC(=O)O,DPUOLQHDNGRHBS-KTKRTIGZSA-N
74348.0,CN(C)CCOCCO,YSAANLSYLSUVHB-UHFFFAOYSA-N
8452.0,C1CCC(=O)C1,BGTOWKSIORTVQH-UHFFFAOYSA-N
50516.0,CC(C)C(C(=O)OC(C#N)C1=CC(=CC=C1)OC2=CC=CC=C2)NC3=C(C=C(C=C3)C(F)(F)F)Cl,INISTDXBRIBGOC-UHFFFAOYSA-N
24644.0,O.O.O.O.O.O.[Mg+2].[Cl-].[Cl-],DHRRIBDTHFBPNG-UHFFFAOYSA-L
115089.0,C1=CC(=CC(=C1)O)C[C@@H](CO)[C@@H](CC2=CC(=CC=C2)O)CO,DWONJCNDULPHLV-HOTGVXAUSA-N
15206.0,C(C(CBr)(CBr)CBr)O,QEJPOEGPNIVDMK-UHFFFAOYSA-N
18604.0,CCCCCCCCCCCCC1CO1,IOHJQSFEAYDZGF-UHFFFAOYSA-N
21622.0,COC1=C2C(=CC=C1)SC(=N2)N,YEBCRAVYUWNFQT-UHFFFAOYSA-N
24314.0,CC(C)(C)OCC1CO1,SFJRUJUEMVAZLM-UHFFFAOYSA-N
7101.0,C1=CC=C(C=C1)C2=CC=C(C=C2)Br,PKJBWOWQJHHAHG-UHFFFAOYSA-N
47491.0,CC1=NC(=NC(=N1)OC)NC(=O)NS(=O)(=O)C2=CC=CC=C2Cl,VJYIFXVZLXQVHO-UHFFFAOYSA-N
24937.0,[N+](=O)([O-])[O-].[Tl+],FYWSTUCDSVYLPV-UHFFFAOYSA-N
6233.0,C1=CC(=CC=C1C(Cl)(Cl)Cl)C(Cl)(Cl)Cl,OTEKOJQFKOIXMU-UHFFFAOYSA-N
30623.0,CC(CN1CC(=O)NC(=O)C1)N2CC(=O)NC(=O)C2,BMKDZUISNHGIBY-UHFFFAOYSA-N
16990.0,C1=C(C(=NC(=C1Cl)Cl)Cl)Cl,FATBKZJZAHWCSL-UHFFFAOYSA-N
11387.0,CC1=CC2=C(C=C1)C=C(C=C2)C,YGYNBBAUIYTWBF-UHFFFAOYSA-N
23082568.0,CC[N+]1(CCCC1)C.F[P-](F)(F)(F)(F)F,WSYWUTMEDIHQRK-UHFFFAOYSA-N
22086.0,COC1=C(C=C2C(=C1)C3=CC=CC=C3O2)N,SGQVWNYSHWQNOS-UHFFFAOYSA-N
26633.0,CCN(CC)C(=S)[S-].CCN(CC)C(=S)[S-].[Zn+2],RKQOSDAEEGPRER-UHFFFAOYSA-L
19463.0,CCN(CC)O,FVCOIAYSJZGECG-UHFFFAOYSA-N
7487.0,CC(=O)C1=CC=C(C=C1)[N+](=O)[O-],YQYGPGKTNQNXMH-UHFFFAOYSA-N
7503.0,C1=CC=C(C=C1)CCl,KCXMKQUNVWSEMD-UHFFFAOYSA-N
7526.0,C1CCN(CC1)N=O,UWSDONTXWQOZFN-UHFFFAOYSA-N
7570.0,C1=CC(=CC=C1CC2=CC=C(C=C2)N=C=O)N=C=O,UPMLOUAZCHDJJD-UHFFFAOYSA-N
700999.0,C1=CC=C(C=C1)NC(=S)NC2=CC=CC=C2,FCSHMCFRCYZTRQ-UHFFFAOYSA-N
13931.0,C=CCN1C(=O)N(C(=O)N(C1=O)CC=C)CC=C,KOMNUTZXSVSERR-UHFFFAOYSA-N
7671.0,C1=CC=C(C=C1)NC=O,DYDNPESBYVVLBO-UHFFFAOYSA-N
307.0,C1=CC=C(C=C1)C=CC=O,KJPRLNWUNMBNBZ-UHFFFAOYSA-N
7737.0,C1=CC(=CC=C1NO)N=O,DZCCLNYLUGNUKQ-UHFFFAOYSA-N
61527.0,CC1=CC(=C(O1)C)C(=O)C,KBSVBCHYXYXDAG-UHFFFAOYSA-N
14090.0,C1=CC=C(C=C1)C(=O)C=O,OJUGVDODNPJEEC-UHFFFAOYSA-N
7918.0,CC(=O)OC(=O)C,WFDIJRYMOXRFFG-UHFFFAOYSA-N
7950.0,C1=C(C=C(C=C1Cl)Cl)Cl,XKEFYDZQGKAQCN-UHFFFAOYSA-N
8004.0,CCCC=C,YWAKXRMUMFPDSH-UHFFFAOYSA-N
8031.0,CC(C)(CCC(C)(C)O)O,ZWNMRZQYWRLGMM-UHFFFAOYSA-N
8061.0,CCCCC#N,RFFFKMOABOFIDF-UHFFFAOYSA-N
14223.0,C(CO)N(CCO)N=O,YFCDLVPYFMHRQZ-UHFFFAOYSA-N
8147.0,C(CCl)OCOCCCl,NLXGURFLBLRZRO-UHFFFAOYSA-N
7494.0,C1=CC(=CC=C1CCO)[N+](=O)[O-],IKMXRUOZUUKSON-UHFFFAOYSA-N
8374.0,C1=CC=C(C(=C1)C(=O)O)Cl,IKCLCGXPQILATA-UHFFFAOYSA-N
8394.0,C1=CC=C2C(=C1)C=NNC2=O,IJAPPYDYQCXOEF-UHFFFAOYSA-N
8443.0,CC1=CC=CC=C1NC(=O)C,BPEXTIMJLDWDTL-UHFFFAOYSA-N
31217.0,C1C(O1)COC2=CC=CC=C2,FQYUMYWMJTYZTK-UHFFFAOYSA-N
5993.0,C1C2C(C(C1Cl)Cl)C3(C(=C(C2(C3(Cl)Cl)Cl)Cl)Cl)Cl,BIWJNBZANLAXMG-UHFFFAOYSA-N
26132.0,CC(=O)C1=C(C(=C(C=C1)Cl)Cl)Cl,BXJZZJYNVIDEKG-UHFFFAOYSA-N
8855.0,CCCC(=O)Cl,DVECBJCOGJRVPX-UHFFFAOYSA-N
27054.0,C1=CC=C(C(=C1)CCO)[N+](=O)[O-],SLRIOXRBAPBGEI-UHFFFAOYSA-N
5273621.0,COC1=CC(=O)OC(=C1)/C=C/C2=CC=CC=C2,DKKJNZYHGRUXBS-BQYQJAHWSA-N
27582.0,C1=CC(=C(C(=C1O)Cl)Cl)Cl,HSQFVBWFPBKHEB-UHFFFAOYSA-N
7515.0,CNC1=CC=CC=C1,AFBPFSWMIHJQDM-UHFFFAOYSA-N
2723754.0,C1CCC2=NC3=CC=CC=C3C(=C2C1)N.Cl,ZUFVXZVXEJHHBN-UHFFFAOYSA-N
15660.0,C1CC(CCC1CC2CCC(CC2)N)N,DZIHTWJGPDVSGE-UHFFFAOYSA-N
62725.0,CC(C)CC1=NC=CS1,CMPVUVUNJQERIT-UHFFFAOYSA-N
16180.0,CNC.C1=CC(=C(C=C1Cl)Cl)OCC(=O)O,IUQJDHJVPLLKFL-UHFFFAOYSA-N
30231.0,C[C@H]1[C@@H]([C@H]([C@H]([C@@H](O1)O[C@@H]2[C@H]([C@@H]([C@H](O[C@H]2OC3=CC(=C(C(=C3)O)C(=O)CCC4=CC(=C(C=C4)OC)O)O)CO)O)O)O)O)O,ITVGXXMINPYUHD-CUVHLRMHSA-N
15588.0,C1=CC(=CC=C1N=NC2=CC(=C(C=C2)O)C(=O)O)[N+](=O)[O-],YVJPMMYYRNHJAU-UHFFFAOYSA-N
16993.0,CCCCCCCCC1CO1,AAMHBRRZYSORSH-UHFFFAOYSA-N
17111.0,CN(C)CCOC(=O)C=C,DPBJAVGHACCNRL-UHFFFAOYSA-N
7546.0,C1=CC=C(C=C1)NC2=CC(=CC=C2)O,NDACNGSDAFKTGE-UHFFFAOYSA-N
6440940.0,C[C@@H]1CC[C@H](C2=C(CC[C@H]12)C)/C=C(\C)/C(=O)O,FEBNTWHYQKGEIQ-SUKRRCERSA-N
6439929.0,C/C=C\1/C(=O)C[C@@H]2[C@@]1(CC[C@H]3[C@H]2CCC4=CC(=O)CC[C@]34C)C,WDXRGPWQVHZTQJ-AUKWTSKRSA-N
20138.0,CC=CC=O,MLUCVPSAIODCQM-UHFFFAOYSA-N
29935.0,CC=C(C)C#N,IHXNSHZBFXGOJM-UHFFFAOYSA-N
78392.0,C1=CC(=C(C(=C1)Cl)C(=O)Cl)Cl,JBLIDPPHFGWTKU-UHFFFAOYSA-N
21058.0,CC(C)COC(=O)COC1=CC(=C(C=C1Cl)Cl)Cl,KIIVFWSIMRWBKW-UHFFFAOYSA-N
5758.0,C1=CC(=C(C(=C1)Cl)C(=O)O)Cl,MRUDNSFOFOQZDA-UHFFFAOYSA-N
5784.0,C1=CC(=C(C=C1Cl)C(=O)O)Cl,QVTQYSFCFOGITD-UHFFFAOYSA-N
5817.0,C1=CC(=C(C=C1C(=O)O)Cl)Cl,VPHHJAOJUJHJKD-UHFFFAOYSA-N
10660.0,CN1C2=C(C(=O)N(C1=O)C)NC(=N2)Cl.CN(C)CCOC(C1=CC=CC=C1)C2=CC=CC=C2,NFLLKCVHYJRNRH-UHFFFAOYSA-N
10721.0,CC1=CC=CC=C1C#N,NWPNXBQSRGKSJB-UHFFFAOYSA-N
1752.0,CCCCCCCCCC1=CC=C(C=C1)O,IGFHQQFPSIBGKE-UHFFFAOYSA-N
447.0,C1=CC(=CC(=C1)Cl)C(=O)O,LULAYUGMBFYYEX-UHFFFAOYSA-N
10867.0,C1=CC=C(C=C1)CSCC2=CC=CC=C2,LUFPJJNWMYZRQE-UHFFFAOYSA-N
95170.0,C1=CC(=C(C=C1Br)Br)OC2=C(C=C(C=C2)Br)Br,XYBSIYMGXVUVGY-UHFFFAOYSA-N
230976.0,C1=CC2=C(C=C1[N+](=O)[O-])C(=O)OC2=O,MMVIDXVHQANYAE-UHFFFAOYSA-N
11080.0,C1=CC=C2C(=C1)C=CC=C2N=C=S,JBDOSUUXMYMWQH-UHFFFAOYSA-N
11245.0,CC=C(Cl)Cl,ZAIDIVBQUMFXEC-UHFFFAOYSA-N
11356.0,CC1=CC(=C(C=C1)[N+](=O)[O-])N,IGDYNWKWXUCIJB-UHFFFAOYSA-N
11560.0,CC1=CC(=CC=C1)Br,WJIFKOVZNJTSGO-UHFFFAOYSA-N
11584.0,CC(=O)OCC=C,FWZUNOYOVVKUNF-UHFFFAOYSA-N
11673.0,CC(C)([N+](=O)[O-])Cl,JQYFSFNSNVRUPY-UHFFFAOYSA-N
11750.0,CCC([N+](=O)[O-])Cl,XEKUXTMJEFPWCG-UHFFFAOYSA-N
11852.0,C1(=C(C(=C(C(=C1Br)Br)Br)Br)Br)O,SVHOVVJFOWGYJO-UHFFFAOYSA-N
11875.0,C1=CC=C(C(=C1)C(=O)Cl)[N+](=O)[O-],BWWHTIHDQBHTHP-UHFFFAOYSA-N
11910.0,CC1=C2C(=CC=C1)C=CC=N2,JRLTTZUODKEYDH-UHFFFAOYSA-N
12018.0,C(C(CCl)Cl)O,ZXCYIJGIGSDJQQ-UHFFFAOYSA-N
12091.0,C1=CC(=CC=C1C(=O)N)[N+](=O)[O-],ZESWUEBPRPGMTP-UHFFFAOYSA-N
22586.0,CC1=C(C=CC(=C1)NC2=CC=C(C=C2)O)N,JGXPJGJSAMZYBO-UHFFFAOYSA-N
6115.0,C1=CC=C(C=C1)N,PAYRUJLWNCNPSJ-UHFFFAOYSA-N
12302.0,CCCC[N+](=O)[O-],NALZTFARIYUCBY-UHFFFAOYSA-N
12364.0,C(CCC(=O)N)CC(=O)N,GVNWZKBFMFUVNX-UHFFFAOYSA-N
12512.0,CCOC(C)(C)C,NUMQCACRALPSHD-UHFFFAOYSA-N
5356785.0,C1=CC=C(C=C1)/C=C\C2=CC=CC=C2,PJANXHGTPQOBST-QXMHVHEDSA-N
106729.0,CC(C)CCOCC(=O)OCC=C,XCWPXUNHSPOFGV-UHFFFAOYSA-N
6319.0,C1=CC=C(C=C1)NC2=CC=C(C=C2)NC3=CC=CC=C3,UTGQNNCQYDRXCH-UHFFFAOYSA-N
6332.0,CCBr,RDHPKYGYEGBMSE-UHFFFAOYSA-N
6358.0,CC(C)Br,NAMYKGVDVNBCFQ-UHFFFAOYSA-N
6366.0,C=C(Cl)Cl,LGXVIGDEPROXKC-UHFFFAOYSA-N
6403.0,CCC(C)(C)C,HNRMPXKDFBEGFZ-UHFFFAOYSA-N
61207.0,CC(C)(C)OC=O,RUPAXCPQAAOIPB-UHFFFAOYSA-N
13032.0,CC(C)NC1=CC=CC=C1,FRCFWPVMFJMNDP-UHFFFAOYSA-N
6534.0,CCOP(=O)(CC)OCC,AATNZNJRDOVKDD-UHFFFAOYSA-N
6564.0,CC(CCl)Cl,KNKRKFALVUDBJE-UHFFFAOYSA-N
6570.0,CC(=O)C=C,FUSUHKVFWTUUBE-UHFFFAOYSA-N
6588.0,C(C(Br)Br)(Br)Br,QXSZNDIIPUOQMB-UHFFFAOYSA-N
517546.0,CCN(CC)C(=S)[S-].O.O.O.[Na+],WWGXHTXOZKVJDN-UHFFFAOYSA-M
398.0,CC(C)[N+](=O)[O-],FGLBSLMDCBOPQK-UHFFFAOYSA-N
6637.0,CCNS(=O)(=O)C1=CC=C(C=C1)C,OHPZPBNDOVQJMH-UHFFFAOYSA-N
6658.0,CC(=C)C(=O)OC,VVQNEPGJFQJSBK-UHFFFAOYSA-N
157882.0,CO[Si](CCCNCCC[Si](OC)(OC)OC)(OC)OC,TZZGHGKTHXIOMN-UHFFFAOYSA-N
6828.0,CCN(C1=CC=CC=C1)C(=O)N(CC)C2=CC=CC=C2,PZIMIYVOZBTARW-UHFFFAOYSA-N
6894.0,CC1=C(C=CC=C1Cl)N,ZUVPLKVDZNDZCM-UHFFFAOYSA-N
7589.0,CCC(C)NC1=CC=C(C=C1)NC(C)CC,FSWDLYNGJBGFJH-UHFFFAOYSA-N
6974.0,CC1=CC(=C(C=C1)C)[N+](=O)[O-],BSFHJMGROOFSRA-UHFFFAOYSA-N
6294.0,C1=CC(=CC=C1C(C2=CC=C(C=C2)Cl)C(Cl)Cl)Cl,AHJKRLASYNVKDZ-UHFFFAOYSA-N
6996.0,C1=CC=C(C(=C1)C=O)Cl,FPYUJUBAXZAQNL-UHFFFAOYSA-N
7046.0,C1CNCC2=CC=CC=C21,UWYZHKAOTLEWKK-UHFFFAOYSA-N
7098.0,CCN(CC1=CC=CC=C1)C2=CC=CC=C2,HSZCJVZRHXPCIA-UHFFFAOYSA-N
7102.0,C1=CC=C(C=C1)C2=CC=C(C=C2)N,DMVOXQPQNTYEKQ-UHFFFAOYSA-N
7374.0,C1=CC(=CC(=C1)Cl)C(F)(F)F,YTCGOUNVIAWCMG-UHFFFAOYSA-N
13610.0,C1CCC(CC1)(C#N)O,ZDBRPNZOTCHLSP-UHFFFAOYSA-N
7236.0,CC1=CC=CC=C1Br,QSSXJPIWXQTSIX-UHFFFAOYSA-N
7250.0,CC1=CC(=C(C=C1)N)C,CZZZABOKJQXEBO-UHFFFAOYSA-N
7262.0,C1=CC(=C(C=C1Cl)N)Cl,AVYGCQXNNJPXSS-UHFFFAOYSA-N
7280.0,C(C(CBr)Br)Cl,WBEJYOJJBDISQU-UHFFFAOYSA-N
7301.0,CC1CCCO1,JWUJQDFVADABEY-UHFFFAOYSA-N
18360.0,CC(C)(C)C1=CC=C(C=C1)OCC2CO2,HHRACYLRBOUBKM-UHFFFAOYSA-N
18510.0,CCCCCCCCCCOC(=O)C(=C)C,GTBGXKPAKVYEKJ-UHFFFAOYSA-N
6537506.0,C1=C(C(=C(C(=C1Br)Br)Br)Br)OC2=CC(=C(C(=C2Br)Br)Br)Br,ORYGKUIDIMIRNN-UHFFFAOYSA-N
7423.0,C1=CC(=CC(=C1)[N+](=O)[O-])N,XJCVRTZCHMZPBD-UHFFFAOYSA-N
7441.0,CC1=C(C=CC(=C1)[N+](=O)[O-])N,XTTIQGSLJBWVIV-UHFFFAOYSA-N
7499.0,C=CC1CCC=CC1,BBDKZWKEPDTENS-UHFFFAOYSA-N
7838.0,C=CCOCC1CO1,LSWYGACWGAICNM-UHFFFAOYSA-N
11659.0,C(Cl)(Cl)(Br)Br,IHUREIPXVFKEDT-UHFFFAOYSA-N
54960.0,COC1=CC(=NC(=N1)NC(=O)NS(=O)(=O)CC2=CC=CC=C2C(=O)OC)OC,XMQFTWRPUQYINF-UHFFFAOYSA-N
91604.0,CC(C)(CCCC1=CCC(CC1)C=O)O,ORMHZBNNECIKOH-UHFFFAOYSA-N
8442.0,CCCCCCCCS(=O)C(C)CC1=CC2=C(C=C1)OCO2,ATTZFSUZZUNHBP-UHFFFAOYSA-N
71833.0,CN1CCC2=CC3=C(C=C2C1O)OCO3.Cl,DLNQCQJCIITVHC-UHFFFAOYSA-N
3068143.0,CC[C@H]1CN2CCC3=CC(=C(C=C3[C@@H]2C[C@@H]1C[C@@H]4C5=CC(=C(C=C5CCN4)OC)OC)OC)OC.Cl.Cl,JROGBPMEKVAPEH-GXGBFOEMSA-N
8809.0,CC(COC1=CC=C(C=C1)C(C)(C)C)OS(=O)OCCCl,YKFRAOGHWKADFJ-UHFFFAOYSA-N
440917.0,CC1=CC[C@@H](CC1)C(=C)C,XMGQYMWWDOXHJM-JTQLQIEISA-N
6428.0,C(C(F)(Cl)Cl)(F)(F)Cl,AJDIZQLSFPQPEY-UHFFFAOYSA-N
11742.0,CC(C)(C1=CC=CC=C1)C2=CC=C(C=C2)O,QBDSZLJBMIMQRS-UHFFFAOYSA-N
6563.0,CCC(C)Cl,BSPCSKHALVHRSR-UHFFFAOYSA-N
10452.0,C1CSCCS1,LOZWAPSEEHRYPG-UHFFFAOYSA-N
7923.0,C1=CC(=O)OC1=O,FPYJFEHAWHCUMM-UHFFFAOYSA-N
1091.0,O[Se](=O)O,MCAHWIHFGHIESP-UHFFFAOYSA-N
11733.0,CC(C(Cl)Cl)Cl,GRSQYISVQKPZCW-UHFFFAOYSA-N
8496.0,C1=CC(=CC(=C1)C(=O)O)C(=O)O,QQVIHTHCMHWDBS-UHFFFAOYSA-N
3024.0,C(Br)Br,FJBFPHVGVWTDIP-UHFFFAOYSA-N
16760658.0,C1=CC=C(C(=C1)C(=O)[O-])O.[Na+],ABBQHOQBGMUPJH-UHFFFAOYSA-M
6942.0,C1=CC=C(C(=C1)C(=O)N)N,PXBFMLJZNCDSMP-UHFFFAOYSA-N
8146.0,CCOCCOCCO,XXJWXESWEXIICW-UHFFFAOYSA-N
31261.0,CC(=O)CC(=O)C,YRKCREAYFQTBPV-UHFFFAOYSA-N
13360.0,CC(=C)C(=O)OCCO,WOBHKFSMXKNTIM-UHFFFAOYSA-N
7453.0,CCC(C)C1=CC=C(C=C1)O,ZUTYZAFDFLLILI-UHFFFAOYSA-N
3305.0,CC(O)(P(=O)(O)O)P(=O)(O)O,DBVJJBKOTRCVKF-UHFFFAOYSA-N
8148.0,CCCCNCCCC,JQVDAXLFBXTEQA-UHFFFAOYSA-N
31204.0,CCCCCCCCCCCCCCCCCC[N+](C)(C)CC1=CC=CC=C1.[Cl-],SFVFIFLLYFPGHH-UHFFFAOYSA-M
8071.0,COCCOC,XTHFKEDIFFGKHM-UHFFFAOYSA-N
34763.0,CC(C)CCCCCCCOC(=O)C(=C)C,COCLLEMEIJQBAG-UHFFFAOYSA-N
11666.0,C(SCl)(Cl)(Cl)Cl,RYFZYYUIAZYQLC-UHFFFAOYSA-N
7622.0,CCCCN(CCCC)CCCC,IMFACGCPASFAPR-UHFFFAOYSA-N
6277.0,CC(=O)[O-].CC(=O)[O-].[Co+2],QAHREYKOYSIQPH-UHFFFAOYSA-L
6417.0,CC(C)(C)C(=O)O,IUGYQRQAERSCNH-UHFFFAOYSA-N
6517.0,CCO[Si](OCC)(OCC)OCC,BOTDANWDWHJENH-UHFFFAOYSA-N
6788.0,CCCCCCCCCCOC(=O)C1=CC=CC=C1C(=O)OCCCCCCCCCC,PGIBJVOPLXHHGS-UHFFFAOYSA-N
6935.0,CC1=CC(=C(C=C1Cl)N)S(=O)(=O)O,VRLPHBSFRWMMPW-UHFFFAOYSA-N
64947.0,CO[C@@H]1[C@@H]([C@H]([C@@H]([C@H](O1)CO)O)O)O,HOVAGTYPODGVJG-ZFYZTMLRSA-N
7412.0,C1=CC=C(C=C1)C(=O)Cl,PASDCCFISLVPSO-UHFFFAOYSA-N
7568.0,C1=CC(=CC=C1[N+](=O)[O-])OC2=CC=C(C=C2)[N+](=O)[O-],MWAGUKZCDDRDCS-UHFFFAOYSA-N
7735.0,C1CC(CCC1CO)CO,YIMQCDZDWXUDCA-UHFFFAOYSA-N
7764.0,CCOC(=O)CC#N,ZIUSEGSNTOUIPT-UHFFFAOYSA-N
7868.0,CC(=C)CC(C)(C)C,FXNDIJDIPNCZQJ-UHFFFAOYSA-N
7910.0,CC(C)CC(C)O,WVYWICLMDOOCFB-UHFFFAOYSA-N
8110.0,CCCCN=C=O,HNHVTXYLRVGMHD-UHFFFAOYSA-N
8155.0,CCCCCCCCCCCCCCCCCC[N+](C)(C)C.[Cl-],VBIIFPGSPJYLRR-UHFFFAOYSA-M
8265.0,C12C(C(=O)OC1=O)C3(C(=C(C2(C3(Cl)Cl)Cl)Cl)Cl)Cl,FLBJFXNAEMSXGL-UHFFFAOYSA-N
8472.0,COP(OC)OC,CYTQBVOFDCPGCX-UHFFFAOYSA-N
31337.0,C(C(CO)(CO)[N+](=O)[O-])O,OLQJQHSAWMFDJE-UHFFFAOYSA-N
31405.0,CC(C)(C)C1=C(C(=CC=C1)C(C)(C)C)O,DKCPKDPYUFEZCP-UHFFFAOYSA-N
8946.0,CC(C)C(C(C)(C)CO)O,JCTXKRPTIMZBJT-UHFFFAOYSA-N
5283387.0,CCCCCCCC/C=C\CCCCCCCC(=O)N,FATBGEAMYMYZAF-KTKRTIGZSA-N
10401.0,C1CCC(=O)OCC1,PAPBSGBWRJIAAV-UHFFFAOYSA-N
10724.0,C1CC2=CC=CC=C2C(=O)C1,XHLHPRDBBAGVEG-UHFFFAOYSA-N
11040.0,CC(C(=O)OC)O,LPEKGGXMPWTOCB-UHFFFAOYSA-N
69027.0,CC(C)(C)C(=O)OC,CNMFHDIDIMZHKY-UHFFFAOYSA-N
12053.0,CC(C)(C1=CC=CC=C1)O,BDCFWIDZNLCTMF-UHFFFAOYSA-N
12374.0,C(CCCO)CCO,XXMIOPMDWAUFGU-UHFFFAOYSA-N
15122.0,C(C=CCCl)Cl,FQDIANVAWVHZIR-UHFFFAOYSA-N
70324.0,CC(C)(C)C1=CC=C(C=C1)C=O,OTXINXDGSUFPNU-UHFFFAOYSA-N
14456.0,CO[Si](C)(OC)OC,BFXIKLCIZHOAAZ-UHFFFAOYSA-N
15290.0,C1CCC(CC1)S,CMKBCTPCXZNQKX-UHFFFAOYSA-N
72903.0,C1=CC=C(C=C1)P(O)O,CGNKSELPNJJTSM-UHFFFAOYSA-N
17043.0,CCCCCCCCCCCCCCCl,RNHWYOLIEJIAMV-UHFFFAOYSA-N
17593.0,CC1=C(C(=CC=C1)N)N,AXNUJYHFQHQZBE-UHFFFAOYSA-N
62475.0,C1C=CCC2C1CC=C2,UFERIGCCDYCZLN-UHFFFAOYSA-N
23675796.0,COC(=O)C1=CC(=CC(=C1)S(=O)(=O)[O-])C(=O)OC.[Na+],LLHSEQCZSNZLRI-UHFFFAOYSA-M
78501.0,CC(CO)(CO)C(=O)O,PTBDIHRZYDMNKB-UHFFFAOYSA-N
22932.0,CCCCC(CC)COC(=O)C1=CC=C(C=C1)C(=O)OCC(CC)CCCC,RWPICVVBGZBXNA-UHFFFAOYSA-N
23368.0,CC(C)OC(=O)CCCCC(=O)OC(C)C,ZDQWESQEGGJUCH-UHFFFAOYSA-N
22584.0,C1=CC(=C(C=C1N)Cl)N.OS(=O)(=O)O,GQFGHCRXPLROOF-UHFFFAOYSA-N
159747.0,C=CC(=O)[O-].C=CC(=O)[O-].[Zn+2],XKMZOFXGLBYJLS-UHFFFAOYSA-L
90864.0,CCC(=NO[Si](C)(ON=C(C)CC)ON=C(C)CC)C,OGZPYBBKQGPQNU-UHFFFAOYSA-N
33263.0,CCC(C)(C)C1=CC(=C(C(=C1)N2N=C3C=CC=CC3=N2)O)C(C)(C)CC,ZMWRRFHBXARRRT-UHFFFAOYSA-N
33934.0,CC(C)CCCCCOC(=O)C1=CC=CC=C1C(=O)OCCCCCC(C)C,IJFPVINAQGWBRJ-UHFFFAOYSA-N
94483.0,CC(C)(C1=CC=C(C=C1)OC2=CC3=C(C=C2)C(=O)OC3=O)C4=CC=C(C=C4)OC5=CC6=C(C=C5)C(=O)OC6=O,MQAHXEQUBNDFGI-UHFFFAOYSA-N
114129.0,CC(C)(CC(=O)OC)C=C,MKLKDUHMZCIBSJ-UHFFFAOYSA-N
7112.0,C1=CC(=CC=C1C2=CC=C(C=C2)O)O,VCCBEIPGXKNHFW-UHFFFAOYSA-N
7892.0,CCCC(C)C,AFABGHUZZDYHJO-UHFFFAOYSA-N
67151.0,C1CN(CCN1CCO)CCO,VARKIGWTYBUWNT-UHFFFAOYSA-N
12160.0,CCC1=CC=C(C=C1)C,JRLPEMVDPFPYPJ-UHFFFAOYSA-N
15348.0,CC1=CN=C(C=C1)N,CMBSSVKZOPZBKW-UHFFFAOYSA-N
75498.0,C1=CC2=C(C=C1C(=O)C3=CC4=C(C=C3)C(=O)OC4=O)C(=O)OC2=O,VQVIHDPBMFABCQ-UHFFFAOYSA-N
18062.0,CC(C)(C1=CC=C(C=C1)C(C)(C)O)O,LEARFTRDZQQTDN-UHFFFAOYSA-N
7198.0,COC(=O)C1CCC(CC1)C(=O)OC,LNGAGQAGYITKCW-UHFFFAOYSA-N
2723856.0,CC[C@H](CO)N,JCBPETKZIGVZRE-SCSAIBSYSA-N
82029.0,C[N+]1(CCOCC1)[O-],LFTLOKWAGJYHHR-UHFFFAOYSA-N
117915.0,CC1=C(C=CC(=C1)OC)Br,BLZNSXFQRKVFRP-UHFFFAOYSA-N
516872.0,C(#N)[S-].[K+],ZNNZYHKDIALBAK-UHFFFAOYSA-M
77080.0,CCCCCCCC[Sn](CCCCCCCC)(Cl)Cl,SBOSGIJGEHWBKV-UHFFFAOYSA-L
1118.0,OS(=O)(=O)O,QAOWNCQODCNURD-UHFFFAOYSA-N
24648.0,O=S(=O)(Cl)Cl,YBBRCQOCSYXUOC-UHFFFAOYSA-N
22833454.0,CCCC(CC)CCCCCCCN,KFBNTNYCQVDLBK-UHFFFAOYSA-N
62130.0,CCN1C2=C(C=C(C=C2)N)C3=CC=CC=C31.Cl,UUYSTZWIFZYHRM-UHFFFAOYSA-N
5284346.0,O.O.[Cl-].[Cl-].[Ba+2],PWHCIQQGOQTFAE-UHFFFAOYSA-L
146540.0,C1=CC=C(C=C1)CNN.Cl.Cl,MSJHOJKVMMEMNX-UHFFFAOYSA-N
7302.0,C1CC(=O)OC1,YEJRWHAVMIAJKC-UHFFFAOYSA-N
6209.0,C[N+](C)(C)CCO.[Cl-],SGMZJAMFUVOLNK-UHFFFAOYSA-M
14500.0,C1CCC(=NO)C1,YGNXYFLJZILPEK-UHFFFAOYSA-N
38221.0,COC1=C(C=C(C=C1)N)N.OS(=O)(=O)O,FDJQHYWUHGBBTO-UHFFFAOYSA-N
6673.0,C1C2C3CC4C(C3C1C5C2O5)O4,BQQUFAMSJAKLNB-UHFFFAOYSA-N
14075.0,C1COS(=O)(=O)O1,ZPFAVCIQZKRBGF-UHFFFAOYSA-N
7955.0,C1(=NC(=NC(=N1)N)N)N,JDSHMPZPIAZGSV-UHFFFAOYSA-N
13622.0,COC1=CC=CC(=C1O)O,LPYUENQFPVNPHY-UHFFFAOYSA-N
7409.0,CC(C1=CC=CC=C1)O,WAPNOHKVXSQRPX-UHFFFAOYSA-N
7253.0,CC1=C(C=CC(=C1)O)O,CNHDIAIOKMXOLK-UHFFFAOYSA-N
29732.0,CC(C)OC1=C(C=C(C(=C1)N2C(=O)OC(=N2)C(C)(C)C)Cl)Cl,CHNUNORXWHYHNE-UHFFFAOYSA-N
6670.0,C1=CC=C2C(=C1)C=CC(=C2S(=O)(=O)O)N,GWIAAIUASRVOIA-UHFFFAOYSA-N
11945.0,C1=CC2=C(C=CC(=C2)[N+](=O)[O-])N=C1,SMHPLBXIVNQFBA-UHFFFAOYSA-N
13297.0,C1=CC=C(C=C1)N=NC2=C(C=CC3=CC=CC=C32)O,MRQIXHXHHPWVIL-UHFFFAOYSA-N
6956.0,C1=CC=C(C(=C1)C(=O)N)C(=O)N,NAYYNDKKHOIIOD-UHFFFAOYSA-N
197873.0,C1=CC(=CC2=NC3=C(C=CC(=C3)N)C=C21)N.Cl,PBBGTVBGXBUVLT-UHFFFAOYSA-N
5284451.0,CN(C)CCN(CC1=CC=C(C=C1)OC)C2=CC=CC=N2.C(=C\C(=O)O)\C(=O)O,JXYWFNAQESKDNC-BTJKTKAUSA-N
656582.0,C1=CC=C2C(=C1)C(=O)[N-]S2(=O)=O.[Na+],WINXNKPZLFISPD-UHFFFAOYSA-M
10891.0,CC1=CC=C(C=C1)N.Cl,JQKBUTDZZRGQDR-UHFFFAOYSA-N
7247.0,CC1=CC(=C(C=C1)C)C,GWHJZXXIDMPWGX-UHFFFAOYSA-N
88898.0,CC1=CC(=C(C=C1)N)C.Cl,HFXISSJBRAPVLG-UHFFFAOYSA-N
4343483.0,[B-](F)(F)(F)F.[Na+],KGJZTOFHXCFQIV-UHFFFAOYSA-N
12867.0,CC(C)(C)C1=CC(=O)C=C(C1=O)C(C)(C)C,RDQSIADLBQFVMY-UHFFFAOYSA-N
13203.0,C1CCC(=O)C(C1)Cl,CCHNWURRBFGQCD-UHFFFAOYSA-N
67299.0,C1=C(C(=CC(=C1O)Cl)Cl)O,GRLQBYQELUWBIO-UHFFFAOYSA-N
11701.0,CC(C)(CC(=O)O)C(=O)O,GOHPTLYPQCTZSE-UHFFFAOYSA-N
12681.0,CC(C)(CCC(=O)O)C(=O)O,BTUDGPVTCYNYLK-UHFFFAOYSA-N
12372.0,CCCCCCC#N,SDAXRHHPNYTELL-UHFFFAOYSA-N
7420.0,C1=CC(=CC(=C1)O)C(=O)O,IJFXRHURBJZNAO-UHFFFAOYSA-N
12244.0,CC(C)CC#N,QHDRKFYEGYYIIK-UHFFFAOYSA-N
12046.0,CC(CCC(=O)O)C(=O)O,AQYCMVICBNBXNA-UHFFFAOYSA-N
11262.0,CCC(C)C(=O)C,UIHCLUNTQKBZGK-UHFFFAOYSA-N
10457.0,C(CCCC(=O)O)CCC(=O)O,TYFQFVWCELRYAO-UHFFFAOYSA-N
74563.0,CCCC(=O)C(=O)O,KDVFRMMRZOCFLS-UHFFFAOYSA-N
867.0,C(C(=O)O)C(=O)O,OFOBLEOULBTSOW-UHFFFAOYSA-N
8256.0,C(=O)C(Br)(Br)Br,YTGSYRVSBPFKMQ-UHFFFAOYSA-N
61144.0,C(=O)(C(Cl)(Cl)Cl)N,UPQQXPKAYZYUKO-UHFFFAOYSA-N
12530.0,CCCCCCCCCCCCC(=O)O,SZHOJFHSIKHZHA-UHFFFAOYSA-N
8186.0,CCCCCCCCCCC=O,KMPQYAYAQWNLME-UHFFFAOYSA-N
25015.0,C[C@]12C=CC3=C4CCC(=O)C=C4CC[C@H]3[C@@H]1CC[C@@H]2O,MEHHPFQKXOUFFV-OWSLCNJRSA-N
14138.0,CCCCCCCOC(=O)C1=CC=C(C=C1)O,ZTJORNVITHUQJA-UHFFFAOYSA-N
8348.0,C1=CC=C(C=C1)C(=O)C2=CC=CC=C2O,HJIAMFHSAAEUKR-UHFFFAOYSA-N
83050.0,C1=CC=C(C=C1)C(=O)C2=CC(=CC=C2)O,SHULEACXTONYPS-UHFFFAOYSA-N
8570.0,COC1=CC(=C(C=C1)C(=O)C2=C(C=C(C=C2)OC)O)O,SODJJEXAWOSSON-UHFFFAOYSA-N
73851.0,CC1=CC(=C(C=C1)O)C(=O)C2=CC=CC=C2,OQERFUGURPLBQH-UHFFFAOYSA-N
87250.0,C1=CC=C(C=C1)OC(=O)C2=CC=C(C=C2)O,GJLNWLVPAHNBQN-UHFFFAOYSA-N
17569.0,CCCCCCCCCCCCOC(=O)C1=CC=C(C=C1)O,BAYSQTBAJQRACX-UHFFFAOYSA-N
16211115.0,CCN1C=C[N+](=C1)C.C(#N)[S-],VASPYXGQVWPGAB-UHFFFAOYSA-M
586708.0,CCCCCCCCCOC(=O)C1=CC=C(C=C1)O,MBNSKHJDYXPONL-UHFFFAOYSA-N
688628.0,COC1=CC(=C(C=C1)C(=O)C2=CC=C(C=C2)O)OC,QEHRETCJMLQPCR-UHFFFAOYSA-N
69150.0,C1=CC(=CC=C1C(=O)C2=CC=C(C=C2)O)O,RXNYJUSEXLAVNQ-UHFFFAOYSA-N
23019.0,CCCCCOC(=O)C1=CC=C(C=C1)O,ZNSSPLQZSUWFJT-UHFFFAOYSA-N
16211135.0,CC[S+](CC)CC.C(F)(F)(F)S(=O)(=O)[N-]S(=O)(=O)C(F)(F)F,BLODSRKENWXTLO-UHFFFAOYSA-N
53316406.0,CCN1C=C[N+](=C1)C.CCOP(=O)([O-])OCC,HQWOEDCLDNFWEV-UHFFFAOYSA-M
6620.0,CC1=C(C=CC(=C1)C(C)(C)C2=CC(=C(C=C2)O)C)O,YMTYZTXUZLQUSF-UHFFFAOYSA-N
608116.0,CC(C1=CC=C(C=C1)O)C2=CC=C(C=C2)O,HCNHNBLSNVSJTJ-UHFFFAOYSA-N
13065.0,CC(C)(C1=CC=CC=C1)C2=CC=CC=C2,MILSYCKGLDDVLM-UHFFFAOYSA-N
6619.0,CC(C)(C1=CC(=C(C(=C1)Cl)O)Cl)C2=CC(=C(C(=C2)Cl)O)Cl,KYPYTERUKNKOLP-UHFFFAOYSA-N
84677.0,C1=CC(=CC=C1C(=C(Cl)Cl)C2=CC=C(C=C2)O)O,OWEYKIWAZBBXJK-UHFFFAOYSA-N
102724.0,C1CC2C(C1)C3CC2CC3(C4=CC=C(C=C4)O)C5=CC=C(C=C5)O,WWCSTJWKTAXUGJ-UHFFFAOYSA-N
6799.0,C1=CC=C(C=C1)C(=O)C2=C(C=CC(=C2)Cl)O,OMWSZDODENFLSV-UHFFFAOYSA-N
222285.0,C([C@H]([C@H](CO)O)O)O,UNXHWFMMPAWVPI-ZXZARUISSA-N
6918840.0,C[C@@]12CCC[C@@]([C@H]1CC[C@]34[C@H]2CC[C@](C3)(C(=C)C4)O[C@H]5[C@@H]([C@H]([C@@H]([C@H](O5)CO)O)O[C@H]6[C@@H]([C@H]([C@@H]([C@H](O6)CO)O)O)O)O[C@H]7[C@@H]([C@H]([C@@H]([C@H](O7)CO)O)O)O)(C)C(=O)O[C@H]8[C@@H]([C@H]([C@@H]([C@H](O8)CO)O)O)O,HELXLJCILKEWJH-NCGAPWICSA-N
6427.0,C(C(F)(Cl)Cl)(F)(Cl)Cl,UGCSPKPEHQEOSR-UHFFFAOYSA-N
17321.0,CC1=CC2=C(C=C1)C3=CC=CC=C3C=C2,KANLOADZXMMCQA-UHFFFAOYSA-N
212930.0,CC(=O)C=CC1=CC=CO1,GBKGJMYPQZODMI-UHFFFAOYSA-N
23535.0,CC(=CCCC(C)(C=C)OC(=O)C1=CC=CC=C1N)C,WHIJSULEEDNKPD-UHFFFAOYSA-N
60967.0,C(C(Br)(Br)Br)(Br)Br,OGVPXEPSTZMAFF-UHFFFAOYSA-N
7482.0,C1=CC(=CC=C1CCl)[N+](=O)[O-],KGCNHWXDPDPSBV-UHFFFAOYSA-N
18745.0,CC(C)(C#N)C(C)(C)C#N,ZVQXQPNJHRNGID-UHFFFAOYSA-N
151932.0,C1=CC=NC(=C1)C(=O)[O-].C1=CC=NC(=C1)C(=O)[O-].C1=CC=NC(=C1)C(=O)[O-].[Cr+3],CBDQOLKNTOMMTL-UHFFFAOYSA-K
6.0,C1=CC(=C(C=C1[N+](=O)[O-])[N+](=O)[O-])Cl,VYZAHLCBVHPDDF-UHFFFAOYSA-N
16218739.0,CC1=CC=C(C=C1)S(=O)(=O)[O-].CC(C)C[P+](C)(CC(C)C)CC(C)C,SNXTZFCNWIVLKZ-UHFFFAOYSA-M
3015167.0,CCCCCCCC[P+](CCCCCCCC)(CCCCCCCC)CCCCCCCC.[Br-],QVBRLOSUBRKEJW-UHFFFAOYSA-M
2734160.0,CCN1C=C[N+](=C1)C.[Cl-],BMQZYMYBQZGEEY-UHFFFAOYSA-M
193581.0,CCN.[N+](=O)(O)[O-],NWMKOQWBSZQAMG-UHFFFAOYSA-N
171257.0,C(CO)N.C(=O)O,IKAHFTWDTODWID-UHFFFAOYSA-N
13379149.0,CNC.[N+](=O)(O)[O-],KTAFYYQZWVSKCK-UHFFFAOYSA-N
22678982.0,CCCCCCCC[N+](C)(CCCCCCCC)CCCCCCCC.C(F)(F)(F)S(=O)(=O)[O-],WYNCDLDEWVNKJX-UHFFFAOYSA-M
44630019.0,CCCC[N+](C)(CCCC)CCCC.C(F)(F)(F)S(=O)(=O)[N-]S(=O)(=O)C(F)(F)F,XALVHDZWUBSWES-UHFFFAOYSA-N
2734167.0,CCCCN1C=C[N+](=C1C)C.[Cl-],HHHYPTORQNESCU-UHFFFAOYSA-M
11243457.0,CCCCN1C=C[N+](=C1C)C.F[P-](F)(F)(F)(F)F,JWFPQAXAGSAKRF-UHFFFAOYSA-N
11832800.0,CCCCN1C=C[N+](=C1C)C.[I-],YUCVYVCYVDQICM-UHFFFAOYSA-M
2734244.0,[B-](F)(F)(F)F.CCCCN1C=C[N+](=C1C)C,VCAIYEJBOWHUGP-UHFFFAOYSA-N
11171745.0,CCCCN1C=C[N+](=C1)C.C(=[N-])=NC#N,ICIVTHOGIQHZRY-UHFFFAOYSA-N
2734174.0,CCCCN1C=C[N+](=C1)C.F[P-](F)(F)(F)(F)F,IXQYBUDWDLYNMA-UHFFFAOYSA-N
11492381.0,CCCCN1C=C[N+](=C1)C.CS(=O)(=O)[O-],PUHVBRXUKOGSBC-UHFFFAOYSA-M
12040509.0,CCCCCCCCCCN1C=C[N+](=C1)C.C(F)(F)(F)S(=O)(=O)[N-]S(=O)(=O)C(F)(F)F,ZYVGZWFCGPUVSH-UHFFFAOYSA-N
11424151.0,CCCCN1C=C[N+](=C1)C.C(#N)[S-],SIXHYMZEOJSYQH-UHFFFAOYSA-M
11461044.0,[B-](F)(F)(F)F.CCCCCCCCCCN1C=C[N+](=C1)C,QGUMDWFYJYXDTH-UHFFFAOYSA-N
22239085.0,CCCCCCCCCCN1C=C[N+](=C1)C.C(F)(F)(F)S(=O)(=O)[O-],YFLIZKWXKVXRES-UHFFFAOYSA-M
53316407.0,CCCCCCCCCCCCN1C=C[N+](=C1)C.C(F)(F)(F)S(=O)(=O)[N-]S(=O)(=O)C(F)(F)F,RJCNRVFKCLDBEC-UHFFFAOYSA-N
2734227.0,CCCCCCCCCCCCN1C=C[N+](=C1)C.[Cl-],OPXNHKQUEXEWAM-UHFFFAOYSA-M
10250129.0,CCCCCCCCCCCCN1C=C[N+](=C1)C.F[P-](F)(F)(F)(F)F,MPHALGYBTKGJEV-UHFFFAOYSA-N
12991988.0,CCCC[N+](C)(C)C.C(F)(F)(F)S(=O)(=O)[N-]S(=O)(=O)C(F)(F)F,XSGKJXQWZSFJEJ-UHFFFAOYSA-N
2758873.0,CCN1C=C[N+](=C1)C.F[P-](F)(F)(F)(F)F,DPDAKOVGQUGTHH-UHFFFAOYSA-N
53260965.0,C[N+](C)(C)CCO.C(F)(F)(F)S(=O)(=O)[N-]S(=O)(=O)C(F)(F)F,XFXJXURAALDGSW-UHFFFAOYSA-N
2734231.0,CCCCCCCCCCCCCCCCN1C=C[N+](=C1)C.[Cl-],ZCPPLZJPPBIWRU-UHFFFAOYSA-M
159924.0,CN.[N+](=O)(O)[O-],PTIUDKQYXMFYAI-UHFFFAOYSA-N
2734237.0,CCCCCCN1C=C[N+](=C1)C.[Br-],BGSUDDILQRFOKZ-UHFFFAOYSA-M
16211009.0,CCCCCCCC[N+](C)(CCCCCCCC)CCCCCCCC.C(F)(F)(F)S(=O)(=O)[N-]S(=O)(=O)C(F)(F)F,LAGQNGWYNLUQRI-UHFFFAOYSA-N
77342.0,C1COS(=O)O1,WDXYVJKNSMILOQ-UHFFFAOYSA-N
90547.0,C1=CC(=CC=C1C(=O)O)NN.Cl,XHLQMKQBCHYRLC-UHFFFAOYSA-N
20240.0,CC(C)COC(=O)C1=CC=C(C=C1)O,XPJVKCRENWUEJH-UHFFFAOYSA-N
5922.0,C1=CN=CC=C1C(=O)O,TWBYWOBDOCUKOW-UHFFFAOYSA-N
13619.0,C1=C(C=C(C(=C1O)Cl)Cl)Cl,WWGQHTJIFOQAOC-UHFFFAOYSA-N
10197675.0,CCCN.[N+](=O)(O)[O-],FZQFNTYKHHDUFT-UHFFFAOYSA-N
11321106.0,C[N+]1=CN(C=C1)CC=C.[Cl-],QVRCRKLLQYOIKY-UHFFFAOYSA-M
10560335.0,C[N+]1=CN(C=C1)CC2=CC=CC=C2.[Cl-],FCRZSGZCOGHOGF-UHFFFAOYSA-M
11212667.0,CCCCN1C=C[N+](=C1C)C.C(F)(F)(F)S(=O)(=O)[N-]S(=O)(=O)C(F)(F)F,UCCKRVYTJPMHRO-UHFFFAOYSA-N
2734241.0,CCCCN1C=C[N+](=C1C)C.[Br-],USOIOQCOUFEVEB-UHFFFAOYSA-M
2734176.0,CCCC[N+]1=CC=CC=C1.F[P-](F)(F)(F)(F)F,CTMFVASPBJWPFC-UHFFFAOYSA-N
2734238.0,CCCC[N+]1=CC=CC=C1.[Br-],KVBQNFMTEUEOCD-UHFFFAOYSA-M
2734239.0,CCCCCC[N+]1=CC=CC=C1.[Br-],SZRSEFNUSHACPD-UHFFFAOYSA-M
2734172.0,CCCCCC[N+]1=CC=CC=C1.[Cl-],JEOSMYVMLZTQOH-UHFFFAOYSA-M
2734177.0,CCCCCC[N+]1=CC=CC=C1.F[P-](F)(F)(F)(F)F,DKRTWJPQQYAIHH-UHFFFAOYSA-N
53316409.0,CCCC[N+]1(CCCC1)C.F[P-](F)(F)(F)(F)F,HCGXEKKFZYYPFF-UHFFFAOYSA-N
11076461.0,CCCC[N+]1(CCCC1)C.[I-],BEZANEDYKZXSCF-UHFFFAOYSA-M
16213711.0,CCCC[N+]1(CCCC1)C.C(=[N-])=NC#N,LBHLGZNUPKUZJC-UHFFFAOYSA-N
7490.0,CN(C)C1=CC=C(C=C1)N(C)C,CJAOGUFAAWZWNI-UHFFFAOYSA-N
8035.0,CC(=O)CCC(=O)C,OJVAMHKKJGICOG-UHFFFAOYSA-N
7840.0,CCCBr,CYNYIHKIEHGYOZ-UHFFFAOYSA-N
9709.0,C1=CC(=C(C=C1F)F)N,CEPCPXLLFXPZGW-UHFFFAOYSA-N
2331.0,C1=CC=C(C=C1)C(=O)N,KXDAEFPNCMNJSK-UHFFFAOYSA-N
12252.0,C(CO)[N+](=O)[O-],KIPMDPDAFINLIV-UHFFFAOYSA-N
12059921.0,CC[N+]1(CCCC1)C.[I-],LBFFBPOOIMGQOV-UHFFFAOYSA-M
6495.0,CC(C)(OC)OC,HEWZVZIVELJPQZ-UHFFFAOYSA-N
31347.0,C1CCS(=O)(=O)C1,HXJUTPCZVOIRIF-UHFFFAOYSA-N
76191.0,C1=C(C=C(C=C1Cl)Cl)C(=O)Cl,GGHLXLVPNZMBQR-UHFFFAOYSA-N
25171607.0,CCC[N+]1(CCCC1)C.C(F)(F)(F)S(=O)(=O)[N-]S(=O)(=O)C(F)(F)F,DKNRELLLVOYIIB-UHFFFAOYSA-N
6929.0,CC(C)(C)C1=CC(=CC(=C1O)C(C)(C)C)CO,HNURKXXMYARGAY-UHFFFAOYSA-N
9958.0,CC1=CC(=C(C=C1)O)O,ZBCATMYQYDCTIZ-UHFFFAOYSA-N
6554.0,CCC(C)Br,UPSXAPQYNGXVBF-UHFFFAOYSA-N
8062.0,C(CC#N)C#N,IAHFWCOBPZCAEA-UHFFFAOYSA-N
15394.0,CCC(=O)C=C,JLIDVCMBCGBIEY-UHFFFAOYSA-N
9808.0,C1=CC=C(C(=C1)C(=O)Cl)F,RAAGZOYMEQDCTD-UHFFFAOYSA-N
5325504.0,C(=C/C(=O)Cl)\C(=O)Cl,ZLYYJUJDFKGVKB-OWOJBTEDSA-N
6565.0,C=C(CCl)Cl,FALCMQXTWHPRIH-UHFFFAOYSA-N
7192.0,CCOC1=CC2=C(C=C1)N=C(S2)N,KOYJWFGMEBETBU-UHFFFAOYSA-N
28700.0,CC(C)N(C(C)C)C(=O)SCC(=CCl)Cl,SPANOECCGNXGNR-UHFFFAOYSA-N
31297.0,CS(=O)(=O)Cl,QARBMVPHQWIHKH-UHFFFAOYSA-N
6577.0,C(C(=O)Cl)Cl,VGCXGMAHQTYDJK-UHFFFAOYSA-N
8868.0,CCOC(=O)CC(=O)C,XYIBRDXRRQCHLP-UHFFFAOYSA-N
62493.0,CC(C)(C)C(=O)Cl,JVSFQJZRHXAUGT-UHFFFAOYSA-N
61274.0,C(=N)(N)S(=O)O,FYOWZTWVYZOZSI-UHFFFAOYSA-N
2518.0,C1=CC(=C(C=C1C=CC(=O)O)O)O,QAIPRVGONGVQAS-UHFFFAOYSA-N
9414.0,CC1=CC(=CC(=C1N(C)C)C)OC(=O)NC,YNEVBPNZHBAYOA-UHFFFAOYSA-N
11734.0,CC(C(=O)O)Cl,GAWAYYRQGQZKCR-UHFFFAOYSA-N
7543.0,C1=CC(=C(C=C1CC2=CC(=C(C=C2)N)Cl)Cl)N,IBOFVQJTBBUKMU-UHFFFAOYSA-N
8125.0,CCCCCCC=C,KWKAKUADMBZCLK-UHFFFAOYSA-N
28207.0,CCOC1=C(C=C(C=C1)NC(=O)C)N,XTXFAVHDQCHWCS-UHFFFAOYSA-N
11112.0,C1=CC(=CN=C1)C(=O)NN,KFUSANSHCADHNJ-UHFFFAOYSA-N
92629.0,CC(COC(C)(C)C)O,GQCZPFJGIXHZMB-UHFFFAOYSA-N
12375.0,CCOCCOCC,LZDKZFUFMNSQCJ-UHFFFAOYSA-N
6227.0,C(C(=O)O)Br,KDPAWGWELVVRCH-UHFFFAOYSA-N
7237.0,CC1=CC=CC=C1C,CTQNGGLPUBDAKN-UHFFFAOYSA-N
5302.0,CC1(C2(C(C(C(C1(C2Cl)Cl)(C(Cl)Cl)Cl)Cl)Cl)Cl)C,DVEYBSZJQZPNLT-UHFFFAOYSA-N
6379.0,C[N+](C)(C)C.[Cl-],OKIZCWYLBDKLSU-UHFFFAOYSA-M
85689.0,C1CCC2C(C1)C(=O)OC2=O,MUTGBJKUEZFXGO-UHFFFAOYSA-N
67349.0,C[Si](C1=CC=CC=C1)(C2=CC=CC=C2)Cl,OJZNZOXALZKPEA-UHFFFAOYSA-N
77929.0,CC(=O)O[Si](C)(OC(=O)C)OC(=O)C,TVJPBVNWVPUZBM-UHFFFAOYSA-N
17234.0,CCCCCCCCCCCCCOC(=O)C(=C)C,KEROTHRUZYBWCY-UHFFFAOYSA-N
24233.0,CC(C(C)Cl)Cl,RMISVOPUIFJTEO-UHFFFAOYSA-N
7586.0,C1C(O1)COC2=CC(=CC=C2)OCC3CO3,WPYCRFCQABTEKC-UHFFFAOYSA-N
28697.0,C1=CC(=C(C(=C1[N+](=O)[O-])Cl)Cl)Cl,BGKIECJVXXHLDP-UHFFFAOYSA-N
11328.0,CC1=CC2=CC=CC(=C2C=C1)C,CBMXCNPQDUJNHT-UHFFFAOYSA-N
12468.0,C1=C(C=C(C(=C1Cl)Cl)Cl)Cl,QZYNWJQFTJXIRN-UHFFFAOYSA-N
6589.0,CC(C)C(C)C,ZFFMLCVRJBZUDZ-UHFFFAOYSA-N
7258.0,C1=CC(=C(C=C1O)Cl)Cl,WDNBURPWRNALGP-UHFFFAOYSA-N
7288.0,CCC(=O)CC,FDPIMTJIUBPUKL-UHFFFAOYSA-N
6936.0,CC1=CC(=C(C=C1Cl)S(=O)(=O)O)N,VYZCFAPUHSSYCC-UHFFFAOYSA-N
9483.0,C1=CC(=CC(=C1)N=C=O)C(F)(F)F,SXJYSIBLFGQAND-UHFFFAOYSA-N
21210.0,CCCCOCC(C)O,RWNUSVWFHDHRCJ-UHFFFAOYSA-N
18196.0,CN(C)CCN(C)CCN(C)C,UKODFQOELJFMII-UHFFFAOYSA-N
6881.0,C1=CC=C(C=C1)C=CCOC(=O)C2=CC=CC=C2N,GABQNAFEZZDSCM-UHFFFAOYSA-N
11830.0,C1=CC2=C(C(=C1)[N+](=O)[O-])N=CC=C2,OQHHSGRZCKGLCY-UHFFFAOYSA-N
77353.0,CC(=C)C1=CC(=CC=C1)C(=C)C,IBVPVTPPYGGAEL-UHFFFAOYSA-N
60999.0,C1=CC=C(C=C1)CC(=O)OCC2=CC=CC=C2,MIYFJEKZLFWKLZ-UHFFFAOYSA-N
197835.0,CN1CCC2=CC3=C(C=C2[C@@H]1[C@@H]4C5=C(C(=C(C=C5)OC)OC)C(=O)O4)OCO3,JZUTXVTYJDCMDU-MOPGFXCFSA-N
29228.0,C1=C(C=C(C(=C1Cl)[N+](=O)[O-])Cl)Cl,AEBJDOTVYMITIA-UHFFFAOYSA-N
67967.0,C1=CC(=C(C=C1F)F)[N+](=O)[O-],RJXOVESYJFXCGI-UHFFFAOYSA-N
6013.0,C[C@]12CC[C@H]3[C@H]([C@@H]1CC[C@@H]2O)CCC4=CC(=O)CC[C@]34C,MUMGGOZAMZWBJJ-DYKIIFRCSA-N
61186.0,CCCCC(=O)Cl,XGISHOFUAFNYQF-UHFFFAOYSA-N
7264.0,CC1=CC(=C(C=C1)O)N,ZMXYNJXDULEQCK-UHFFFAOYSA-N
53462.0,CN1C2=C(C3=C(C=C2)N=CC=C3)N=C1N,ARZWATDYIYAUTA-UHFFFAOYSA-N
13539.0,CC(COC(=O)C(=C)C)O,VHSHLMUCYSAUQU-UHFFFAOYSA-N
11460221.0,[B-](F)(F)(F)F.CCCCCCCCN1C=C[N+](=C1)C,GXZCAMSPWNHTAE-UHFFFAOYSA-N
10473.0,CNC.Cl,IQDGSYLLQPDQDV-UHFFFAOYSA-N
11375816.0,CCCCCCCCCCCCCC[P+](CCCCCC)(CCCCCC)CCCCCC.[Cl-],JCQGIZYNVAZYOH-UHFFFAOYSA-M
77290.0,C1CN(C(=O)N1)CCO,HBAIZGPCSAAFSU-UHFFFAOYSA-N
60960.0,C([C@@H](C(=O)O)N)S.Cl,IFQSXNOEEPCSLW-DKWTVANSSA-N
76564.0,CCCC[P+](CCCC)(CCCC)CCCC.[Br-],RKHXQBLJXBGEKF-UHFFFAOYSA-M
7621.0,CCCCN(CCCC)CCO,IWSZDQRGNFLMJS-UHFFFAOYSA-N
88365.0,C1=C(C=C(C(=C1Cl)Cl)Cl)[N+](=O)[O-],HHLCSFGOTLUREE-UHFFFAOYSA-N
11568.0,C1=CC(=CC(=C1)O)N,CWLKGDAVCFYWJK-UHFFFAOYSA-N
12589.0,CCCCCC[N+](=O)[O-],FEYJIFXFOHFGCC-UHFFFAOYSA-N
16212746.0,CCCCCCCCN1C=C[N+](=C1)C.C(F)(F)(F)S(=O)(=O)[O-],BCVMAYRUJBXMAP-UHFFFAOYSA-M
7281.0,C(C(CBr)Br)O,QWVCIORZLNBIIC-UHFFFAOYSA-N
2336.0,C1=CC=C2C3=C4C(=CC2=C1)C=CC5=C4C(=CC=C5)C=C3,FMMWHPNWAFZXNH-UHFFFAOYSA-N
7333.0,CC1=CC=CC=C1NC(=NC2=CC=CC=C2C)N,OPNUROKCUBTKLF-UHFFFAOYSA-N
10795.0,CC(OC)OC,SPEUIVXLLWOEMJ-UHFFFAOYSA-N
82261.0,CCCCCCCCS(=O)(=O)Cl,WIVNTNLDTMNDNO-UHFFFAOYSA-N
23670844.0,C1=C(C=C(C=C1C(=O)O)S(=O)(=O)[O-])C(=O)O.[Na+],YXTFRJVQOWZDPP-UHFFFAOYSA-M
69917.0,C1=CC(=CC=C1C(=O)NC2=CC=C(C=C2)N)N,XPAQFJJCWGSXGJ-UHFFFAOYSA-N
12040508.0,CCCN1C=C[N+](=C1)C.C(F)(F)(F)S(=O)(=O)[N-]S(=O)(=O)C(F)(F)F,CDWUIWLQQDTHRA-UHFFFAOYSA-N
2734163.0,CCCCCCN1C=C[N+](=C1)C.[Cl-],NKRASMXHSQKLHA-UHFFFAOYSA-M
8407.0,C1=CC=C(C=C1)NC2=CC=CC=C2[N+](=O)[O-],RUKISNQKOIKZGT-UHFFFAOYSA-N
9158.0,C1=CC=C2C=C3C4=CC=CC5=C4C(=CC=C5)C3=CC2=C1,HAXBIWFMXWRORI-UHFFFAOYSA-N
329983.0,CC1CCC2=C(C1)OC=C2C,YGWKXXYGDYYFJU-UHFFFAOYSA-N
11597.0,CCCCC=C,LIKMAJRDDDTEIG-UHFFFAOYSA-N
6214.0,C(C(Cl)(Cl)Cl)(Cl)(Cl)Cl,VHHHONWQHHHLTI-UHFFFAOYSA-N
3378440.0,C1=CC(=C2C(=C1[N+](=O)[O-])C(=O)C3=C(C=CC(=C3C2=O)O)[N+](=O)[O-])O,GJCHQJDEYFYWER-UHFFFAOYSA-N
6618.0,CC(C)(C1=CC(=C(C(=C1)Br)O)Br)C2=CC(=C(C(=C2)Br)O)Br,VEORPZCZECFIRK-UHFFFAOYSA-N
87154.0,C1=CC=C2C(=C1)C(=O)N(C2=O)CCl,JKGLRGGCGUQNEX-UHFFFAOYSA-N
85557.0,C1=CC2=C(C=CC(=C2)O)C=C1C(=O)O,KAUQJMHLAFIZDU-UHFFFAOYSA-N
12703.0,CCN(CC)C(=O)C,AJFDBNQQDYLMJN-UHFFFAOYSA-N
10941.0,C1=CC(=CC(=C1)N)N.Cl.Cl,SVTOYMIYCMHPIV-UHFFFAOYSA-N
2734175.0,CCCCCCN1C=C[N+](=C1)C.F[P-](F)(F)(F)(F)F,YPWSSSRXUOQNMQ-UHFFFAOYSA-N
7719.0,CCCCC(CC)CN,LTHNHFOGQMKPOV-UHFFFAOYSA-N
8494.0,CC(=O)C1=CC(=CC=C1)[N+](=O)[O-],ARKIFHPFTHVKDT-UHFFFAOYSA-N
16637.0,CC(C)NC(=O)C=C,QNILTEGFHQSKFF-UHFFFAOYSA-N
10423.0,C1COC1,AHHWIHXENZJRFG-UHFFFAOYSA-N
11684.0,CCC(C)(C)C(=O)O,VUAXHMVRKOTJKP-UHFFFAOYSA-N
6737.0,C1=CC(=C(C(=C1)Cl)C=O)Cl,DMIYKWPEFRFTPY-UHFFFAOYSA-N
7331.0,COC1=C(C=C(C=C1)C(=O)NC2=CC=CC=C2)[N+](=O)[O-],YKOCPBMVMBUTAX-UHFFFAOYSA-N
25418.0,CCN(C)N=O,RTDCJKARQCRONF-UHFFFAOYSA-N
590836.0,CC(C)CCCCCCOC(=O)C1=CC=CC=C1C(=O)OCCCCCCC(C)C,HBGGXOJOCNVPFY-UHFFFAOYSA-N
66912.0,C1=CC(=CC=C1OCCO)OCCO,WTPYFJNYAMXZJG-UHFFFAOYSA-N
11872.0,CC1=CC(=C(C(=C1)[N+](=O)[O-])O)[N+](=O)[O-],HOYRZHJJAHRMLL-UHFFFAOYSA-N
90263.0,COCCOCCOCCOCCO,ZNYRFEPBTVGZDN-UHFFFAOYSA-N
6815.0,CCCC(C1=CC(=C(C=C1C)O)C(C)(C)C)C2=CC(=C(C=C2C)O)C(C)(C)C,PFANXOISJYKQRP-UHFFFAOYSA-N
16212610.0,CCCCCCCCCCCCCC[P+](CCCCCC)(CCCCCC)CCCCCC.F[P-](F)(F)(F)(F)F,WCKLETBLOAOZDE-UHFFFAOYSA-N
6921.0,C1=CC=C(C(=C1)C(F)(F)F)Cl,DGRVQOKCSKDWIH-UHFFFAOYSA-N
12036651.0,CCCCCCN1C=C[N+](=C1)C.[I-],CZIUVCSYOGFUPH-UHFFFAOYSA-M
7745.0,CCCC(C)CO,PFNHSEQQEPMLNI-UHFFFAOYSA-N
31230.0,CC(=O)NC1=CC=C(C=C1)N,CHMBIJAOCISYEW-UHFFFAOYSA-N
5787.0,C1=CC(=C(C=C1Cl)Cl)C(=O)O,ATCRIUVQKHMXSH-UHFFFAOYSA-N
6053.0,CN(C)C1=CC=C(C=C1)N=NC2=CC=CC=C2,JCYPECIVGRXBMO-UHFFFAOYSA-N
6829.0,C1=CC=C(C=C1)C2=CC=CC=C2[N+](=O)[O-],YOJKKXRJMXIKSR-UHFFFAOYSA-N
7386.0,C1=CC(=CC(=C1)[N+](=O)[O-])C(F)(F)F,WHNAMGUAXHGCHH-UHFFFAOYSA-N
7158.0,CC(C(=O)O)OC1=CC(=C(C=C1Cl)Cl)Cl,ZLSWBLPERHFHIS-UHFFFAOYSA-N
61012.0,CCN(CC)CCOC(=O)C(=C)C,SJIXRGNQPBQWMK-UHFFFAOYSA-N
638144.0,CCOC(=O)/C=C/C(=O)OCC,IEPRKVQEAMIZSS-AATRIKPKSA-N
75311.0,CCCC[P+](CCCC)(CCCC)CCCC.[Cl-],IBWGNZVCJVLSHB-UHFFFAOYSA-M
15133.0,C1=CC(=CC(=C1)CN)CN,FDLQZKYLHJJBHD-UHFFFAOYSA-N
2777982.0,C(=S)(C(=S)N)N,OAEGRYMCJYIXQT-UHFFFAOYSA-N
2734243.0,CCCCCCCCN1C=C[N+](=C1)C.F[P-](F)(F)(F)(F)F,GRCIJNHHTXBJAK-UHFFFAOYSA-N
7766.0,CCOC(=O)OCC,OIFBSDVPJOWBCH-UHFFFAOYSA-N
5284459.0,C1=CC=C(C=C1)/C=C/[N+](=O)[O-],PIAOLBVUVDXHHL-VOTSOKGWSA-N
11783.0,CC1=C(C=CC=C1[N+](=O)[O-])N,HFCFJYRLBAANKN-UHFFFAOYSA-N
10900.0,C(=CCl)Cl,KFUSEUYYWQURPO-UHFFFAOYSA-N
6899.0,C1=CC(=C(C(=C1)Cl)O)Cl,HOLHYSJJBXSLMV-UHFFFAOYSA-N
7426.0,CC1=CC(=CC(=C1)[N+](=O)[O-])C,BYFNZOKBMZKTSC-UHFFFAOYSA-N
8058.0,CCCCCC,VLKZOEOYAKHREP-UHFFFAOYSA-N
6593.0,C(C(=O)Cl)(Cl)Cl,FBCCMZVIWNDFMO-UHFFFAOYSA-N
5271569.0,CCCCOC(=O)/C=C\C(=O)OCCCC,JBSLOWBPDRZSMB-FPLPWBNLSA-N
12682.0,CO[Si](OC)(OC)OC,LFQCEHFDDXELDD-UHFFFAOYSA-N
24752.0,CCCCOCC(C)OCC(C)O,CUVLMZNMSPJDON-UHFFFAOYSA-N
20129.0,CC(CO)OC1=CC=CC=C1,LOJHHQNEBFCTQK-UHFFFAOYSA-N
8453.0,C1CNC(=O)N1,YAMHXTCMCPHKLN-UHFFFAOYSA-N
7791.0,CCCCC(CC)CNCC(CC)CCCC,SAIKULLUBZKPDA-UHFFFAOYSA-N
25711.0,CNC(=O)N(C1=CC=CC=C1)C2=CC=CC=C2,IMFYAZJNDOZIFV-UHFFFAOYSA-N
17163.0,CCCCCCCCCCCCOCC1CO1,VMSIYTPWZLSMOH-UHFFFAOYSA-N
22463.0,C1=CC2=C(C=CC(=C2)SSC3=CC4=C(C=C3)C=C(C=C4)O)C=C1O,AHXGXXJEEHFHDK-UHFFFAOYSA-N
6333.0,C(Cl)Br,JPOXNPPZZKNXOV-UHFFFAOYSA-N
6945.0,C1=CC=C(C(=C1)[N+](=O)[O-])Cl,BFCFYVKQTRLZHA-UHFFFAOYSA-N
70452.0,CC(C)N(C)C,VMOWKUTXPNPTEN-UHFFFAOYSA-N
7293.0,CNC(=O)NC,MGJKQDOBUOMPEZ-UHFFFAOYSA-N
7869.0,CC(=CC(C)(C)C)C,LAAVYEUJEMRIGF-UHFFFAOYSA-N
6432115.0,C(/C=C\CCl)Cl,FQDIANVAWVHZIR-UPHRSURJSA-N
93221.0,CC1=CC(=C(C(=C1CN2C(=O)N(C(=O)N(C2=O)CC3=C(C(=C(C=C3C)C(C)(C)C)O)C)CC4=C(C(=C(C=C4C)C(C)(C)C)O)C)C)O)C(C)(C)C,XYXJKPCGSGVSBO-UHFFFAOYSA-N
24412.0,[O-]S(=O)(=O)OOS(=O)(=O)[O-].[K+].[K+],USHAGKDGDHPEEY-UHFFFAOYSA-L
7841.0,C=CCBr,BHELZAPQIKSEDF-UHFFFAOYSA-N
7240.0,C1=CC=C(C(=C1)N)Cl,AKCRQHGQIJBRMN-UHFFFAOYSA-N
76063.0,CC1=NC2=C(N1)C=C(C=C2)Cl,NICFDLORAOTXMD-UHFFFAOYSA-N
10758.0,C1=CC=C(C=C1)C(C#N)O,NNICRUQPODTGRU-UHFFFAOYSA-N
11876.0,C1=CC=C(C(=C1)C(=O)N)[N+](=O)[O-],KLGQWSOYKYFBTR-UHFFFAOYSA-N
6359.0,C(Cl)(Cl)Br,FMWLUWPQPKEARP-UHFFFAOYSA-N
6979.0,C1=CC(=C(C=C1Cl)[N+](=O)[O-])N,PBGKNXWGYQPUJK-UHFFFAOYSA-N
16218822.0,CCCCCCCCCCCCCC[P+](CCCCCC)(CCCCCC)CCCCCC.[Br-],RJELOMHXBLDMDB-UHFFFAOYSA-M
7343.0,CCOC(=O)C(=C)C,SUPCQIBBMFXVTL-UHFFFAOYSA-N
8012.0,CCCCS,WQAQPCDUOCURKW-UHFFFAOYSA-N
13848.0,CCCCCCCCCCCl,ZTEHOZMYMCEYRM-UHFFFAOYSA-N
24813.0,O=P(Cl)(Cl)Cl,XHXFXVLFKHQFAL-UHFFFAOYSA-N
7097.0,CC(=O)OC(C1=CC=C(O1)[N+](=O)[O-])OC(=O)C,HSXKWKJCZNRMJO-UHFFFAOYSA-N
13436.0,C1=CC=C(C=C1)SSC2=CC=CC=C2,GUUVPOWQJOLRAS-UHFFFAOYSA-N
7495.0,CCOC1=CC=C(C=C1)[N+](=O)[O-],NWPKEYHUZKMWKJ-UHFFFAOYSA-N
11124.0,CCC(=O)OC,RJUFJBKOKNCXHH-UHFFFAOYSA-N
7904.0,CC(=O)OC=C,XTXRWKRVRITETP-UHFFFAOYSA-N
8706.0,C1=CC=C2C(=C1)N=C(S2)N,UHGULLIUJBCTEF-UHFFFAOYSA-N
121752.0,CCCOCC(C)OCC(C)O,WEZPLQKRXDBPEP-UHFFFAOYSA-N
10824.0,COC1=CC=CC(=C1)N,NCBZRJODKRCREW-UHFFFAOYSA-N
6375.0,C[N+](=O)[O-],LYGJENNIWJXYER-UHFFFAOYSA-N
7003.0,C1=CC=C2C(=C1)C=CC=C2Cl,JTPNRXUCIXHOKM-UHFFFAOYSA-N
7850.0,C=CCCl,OSDWBNJEKMUWAV-UHFFFAOYSA-N
53316418.0,CC[S+](C)CC.C(F)(F)(F)S(=O)(=O)[N-]S(=O)(=O)C(F)(F)F,ZDVNJIBUDKGGGM-UHFFFAOYSA-N
4093.0,CC(=C)C(=O)O,CERQOIWHTDAKMF-UHFFFAOYSA-N
7167.0,C1=CC=C(C=C1)C(=O)OC(=O)C2=CC=CC=C2,CHIHQLCVLOXUJW-UHFFFAOYSA-N
5897.0,CC(=O)NC1=CC2=C(C=C1)C3=CC=CC=C3C2,CZIHNRWJTSTCEX-UHFFFAOYSA-N
12148.0,CC1=CC=C(C=C1)NC(=O)N,DMSHKWHLXNDUST-UHFFFAOYSA-N
7933.0,C1=CC(=CC(=C1)Cl)O,HORNXRXVQWOLPJ-UHFFFAOYSA-N
18370.0,CC1=C(C=CC(=C1)C(=O)O)[N+](=O)[O-],XDTTUTIFWDAMIX-UHFFFAOYSA-N
21499.0,CCCCC(CC)COCCCN,DVFGEIYOLIFSRX-UHFFFAOYSA-N
12078.0,C1=CC(=CC(=C1)[N+](=O)[O-])CCl,APGGSERFJKEWFG-UHFFFAOYSA-N
7055.0,CC1=CC2=CC=CC=C2C=C1,QIMMUPPBPVKWKM-UHFFFAOYSA-N
10967.0,C(OCCl)Cl,HRQGCQVOJVTVLU-UHFFFAOYSA-N
6586.0,COC(=O)Cl,XMJHPCRAQCTCFT-UHFFFAOYSA-N
12184591.0,CCCCCCCCN1C=C[N+](=C1)C.C(F)(F)(F)S(=O)(=O)[N-]S(=O)(=O)C(F)(F)F,LECQXINNQGHJBM-UHFFFAOYSA-N
8165.0,CCOCCOCCOC(=O)C,FPZWZCWUIYYYBU-UHFFFAOYSA-N
74080.0,C=C(CCC#N)C#N,NGCJVMZXRCLPRQ-UHFFFAOYSA-N
8282.0,CCC(CO)(CO)N,IOAOAKDONABGPZ-UHFFFAOYSA-N
16420.0,C1=CC(=CC=C1C2=CSC(=N2)N)[N+](=O)[O-],RIKJWJIWXCUKQV-UHFFFAOYSA-N
5284472.0,CC1=CC=C(C=C1)/C(=C\CN2CCCC2)/C3=CC=CC=N3.O.Cl,CUZMOIXUFHOLLN-UMVVUDSKSA-N
7961.0,C1=CC=C(C=C1)Br,QARVLSVVCXYDNA-UHFFFAOYSA-N
18555.0,C1=CC(=C(C(=C1)Cl)Cl)[N+](=O)[O-],CMVQZRLQEOAYSW-UHFFFAOYSA-N
21575.0,CC1=C(C(=CC=C1)C(=O)O)[N+](=O)[O-],DGDAVTPQCQXLGU-UHFFFAOYSA-N
12104.0,CC1=CC(=CC=C1)C#N,BOHCMQZJWOGWTA-UHFFFAOYSA-N
13551.0,CC(C)OS(=O)(=O)C,SWWHCQCMVCPLEQ-UHFFFAOYSA-N
52999.0,CC1=NC(=NC(=N1)OC)NC(=O)NS(=O)(=O)C2=CC=CC=C2C(=O)OC,RSMUVYRMZCOLBH-UHFFFAOYSA-N
6327594.0,C(=N)(N)[Se],ZUCFIOXGLBMWHV-UHFFFAOYSA-N
20701.0,CCCCCCCCCCCCCCCCCC(=O)[O-].C(CO)[NH+](CCO)CCO,ZHALDANPYXAMJF-UHFFFAOYSA-N
8354.0,C1=CC=C2C(=C1)C(=O)N(C2=O)CO,MNSGOOCAMMSKGI-UHFFFAOYSA-N
74791.0,CCCCCCCCCC#N,HBZDPWBWBJMYRY-UHFFFAOYSA-N
5354133.0,CCCCCC[C@H](C/C=C\CCCCCCCC(=O)OC)O,XKGDWZQXVZSXAO-ADYSOMBNSA-N
23681217.0,CCC1(C(=O)NC(=NC1=O)[O-])CC.[Na+],RGHFKWPGWBFQLN-UHFFFAOYSA-M
2724192.0,CC(=O)[O-].CC(=O)[O-].O.O.[Zn+2],BEAZKUGSCHFXIQ-UHFFFAOYSA-L
73773.0,CN(C)C1=CC=C(C=C1)C2(C3=C(C=C(C=C3)N(C)C)C(=O)O2)C4=CC=C(C=C4)N(C)C,IPAJDLMMTVZVPP-UHFFFAOYSA-N
261491.0,C[C@@H]1[C@H]2C[C@]2(CC1=O)C(C)C,USMNOWBWPHYOEA-MRTMQBJTSA-N
80365.0,CCCCC(=O)N(C)C,BNODIVYXTGTUPS-UHFFFAOYSA-N
102484.0,C1=CC(=CC=C1C(CN)O)O.Cl,PUMZXCBVHLCWQG-UHFFFAOYSA-N
13586.0,C=CC1CO1,GXBYFVGCMPJVJX-UHFFFAOYSA-N
8540.0,C1CCC(CC1)C2=C(C(=CC(=C2)[N+](=O)[O-])[N+](=O)[O-])O,QJYHUJAGJUHXJN-UHFFFAOYSA-N
8471.0,CCN(CC)CC,ZMANZCXQSJIPKH-UHFFFAOYSA-N
6387.0,CC(C)(C)S,WMXCDAVJEZZYLT-UHFFFAOYSA-N
8491.0,CC1=C(C=C(C=C1)[N+](=O)[O-])Cl,LLYXJBROWQDVMI-UHFFFAOYSA-N
79081.0,CC1CCCNC1,JEGMWWXJUXDNJN-UHFFFAOYSA-N
11955.0,C1=CC=C(C=C1)C(=O)NN,WARCRYXKINZHGQ-UHFFFAOYSA-N
80519.0,COC(=O)NN,WFJRIDQGVSJLLH-UHFFFAOYSA-N
10439.0,C1=CC=NC(=C1)N,ICSNLGPSRYBMBD-UHFFFAOYSA-N
7604.0,CC(=O)NC1=CC=CC(=C1)N,PEMGGJDINLGTON-UHFFFAOYSA-N
5354284.0,CC1=CC(=O)OC2=CC(=CC(=C12)O)O,QNVWGEJMXOQQPM-UHFFFAOYSA-N
12209.0,CCC(C)COC(=O)C,XHIUFYZDQBSEMF-UHFFFAOYSA-N
16640.0,CC1=CC=CC=C1OCC2CO2,KFUSXMDYOPXKKT-UHFFFAOYSA-N
86287517.0,C(=N)(N)N[N+](=O)[O-],IDCPFAYURAQKDZ-UHFFFAOYSA-N
10843.0,CC1=CC(=CC=C1)NC(=O)C,ALMHSXDYCFOZQD-UHFFFAOYSA-N
7120.0,CCN(CC)C1=CC=C(C=C1)N,QNGVNLMMEQUVQK-UHFFFAOYSA-N
7344.0,CCOC(=O)C(C)O,LZCLXQDLBQLTDK-UHFFFAOYSA-N
13101.0,CC(C)CC(C)NC1=CC=C(C=C1)NC2=CC=CC=C2,ZZMVLMVFYMGSMY-UHFFFAOYSA-N
11552.0,CC(C)CC=O,YGHRJJRRZDOVPD-UHFFFAOYSA-N
919792.0,C1=CC(=CC=C1C(=O)C2=C(C(=C(C=C2)O)O)O)O,ZRDYULMDEGRWRC-UHFFFAOYSA-N
13428.0,C1=C(C(=C(C(=C1Cl)Cl)Cl)Cl)[N+](=O)[O-],MTBYTWZDRVOMBR-UHFFFAOYSA-N
542762.0,C(C(=O)O)(Cl)Br,GEHJBWKLJVFKPS-UHFFFAOYSA-N
7230.0,CC(C)(C)NSC1=NC2=CC=CC=C2S1,IUJLOAKJZQBENM-UHFFFAOYSA-N
98613.0,C1=CC=C(C=C1)C2=CSC(=N2)NN,VTOUNUQLXMNNMQ-UHFFFAOYSA-N
69026.0,C([N+](=O)[O-])(Br)Br,GQEVYCCMYUNRHJ-UHFFFAOYSA-N
34665.0,C1=C(N=C(S1)N)CC(=O)O,DYCLHZPOADTVKK-UHFFFAOYSA-N
5281567.0,COC1=CC(=O)O[C@H](C1)/C=C/C2=CC3=C(C=C2)OCO3,GTEXBOVBADJOQH-FWEMWIAWSA-N
31389.0,C1=CC(=CC(=C1)S(=O)(=O)[O-])[N+](=O)[O-].[Na+],LJRGBERXYNQPJI-UHFFFAOYSA-M
7657.0,C1=CC=C(C=C1)COCC2=CC=CC=C2,MHDVGSVTJDSBDK-UHFFFAOYSA-N
17231.0,CCCCCCCCOC1=CC=C(C=C1)C(=O)O,IALWCYFULVHLEC-UHFFFAOYSA-N
7231.0,C1COCCN1SSC2=NC3=CC=CC=C3S2,QRYFCNPYGUORTK-UHFFFAOYSA-N
6409.0,C(C(F)(F)F)O,RHQDFWAXVIIEBN-UHFFFAOYSA-N
5930.0,CNC1=CC=C(C=C1)O.CNC1=CC=C(C=C1)O.OS(=O)(=O)O,ZVNPWFOVUDMGRP-UHFFFAOYSA-N
5281565.0,COC1=CC(=O)O[C@H](C1)/C=C/C2=CC=CC=C2,XEAQIWGXBXCYFX-GUOLPTJISA-N
14642.0,CCCCCCCCOC(=O)C1=CC=C(C=C1)O,RIKCMEDSBFQFAL-UHFFFAOYSA-N
11334.0,C1=CC(=C(C(=C1)Cl)Cl)O,UMPSXRYVXUPCOS-UHFFFAOYSA-N
13636.0,C1=C(C(=C(C(=C1Cl)Cl)O)Cl)Cl,KEWNKZNZRIAIAK-UHFFFAOYSA-N
12733.0,CCSCCCl,GBNVXYXIRHSYEG-UHFFFAOYSA-N
6415.0,C(=O)(C(Br)(Br)Br)O,QIONYIKHPASLHO-UHFFFAOYSA-N
3034828.0,C([C@@H]1[C@H]([C@@H]([C@H]([C@H](O1)OC[C@H]([C@H]([C@@H](C(CO)O)O)O)O)O)O)O)O,SERLAGPUMNYUCK-BLEZHGCXSA-N
1017.0,C1=CC=C(C(=C1)C(=O)O)C(=O)O,XNGIFLGASWRNHJ-UHFFFAOYSA-N
12262.0,CC(CC(C)O)O,GTCCGKPBSJZVRZ-UHFFFAOYSA-N
11909.0,CC1=CC=CC=C1N=O,TWLBRQVYXPMCFK-UHFFFAOYSA-N
12051.0,CCN(CC)C=O,SUAKHGWARZSWIH-UHFFFAOYSA-N
8029.0,C1=COC=C1,YLQBMQCUIZJEEH-UHFFFAOYSA-N
114809.0,C(=O)(C(Cl)(Cl)Br)O,XSWVFEQKZFUULO-UHFFFAOYSA-N
6211.0,C1C(=O)NC(=O)NC1=O,HNYOPLTXPVRDBG-UHFFFAOYSA-N
24678.0,CC(C)CCCCCOC(=O)COC1=C(C=C(C=C1)Cl)Cl,BBPLSOGERZQYQC-UHFFFAOYSA-N
9609.0,CCSCC,LJSQFQKUNVCTIA-UHFFFAOYSA-N
41478.0,C(O)[P+](CO)(CO)CO.C(O)[P+](CO)(CO)CO.[O-]S(=O)(=O)[O-],YIEDHPBKGZGLIK-UHFFFAOYSA-L
16088242.0,C[C@@H]1C[C@@H]2[C@H](O[C@]3([C@H]1[C@]4(CC[C@@]56C[C@@]57CC[C@@H](C([C@@H]7CC[C@H]6[C@@]4([C@H]3O)C)(C)C)O[C@H]8[C@@H]([C@H]([C@@H](CO8)O)O)O)C)O2)C(C)(C)O,BTPYUWOBZFGKAI-XYGBCAHESA-N
11571.0,C1=C(C=C(C=C1Cl)Cl)O,VPOMSPZBQMDLTM-UHFFFAOYSA-N
5801.0,C1=CC=C(C(=C1)N)O,CDAWCLOXVUBKRW-UHFFFAOYSA-N
8391.0,CC1=CC(=C(C=C1)O)[N+](=O)[O-],SYDNSSSQVSOXTN-UHFFFAOYSA-N
7341.0,CCCC(C)C(=O)O,OVBFMEVBMNZIBR-UHFFFAOYSA-N
23707505.0,C([C@H]([C@H]([C@@H]([C@H](C(C(=O)[O-])O)O)O)O)O)O.[Na+],FMYOMWCQJXWGEN-BMZZJELJSA-M
6983.0,C1=C(C(=CC(=C1Cl)Cl)Cl)[N+](=O)[O-],IBRBMZRLVYKVRF-UHFFFAOYSA-N
7747.0,COC(=O)CC#N,ANGDWNBGPBMQHW-UHFFFAOYSA-N
25607.0,C1=CC(=C(C=C1Cl)Cl)C(Cl)(Cl)Cl,KZSNBJMYJWDVTK-UHFFFAOYSA-N
10638.0,C1=CC2=C(C(=C1)N)C(=O)NNC2=O,HWYHZTIRURJOHG-UHFFFAOYSA-N
8081.0,C1OCOCO1,BGJSXRVXTHVRSN-UHFFFAOYSA-N
449459.0,CC/C(=C(\C1=CC=C(C=C1)O)/C2=CC=C(C=C2)OCCN(C)C)/C3=CC=CC=C3,TXUZVZSFRXZGTL-QPLCGJKRSA-N
6537488.0,C1=C(OC(=C1)C(=O)NCC(=O)O)CO,HBULKUDERNWOBN-UHFFFAOYSA-N
5281771.0,C[C@H]1[C@@H]([C@H]([C@H]([C@@H](O1)O[C@@H]2[C@H]([C@@H](O[C@@H]([C@H]2OC(=O)/C=C/C3=CC(=C(C=C3)O)O)CO[C@H]4[C@@H]([C@H]([C@@H]([C@H](O4)CO)O)O)O)OCCC5=CC(=C(C=C5)O)O)O)O)O)O,FSBUXLDOLNLABB-ISAKITKMSA-N
9443.0,C1=CC(=C(C=C1Cl)Cl)C(F)(F)F,KALSHRGEFLVFHE-UHFFFAOYSA-N
7724.0,CC1=CC=C(C=C1)C#N,VCZNNAKNUVJVGX-UHFFFAOYSA-N
76583.0,C1=CC(=CC(=C1)Br)C=O,SUISZCALMBHJQX-UHFFFAOYSA-N
68191.0,CC(C)(CCl)C1=CC=CC=C1,DNXXUUPUQXSUFH-UHFFFAOYSA-N
11236.0,C(=O)(N)NN.Cl,XHQYBDSXTDXSHY-UHFFFAOYSA-N
95116.0,C(CSSCCC(=O)O)C(=O)O,YCLSOMLVSHPPFV-UHFFFAOYSA-N
16125.0,COC1=C(C=CC(=C1)Cl)Cl,QKMNFFSBZRGHDJ-UHFFFAOYSA-N
11803.0,C1=CC2=C(C=CC=C2[N+](=O)[O-])C(=C1)[N+](=O)[O-],ZUTCJXFCHHDFJS-UHFFFAOYSA-N
7368.0,C1=CC=C(C=C1)C(F)(F)F,GETTZEONDQJALK-UHFFFAOYSA-N
15050.0,CC(OC)(OC)OC,HDPNBNXLBDFELL-UHFFFAOYSA-N
6926.0,C1=CC=C(C(=C1)N)S(=O)(=O)O,ZMCHBSMFKQYNKA-UHFFFAOYSA-N
7856.0,C(C#N)Cl,RENMDAKOXSCIGH-UHFFFAOYSA-N
19165.0,CC1=CC(=CC=C1)OC2=CC=CC=C2,UDONPJKEOAWFGI-UHFFFAOYSA-N
7015.0,C1=CC=C(C=C1)C2=CC=CC=C2N,TWBPWBPGNQWFSJ-UHFFFAOYSA-N
1049.0,C1=CC=NC=C1,JUJWROOIHBZHMG-UHFFFAOYSA-N
8210.0,CCCCOCCOCCOCCCC,KZVBBTZJMSWGTK-UHFFFAOYSA-N
13556.0,CC(=CCCl)Cl,WLIADPFXSACYLS-UHFFFAOYSA-N
9809.0,C1=C(C=C(C(=C1[N+](=O)[O-])Cl)[N+](=O)[O-])C(F)(F)F,HFHAVERNVFNSHL-UHFFFAOYSA-N
81133.0,CN1C(=C(C(=O)N(C1=O)C)N=O)N,MGBDANYXBKROBW-UHFFFAOYSA-N
7805.0,CC1=CC=C(C=C1)Br,ZBTMRBYMKUEVEU-UHFFFAOYSA-N
18728.0,C1CC(C(CC1C(CBr)Br)Br)Br,PQRRSJBLKOPVJV-UHFFFAOYSA-N
31275.0,C1COCCO1,RYHBNJHYFVUHQT-UHFFFAOYSA-N
17570.0,C1=CC(=CC=C1O)SC2=CC=C(C=C2)O,VWGKEVWFBOUAND-UHFFFAOYSA-N
123504.0,C1=CC(=CC=C1C(=O)C2=CC=C(C=C2)Cl)O,RUETVLNXAGWCDS-UHFFFAOYSA-N
11888.0,C1=CC=C(C(=C1)CC#N)[N+](=O)[O-],YPRFCQAWSNWRLM-UHFFFAOYSA-N
7859.0,C#CCO,TVDSBUOJIPERQY-UHFFFAOYSA-N
17305.0,CCOP(=S)(OCC)Cl,KMJJJTCKNZYTEY-UHFFFAOYSA-N
16219028.0,C1=CC(=C(C(=C1)C(=O)O)C(=O)O)C(=O)O.O,DYDNZUYNRZENMU-UHFFFAOYSA-N
11990.0,C1=CC=C(C(=C1)N)N.Cl.Cl,RIIWUGSYXOBDMC-UHFFFAOYSA-N
7056.0,C1=CC=C2C=C(C=CC2=C1)Cl,CGYGETOMCSJHJU-UHFFFAOYSA-N
8097.0,CN(C)CCCCCCN(C)C,TXXWBTOATXBWDR-UHFFFAOYSA-N
7847.0,C=CC=O,HGINCPLSRVDWNT-UHFFFAOYSA-N
7578.0,C1=CC(=CC=C1N)OC2=CC=C(C=C2)Cl,YTISFYMPVILQRL-UHFFFAOYSA-N
20167.0,C1=CC=C(C=C1)C(=O)OCC(COC(=O)C2=CC=CC=C2)(COC(=O)C3=CC=CC=C3)COC(=O)C4=CC=CC=C4,MINJAOUGXYRTEI-UHFFFAOYSA-N
15513.0,COC(=O)C1=CC=C(C=C1)C(=O)O,REIDAMBAPLIATC-UHFFFAOYSA-N
2723951.0,C(#N)/C(=C(\C#N)/N)/N,DPZSNGJNFHWQDC-ARJAWSKDSA-N
21208.0,C1=CC(=C(C=C1N)N)[N+](=O)[O-],DPIZKMGPXNXSGL-UHFFFAOYSA-N
6537489.0,C1=NC2C(N1)C(=S)NC=N2.O,IFEFZCPXSZSSQI-UHFFFAOYSA-N
23684896.0,CNCCS(=O)(=O)[O-].[Na+],KKDONKAYVYTWGY-UHFFFAOYSA-M
12120.0,CCOC1=CC=CC(=C1)N,WEZAHYDFZNTGKE-UHFFFAOYSA-N
31370.0,CC(CCl)O,YYTSGNJTASLUOY-UHFFFAOYSA-N
165675.0,C[C@H]1CC[C@@H]([C@H](C1)O)C(C)C,NOOLISFMXDJSKH-AEJSXWLSSA-N
7042.0,C1=CC=C(C(=C1)C#N)C#N,XQZYPMVTSDWCCE-UHFFFAOYSA-N
7294.0,COC(=O)C=C,BAPJBEWLBFYGME-UHFFFAOYSA-N
11247.0,CC(=O)[O-].[Tl+],HQOJMTATBXYHNR-UHFFFAOYSA-M
7346.0,CC(C)C(=O)OC(=O)C(C)C,LSACYLWPPQLVSM-UHFFFAOYSA-N
7203.0,CCOC1=CC=CC=C1N,ULHFFAFDSSHFDA-UHFFFAOYSA-N
8127.0,CCCCCCCN,WJYIASZWHGOTOU-UHFFFAOYSA-N
638015.0,CC1=C(C(CCC1)(C)C)/C=C/C(=C/C=C/C(=C/C=O)/C)/C,NCYCYZXNIZJOKI-OVSJKPMPSA-N
3356745.0,C1=CC=C2C(=C1)C(=O)[N-]C2=O.[K+],FYRHIOVKTDQVFC-UHFFFAOYSA-M
8428.0,CCNC1=C(C=CC(=C1)O)C,CTGSQPRDMHCIMM-UHFFFAOYSA-N
7563.0,C1=CC=C(C=C1)CC2=CC=C(C=C2)O,HJSPWKGEPDZNLK-UHFFFAOYSA-N
17946.0,COC(=O)C1=CC(=CC=C1)Cl,XRDRKVPNHIWTBX-UHFFFAOYSA-N
5367460.0,CC/C=C\C/C=C\C/C=C\CCCCCCCC(=O)OCC,JYYFMIOPGOFNPK-AGRJPVHOSA-N
62158.0,C1=CC(=C(C=C1[N+](=O)[O-])OCCO)NCCO,PNENOUKIPPERMY-UHFFFAOYSA-N
82916.0,C1/C=C\CC/C=C\C1,VYXHVRARDIDEHS-QGTKBVGQSA-N
22574.0,C1=C(C=C(C(=C1C(=O)O)O)S(=O)(=O)O)N,MLPWLRUWQJVULT-UHFFFAOYSA-N
232446.0,C1CCC(CC1)(C2=CC=C(C=C2)O)C3=CC=C(C=C3)O,SDDLEVPIDBLVHC-UHFFFAOYSA-N
65340.0,C1=CC(=C(C=C1CCN)O)O.Cl,CTENFNNZBMHDDG-UHFFFAOYSA-N
11087.0,C1=CC=C(C(=C1)C(=O)O)[N+](=O)[O-],SLAMLWHELXOEJZ-UHFFFAOYSA-N
8883.0,CC(C)(C#CC(C)(C)O)O,IHJUECRFYCQBMW-UHFFFAOYSA-N
7308.0,CC1=CC(=C(C=C1SC2=CC(=C(C=C2C)O)C(C)(C)C)C(C)(C)C)O,HXIQYSLFEXIOAV-UHFFFAOYSA-N
11159638.0,CCN1C=C[N+](=C1)C.C(=[N-])=NC#N,MKHFCTXNDRMIDR-UHFFFAOYSA-N
7259.0,CC1=CC(=C(C=C1)C)N,VOWZNBNDMFLQGM-UHFFFAOYSA-N
8028.0,C1CCOC1,WYURNTSHIVDZCO-UHFFFAOYSA-N
8474.0,C1=CC(=CC(=C1)S(=O)(=O)O)N,ZAJAQTYSTDTMCU-UHFFFAOYSA-N
2734117.0,CCCCCCCC[N+](CCCCCCCC)(CCCCCCCC)CCCCCCCC.[Br-],QBVXKDJEZKEASM-UHFFFAOYSA-M
31263.0,CCC(=O)OC(=O)CC,WYVAMUWZEOHJOQ-UHFFFAOYSA-N
73864.0,C1=CC(=CC=C1C(C2=CC=C(C=C2)O)(C(F)(F)F)C(F)(F)F)O,ZFVMWEVVKGLCIJ-UHFFFAOYSA-N
8180.0,CCCCCCCCCCC(=O)O,ZDPHROOEEOARMN-UHFFFAOYSA-N
10220256.0,COC1=CC(=O)O[C@H](C1)CCC2=CC=CC=C2,VOOYTQRREPYRIW-LBPRGKRZSA-N
10928.0,CCOC(=O)Cl,RIFGWPKJUGCATF-UHFFFAOYSA-N
10898.0,C(CBr)O,LDLCZOVUSADOIV-UHFFFAOYSA-N
8909.0,CCCCOCCCC,DURPTKYDGMDSBL-UHFFFAOYSA-N
69317.0,C1=CC=C(C=C1)SCCSC2=CC=CC=C2,MHCVYAFXPIMYRD-UHFFFAOYSA-N
2758874.0,CCN1C=C[N+](=C1)C.C(F)(F)(F)S(=O)(=O)[O-],ZPTRYWVRCNOTAS-UHFFFAOYSA-M
6787.0,CCCCCCCCCOC(=O)C1=CC=CC=C1C(=O)OCCCCCCCCC,DROMNWUQASBTFM-UHFFFAOYSA-N
113124.0,CCOC1=CC(=C(C=C1C(=O)C)OCC)OCC,PXBWCOGDYXMWMC-UHFFFAOYSA-N
23741.0,CCCCCCCCCCCCCCC1CO1,DSZTYVZOIUIIGA-UHFFFAOYSA-N
7385.0,C1=CC(=C(C=C1S(=O)(=O)O)N)O,ULUIMLJNTCECJU-UHFFFAOYSA-N
24436.0,[O-]S(=O)(=O)[O-].[Na+].[Na+],PMZURENOXWZQFD-UHFFFAOYSA-L
80428.0,C1(=C(C1(Cl)Cl)Cl)Cl,BLZOHTXDDOAASQ-UHFFFAOYSA-N
7265.0,C1=CC(=C(C=C1Cl)N)O,SWFNPENEBHAHEB-UHFFFAOYSA-N
13195.0,CC1=CN=CN1,XLSZMDLNRCVEIJ-UHFFFAOYSA-N
74189.0,C1=CC=C(C=C1)COP(=O)(O)OCC2=CC=CC=C2,HDFFVHSMHLDSLO-UHFFFAOYSA-N
16663655.0,CCOC(=O)[CH-]C(=O)C(=O)OCC.[Na+],JPTKZRPOIUYFTM-UHFFFAOYSA-N
31272.0,CCCCOC(=O)C,DKPFZGUDAPQIHT-UHFFFAOYSA-N
7751.0,CCOC(=O)CCl,VEUUMBGHMNQHGO-UHFFFAOYSA-N
10008.0,C1=CC=C(C=C1)F,PYLWMHQQBFSUBP-UHFFFAOYSA-N
5281764.0,C1=CC(=C(C=C1/C=C/C(=O)O[C@@H](C(=O)O)[C@@H](OC(=O)/C=C/C2=CC(=C(C=C2)O)O)C(=O)O)O)O,YDDGKXBLOXEEMN-IABMMNSOSA-N
12228.0,CN=C=O,HAMGRBXTJNITHG-UHFFFAOYSA-N
11731903.0,CCN1C=C[N+](=C1)C.C(F)(F)(F)S(=O)(=O)[N-]S(=O)(=O)C(F)(F)F,LRESCJAINPKJTO-UHFFFAOYSA-N
86583.0,CCC(C)C1=CC(=C(C(=C1)C(C)(C)C)O)C(C)(C)C,BFZOTKYPSZSDEV-UHFFFAOYSA-N
12471.0,C1=C(C=C(C(=C1Cl)N)Cl)Cl,NATVSFWWYVJTAZ-UHFFFAOYSA-N
7500.0,CCC1=CC=CC=C1,YNQLUTRBYVCPMQ-UHFFFAOYSA-N
62430.0,CC(C)(C)N(CCO)CCO,XHJGXOOOMKCJPP-UHFFFAOYSA-N
23669624.0,CCCCCCCCS(=O)(=O)[O-].[Na+],HRQDCDQDOPSGBR-UHFFFAOYSA-M
15533.0,CCCCCCCC(=O)OC1=C(C=C(C=C1Br)C#N)Br,DQKWXTIYGWPGOO-UHFFFAOYSA-N
7319.0,CC1=C(C=C(C=C1)C(=O)O)[N+](=O)[O-],BBEWSMNRCUXQRF-UHFFFAOYSA-N
6420.0,C(=O)(C(Cl)(Cl)Cl)Cl,PVFOMCVHYWHZJE-UHFFFAOYSA-N
527.0,CCC=O,NBBJYMSMWIIQGU-UHFFFAOYSA-N
10387.0,C1=CC=C(C=C1)COC(=O)Cl,HSDAJNMJOMSNEV-UHFFFAOYSA-N
6395.0,CS(=O)(=O)O,AFVFQIVMOAPDHO-UHFFFAOYSA-N
7303.0,C1COC(=O)O1,KMTRUDSVKNLOMY-UHFFFAOYSA-N
6436079.0,CC1=C(C(CCC1)(C)C)/C=C/C(=C/C=C/C(=C\C=O)/C)/C,NCYCYZXNIZJOKI-HWCYFHEPSA-N
8981.0,CC1=CC(NC2=CC=CC=C12)(C)C,ZNRLMGFXSPUZNR-UHFFFAOYSA-N
34757.0,CC1=CC2=C(C=C1C)SC(=N2)N,IODWHFFPQHUDAG-UHFFFAOYSA-N
95416.0,CC(=O)OC(C1=CC=CC=C1)C(=O)C2=CC=CC=C2,QRWAIZJYJNLOPG-UHFFFAOYSA-N
7731.0,CC1=CC=C(C=C1)OC,CHLICZRVGGXEOD-UHFFFAOYSA-N
80642.0,C1=C(OC(=C1)C(=O)O)CO,PCSKKIUURRTAEM-UHFFFAOYSA-N
11048104.0,CCCC[N+]1(CCCC1)C.C(F)(F)(F)S(=O)(=O)[N-]S(=O)(=O)C(F)(F)F,HSLXOARVFIWOQF-UHFFFAOYSA-N
25213.0,C1=CC=C(C(=C1)C(=O)O)O.C(CO)N(CCO)CCO,UEVAMYPIMMOEFW-UHFFFAOYSA-N
12574.0,C1=CC(=CC(=C1)I)[N+](=O)[O-],CBYAZOKPJYBCHE-UHFFFAOYSA-N
7798.0,CCCC(=O)OC(=O)CCC,YHASWHZGWUONAO-UHFFFAOYSA-N
8078.0,C1CCCCC1,XDTMQSROBMDMFD-UHFFFAOYSA-N
19996.0,C=CC(=O)OCCOCCOC(=O)C=C,LEJBBGNFPAFPKQ-UHFFFAOYSA-N
11906.0,C1=CC=C(C(=C1)CCl)Cl,BASMANVIUSSIIM-UHFFFAOYSA-N
10567.0,CC(=O)C(Cl)Cl,CSVFWMMPUJDVKH-UHFFFAOYSA-N
7470.0,CC1=CC=C(C=C1)C(=O)O,LPNBBFKOUUSUDB-UHFFFAOYSA-N
6568.0,CCC(C)O,BTANRVKWQNVYAZ-UHFFFAOYSA-N
8495.0,C1=CC(=CC(=C1)[N+](=O)[O-])C(=O)Cl,NXTNASSYJUXJDV-UHFFFAOYSA-N
2723822.0,C(O)S(=O)(=O)[O-].[Na+],UOULCEYHQNCFFH-UHFFFAOYSA-M
25914.0,CCCCNCC,QHCCDDQKNUYGNC-UHFFFAOYSA-N
10438.0,CC(=CC(=O)C=C(C)C)C,MTZWHHIREPJPTG-UHFFFAOYSA-N
10168.0,C1=CC2=C(C(=C1)O)C(=O)C3=C(C2=O)C=C(C=C3O)C(=O)O,FCDLCPWAQCPTKC-UHFFFAOYSA-N
19736.0,CC1=CC(=C(C=C1)OP(=O)(OC2=C(C=C(C=C2)C)C)OC3=C(C=C(C=C3)C)C)C,KOWVWXQNQNCRRS-UHFFFAOYSA-N
16069365.0,CN1C=C[N+](=C1)C.COP(=O)([O-])OC,GSGLHYXFTXGIAQ-UHFFFAOYSA-M
641240.0,C(/C(=C(/CO)\Br)/Br)O,MELXIJRBKWTTJH-ONEGZZNKSA-N
7525.0,CCN1CCOCC1,HVCNXQOWACZAFN-UHFFFAOYSA-N
11424880.0,CCCCN1C=C[N+](=C1)C.OS(=O)(=O)[O-],KXCVJPJCRAEILX-UHFFFAOYSA-M
181978.0,C([C@@H]1[C@H]([C@@H]([C@H]([C@H](O1)O[C@@H]2[C@@H]([C@H]([C@@H]([C@H](O2)CO)O)O)O)O)O)O)O.O.O,DPVHGFAJLZWDOC-PVXXTIHASA-N
6276.0,CCCCCO,AMQJEAYHLZJPGS-UHFFFAOYSA-N
7909.0,CC(C)CC(=O)C,NTIZESTWPVYFNL-UHFFFAOYSA-N
12418.0,C(C(Cl)(Cl)Cl)Cl,QVLAWKAXOMEXPM-UHFFFAOYSA-N
54675810.0,C([C@H]([C@@H]1C(=C(C(=O)O1)O)O)O)O,CIWBSHSKHKDKBQ-DUZGATOHSA-N
517058.0,CC(C(=O)[O-])(Cl)Cl.[Na+],PDEFQWNXOUGDJR-UHFFFAOYSA-M
7809.0,CC1=CC=C(C=C1)C,URLKBWYHVLBVBO-UHFFFAOYSA-N
300.0,C(C(=O)O)Cl,FOCAUTSVDIKZOP-UHFFFAOYSA-N
15458.0,CC(C)(C)OC(=O)C=C,ISXSCDLOGDJUNJ-UHFFFAOYSA-N
8717.0,CC1=CC(=C(C=C1C)N)C,BMIPMKQAAJKBKP-UHFFFAOYSA-N
11509.0,CCCC(=O)CC,PFCHFHIRKBAQGU-UHFFFAOYSA-N
3083585.0,C1=CC2=C(C=CC(=C2C(=C1)O)O)O,NHEVNUARLCWEED-UHFFFAOYSA-N
14357.0,C1=CC2=C(C=CC(=C2)C(=O)O)C=C1C(=O)O,RXOHFPCZGPKIRD-UHFFFAOYSA-N
38764.0,CCCCCCC1=CC=C(C=C1)C2=CC=C(C=C2)C#N,VADSDVGLFDVIMG-UHFFFAOYSA-N
11604.0,C=CCCC#N,CFEYBLWMNFZOPB-UHFFFAOYSA-N
6502.0,CC(CO)(CO)CO,QXJQHYBHAIHNGG-UHFFFAOYSA-N
135436526.0,CN(C(=N)N[N+](=O)[O-])N=O,VZUNGTLZRAYYDE-UHFFFAOYSA-N
10907.0,CC(C)CC(C)(C)C,NHTMVDHEPJAVLT-UHFFFAOYSA-N
7673.0,C1=CC=C(C=C1)N=C=S,QKFJKGMPGYROCL-UHFFFAOYSA-N
24116.0,C=CCOC(=O)C1=CC=CC=C1N,UCANFCXAKYMFGA-UHFFFAOYSA-N
16907.0,COC(=O)CS,MKIJJIMOAABWGF-UHFFFAOYSA-N
5827.0,CC(=O)NC1=CC=C(C=C1)OC,XVAIDCNLVLTVFM-UHFFFAOYSA-N
6650.0,CC1(CCC(CC1)C(C)(C)N)N,KOGSPLLRMRSADR-UHFFFAOYSA-N
23689980.0,C(O)S(=O)[O-].[Na+],XWGJFPHUCFXLBL-UHFFFAOYSA-M
7854.0,CCC#N,FVSKHRXBFJPNKK-UHFFFAOYSA-N
5375199.0,CC1=CC(=O)CC(C1(/C=C/C(=C\C(=O)O)/C)O)(C)C,JLIDBLDQVAYHNE-LXGGSRJLSA-N
701.0,CCOC(=O)C(C)C(=O)C,FNENWZWNOPCZGK-UHFFFAOYSA-N
91555.0,CC1CC(CCC1N)CC2CCC(C(C2)C)N,IGSBHTZEJMPDSZ-UHFFFAOYSA-N
18273.0,C=CC1CC2CC1C=C2,INYHZQLKOKTDAI-UHFFFAOYSA-N
62553.0,CC(C)OC(=O)CC1=CC=CC=C1,SSMBXPJYHMZLOJ-UHFFFAOYSA-N
8881.0,C(CCl)CCl,YHRUOJUYPBUZOS-UHFFFAOYSA-N
6419.0,C(C(Cl)(Cl)Cl)(Cl)Cl,BNIXVQGCZULYKV-UHFFFAOYSA-N
10226.0,C1=CC2=C(C=C1S(=O)(=O)O)C(=C(C=C2[N+](=O)[O-])[N+](=O)[O-])O,FCQJEPASRCXVCB-UHFFFAOYSA-N
13766702.0,C1=CC=C(C=C1)OC2=C(C(=C(C(=C2Br)Br)Br)Br)Br,ACRQLFSHISNWRY-UHFFFAOYSA-N
6912.0,C([C@H](C([C@H](CO)O)O)O)O,HEBKCHPVOIAQTA-NGQZWQHPSA-N
9147.0,C1C2=CC=CC3=C2C4=C(C=CC=C41)C=C3,RKZDZWJDQTZDLD-UHFFFAOYSA-N
11011.0,C(#N)C(Cl)(Cl)Cl,DRUIESSIVFYOMK-UHFFFAOYSA-N
7508.0,C1CC(CC=C1)C=O,DCFDVJPDXYGCOK-UHFFFAOYSA-N
11927.0,CC1=CC2=C(C=CC=N2)C=C1,KDYVCOSVYOSHOL-UHFFFAOYSA-N
23565.0,CC1([C@@H](N2[C@H](S1)[C@@H](C2=O)NC(=O)[C@@H](C3=CC=CC=C3)N)C(=O)O)C.O.O.O,RXDALBZNGVATNY-CWLIKTDRSA-N
66172.0,CC1=CC(=NO1)N,FKPXGNGUVSHWQQ-UHFFFAOYSA-N
637930.0,C(=C/C#N)\C#N,KYPOHTVBFVELTG-OWOJBTEDSA-N
9246.0,C1CCC2C(C1)O2,ZWAJLVLEBYIOTI-UHFFFAOYSA-N
5281576.0,C[C@H]1CCCC(=O)CCC/C=C/C2=C(C(=CC(=C2)O)O)C(=O)O1,MBMQEIFVQACCCH-QBODLPLBSA-N
61247.0,CCC(C)(C)OC,HVZJRWJGKQPSFL-UHFFFAOYSA-N
11599.0,CC=CCC=C,PRBHEGAFLDMLAL-UHFFFAOYSA-N
73668.0,CC(C)C(C1=CC=C(C=C1)OC(F)(F)F)(C2=CN=CN=C2)O,VEVZCONIUDBCDC-UHFFFAOYSA-N
7908.0,CC(C)CC(C)N,UNBMPKNTYKDYCG-UHFFFAOYSA-N
62648.0,[NH4+].[NH4+].[O-]S(=O)(=O)OOS(=O)(=O)[O-],ROOXNKNUYICQNP-UHFFFAOYSA-N
15277.0,COC1=CC=C(C=C1)N=[N+](C2=CC=C(C=C2)OC)[O-],KAEZRSFWWCTVNP-UHFFFAOYSA-N
12111.0,C1=CC(=CC=C1CC2=CC=C(C=C2)O)O,PXKLMJQFEQBVLD-UHFFFAOYSA-N
5280863.0,C1=CC(=CC=C1C2=C(C(=O)C3=C(C=C(C=C3O2)O)O)O)O,IYRMWMYZSQPJKC-UHFFFAOYSA-N
10949.0,CC1=NC(=NC(=N1)N)N,NJYZCEFQAIUHSD-UHFFFAOYSA-N
70038.0,C1=CC=C(C(=C1)C(=O)C2=CC=CC=C2O)O,YIYBRXKMQFDHSM-UHFFFAOYSA-N
6364.0,CC(C)S,KJRCEJOSASVSRA-UHFFFAOYSA-N
385.0,C(CCC(=O)O)CCC(=O)O,WLJVNTCWHIRURA-UHFFFAOYSA-N
135464373.0,CCCCN(C(=N)N[N+](=O)[O-])N=O,FJNCPBNCTRDXFB-UHFFFAOYSA-N
24433.0,CCCCOC(=O)C1=CC=CC=C1N,HUIYGGQINIVDNW-UHFFFAOYSA-N
19871.0,CCC(C(C)(C)C)O,HMSVXZJWPVIVIV-UHFFFAOYSA-N
8082.0,C1CCNCC1,NQRYJNQNLNOLGT-UHFFFAOYSA-N
82728.0,CN(C)CCCNCCCN,OMKZWUPRGQMQJC-UHFFFAOYSA-N
16213126.0,CC(CO)O.C=CC(=O)O,AYEFIAVHMUFQPZ-UHFFFAOYSA-N
11674.0,CC([N+](=O)[O-])(Cl)Cl,OQOGEOLRYAOSKO-UHFFFAOYSA-N
7922.0,C1CC(=O)OC1=O,RINCXYDBBGOEEQ-UHFFFAOYSA-N
62969.0,CC(C)C(CCCN(C)CCC1=CC(=C(C=C1)OC)OC)(C#N)C2=CC(=C(C=C2)OC)OC.Cl,DOQPXTMNIUCOSY-UHFFFAOYSA-N
17549.0,C1=CC(=CC=C1C(=O)NCC(=O)O)[N+](=O)[O-],XCMUCRMMVDSVEL-UHFFFAOYSA-N
517637.0,CC(COC(=O)C1=CC=CC=C1)OC(=O)C2=CC=CC=C2,UMVMVEZHMZTUHD-UHFFFAOYSA-N
15413.0,CC(C)(C)OC,BZLVMXJERCGZMT-UHFFFAOYSA-N
7899.0,C(CCl)C(=O)O,QEYMMOKECZBKAC-UHFFFAOYSA-N
320930.0,C1C2=CC(=C(C=C2[C@@H]3[C@]1(COC4=C3C=CC(=C4O)O)O)O)O,WZUVPPKBWHMQCE-CJNGLKHVSA-N
61179.0,C(C(Br)(Br)Br)Br,RVHSTXJKKZWWDQ-UHFFFAOYSA-N
23294.0,CCC(C)OC(C)CC,HHBZZTKMMLDNDN-UHFFFAOYSA-N
5765.0,C1=CC(=C(C(=C1)Cl)Cl)C(=O)O,QAOJBHRZQQDFHA-UHFFFAOYSA-N
6389.0,C(F)(Cl)(Cl)Cl,CYRMSUTZVYGINF-UHFFFAOYSA-N
2346.0,C1=CC=C(C=C1)CN=C=S,MDKCFLQDBWCQCV-UHFFFAOYSA-N
61071.0,CCC(=O)C=CC1C(=CCCC1(C)C)C,VPKMGDRERYMTJX-UHFFFAOYSA-N
62374.0,CC1=CC(=O)CC(C1=O)(C)C,AYJXHIDNNLJQDT-UHFFFAOYSA-N
9380.0,CNNC.Cl.Cl,WLDRFJDGKMTPPV-UHFFFAOYSA-N
6753.0,CC1=C(C=C(C(=C1[N+](=O)[O-])OC)C(C)(C)C)[N+](=O)[O-],SUAUILGSCPYJCS-UHFFFAOYSA-N
31373.0,C(=C(Cl)Cl)(Cl)Cl,CYTYCFOTNPOANT-UHFFFAOYSA-N
13849.0,CCCCCCCCCCCCCCC(=O)O,WQEPLUUGTLDZJY-UHFFFAOYSA-N
66449.0,C1=CC(=CC=C1CCN)O.Cl,RNISDHSYKZAWOK-UHFFFAOYSA-N
7767.0,CN(CCO)CCO,CRVGTESFCCXCTH-UHFFFAOYSA-N
73282.0,CC1=NC(=NC(=N1)OC)NC(=O)NS(=O)(=O)C2=CC=CC=C2OCCCl,XOPFESVZMSQIKC-UHFFFAOYSA-N
7944.0,CC(CCl)OC(C)CCl,QCFYJCYNJLBDRT-UHFFFAOYSA-N
91649.0,CC(C)(C(=O)NC1=CC(=C(C=C1)[N+](=O)[O-])C(F)(F)F)O,YPQLFJODEKMJEF-UHFFFAOYSA-N
32802.0,CC12CC(C=C1)C3C2C(=O)OC3=O,KNRCVAANTQNTPT-UHFFFAOYSA-N
28500.0,CCC=C1C2=CC=CC=C2C(=O)O1,NGSZDVVHIGAMOJ-UHFFFAOYSA-N
6590.0,CC(C)C(=O)O,KQNPFQTWMSNSAP-UHFFFAOYSA-N
94308.0,CN(C)CCCCl.Cl,LJQNMDZRCXJETK-UHFFFAOYSA-N
68289.0,C1OC2=C(O1)C=C(C=C2)O,LUSZGTFNYDARNI-UHFFFAOYSA-N
8900.0,CCCCCCC,IMNFDUFMRHMDMM-UHFFFAOYSA-N
6560.0,CC(C)CO,ZXEKIIBDNHEJCQ-UHFFFAOYSA-N
970.0,C(C(=O)C(=O)O)C(=O)O,KHPXUQMNIQBQEV-UHFFFAOYSA-N
13404.0,C1=CC(=C(C=C1Cl)Cl)C=O,YSFBEAASFUWWHU-UHFFFAOYSA-N
650.0,CC(=O)C(=O)C,QSJXEFYPDANLFS-UHFFFAOYSA-N
13888.0,CC(=O)C1=CC=C(C=C1)C(=O)C,SKBBQSLSGRSQAJ-UHFFFAOYSA-N
75969.0,C1=CC=C(C=C1)C(=O)O[C@H]([C@H](C(=O)O)OC(=O)C2=CC=CC=C2)C(=O)O,YONLFQNRGZXBBF-ZIAGYGMSSA-N
67058.0,CC1=CC(=C(C=C1)OC)[N+](=O)[O-],LGNMURXRPLMVJI-UHFFFAOYSA-N
13514.0,CC(=O)C(Cl)(Cl)Cl,SMZHKGXSEAGRTI-UHFFFAOYSA-N
7964.0,C1=CC=C(C=C1)Cl,MVPPADPHJFYWMZ-UHFFFAOYSA-N
18056.0,CCSC(=O)Cl,QCMHWZUFWLOOGI-UHFFFAOYSA-N
1318.0,C1=CC2=C(C3=C(C=CC=N3)C=C2)N=C1,DGEZNRSVGBDHLK-UHFFFAOYSA-N
61345.0,CC(C)(CCl)C(=O)Cl,MQZNDDUMJVSIMH-UHFFFAOYSA-N
16096.0,CC1=C(C=CC=C1[N+](=O)[O-])C(=O)O,YPQAFWHSMWWPLX-UHFFFAOYSA-N
14347.0,C1=CC=C(C=C1)C(=O)C2=CC=C(C=C2)O,NPFYZDNDJHZQKY-UHFFFAOYSA-N
5284385.0,COC1=CC(=C(C=C1)N)OC.Cl,PFHRGNBFRBWOPD-UHFFFAOYSA-N
65114.0,C1=NN(C(=O)N=C1N)[C@H]2[C@@H]([C@@H]([C@H](O2)CO)O)O,OZQDLJNDRVBCST-SHUUEZRQSA-N
34023.0,CC(CO)OC(=O)C(=C)C,ZMARGGQEAJXRFP-UHFFFAOYSA-N
8640.0,C1=CC=C2C(=C1)C=CC=C2N,RUFPHBVGCFYCNW-UHFFFAOYSA-N
28780.0,CCCCNC(=O)N1C2=CC=CC=C2N=C1NC(=O)OC,RIOXQFHNBCKOKP-UHFFFAOYSA-N
14242.0,COC(=O)CCCC(=O)OC,XTDYIOOONNVFMA-UHFFFAOYSA-N
7206.0,CCCCOC(=O)COC1=C(C=C(C=C1)Cl)Cl,UQMRAFJOBWOFNS-UHFFFAOYSA-N
8497.0,C1=CC(=CC(=C1)[N+](=O)[O-])C(=O)O,AFPHTEQTJZKQAQ-UHFFFAOYSA-N
17355.0,CC(=O)CCC1=CC=CC=C1,AKGGYBADQZYZPD-UHFFFAOYSA-N
7284.0,CCC(C)C=O,BYGQBDHUGHBGMD-UHFFFAOYSA-N
2733526.0,CC/C(=C(\C1=CC=CC=C1)/C2=CC=C(C=C2)OCCN(C)C)/C3=CC=CC=C3,NKANXQFJJICGDU-QPLCGJKRSA-N
22188.0,CC1=C(C(=O)N(C(=O)N1)C(C)(C)C)Cl,NBQCNZYJJMBDKY-UHFFFAOYSA-N
23677963.0,C1=CC2=C(C=CC(=C2)S(=O)(=O)[O-])C=C1O.[K+],PZWWSVPMGHDZNJ-UHFFFAOYSA-M
6305.0,C1=CC=C2C(=C1)C(=CN2)C[C@@H](C(=O)O)N,QIVBCDIJIAJPQS-VIFPVBQESA-N
8129.0,CCCCCCCO,BBMCTIGTTCKYKF-UHFFFAOYSA-N
8715.0,C1=CC(=C(C=C1N)N)O.Cl.Cl,KQEIJFWAXDQUPR-UHFFFAOYSA-N
12955.0,C[Sn](C)(Cl)Cl,PKKGKUDPKRTKLJ-UHFFFAOYSA-L
1672.0,COCCCN,FAXDZWQIWUSWJH-UHFFFAOYSA-N
7238.0,CC1=CC=CC=C1Cl,IBSQPLPBRSHTTG-UHFFFAOYSA-N
18303.0,CC1CC(=O)O1,GSCLMSFRWBPUSK-UHFFFAOYSA-N
8295.0,C(CCl)OP(=O)(OCCCl)OCCCl,HQUQLFOMPYWACS-UHFFFAOYSA-N
5921.0,CCN(CC)N=O,WBNQDOYYEUMPFS-UHFFFAOYSA-N
7242.0,CC1=CC=CC=C1N,RNVCVTLRINQCPJ-UHFFFAOYSA-N
31276.0,CC(C)CCOC(=O)C,MLFHJEHSLIIPHL-UHFFFAOYSA-N
6108.0,C1=CC(=CC=C1C(=O)O)[N+](=O)[O-],OTLNPYWUJOZPPA-UHFFFAOYSA-N
6228.0,CN(C)C=O,ZMXDDKWLCZADIW-UHFFFAOYSA-N
3035.0,C1=CC(=CC=C1C(=C(Cl)Cl)C2=CC=C(C=C2)Cl)Cl,UCNVFOCBFJOQAL-UHFFFAOYSA-N
68570.0,C[C@]12CC[C@H]3[C@H]([C@@H]1CC[C@H]2O)CCC4=C3C=CC(=C4)O,VOXZDWNPVJITMN-SFFUCWETSA-N
6635.0,C1=CC(=CC=C1OS(=O)(=O)C2=CC=C(C=C2)Cl)Cl,RZXLPPRPEOUENN-UHFFFAOYSA-N
9795.0,C1=CC=C(C(=C1)C(F)(F)F)[N+](=O)[O-],NDZJSUCUYPZXPR-UHFFFAOYSA-N
7934.0,CC1=CC(=CC=C1)N,JJYPMNFTHPTTDI-UHFFFAOYSA-N
31256.0,CC(=O)CC(C)(C)O,SWXVUIWOUIDPGS-UHFFFAOYSA-N
79103.0,CCCCC(CC)C(=O)Cl,WFSGQBNCVASPMW-UHFFFAOYSA-N
7565.0,C1=CC=C(C=C1)OC2=CC=C(C=C2)Br,JDUYPUMQALQRCN-UHFFFAOYSA-N
8098.0,CC(=O)OCCOCCOCCOC(=O)C,OVOUKWFJRHALDD-UHFFFAOYSA-N
15560.0,C(C(C(CC(=O)O)C(=O)O)C(=O)O)C(=O)O,GGAUUQHSCNMCAU-UHFFFAOYSA-N
5807.0,CC(C)NCC(C1=CC(=C(C=C1)O)O)O.Cl,IROWCYIEJAOFOW-UHFFFAOYSA-N
11335.0,CC1=C(C(=CC=C1)C)O,NXXYKOUNUYWIHA-UHFFFAOYSA-N
7267.0,CC1=CC(=C(C=C1)C)O,NKTOLZVEWDHZMU-UHFFFAOYSA-N
12484.0,CC1=CC=CC=C1N.Cl,OGVXWEOZQMAAIM-UHFFFAOYSA-N
7078.0,CC(=O)CC(=O)NC1=CC=CC=C1OC,KYYRTDXOHQYZPO-UHFFFAOYSA-N
9502.0,CN(C(=O)NC1=CC(=C(C=C1)Cl)Cl)OC,XKJMBINCVNINCA-UHFFFAOYSA-N
13728.0,CN(C)C(=O)C(C1=CC=CC=C1)C2=CC=CC=C2,QAHFOPIILNICLA-UHFFFAOYSA-N
18487.0,CC1=C(C=CC(=C1)Cl)N.Cl,VKYZDCTWJGBFDW-UHFFFAOYSA-N
8066.0,C(C#CCO)O,DLDJFQGPPSQZKI-UHFFFAOYSA-N
8572.0,C1=CC=C(C=C1)C(=O)C2=C(C=C(C=C2)O)O,ZXDDPOHVAMWLBH-UHFFFAOYSA-N
5281168.0,CCC/C=C/C=O,MBDOYVRWFFCFHM-SNAWJCMRSA-N
13578.0,C(COCCO)N,GIAFURWZWWWBQT-UHFFFAOYSA-N
7804.0,C1=CC(=CC=C1Br)Br,SWJPEBQEEAHIGZ-UHFFFAOYSA-N
21097.0,C1CCC(CC1)[NH3+].[Cl-],ZJUGSKJHHWASAF-UHFFFAOYSA-N
7367.0,C1=CC=C(C=C1)C(Cl)(Cl)Cl,XEMRAKSQROQPBR-UHFFFAOYSA-N
8413.0,CC1=C(C=CC(=C1)C2=CC(=C(C=C2)N)C)N,NUIURNJTPRWVAP-UHFFFAOYSA-N
2723650.0,C1CNC(=S)N1,PDQAZBWRQCGBEV-UHFFFAOYSA-N
24744.0,CC1=CC(=CC=C1)NC(=O)OC2=CC=CC(=C2)NC(=O)OC,IDOWTHOLJBTAFI-UHFFFAOYSA-N
811.0,C=C(CC(=O)O)C(=O)O,LVHBHZANLOWSRM-UHFFFAOYSA-N
62276.0,CCOC(=O)C(C)OC(=O)C1=C(C=CC(=C1)OC2=C(C=C(C=C2)C(F)(F)F)Cl)[N+](=O)[O-],CONWAEURSVPLRM-UHFFFAOYSA-N
10458.0,C(CCCCCC(=O)O)CCCCCC(=O)O,DXNCZXXFRKPEPY-UHFFFAOYSA-N
14218.0,CC(C)(CO)COC(=O)C(C)(C)CO,SZCWBURCISJFEZ-UHFFFAOYSA-N
8916.0,CCCCCCCCCCN,MHZGKXUYDGKKIU-UHFFFAOYSA-N
17092.0,CCCCCCCCCCCC#N,VXCUURYYWGCLIH-UHFFFAOYSA-N
2771871.0,C(=O)/C(=C(\C(=O)O)/Cl)/Cl,LUMLZKVIXLWTCI-IHWYPQMZSA-N
8294.0,CC(=CCCC(C)(C=C)OC(=O)C)C,UWKAYLJWKGQEPM-UHFFFAOYSA-N
17816.0,CC(C)CC(=O)OCC=C,HOMAGVUCNZNWBC-UHFFFAOYSA-N
7154.0,CC1=CC=CC=C1NC(=O)CC(=O)C,TVZIWRMELPWPPR-UHFFFAOYSA-N
11164.0,C1C(O1)CO,CTKINSOISVBQLD-UHFFFAOYSA-N
13.0,C1=CC(=C(C=C1Cl)Cl)Cl,PBKONEOXTCPAFI-UHFFFAOYSA-N
12076.0,C1=CC(=C(C=C1[N+](=O)[O-])N)C(=O)O,UEALKTCRMBVTFN-UHFFFAOYSA-N
7411.0,C1=CC=C(C=C1)C(Cl)Cl,CAHQGWAXKLQREW-UHFFFAOYSA-N
8805.0,CC(=O)NC1=CC=C(C=C1)C(=O)CCl,VMMDOCYDNRLESP-UHFFFAOYSA-N
6501.0,CCOC(=O)C1C(O1)(C)C2=CC=CC=C2,LQKRYVGRPXFFAV-UHFFFAOYSA-N
8196.0,CCCCOCCOCCSC#N,JVGPVVUTUMQJKL-UHFFFAOYSA-N
7450.0,CC(C)C1=CC(=CC=C1)C(C)C,UNEATYXSUBPPKP-UHFFFAOYSA-N
7207.0,CC1=C(C=CC(=C1)Cl)OCCCC(=O)O,LLWADFLAOKUBDR-UHFFFAOYSA-N
8190.0,CCOCCOCCOCCO,WFSMVVDJSNMRAR-UHFFFAOYSA-N
9237.0,C1CN2CCN1CC2,IMNIMPAHZVJRPE-UHFFFAOYSA-N
7360.0,C1CC(OC1)CO,BSYVTEYKTMYBMK-UHFFFAOYSA-N
8359.0,C1=CC=C2C(=C1)C(=O)OC(=O)N2,TXJUTRJFNRYTHH-UHFFFAOYSA-N
62655.0,[O-]S(=O)(=O)OOS(=O)(=O)[O-].[Na+].[Na+],CHQMHPLRPQMAMX-UHFFFAOYSA-L
15158.0,CCOP(=O)(Cl)Cl,YZBOZNXACBQJHI-UHFFFAOYSA-N
23392.0,C1=CC=NC(=C1)CCl.Cl,JPMRGPPMXHGKRO-UHFFFAOYSA-N
8489.0,C1=CC(=CC(=C1)Cl)[N+](=O)[O-],KMAQZIILEGKYQZ-UHFFFAOYSA-N
7440.0,CC1=C(C=C(C=C1)[N+](=O)[O-])C,HFZKOYWDLDYELC-UHFFFAOYSA-N
9016.0,COC1=CC=C(C=C1)OC,OHBQPCCCRFSCAX-UHFFFAOYSA-N
6598.0,CN(C)C(=O)Cl,YIIMEMSDCNDGTB-UHFFFAOYSA-N
8103.0,CCCCCCO,ZSIAUFGUXNUGDI-UHFFFAOYSA-N
9570093.0,CC(C)(/C=N/OC(=O)NC)S(=O)(=O)C,YRRKLBAKDXSTNC-WEVVVXLNSA-N
54740.0,CCC1=CC(=C(N=C1)C2=NC(C(=O)N2)(C)C(C)C)C(=O)O,XVOKUMIPKHGGTN-UHFFFAOYSA-N
7522.0,C1=CC=NC(=C1)C#N,FFNVQNRYTPFDDP-UHFFFAOYSA-N
31237.0,CCCCCCCCCCCCC1=CC=CC=C1,KWKXNDCHNDYVRT-UHFFFAOYSA-N
15088.0,COC(=O)C1=CC(=CC=C1)C(=O)OC,VNGOYPQMJFJDLV-UHFFFAOYSA-N
8034.0,CC(C)CCC(=O)C,FFWSICBKRCICMR-UHFFFAOYSA-N
2723789.0,C(=S)(N)NN,BRWIZMBXBAOCCF-UHFFFAOYSA-N
25644.0,C=CC(=O)OCCCCCCOC(=O)C=C,FIHBHSQYSYVZQE-UHFFFAOYSA-N
3613389.0,C1=CC(=C(C=C1[N+](=O)[O-])N)O,VLZVIIYRNMWPSN-UHFFFAOYSA-N
5569.0,CCCN(CCC)C1=C(C=C(C=C1[N+](=O)[O-])C(F)(F)F)[N+](=O)[O-],ZSDSQXJSNMTJDA-UHFFFAOYSA-N
6732.0,CC(C)(C)C(=O)C1C(=O)C2=CC=CC=C2C1=O,RZKYEQDPDZUERB-UHFFFAOYSA-N
31368.0,CC(=C)C#N,GYCMBHHDWRMZGG-UHFFFAOYSA-N
108242.0,CC1CC2=C(CC1(C)C(=O)C)C(CCC2)(C)C,FVUGZKDGWGKCFE-UHFFFAOYSA-N
3030.0,COC1=C(C=CC(=C1C(=O)O)Cl)Cl,IWEDIXLBFLAXBO-UHFFFAOYSA-N
8638.0,COC1=CC=CC=C1N.Cl,XCZCWGVXRBJCCD-UHFFFAOYSA-N
7415.0,CN(C)C1CCCCC1,SVYKKECYCPFKGB-UHFFFAOYSA-N
12971.0,C=CC(CCl)Cl,XVEASTGLHPVZNA-UHFFFAOYSA-N
7761.0,CCOC(=O)CC(=O)OCC,IYXGSMUGOJNHAZ-UHFFFAOYSA-N
31344.0,CC(C)(CO)CO,SLCVBVWXLSEKPL-UHFFFAOYSA-N
15615.0,CN(C)CCC#N,MTPJEFOSTIKRSS-UHFFFAOYSA-N
2724189.0,C(=S)(NN)NN,LJTFFORYSFGNCT-UHFFFAOYSA-N
8630.0,C1=C(C=C(C(=C1C(=O)O)Cl)N)Cl,HSSBORCLYSCBJR-UHFFFAOYSA-N
6537.0,CCCCC(CC)COP(=O)(OCC(CC)CCCC)OCC(CC)CCCC,GTVWRXDRKAHEAD-UHFFFAOYSA-N
7471.0,CC1=CC=C(C=C1)N(C)C,GYVGXEWAOAAJEU-UHFFFAOYSA-N
6984.0,CCC(C)C1=CC=CC=C1O,NGFPWHGISWUQOI-UHFFFAOYSA-N
957.0,CCCCCCCCO,KBPLFHHGFOOTCA-UHFFFAOYSA-N
13271.0,C1=CC=C(C=C1)NC2=CC=C(C=C2)[N+](=O)[O-],XXYMSQQCBUKFHE-UHFFFAOYSA-N
86102.0,CC(C)(C)C(CCC1=CC=C(C=C1)Cl)(CN2C=NC=N2)O,PXMNMQRDXWABCY-UHFFFAOYSA-N
4169.0,CCC1=CC=CC(=C1N(C(C)COC)C(=O)CCl)C,WVQBLGZPHOPPFO-UHFFFAOYSA-N
23676704.0,C1=CC(=C(C=C1Cl)Cl)OCC(=O)[O-].[Na+],RFOHRSIAXQACDB-UHFFFAOYSA-M
13144.0,CC(C(=O)[O-])O.CC(C(=O)[O-])O.[Ca+2],MKJXYGKVIBWPFZ-UHFFFAOYSA-L
9993.0,C1=CC(=CC=C1F)Br,AITNMTXHTIIIBB-UHFFFAOYSA-N
7486.0,CC(C)C1=CC=C(C=C1)C(C)C,SPPWGCYEYAMHDT-UHFFFAOYSA-N
9862.0,CC(=CCCC(=O)C)C,UHEPJGULSIKKTP-UHFFFAOYSA-N
8183.0,CCCCCCCCCCC=C,CRSBERNSMYQZNG-UHFFFAOYSA-N
16230.0,C1(=C(N=C(C(=N1)Cl)N)N)C(=O)N=C(N)N.Cl,ACHKKGDWZVCSNH-UHFFFAOYSA-N
8846.0,CCCCOC(=O)C=C,CQEYYJKEWSMYFG-UHFFFAOYSA-N
6672.0,CC1=C(C(=CC=C1)C)[N+](=O)[O-],HDFQKJQEWGVKCQ-UHFFFAOYSA-N
7567.0,CN(C)C1=CC=C(C=C1)CC2=CC=C(C=C2)N(C)C,JNRLEMMIVRBKJE-UHFFFAOYSA-N
15286.0,CCCOCC(C)O,FENFUOGYJVOCRY-UHFFFAOYSA-N
4937.0,CC(C)NC1=NC(=NC(=N1)Cl)NC(C)C,WJNRPILHGGKWCK-UHFFFAOYSA-N
51556.0,CS(=O)(=O)NC(=O)C1=C(C=CC(=C1)OC2=C(C=C(C=C2)C(F)(F)F)Cl)[N+](=O)[O-],BGZZWXTVIYUUEY-UHFFFAOYSA-N
80779.0,CC(=O)NC1=CC(=C(C=C1)OC)N,SJWQCBCAGCEWCV-UHFFFAOYSA-N
11169.0,C[Si]1(O[Si](O[Si](O[Si](O1)(C)C)(C)C)(C)C)C,HMMGMWAXVFQUOA-UHFFFAOYSA-N
7713.0,C1=CC=C(C=C1)OCCOC2=CC=CC=C2,XCSGHNKDXGYELG-UHFFFAOYSA-N
7963.0,CC1=CC=NC=C1,FKNQCJSGGFJEIZ-UHFFFAOYSA-N
17857.0,CC1(CC(CC(C1)(C)CN)N)C,RNLHGQLZWXBQNY-UHFFFAOYSA-N
18529.0,C1CC(C(CCC(C(CCC(C1Br)Br)Br)Br)Br)Br,DEIGXXQKDWULML-UHFFFAOYSA-N
5284421.0,CCCCC/C=C\C/C=C\CCCCCCCC(=O)OC,WTTJVINHCBCLGX-NQLNTKRDSA-N
7592.0,CC(=O)CC(=O)NC1=CC=CC=C1,DYRDKSSFIWVSNM-UHFFFAOYSA-N
8697.0,CCCCC(CC)C(=O)O,OBETXYAYXDNJHR-UHFFFAOYSA-N
3224.0,C1C2C(COS(=O)O1)C3(C(=C(C2(C3(Cl)Cl)Cl)Cl)Cl)Cl,RDYMFSUJUZBWLH-UHFFFAOYSA-N
6849.0,C1=CC=C2C(=C1)C=CC=C2[N+](=O)[O-],RJKGJBPXVHTNJL-UHFFFAOYSA-N
7810.0,CC1=CC=C(C=C1)Cl,NPDACUSDTOMAMK-UHFFFAOYSA-N
7245.0,C1=CC=C(C(=C1)O)Cl,ISPYQTSUDJAMAB-UHFFFAOYSA-N
7261.0,CC1=C(C=C(C=C1)N)N,VOZKAJLKRJDJLL-UHFFFAOYSA-N
228987.0,CC(CC1=CC=C(C=C1)C(C)(C)C)C=O,SDQFDHOLCGWZPU-UHFFFAOYSA-N
32154.0,CC(C)(C#C)NC(=O)C1=CC(=CC(=C1)Cl)Cl,PHNUZKMIPFFYSO-UHFFFAOYSA-N
13263.0,CCNC1=NC(=NC(=N1)SC)NC(C)C,RQVYBGPQFYCBGX-UHFFFAOYSA-N
454.0,CCCCCCCC=O,NUJGJRNETVAIRJ-UHFFFAOYSA-N
2734171.0,CCCC[N+]1=CC=CC=C1.[Cl-],POKOASTYJWUQJG-UHFFFAOYSA-M
11729.0,CC(C(=O)O)Br,MONMFXREYOKQTI-UHFFFAOYSA-N
6937.0,CC1=CC(=C(C=C1)C(C)(C)C)O,XOUQAVYLRNOXDO-UHFFFAOYSA-N
14264.0,C1COS(=O)(=O)C1,FSSPGSAQUIYDCN-UHFFFAOYSA-N
15531.0,C1=C(C=C(C(=C1Br)O)Br)C#N,UPMXNNIRAGDFEH-UHFFFAOYSA-N
5365125.0,CCCCC(CC)COC(=O)/C=C\C(=O)OCC(CC)CCCC,ROPXFXOUUANXRR-YPKPFQOOSA-N
15630.0,COC1=CC2=C(C=C1)N=C(S2)N,KZHGPDSVHSDCMX-UHFFFAOYSA-N
6896.0,CC1=C(C(=CC=C1)C)N,UFFBMTHBGFGIHF-UHFFFAOYSA-N
7839.0,C(CBr)Br,PAAZPARNPHGIKF-UHFFFAOYSA-N
13165.0,C=CC(=O)OCCO,OMIGHNLMNHATMP-UHFFFAOYSA-N
33599.0,CC(C)CCCCCCCOC(=O)C1=CC=CC=C1C(=O)OCCCCCCCC(C)C,ZVFDTKUVRCTHQE-UHFFFAOYSA-N
40585.0,CC1([C@H]([C@H]1C(=O)O[C@H](C#N)C2=CC(=CC=C2)OC3=CC=CC=C3)C=C(Br)Br)C,OWZREIFADZCYQD-NSHGMRRFSA-N
10793.0,C(C(=O)CCl)Cl,SUNMBRGCANLOEG-UHFFFAOYSA-N
30360.0,C1CCCN(CCC1)N=O,RCFKQVLHWYOSFF-UHFFFAOYSA-N
15553.0,C1=CC(=NC(=C1Cl)C(=O)O)Cl,HUBANNPOLNYSAD-UHFFFAOYSA-N
7946.0,CC(COC)OC(=O)C,LLHKCFNBLRBOGN-UHFFFAOYSA-N
30111.0,CC(COC(C)COC(C)COC)O,HPFDGTFXAVIVTH-UHFFFAOYSA-N
8800.0,CN(C)C(=O)NC1=CC=C(C=C1)Cl,BMLIZLVNXIYGCK-UHFFFAOYSA-N
7610.0,CC1=C(C=CC(=C1)OC)N,CDGNLUSBENXDGG-UHFFFAOYSA-N
16724.0,CC1=CC[C@@H](CC1=O)C(=C)C,ULDHMXUKGWMISQ-VIFPVBQESA-N
6947.0,C1=CC=C(C(=C1)[N+](=O)[O-])O,IQUPABOKLQSFBK-UHFFFAOYSA-N
7915.0,CC(C)OC(=O)C,JMMWKPVZQRWMSS-UHFFFAOYSA-N
5281708.0,C1=CC(=CC=C1C2=COC3=C(C2=O)C=CC(=C3)O)O,ZQSIJRDFPHDXIC-UHFFFAOYSA-N
7394.0,C1=CC(=CC=C1C(F)(F)F)Cl,QULYNCCPRWKEMF-UHFFFAOYSA-N
13521.0,CCO[Si](CCCN)(OCC)OCC,WYTZZXDRDKSJID-UHFFFAOYSA-N
39327.0,CCOC1=C(C=CC(=C1)OC2=C(C=C(C=C2)C(F)(F)F)Cl)[N+](=O)[O-],OQMBBFQZGJFLBU-UHFFFAOYSA-N
12868.0,C1(=C(C(=C(C(=C1Cl)Cl)C(=O)Cl)Cl)Cl)C(=O)Cl,YJIRZJAZKDWEIJ-UHFFFAOYSA-N
40399.0,C1=CC(=C(C(=C1C(=O)C2=CC(=C(C(=C2)O)O)O)O)O)O,XEDWWPGWIXPVRQ-UHFFFAOYSA-N
5383.0,CC(C)(C)C1=NN=C(S1)N(C)C(=O)NC,HBPDKDSFLXWOAE-UHFFFAOYSA-N
7947.0,CC1=CC(=CC(=C1)C)C,AUHZEENZYGFFBQ-UHFFFAOYSA-N
638014.0,CC1=C(C(CCC1)(C)C)/C=C/C(=O)C,PSQYTAPXSHCGMF-BQYQJAHWSA-N
82190.0,CCC12COCN1COC2,ZRCMGIXRGFOXNT-UHFFFAOYSA-N
6838.0,C1=CC=C(C=C1)N(C2=CC=CC=C2)N=O,UBUCNCOMADRQHX-UHFFFAOYSA-N
2272.0,C1=CC=C(C=C1)N=NC2=CC=CC=C2,DMLAVOWQYNRWNQ-UHFFFAOYSA-N
33528.0,CCCCCCCCN1C(=O)C=CS1,JPMIIZHYYWMHDT-UHFFFAOYSA-N
7000.0,COC1=CC=CC=C1N,VMPITZXILSNTON-UHFFFAOYSA-N
8033.0,CC(C)(C)OOC(C)(C)C,LSXWFXONGKSEMY-UHFFFAOYSA-N
1493.0,C1=CC(=C(C=C1[N+](=O)[O-])[N+](=O)[O-])O,UFBJCMHMOXMLKC-UHFFFAOYSA-N
7497.0,CCN(CC)CCO,BFSVOASYOCHEOV-UHFFFAOYSA-N
7473.0,CC1=CC=C(C=C1)[N+](=O)[O-],ZPTVNYMJQHSSEA-UHFFFAOYSA-N
73665.0,CCCN(CCOC1=C(C=C(C=C1Cl)Cl)Cl)C(=O)N2C=CN=C2,TVLSRXXIMLFWEO-UHFFFAOYSA-N
65064.0,C1[C@H]([C@H](OC2=CC(=CC(=C21)O)O)C3=CC(=C(C(=C3)O)O)O)OC(=O)C4=CC(=C(C(=C4)O)O)O,WMBWREPUVVBILR-WIYYLYMNSA-N
43234.0,CCCC1COC(O1)(CN2C=NC=N2)C3=C(C=C(C=C3)Cl)Cl,STJLVHWMYQXCPB-UHFFFAOYSA-N
8091.0,CCCCCCCC(=O)OC,JGHZJRVDZXSNKQ-UHFFFAOYSA-N
26295.0,C1=CC=C(C=C1)OC2=CC=CC(=C2)CO,KGANAERDZBAECK-UHFFFAOYSA-N
12276.0,C1=CC(=CC(=C1)C#N)C#N,LAQPNDIUHRHNCV-UHFFFAOYSA-N
2735009.0,CCNC(=S)NCC,FLVIGYVXZHLUHP-UHFFFAOYSA-N
7047.0,C1=CC=C2C(=C1)C=CC=N2,SMWDFEZZVXVKRB-UHFFFAOYSA-N
8141.0,CCCCCCCCC,BKIMMITUMNQMOS-UHFFFAOYSA-N
7966.0,C1CCC(CC1)O,HPXRVTGHNJAIIH-UHFFFAOYSA-N
8119.0,C1CCCNCC1,ZSIQJIWKELUFRJ-UHFFFAOYSA-N
11579.0,CC(=O)CCC(=O)O,JOOXCMJARBKPKM-UHFFFAOYSA-N
8087.0,CC(COCC(C)O)O,AZUXKVXMJOIAOF-UHFFFAOYSA-N
39424.0,CN1C(=CC(=[N+]1C)C2=CC=CC=C2)C3=CC=CC=C3.COS(=O)(=O)[O-],XQEMNBNCQVQXMO-UHFFFAOYSA-M
8139.0,CCCCCCCCCCCC(=O)OC,UQDUPQYQJKYHQI-UHFFFAOYSA-N
13286.0,C(CO)N1C(=O)N(C(=O)N(C1=O)CCO)CCO,BPXVHIRIPLPOPT-UHFFFAOYSA-N
6406.0,CC(C)(C#N)O,MWFMGBPGAXYFAR-UHFFFAOYSA-N
62783.0,CCCCC(CC)COC(=O)Cl,RTGLJCSUKOLTEM-UHFFFAOYSA-N
7789.0,CCCCCCC(CCCCCCCCCCC(=O)O)O,ULQISTXYYBZJSJ-UHFFFAOYSA-N
7837.0,CC(=C)C(=O)OCC1CO1,VOZRXNHHFUQHIL-UHFFFAOYSA-N
7061.0,CCN(CC)C1=CC=CC=C1,GGSUCNLOZRCGPQ-UHFFFAOYSA-N
12463.0,C1=CC(=C(C(=C1Cl)Cl)Cl)Cl,GBDZXPJXOMHESU-UHFFFAOYSA-N
15909.0,CC(=O)C=CC1=CC=CC=C1,BWHOZHOGCMHOBV-UHFFFAOYSA-N
2734956.0,COC1=CC=C(C=C1)N.Cl,VQYJLACQFYZHCO-UHFFFAOYSA-N
14286.0,CC(=O)C1=CC=CC=N1,AJKVQEKCUACUMD-UHFFFAOYSA-N
41206.0,CC1=CC(=CC(=C1N)C)C2=CC(=C(C(=C2)C)N)C,UAIUNKRWKOVEES-UHFFFAOYSA-N
7220.0,C1=CC2=NNN=C2C=C1,QRUDEWIWKLJBPS-UHFFFAOYSA-N
795.0,C1=CN=CN1,RAXXELZNTBOGNW-UHFFFAOYSA-N
7833.0,C1CC2C(O2)CC1C3CO3,OECTYKWYRCHAKR-UHFFFAOYSA-N
11957.0,CN(C1=CC=CC=C1)N=O,MAXCWSIJKVASQC-UHFFFAOYSA-N
6418.0,CC(C(=O)O)(Cl)Cl,NDUPDOJHUQKPAG-UHFFFAOYSA-N
8289.0,C1=CC=C(C=C1)OP(=O)(OC2=CC=CC=C2)OC3=CC=CC=C3,XZZNDPSIHUTMOC-UHFFFAOYSA-N
5271566.0,CCOC(=O)/C=C\C(=O)OCC,IEPRKVQEAMIZSS-WAYWQWQTSA-N
10005.0,C(#N)N=C(N)N,QGBSISYHAICWAH-UHFFFAOYSA-N
21531.0,B(OC(C)C)(OC(C)C)OC(C)C,NHDIQVFFNDKAQU-UHFFFAOYSA-N
7391.0,CC(C)(C)C1CCC(CC1)O,CCOQPGVQAWPUPE-UHFFFAOYSA-N
8892.0,CCCCCC(=O)O,FUZZWVXGSFPDMH-UHFFFAOYSA-N
9352.0,CC(=O)NC1=CC2=C(C=C1)C3=C(C2)C=C(C=C3)NC(=O)C,XBZBRCVCSVLJJZ-UHFFFAOYSA-N
8561.0,CCCCCOC(=O)C1=CC=CC=C1C(=O)OCCCCC,IPKKHRVROFYTEK-UHFFFAOYSA-N
169132.0,CC1(CC(CC(C1)(C)CN=C=O)N=C=O)C,NIMLQBUJDJZYEJ-UHFFFAOYSA-N
11123.0,C1=CC(=C(C=C1Cl)Cl)N,KQCMTOWTPBNWDB-UHFFFAOYSA-N
7249.0,CC1=C(C=C(C=C1)O)C,YCOXTKKNXUZSKD-UHFFFAOYSA-N
67172.0,CC1=CC(=C(C=C1O)C)C2(C3=CC=CC=C3S(=O)(=O)O2)C4=C(C=C(C(=C4)C)O)C,MGUKYHHAGPFJMC-UHFFFAOYSA-N
12232.0,CSSC,WQOXQRCZOLPYPM-UHFFFAOYSA-N
6579.0,C=CC(=O)N,HRPVXLWXLXDGHG-UHFFFAOYSA-N
8398.0,CC1=CC(=C(C(=C1)C(C)(C)C)O)CC2=C(C(=CC(=C2)C)C(C)(C)C)O,KGRVJHAUYBGFFP-UHFFFAOYSA-N
6442842.0,CC1=C(C=CC=C1C2=CC=CC=C2)COC(=O)[C@@H]3[C@@H](C3(C)C)/C=C(/C(F)(F)F)\Cl,OMFRMAHOUUJSGP-IRHGGOMRSA-N
47326.0,CC1(C(C1(C)C)C(=O)OC(C#N)C2=CC(=CC=C2)OC3=CC=CC=C3)C,XQUXKZZNEFRCAW-UHFFFAOYSA-N
6498.0,C1C=CCS1(=O)=O,MBDNRNMVTZADMQ-UHFFFAOYSA-N
31242.0,CCC1=CC=C(C=C1)O,HXDOZKJGKXYMEW-UHFFFAOYSA-N
12958.0,COP(=O)(C)OC,VONWDASPFIQPDY-UHFFFAOYSA-N
12713.0,CCCCC(CC)COC(=O)C(=C)C,WDQMWEYDKDCEHT-UHFFFAOYSA-N
525.0,C(C(C(=O)O)O)C(=O)O,BJEPYKJPYRNKOW-UHFFFAOYSA-N
61057.0,CC(C)CC(C)CC(=O)CC(C)C,GFWVDQCGGDBTBS-UHFFFAOYSA-N
23667648.0,C1=CC2=C(C=CC(=C2)S(=O)(=O)[O-])C=C1O.[Na+],ZPWQALCOMQRMRK-UHFFFAOYSA-M
28777.0,C1CCC(CC1)SN2C(=O)C3=CC=CC=C3C2=O,UEZWYKZHXASYJN-UHFFFAOYSA-N
24309.0,CCCCC(CC)COC(=O)CS,OWHSTLLOZWTNTQ-UHFFFAOYSA-N
5280443.0,C1=CC(=CC=C1C2=CC(=O)C3=C(C=C(C=C3O2)O)O)O,KZNIFHPLKGYRTM-UHFFFAOYSA-N
76961998.0,CC1=CC=C(C=C1)OP(=O)(OC2=CC=C(C=C2)C)OC3=CC=C(C=C3)C.CC1=CC(=CC=C1)OP(=O)(OC2=CC=CC(=C2)C)OC3=CC=CC(=C3)C.CC1=CC=CC=C1OP(=O)(OC2=CC=CC=C2C)OC3=CC=CC=C3C,IUJIYUAKFBGBCG-UHFFFAOYSA-N
11167.0,CN=C=S,LGDSHSYDSCRFAB-UHFFFAOYSA-N
7104.0,C1=CC=C2C=C(C(=CC2=C1)C(=O)O)O,ALKYHXVLJMQRLQ-UHFFFAOYSA-N
37175.0,C=CCOC(CN1C=CN=C1)C2=C(C=C(C=C2)Cl)Cl,PZBPKYOVPCNPJY-UHFFFAOYSA-N
7327.0,C1=CC=C(C=C1)S(=O)(=O)OC2=C(C=C(C=C2)Cl)Cl,OZFAFGSSMRRTDW-UHFFFAOYSA-N
7642.0,CCCCC(CC)COC(=O)CCCCCCCC(=O)OCC(CC)CCCC,ZDWGXBPVPXVXMQ-UHFFFAOYSA-N
31279.0,C=CCNCC=C,DYUWTXWIYMHBQS-UHFFFAOYSA-N
6837.0,C1=CC=C(C=C1)C(C#N)C2=CC=CC=C2,NEBPTMCRLHKPOB-UHFFFAOYSA-N
13246.0,C1CCCCCC(=O)CCCCC1,SXVPOSFURRDKBO-UHFFFAOYSA-N
8723.0,CCC(C)CO,QPRQEDXDYOZYLA-UHFFFAOYSA-N
15767.0,COC1=C(C(=C(C(=C1Cl)Cl)Cl)Cl)Cl,BBABSCYTNHOKOG-UHFFFAOYSA-N
2314.0,CC1(OC2=C(O1)C(=CC=C2)OC(=O)NC)C,XEGGRYVFLWGFHI-UHFFFAOYSA-N
7173.0,CC(C)OC(=O)COC1=C(C=C(C=C1)Cl)Cl,WHOKDONDRZNCBC-UHFFFAOYSA-N
8419.0,COC1=C(C=C(C=C1)C=O)OC,WJUFSDZVCOTFON-UHFFFAOYSA-N
11937.0,C1=CC=C2C=C3C=C(C=CC3=CC2=C1)N,YCSBALJAGZKWFF-UHFFFAOYSA-N
7352.0,CC(C)COC(=O)C(=C)C,RUMACXVDVNRZJZ-UHFFFAOYSA-N
6423.0,C([N+](=O)[O-])(Cl)(Cl)Cl,LFHISGNCFUNFFM-UHFFFAOYSA-N
12251.0,COCC(=O)O,RMIODHQZRUFFFF-UHFFFAOYSA-N
16653.0,CCSC(=O)N1CCCCCC1,DEDOPGXGGQYYMW-UHFFFAOYSA-N
7351.0,CC(C)COC(=O)C(C)C,RXGUIWHIADMCFC-UHFFFAOYSA-N
73672.0,CCC(C)(CC)C1=NOC(=C1)NC(=O)C2=C(C=CC=C2OC)OC,PMHURSZHKKJGBM-UHFFFAOYSA-N
7864.0,COCCl,XJUZRXYOEPSWMB-UHFFFAOYSA-N
10541.0,COP(=O)(OC)OC,WVLBCYQITXONBZ-UHFFFAOYSA-N
7969.0,C1=CC=C(C=C1)S,RMVRSNDYEFQCLF-UHFFFAOYSA-N
16584.0,C1(=C(C(=NC(=C1Cl)Cl)Cl)Cl)Cl,DNDPLEAVNVOOQZ-UHFFFAOYSA-N
7076.0,C1=CC=C(C=C1)C2=CC(=CC=C2)C3=CC=CC=C3,YJTKZCDBKVTVBY-UHFFFAOYSA-N
10707.0,C1=CC=C(C(=C1)[N+](=O)[O-])[N+](=O)[O-],IZUKQUVSCNEFMJ-UHFFFAOYSA-N
24434.0,[N+](=O)([O-])[O-].[K+],FGIUAXJPYTZDNR-UHFFFAOYSA-N
998.0,C1=CC=C(C=C1)CC=O,DTUQWGWMVIHBKE-UHFFFAOYSA-N
8160.0,CCCCOCCOC(=O)C,NQBXSWAWVZHKBZ-UHFFFAOYSA-N
20087.0,CCC1=CC(=C(C(=C1)C(C)(C)C)O)C(C)(C)C,BVUXDWXKPROUDO-UHFFFAOYSA-N
8184.0,CCCCCCCCCCCO,KJIOQYGWTQBHNH-UHFFFAOYSA-N
5963.0,C[N+](C)(C)CC1=CC=CC=C1.[Cl-],KXHPPCXNWTUNSB-UHFFFAOYSA-M
5284441.0,CC(COC1=CC=CC=C1)N(CCCl)CC2=CC=CC=C2.Cl,VBCPVIWPDJVHAN-UHFFFAOYSA-N
8449.0,C1=CC(=C(C=C1Cl)Cl)O,HFZWRUODUSTPEG-UHFFFAOYSA-N
12170.0,CC(=O)OCC1=CC=CO1,CKOYRRWBOKMNRG-UHFFFAOYSA-N
7418.0,CC1=CC(=CC=C1)C(=O)O,GPSDUZXPYCFOSQ-UHFFFAOYSA-N
6540.0,CCCCOCCOP(=O)(OCCOCCCC)OCCOCCCC,WTLBZVNBAKMVDP-UHFFFAOYSA-N
6269.0,CC1=CC=C(C=C1)S(=O)(=O)N,LMYRWZFENFIFIT-UHFFFAOYSA-N
7451.0,C1=CC(=CC(=C1)C(=O)Cl)C(=O)Cl,FDQSRULYDNDXQB-UHFFFAOYSA-N
91511.0,C1C(O1)COC2=CC=C(C=C2)CC3=CC=C(C=C3)OCC4CO4,XUCHXOAWJMEFLF-UHFFFAOYSA-N
62479.0,COCN(COC)C1=NC(=NC(=N1)N(COC)COC)N(COC)COC,BNCADMBVWNPPIZ-UHFFFAOYSA-N
8086.0,CC(CNCC(C)O)O,LVTYICIALWPMFW-UHFFFAOYSA-N
31215.0,CCOP(OCC)OCC,BDZBKCUKTQZUTL-UHFFFAOYSA-N
10430.0,CC(C)CC(=O)O,GWYFCOCPABKNJV-UHFFFAOYSA-N
1480.0,C1=C(C(=CC(=C1Cl)Cl)Cl)OCC(=O)O,SMYMJHWAQXWPDB-UHFFFAOYSA-N
7943.0,COC(=O)CC(=O)OC,BEPAFCGSDWSTEL-UHFFFAOYSA-N
11487.0,C1=CC=C(C=C1)NC2=CC=CC=C2,DMBHHRLKUKUOEG-UHFFFAOYSA-N
7443.0,C1=CC(=C(C=C1[N+](=O)[O-])Cl)Cl,NTBYINQTYWZXLH-UHFFFAOYSA-N
8117.0,C(COCCO)O,MTHSVFCYNBDYFN-UHFFFAOYSA-N
3090.0,CC1=NC=C(N1C)[N+](=O)[O-],IBXPYPUJPLLOIN-UHFFFAOYSA-N
30773.0,CCNC1=NC(=NC(=N1)Cl)NC(C)(C)C#N,MZZBPDKVEFVLFF-UHFFFAOYSA-N
4110039.0,C1=CC=C(C=C1)[S-].[Na+],RZWQDAUIUBVCDD-UHFFFAOYSA-M
516871.0,C(#N)[S-].[Na+],VGTPCRGMBIAPIM-UHFFFAOYSA-M
5284363.0,C1=CC(=CC=C1N)Cl.Cl,ISJBQSJDQZLCSF-UHFFFAOYSA-N
12348.0,CCCCCOC(=O)C,PGMYKACGEOXYJE-UHFFFAOYSA-N
8200.0,C(COCCOCCOCCO)O,UWHCKJMYHZGTIT-UHFFFAOYSA-N
12025.0,C1CC(=O)NC1,HNJBEVLQSNELDL-UHFFFAOYSA-N
43226.0,C1=CC=C(C(=C1)C(C2=CC=C(C=C2)Cl)(C3=CN=CN=C3)O)Cl,NHOWDZOIZKMVAI-UHFFFAOYSA-N
25670.0,CCOP(=S)(OCC)SCSC(C)(C)C,XLNZEKHULJKQBA-UHFFFAOYSA-N
6295.0,CCC1=CC=C(C=C1)C(C2=CC=C(C=C2)CC)C(Cl)Cl,QFMDFTQOJHFVNR-UHFFFAOYSA-N
7447.0,COC1=C(C=C(C=C1)[N+](=O)[O-])N,NIPDVSLAMPAWTP-UHFFFAOYSA-N
27756.0,CC=C1CC2CC1C=C2,OJOWICOBYCXEKR-UHFFFAOYSA-N
995.0,C1=CC=C2C(=C1)C=CC3=CC=CC=C32,YNPNZTXNASCQKK-UHFFFAOYSA-N
11241.0,CC(=C)CCl,OHXAOPZTJOUYKM-UHFFFAOYSA-N
4420.0,COP(=O)(OC)OC(C(Cl)(Cl)Br)Br,BUYMVQAILCEWRR-UHFFFAOYSA-N
18752.0,COC(=O)NS(=O)(=O)C1=CC=C(C=C1)N,VGPYEHKOIGNJKV-UHFFFAOYSA-N
87244.0,CC[Si](OC(=O)C)(OC(=O)C)OC(=O)C,KXJLGCBCRCSXQF-UHFFFAOYSA-N
41385.0,CC1=C(S(=O)(=O)CCS1(=O)=O)C,PHVNLLCAQHGNKU-UHFFFAOYSA-N
9740.0,C(C#N)C(=O)O,MLIREBYILWEBDM-UHFFFAOYSA-N
7603.0,CCNC1=CC=CC(=C1)C,GUYMMHOQXYZMJQ-UHFFFAOYSA-N
31362.0,CC(C)CC(C)(C#CC(C)(CC(C)C)O)O,LXOFYPKXCSULTL-UHFFFAOYSA-N
15659.0,CO[Si](CCCNCCN)(OC)OC,PHQOGHDTIVQXHL-UHFFFAOYSA-N
10009.0,C1=CC(=CN=C1)N,CUYKNJBYIJFRCU-UHFFFAOYSA-N
520196.0,CCCCCCC(C)(C)S,MPBLPZLNKKGCGP-UHFFFAOYSA-N
8342.0,C1=CC=C2C(=C1)C(=O)C(=C(C2=O)Cl)Cl,SVPKNMBRVBMTLB-UHFFFAOYSA-N
25484.0,CC(COC(C)COC)O,WGYZMNBUZFHYRX-UHFFFAOYSA-N
8861.0,C1=CC(=NC(=C1)N)N,VHNQIURBCCNWDN-UHFFFAOYSA-N
8371.0,C1(=C(C(=O)C(=C(C1=O)Cl)Cl)Cl)Cl,UGNWTBMOAKPKBL-UHFFFAOYSA-N
8635.0,COC(=O)C1=CC=CC=C1N,VAMXMNNIEUEQDV-UHFFFAOYSA-N
6549.0,CC(=CCCC(C)(C=C)O)C,CDOSHBSSFJOMGT-UHFFFAOYSA-N
23668353.0,CCCCCCCCCCCCCOS(=O)(=O)[O-].[Na+],HQCFDOOSGDZRII-UHFFFAOYSA-M
7489.0,C1=CC(=CC=C1C(=O)O)C(=O)O,KKEYFWRCBNTPAC-UHFFFAOYSA-N
7040.0,CC1=C(C=CC=C1N=C=O)N=C=O,RUELTTOHQODFPA-UHFFFAOYSA-N
8559.0,CCCOC(=O)C1=CC=CC=C1C(=O)OCCC,MQHNKCZKNAJROC-UHFFFAOYSA-N
6124.0,CN(C)N=O,UMFJAHHVKNCGLG-UHFFFAOYSA-N
24685.0,CC(C)OC(=O)NC1=CC=CC=C1,VXPLXMJHHKHSOA-UHFFFAOYSA-N
39965.0,CN1C(=NC(=O)N(C1=O)C2CCCCC2)N(C)C,CAWXEEYDBZRFPE-UHFFFAOYSA-N
78170.0,CC(=O)CC(=O)NC1=CC(=C(C=C1OC)Cl)OC,MOUVJGIRLPZEES-UHFFFAOYSA-N
7153.0,CC1=C(C=CC(=C1)Cl)OC(C)C(=O)O,WNTGYJSOUMFZEP-UHFFFAOYSA-N
11107.0,C1=CN=CC=C1C2=CC=NC=C2,MWVTWFVJZLCBMC-UHFFFAOYSA-N
79.0,C1=CC(=CN=C1)C#N,GZPHSAQLYPIAIN-UHFFFAOYSA-N
7895.0,CCCC(=O)C,XNLICIUVMPYHGG-UHFFFAOYSA-N
17317.0,CO[Si](CCCOCC1CO1)(OC)OC,BPSIOYPQMFLKFR-UHFFFAOYSA-N
24482.0,[NH4+].NS(=O)(=O)[O-],GEHMBYLTCISYNY-UHFFFAOYSA-N
12688.0,CCCC[Sn](CCCC)(Cl)Cl,RJGHQTVXGKYATR-UHFFFAOYSA-L
37517.0,CC(C)NC(=O)N1CC(=O)N(C1=O)C2=CC(=CC(=C2)Cl)Cl,ONUFESLQCSAYKA-UHFFFAOYSA-N
3032791.0,COC(=O)NC(=S)NC1=CC=CC=C1NC(=S)NC(=O)OC,QGHREAKMXXNCOA-UHFFFAOYSA-N
8872.0,CCCCCCOC(=O)C(=C)C,LNCPIMCVTKXXOY-UHFFFAOYSA-N
6702.0,CC1=C(C2=C(C=C1)C(=O)C3=CC=CC=C3C2=O)N,ZLCUIOWQYBYEBG-UHFFFAOYSA-N
676454.0,C1=CC=C(C=C1)NC(=S)N,FULZLIGZKMKICU-UHFFFAOYSA-N
9473.0,CC(=O)OCC1=CC2=C(C=C1)OCO2,PFWYHTORQZAGCA-UHFFFAOYSA-N
7195.0,C1=CC2=C(C=C1[N+](=O)[O-])NC=N2,XPAZGLFMMUODDK-UHFFFAOYSA-N
2519.0,CN1C=NC2=C1C(=O)N(C(=O)N2C)C,RYYVLZVUVIJVGH-UHFFFAOYSA-N
15910.0,C(#N)C1=C(C(=C(C(=C1Cl)Cl)Cl)C#N)Cl,CRQQGFGUEAVUIL-UHFFFAOYSA-N
73670.0,C1=CC=C(C(=C1)C2=NN=C(N=N2)C3=CC=CC=C3Cl)Cl,UXADOQPNKNTIHB-UHFFFAOYSA-N
2734161.0,CCCCN1C=C[N+](=C1)C.[Cl-],FHDQNOXQSTVAIC-UHFFFAOYSA-M
11529.0,CCCCOC(=O)CC,BTMVHUNTONAYDX-UHFFFAOYSA-N
19241.0,CCCCNS(=O)(=O)C1=CC=CC=C1,IPRJXAGUEGOFGG-UHFFFAOYSA-N
17869.0,CC(=C)C(=O)OCCN(C)C,JKNCOURZONDCGV-UHFFFAOYSA-N
33286.0,C[N+](C)(CC=C)CC=C.[Cl-],GQOKIYDTHHZSCJ-UHFFFAOYSA-M
21209.0,C1=CC(=C(C=C1N)N)Cl,ZWUBBMDHSZDNTA-UHFFFAOYSA-N
8076.0,CCOCCO,ZNQVEEAIQZEUHB-UHFFFAOYSA-N
77703.0,CC1=CC=C(C=C1)S(=O)(=O)N=C=O,VLJQDHDVZJXNQL-UHFFFAOYSA-N
12397.0,CCCCCCCCCCCCCCCO,REIUXOLGHVXAEO-UHFFFAOYSA-N
66494.0,C1=CC=C(C(=C1)C(C2=CC=C(C=C2)O)C3=CC=C(C=C3)O)C(=O)O,FFFPYJTVNSSLBQ-UHFFFAOYSA-N
8113.0,C(CO)NCCO,ZBCBWPMODOFKDW-UHFFFAOYSA-N
6854.0,C1=CC=C2C(=C1)C3=CC=CC=C3N2,UJOBWOGCFQCDNV-UHFFFAOYSA-N
3073.0,CC(C)OP(=O)(C)OC(C)C,WOAFDHWYKSOANX-UHFFFAOYSA-N
7292.0,CCC(=NO)C,WHIVNJATOVLWBW-UHFFFAOYSA-N
7270.0,C1=C(C(=CC(=C1Cl)Cl)Cl)Cl,JHBKHLUZVFWLAG-UHFFFAOYSA-N
9275.0,CCCCC(CC)COP(=O)(O)OCC(CC)CCCC,SEGLCEQVOFDUPX-UHFFFAOYSA-N
12101.0,CCC1=CC(=CC=C1)O,HMNKTRSOROOSPP-UHFFFAOYSA-N
7064.0,C1=CC=C(C=C1)C2=NC(=NC(=N2)N)N,GZVHEAJQGPRDLQ-UHFFFAOYSA-N
20083.0,CCCCCCC(C)O,SJWFXCIHNDVPSH-UHFFFAOYSA-N
6966.0,C1=C2C(=CC3=C1C(=O)OC3=O)C(=O)OC2=O,ANSXAPJVJOKRDJ-UHFFFAOYSA-N
8142.0,CCCCCCCCCl,CNDHHGUSRIZDSL-UHFFFAOYSA-N
1133.0,C(C(=O)O)S,CWERGRDVMFNCDR-UHFFFAOYSA-N
11251.0,CC(C)C(=O)C,SYBYTAAJFKOIEJ-UHFFFAOYSA-N
62551.0,C(COCCOCCOCCOCCO)O,JLFNLZLINWHATN-UHFFFAOYSA-N
7577.0,C1=CC(=CC=C1CC2=CC=C(C=C2)N)N,YBRVSVVVWCFQMG-UHFFFAOYSA-N
9128.0,C1=CC=C2C(=C1)C3=CC=CC4=C3C5=C(C=CC=C25)C=C4,TXVHTIQJNYSSKO-UHFFFAOYSA-N
6901.0,C(=C(Cl)Cl)(C(=C(Cl)Cl)Cl)Cl,RWNKSTSCBHKHTB-UHFFFAOYSA-N
7849.0,C(CBr)Cl,IBYHHJPAARCAIE-UHFFFAOYSA-N
7335.0,CC1=CCC(CC1OC(=O)C)C(=C)C,YTHRBOFHFYZBRJ-UHFFFAOYSA-N
3026.0,CCCCOC(=O)C1=CC=CC=C1C(=O)OCCCC,DOIRQSBPFJWKBE-UHFFFAOYSA-N
19499.0,CC=CC(=O)O,LDHQCZJRKDOVOX-UHFFFAOYSA-N
31657.0,CNC(=O)ON=C(C(=O)N(C)C)SC,KZAUOCCYDRDERY-UHFFFAOYSA-N
8437.0,C1=CC=C(C=C1)C(=O)OCCOCCOC(=O)C2=CC=CC=C2,NXQMCAOPTPLPRL-UHFFFAOYSA-N
2779938.0,CNC(=S)N(C)C,JAEZSIYNWDWMMN-UHFFFAOYSA-N
4931.0,CC(C)N(C1=CC=CC=C1)C(=O)CCl,MFOUDYKPLGXPGO-UHFFFAOYSA-N
8038.0,CC(C)COC(=O)C,GJRQTCIYDGXPES-UHFFFAOYSA-N
8326.0,C12=C(C(=C(C(=C1Cl)Cl)Cl)Cl)C(=O)OC2=O,AUHHYELHRWCWEZ-UHFFFAOYSA-N
6626.0,C1=CC(=CC=C1O)S(=O)(=O)C2=CC=C(C=C2)O,VPWNQTHUCYMVMZ-UHFFFAOYSA-N
9568700.0,CC(C)(/C=N/OC(=O)NC)S(=O)C,BXPMAGSOWXBZHS-WEVVVXLNSA-N
17049.0,CCCCOCC1CO1,YSUQLAYJZDEMOT-UHFFFAOYSA-N
7916.0,CC(=C)OC(=O)C,HETCEOQFVDFGSY-UHFFFAOYSA-N
10332.0,CC1=CC(=C(C=C1)N)N,DGRGLKZMKWPMOH-UHFFFAOYSA-N
1486.0,C1=CC(=C(C=C1Cl)Cl)OCC(=O)O,OVSKIKFHRZPJSS-UHFFFAOYSA-N
71485.0,C([C@@H]1[C@@H]([C@@H]([C@H]([C@H](O1)O[C@]2([C@H]([C@@H]([C@H](O2)CCl)O)O)CCl)O)O)Cl)O,BAQAVOSOZGMPRM-QBMZZYIRSA-N
10522.0,CCOC(=O)C(C1=CC=C(C=C1)Cl)(C2=CC=C(C=C2)Cl)O,RAPBNVDSDCTNRC-UHFFFAOYSA-N
7729.0,C1=CC(=CC=C1N=O)O,JSTCPNFNKICNNO-UHFFFAOYSA-N
5934.0,CC1=CC(=CC=C1)N=NC2=CC=C(C=C2)N(C)C,LVTFSVIRYMXRSR-UHFFFAOYSA-N
19395.0,CCOP(=S)(OCC)OP(=S)(OCC)OCC,XIUROWKZWPIAIB-UHFFFAOYSA-N
8050.0,CCCCCCCCCC(=O)OC,YRHYCMZPEVDGFQ-UHFFFAOYSA-N
8195.0,CCCCCCCCCCCCS,WNAHIZMDSQCWRP-UHFFFAOYSA-N
7274.0,CC(=C)C(=O)OCC=C,FBCQUCJYYPMKRO-UHFFFAOYSA-N
440968.0,CC1=CC[C@H]2C[C@@H]1C2(C)C,GRWFGVWFFZKLTI-IUCAKERBSA-N
13618.0,C1=CC(=C(C(=C1Cl)O)Cl)Cl,XGCHAIDDPMFRLJ-UHFFFAOYSA-N
10722.0,CC1=CC=CC=C1C=O,BTFQKIATRPGRBS-UHFFFAOYSA-N
11831.0,C1C2=CC=CC=C2C3=C1C=C(C=C3)[N+](=O)[O-],XFOHWECQTFIEIX-UHFFFAOYSA-N
7670.0,CCNC1=CC=CC=C1,OJGMBLNIHDZDGS-UHFFFAOYSA-N
7002.0,CC1=CC=CC2=CC=CC=C12,QPUYECUOLPXSFR-UHFFFAOYSA-N
444972.0,C(=C/C(=O)O)\C(=O)O,VZCYOOQTPOCHFL-OWOJBTEDSA-N
10555.0,CC(=CCl)C,KWISWUFGPUHDRY-UHFFFAOYSA-N
6796.0,C1=CC=C2C(=C1)C=CC3=C2C=CC=N3,HCAUQPZEWLULFJ-UHFFFAOYSA-N
8303.0,C(=O)(C(Cl)(Cl)Cl)C(Cl)(Cl)Cl,DOJXGHGHTWFZHK-UHFFFAOYSA-N
4933.0,CCC(=O)NC1=CC(=C(C=C1)Cl)Cl,LFULEKSKNZEWOE-UHFFFAOYSA-N
7648.0,C1COCCN1SSN2CCOCC2,HLBZWYXLQJQBKU-UHFFFAOYSA-N
19458.0,C1=CC(=C(C=C1[N+](=O)[O-])S(=O)(=O)[O-])C=CC2=C(C=C(C=C2)[N+](=O)[O-])S(=O)(=O)[O-].[Na+].[Na+],SDCDTWFAOKXZHD-UHFFFAOYSA-L
5192.0,C(CCCCC(=O)O)CCCC(=O)O,CXMXRPHRNRROMY-UHFFFAOYSA-N
11807.0,CC(C)(CO)N,CBTVGIZVANVGBH-UHFFFAOYSA-N
65360.0,CC(C)(CS(=O)(=O)O)NC(=O)C=C,XHZPRMZZQOIPDS-UHFFFAOYSA-N
1639.0,C1=NNC(=N1)N,KLSJWNVTNUYHDU-UHFFFAOYSA-N
8439.0,CC=CC1=CC2=C(C=C1)OCO2,VHVOLFRBFDOUSH-UHFFFAOYSA-N
8461.0,CC1=C(C=C(C=C1)[N+](=O)[O-])[N+](=O)[O-],RMBFBMJGBANMMK-UHFFFAOYSA-N
8069.0,CCCC=NO,KGGVGTQEGGOZRN-UHFFFAOYSA-N
7771.0,CC1=CC(=C(C=C1)O)C,KUFFULVDNCHOFZ-UHFFFAOYSA-N
707035.0,C1=CC=C2C(=C1)NC(=S)N2,YHMYGUUIMTVXNW-UHFFFAOYSA-N
20686.0,CC(CCC#N)C#N,FPPLREPCQJZDAQ-UHFFFAOYSA-N
7050.0,CCN(CC)C1=CC2=C(C=C1)C(=CC(=O)O2)C,AFYCEAFSNDLKSX-UHFFFAOYSA-N
8192.0,CCCCCCCCCCCCCl,YAYNEUUHHLGGAH-UHFFFAOYSA-N
8404.0,C1CCC2=CC=CC=C2C1,CXWXQJXEFPUFDZ-UHFFFAOYSA-N
18689.0,CCC(COC(=O)C(=C)C)(COC(=O)C(=C)C)COC(=O)C(=C)C,OKKRPWIIYQTPQF-UHFFFAOYSA-N
14215.0,CCCCN(CC)C(=O)SCCC,SGEJQUSYQTVSIU-UHFFFAOYSA-N
50896.0,CC(C(=O)OC)OC1=CC=C(C=C1)OC2=C(C=C(C=N2)C(F)(F)F)Cl,MFSWTRQUCLNFOM-UHFFFAOYSA-N
31356.0,C(C(CBr)Br)OP(=O)(OCC(CBr)Br)OCC(CBr)Br,PQYJRMFWJJONBO-UHFFFAOYSA-N
8144.0,CCCCCCCCS,KZCOBXFFBQJQHH-UHFFFAOYSA-N
6809.0,C1=CC=C2C(=C1)C(=O)NC2=O,XKJCHHZQLQNZHY-UHFFFAOYSA-N
15595.0,C1CCCCCC(CCCCC1)O,SFVWPXMPRCIVOK-UHFFFAOYSA-N
32485.0,CCC1=CC=CC(=C1N)C,JJVKJJNCIILLRP-UHFFFAOYSA-N
7900.0,CC(COC)O,ARXJGSRGQADJSQ-UHFFFAOYSA-N
6001.0,CC1=C2C=CC3=CC=CC=C3C2=C(C4=CC=CC=C14)C,ARSRBNBHOADGJU-UHFFFAOYSA-N
727200.0,C1CCC(CC1)NC(=S)NC2CCCCC2,KAJICSGLHKRDLN-UHFFFAOYSA-N
8314.0,CCC(C)C(=O)O,WLAMNBDJUVNPJU-UHFFFAOYSA-N
11769095.0,CCCC[N+]1(CCCC1)C.[Cl-],BOOXKGZZTBKJFE-UHFFFAOYSA-M
7092.0,CC1=CC2=C(C=C1)OC(=O)C=C2,FXFYOPQLGGEACP-UHFFFAOYSA-N
949.0,CN(C)C1=CC=CC=C1,JLTDJTHDQAWBAV-UHFFFAOYSA-N
89594.0,CN1CCC[C@H]1C2=CN=CC=C2,SNICXCGAKADSCV-JTQLQIEISA-N
5543.0,CC(C)N(C(C)C)C(=O)SCC(=C(Cl)Cl)Cl,MWBPRDONLNQCFV-UHFFFAOYSA-N
76302.0,C1=CC(=CC=C1C(C2=CC=C(C=C2)O)C(Cl)(Cl)Cl)O,IUGDILGOLSSKNE-UHFFFAOYSA-N
6998.0,C1=CC=C(C(=C1)C=O)O,SMQUZDBALVYZAC-UHFFFAOYSA-N
117549.0,CCCCCC1=CCCC1=O,ILHZVKAXFCDFMT-UHFFFAOYSA-N
17318.0,CC(=C)C(=O)OCCC[Si](OC)(OC)OC,XDLMVUHYZWKMMD-UHFFFAOYSA-N
8178.0,COCCOCCOCCO,JLGLQAWTXXGVEM-UHFFFAOYSA-N
8456.0,CC(C)(C)C1=C(C=CC(=C1)OC)O,MRBKEAMVRSLQPH-UHFFFAOYSA-N
27189.0,CCN(CC)C(=O)C(C)OC1=CC=CC2=CC=CC=C21,WXZVAROIGSFCFJ-UHFFFAOYSA-N
9161.0,C1=CC2=C3C(=C1)C=CC3=CC=C2,HXGDTGSAIMULJN-UHFFFAOYSA-N
8785.0,CC(=O)OCC1=CC=CC=C1,QUKGYYKBILRGFE-UHFFFAOYSA-N
21954.0,C1=CC(=O)NNC1=O,BGRDGMRNKXEXQD-UHFFFAOYSA-N
8094.0,CCCCCCC(=O)O,MNWFXJYAOYHMED-UHFFFAOYSA-N
10687.0,CC1=C(C(=CC=C1)O)C,QWBBPBRQALCEIZ-UHFFFAOYSA-N
7150.0,COC(=O)C1=CC=CC=C1,QPJVMBTYPHYUOC-UHFFFAOYSA-N
8462.0,C1=CC(=C(C=C1C(F)(F)F)[N+](=O)[O-])Cl,TZGFQIXRVUHDLE-UHFFFAOYSA-N
9154.0,C1=CC=C2C(=C1)C3=CC=CC4=C3C2=CC=C4,GVEPBJHOBDJJJI-UHFFFAOYSA-N
12679.0,CN(C)P(=O)(N(C)C)N(C)C,GNOIPBMMFNIUFM-UHFFFAOYSA-N
5361514.0,CC(C)[C@H](C1=CC=C(C=C1)Cl)C(=O)O[C@@H](C#N)C2=CC(=CC=C2)OC3=CC=CC=C3,NYPJDWWKZLNGGM-BJKOFHAPSA-N
44073.0,C1=CC(=C(C=C1C(F)(F)F)Cl)OC2=CC(=C(C=C2)[N+](=O)[O-])C(=O)O,NUFNQYOELLVIPL-UHFFFAOYSA-N
162461.0,CC1=C(C=CC(=C1)OC)NC2=CC=CC=C2,CYMPUOGZUXAIMY-UHFFFAOYSA-N
8209.0,CCCCCCCCCCCCCCO,HLZKNKRTKFSKGZ-UHFFFAOYSA-N
8345.0,CCCCOCCOC(=O)C1=CC=CC=C1C(=O)OCCOCCCC,CMCJNODIWQEOAI-UHFFFAOYSA-N
12257.0,CC(C)OC=O,RMOUBSOVHSONPZ-UHFFFAOYSA-N
21277.0,C1=CC(=CC=C1C(Cl)(Cl)Cl)Cl,LVZPKYYPPLUECL-UHFFFAOYSA-N
8427.0,CC(C(=O)O)OC1=C(C=C(C=C1)Cl)Cl,MZHCENGPTKEIGP-UHFFFAOYSA-N
31269.0,C(=O)(N)N=NC(=O)N,XOZUGNYVDXMRKW-UHFFFAOYSA-N
11005.0,CCCCCCCCCCCCCC(=O)O,TUNFSRHWOTWDNC-UHFFFAOYSA-N
7222.0,C1=CC=C2C(=C1)N=CS2,IOJUPLGTWVMSFF-UHFFFAOYSA-N
11813.0,CC1=C(C=CC=C1[N+](=O)[O-])[N+](=O)[O-],XTRDKALNCIHHNI-UHFFFAOYSA-N
18692.0,C(C(CO)(CBr)CBr)O,CHUGKEQJSLOLHL-UHFFFAOYSA-N
8344.0,COCCOC(=O)C1=CC=CC=C1C(=O)OCCOC,HSUIVCLOAAJSRE-UHFFFAOYSA-N
3033878.0,CC1C2C3CC(C2C=C1C)C=C3,GUOAPVPPPVLIQQ-UHFFFAOYSA-N
12130.0,CCCN(CCC)N=O,YLKFDHTUAUWZPQ-UHFFFAOYSA-N
14899.0,CC(C)CCCCCCCOC(=O)C=C,LVGFPWDANALGOY-UHFFFAOYSA-N
12002.0,C1=CC(=C(C=C1Br)Br)Br,FWAJPSIPOULHHH-UHFFFAOYSA-N
8372.0,CC(C)(C)C1=CC(=CC(=C1O)C(C)(C)C)CC2=CC(=C(C(=C2)C(C)(C)C)O)C(C)(C)C,MDWVSAYEQPLWMX-UHFFFAOYSA-N
62097.0,CCCCNC(=O)OCC#CI,WYVVKGNFXHOCQV-UHFFFAOYSA-N
12525.0,CC(=O)[O-].CC(=O)[O-].[Mn+2],UOGMEBQRZBEZQT-UHFFFAOYSA-L
2728.0,CC(C)OC(=O)NC1=CC(=CC=C1)Cl,CWJSHJJYOPWUGX-UHFFFAOYSA-N
7395.0,CS(=O)(=O)C1=CC=C(C=C1)Cl,LMCOQDVJBWVNNI-UHFFFAOYSA-N
9903.0,C[C@H](CCC(=O)O)[C@H]1CC[C@@H]2[C@@]1(CC[C@H]3[C@H]2CC[C@H]4[C@@]3(CC[C@H](C4)O)C)C,SMEROWZSTRWXGI-HVATVPOCSA-N
8363.0,C1=CC=C(C=C1)COC(=O)C2=CC=CC=C2O,ZCTQGTTXIYCGGC-UHFFFAOYSA-N
7255.0,CC1=C(C=C(C=C1)N)Cl,RQKFYFNZSHWXAW-UHFFFAOYSA-N
31357.0,CCCCOP(=O)(OCCCC)OCCCC,STCOOQWBFONSKY-UHFFFAOYSA-N
6950.0,CCC(C)C1=C(C(=CC(=C1)[N+](=O)[O-])[N+](=O)[O-])O,OWZPCEFYPSAJFR-UHFFFAOYSA-N
62558.0,C1C(O1)CN(CC2CO2)C3=CC=C(C=C3)OCC4CO4,AHIPJALLQVEEQF-UHFFFAOYSA-N
15600.0,CCCCCCCCCC,DIOQZVSQGTUSAI-UHFFFAOYSA-N
166033.0,[Cl-].[Cl-].[Cl-].[Fe+3],RBTARNINKXHZNM-UHFFFAOYSA-K
4610.0,C1CCC(C(C1)N)N,SSJXIUAHEKJCMH-UHFFFAOYSA-N
8663.0,C1=CC=C2C=C(C=CC2=C1)O,JWAZRIHNYRIHIV-UHFFFAOYSA-N
8923.0,CCCCOCCOCCOCCO,COBPKKZHLDDMTB-UHFFFAOYSA-N
62882.0,CC(C)NCC(COC1=CC=CC2=CC=CC=C21)O.Cl,ZMRUPTIKESYGQW-UHFFFAOYSA-N
66.0,C1=CC(=C(C=C1Cl)O)Cl,RANCECPPZPIPNO-UHFFFAOYSA-N
7289.0,C(C(CCl)O)Cl,DEWLEGDTCGBNGU-UHFFFAOYSA-N
8679.0,C1=CC=C(C=C1)NC2=CC3=CC=CC=C3C=C2,KEQFTVQCIQJIQW-UHFFFAOYSA-N
237332.0,C1=C(OC(=C1)C=O)CO,NOEGNKMFWQHSLB-UHFFFAOYSA-N
11432.0,C1=NN=CN1N,FMCUPJKTGNBGEC-UHFFFAOYSA-N
5283349.0,CCCCC/C=C/C=C/C=O,JZQKTMZYLHNFPL-BLHCBFLLSA-N
7026.0,CN(C)CC1=CC(=C(C(=C1)CN(C)C)O)CN(C)C,AHDSRXYHVZECER-UHFFFAOYSA-N
38479.0,CCC(CC)NC1=C(C=C(C(=C1[N+](=O)[O-])C)C)[N+](=O)[O-],CHIFOSRWCNZCFN-UHFFFAOYSA-N
17730.0,C1=CC(=CC=C1N=NC2=C(C=CC3=C2C=CC(=C3)S(=O)(=O)[O-])O)S(=O)(=O)[O-].[Na+].[Na+],OIQPTROHQCGFEF-UHFFFAOYSA-L
16278.0,CC(=O)CC(=O)N(C)C,YPEWWOUWRRQBAX-UHFFFAOYSA-N
7488.0,C1=CC(=CC=C1C(=O)Cl)C(=O)Cl,LXEJRKJRKIFVNY-UHFFFAOYSA-N
13583.0,CCCCCCCCCCCCN,JRBPAEWTRLWTQC-UHFFFAOYSA-N
6327114.0,CO[P+](=O)OC,YLFBFPXKTIQSSY-UHFFFAOYSA-N
13522.0,CCO[Si](CCC#N)(OCC)OCC,GBQYMXVQHATSCC-UHFFFAOYSA-N
8906.0,CCCCCCCCCCCCOC(=O)C(=C)C,GMSCBRSQMRDRCD-UHFFFAOYSA-N
5987.0,NS(=O)(=O)O,IIACRCGMVDHOTQ-UHFFFAOYSA-N
11933.0,C1=CC(=C(C=C1C2=CC(=C(C=C2)N)Cl)Cl)N.Cl.Cl,BXAONUZFBUNTQR-UHFFFAOYSA-N
8445.0,CC1=CC(=C(C=C1)OC)N,WXWCDTXEKCVRRO-UHFFFAOYSA-N
11860.0,C1=C(C=C(C(=C1Cl)N)Cl)N,HQCHAOKWWKLXQH-UHFFFAOYSA-N
7375.0,C1=CC(=CC(=C1)N)C(F)(F)F,VIUDTWATMPPKEL-UHFFFAOYSA-N
3485262.0,CN(C)C(=S)[S-].CN(C)C(=S)[S-].[Zn+2],DUBNHZYBDBBJHD-UHFFFAOYSA-L
3589.0,C1=CC(C2C1C3(C(=C(C2(C3(Cl)Cl)Cl)Cl)Cl)Cl)Cl,FRCCEHPWNOQAEU-UHFFFAOYSA-N
12329.0,COC(=O)CCCCC(=O)OC,UDSFAEKRVUSQDD-UHFFFAOYSA-N
36242.0,CC12CC1(C(=O)N(C2=O)C3=CC(=CC(=C3)Cl)Cl)C,QXJKBPAVAHBARF-UHFFFAOYSA-N
7355.0,CC(=C)C(=O)OCCOC(=O)C(=C)C,STVZJERGLQHEKB-UHFFFAOYSA-N
6336.0,CCCCC(CN1C=NC=N1)(C#N)C2=CC=C(C=C2)Cl,HZJKXKUJVSEEFU-UHFFFAOYSA-N
6433892.0,CCCCCCCCCC/C=C/C1CC(=O)OC1=O,WVRNUXJQQFPNMN-VAWYXSNFSA-N
7269.0,CC1=CC(=C(C=C1C)C)C,SQNZJJAZBFDUTD-UHFFFAOYSA-N
8285.0,C(C(CO)(CO)CO)O,WXZMFSXDPGVJKK-UHFFFAOYSA-N
23667638.0,C1(=NC(=O)N(C(=O)N1Cl)Cl)[O-].O.O.[Na+],PYILKOIEIHHYGD-UHFFFAOYSA-M
7421.0,CN(C)C1=CC(=CC=C1)O,MESJRHHDBDCQTH-UHFFFAOYSA-N
6559.0,CC(C)C#N,LRDFRRGEGBBSRN-UHFFFAOYSA-N
6028.0,C1=C(C(=C(C(=C1Cl)Cl)Cl)O)Cl,VGVRPFIJEJYOFN-UHFFFAOYSA-N
7463.0,CC1=CC=C(C=C1)C(C)C,HFPZCAJZSCWRBC-UHFFFAOYSA-N
6184.0,CCCCCC=O,JARKCYVAAOWBJS-UHFFFAOYSA-N
5125.0,CCCCSP(=O)(SCCCC)SCCCC,ZOKXUAHZSKEQSS-UHFFFAOYSA-N
10708.0,C1=CC(=C(C=C1C(=O)O)C(=O)O)C(=O)O,ARCGXLSVLAOJQL-UHFFFAOYSA-N
79878.0,CCN(CC)C1=CC(=C(C=C1)C(=O)C2=CC=CC=C2C(=O)O)O,FQNKTJPBXAZUGC-UHFFFAOYSA-N
70837.0,C1=CC=C(C=C1)C(=O)C2=C(C(=C(C=C2)O)O)O,HTQNYBBTZSBWKL-UHFFFAOYSA-N
5780.0,C([C@H]([C@H]([C@@H]([C@H](CO)O)O)O)O)O,FBPFZTCFMRRESA-JGWLITMVSA-N
17004.0,CC1=CC(=C(C=C1)O)C(C)(C)C,IKEHOXWJQXIQAG-UHFFFAOYSA-N
2723790.0,C(=S)(N)N,UMGDCJDMYOKAJW-UHFFFAOYSA-N
16562.0,CN(C)C(=O)NC1=CC=CC(=C1)C(F)(F)F,RZILCCPWPBTYDO-UHFFFAOYSA-N
135408793.0,C1=CC=C2C(=C1)C(=O)NN=N2,DMSSTTLDFWKBSX-UHFFFAOYSA-N
12021.0,COC(=O)OC,IEJIGPNLZYLLBP-UHFFFAOYSA-N
342.0,CC1=CC(=CC=C1)O,RLSSMJSEOOYNOY-UHFFFAOYSA-N
713.0,C(=O)N,ZHNUHDYFZUAESO-UHFFFAOYSA-N
31244.0,COC1=CC=C(C=C1)C=O,ZRSNZINYAWTAHE-UHFFFAOYSA-N
7444.0,CC1=C(C=C(C=C1)[N+](=O)[O-])N,DSBIJCMXAIKKKI-UHFFFAOYSA-N
9076.0,CCOC1=CC=C(C=C1)N,IMPPGHMHELILKG-UHFFFAOYSA-N
6720.0,C1(=C(C(=C(C(=C1Cl)Cl)Cl)Cl)Cl)[N+](=O)[O-],LKPLKUMXSAEKID-UHFFFAOYSA-N
13624.0,C1=CC=C2C(=C1)NC(=N2)N,JWYUFVNJZUSCSM-UHFFFAOYSA-N
2328.0,CC(C)N1C(=O)C2=CC=CC=C2NS1(=O)=O,ZOMSMJKLGFBRBS-UHFFFAOYSA-N
24730.0,CC(CN(CC(C)O)CC(C)O)O,SLINHMUFWFWBMU-UHFFFAOYSA-N
75576.0,C1=CC=C(C(=C1)CC2=CC=C(C=C2)O)O,LVLNPXCISNPHLE-UHFFFAOYSA-N
12736.0,C(CCCCCC(=O)O)CCCCC(=O)O,TVIDDXQYHWJXFK-UHFFFAOYSA-N
2566.0,CC1(CC2=C(O1)C(=CC=C2)OC(=O)NC)C,DUEPRVBVGDRKAG-UHFFFAOYSA-N
31288.0,CCCCOCCOCCOC(=O)C,VXQBJTKSVGFQOL-UHFFFAOYSA-N
15278.0,CC1(CC2=C(O1)C(=CC=C2)O)C,WJGPNUBJBMCRQH-UHFFFAOYSA-N
171038511.0,CC1CCCC1.[C-]#[O+].[C-]#[O+].[C-]#[O+].[Mn],RGEZHZRUQVDILM-UHFFFAOYSA-N
7371.0,C1=CC=C(C=C1)S(=O)(=O)O,SRSXLGNVWSONIS-UHFFFAOYSA-N
8560.0,C=CCOC(=O)C1=CC=CC=C1C(=O)OCC=C,QUDWYFHPNIMBFC-UHFFFAOYSA-N
12968.0,CCCN(CCC)C(=O)SCC,GUVLYNGULCJVDO-UHFFFAOYSA-N
15407.0,C(=O)([O-])[O-].[Sr+2],LEDMRZGFZIAGGB-UHFFFAOYSA-L
2268.0,COP(=S)(OC)SCN1C(=O)C2=CC=CC=C2N=N1,CJJOSEISRRTUQB-UHFFFAOYSA-N
7970.0,CC1=CN=CC=C1,ITQTTZVARXURQS-UHFFFAOYSA-N
4944.0,CC(C)OC1=CC=CC=C1OC(=O)NC,ISRUGXGCCGIOQO-UHFFFAOYSA-N
37123.0,C1=CC(=C(C(=C1)F)C(=O)NC(=O)NC2=CC=C(C=C2)Cl)F,QQQYTWIFVNKMRW-UHFFFAOYSA-N
86607.0,CCC(C)OC(=O)C1=CC=C(C=C1)O,ZUOTXZHOGPQFIU-UHFFFAOYSA-N
560256.0,CN(C)C(=S)[S-].[Na+],VMSRVIHUFHQIAL-UHFFFAOYSA-M
9481.0,C1=CC(=C(C=C1C(F)(F)F)Cl)Cl,XILPLWOGHPSJBK-UHFFFAOYSA-N
7677.0,C1CN(CCN1)CCO,WFCSWCVEJLETKA-UHFFFAOYSA-N
7870.0,CC(CC(C)(C)O)O,SVTBMSDMJJWYQN-UHFFFAOYSA-N
6327349.0,CCCCO[P+](=O)OCCCC,OSPSWZSRKYCQPF-UHFFFAOYSA-N
7516.0,C1=CC=C(C=C1)NN,HKOOXMFOFWEVGF-UHFFFAOYSA-N
18635.0,CSCCC=O,CLUWOWRTHNNBBU-UHFFFAOYSA-N
10255083.0,CC1=C2C(=CC(=C1C(=O)O)O)C(=O)C3=C(C2=O)C(=C(C(=C3O)O)[C@H]4[C@@H]([C@H]([C@@H]([C@H](O4)CO)O)O)O)O,DGQLVPJVXFOQEV-JNVSTXMASA-N
7505.0,C1=CC=C(C=C1)C#N,JFDZBHWFFUWGJE-UHFFFAOYSA-N
17162.0,CCCCC(CC)COCC1CO1,BBBUAWSVILPJLL-UHFFFAOYSA-N
7048.0,COC1=CC=CC=C1[N+](=O)[O-],CFBYEGUGFPZCNF-UHFFFAOYSA-N
2256.0,CCNC1=NC(=NC(=N1)Cl)NC(C)C,MXWJVTOOROXGIU-UHFFFAOYSA-N
8607.0,C1=CC=C2C(=C1)C(=O)N(C2=O)SC(Cl)(Cl)Cl,HKIOYBQGHSTUDB-UHFFFAOYSA-N
21307.0,CC1=C(SCCO1)C(=O)NC2=CC=CC=C2,GYSSRZJIHXQEHQ-UHFFFAOYSA-N
638024.0,C1CCN(CC1)C(=O)/C=C/C=C/C2=CC3=C(C=C2)OCO3,MXXWOMGUGJBKIW-YPCIICBESA-N
10870.0,CC(C)CC1=CC=CC=C1,KXUHSQYYJYAXGZ-UHFFFAOYSA-N
7635.0,CCCCC(CC)COC(=O)C,WOYWLLHHWAMFCB-UHFFFAOYSA-N
17756.0,CCCOCCO,YEYKMVJDLWJFOA-UHFFFAOYSA-N
135444498.0,CC1=CC(=O)NC(=N1)C(C)C,AJPIUNPJBFBUKK-UHFFFAOYSA-N
6739.0,CC1=C(C(=CC=C1)[N+](=O)[O-])C,FVHAWXWFPBPFOS-UHFFFAOYSA-N
18725.0,CCCCC(CC)COC(=O)C1=CC(=C(C=C1)C(=O)OCC(CC)CCCC)C(=O)OCC(CC)CCCC,KRADHMIOFJQKEZ-UHFFFAOYSA-N
991.0,CCOP(=S)(OCC)OC1=CC=C(C=C1)[N+](=O)[O-],LCCNCVORNKJIRZ-UHFFFAOYSA-N
30479.0,CC(C)(C)C1=NN=C(N(C1=O)N)SC,FOXFZRUHNHCZPX-UHFFFAOYSA-N
53518.0,CCOC(=O)C(C)OC1=CC=C(C=C1)OC2=CN=C3C=C(C=CC3=N2)Cl,OSUHJPCHFDQAIT-UHFFFAOYSA-N
54739.0,CC(C)C1(C(=O)NC(=N1)C2=NC3=CC=CC=C3C=C2C(=O)O)C,CABMTIJINOIHOD-UHFFFAOYSA-N
9889168.0,CCCCCCCCCCCCCC[P+](CCCC)(CCCC)CCCC.[Cl-],AKUNSPZHHSNFFX-UHFFFAOYSA-M
11369.0,CCC1=C(C(=CC=C1)CC)N,FOYHNROGBXVLLX-UHFFFAOYSA-N
23665759.0,C(C(=O)[O-])Cl.[Na+],FDRCDNZGSXJAFP-UHFFFAOYSA-M
7997.0,CCCOC(=O)C,YKYONYBAUNKHLG-UHFFFAOYSA-N
18204.0,CN(C)CCOCCN(C)C,GTEXIOINCJRBIO-UHFFFAOYSA-N
6616.0,CC1(C2CCC(C2)C1=C)C,CRPUJAZIXJMDBK-UHFFFAOYSA-N
11595.0,CCCCNC(=O)N,CNWSQCLBDWYLAN-UHFFFAOYSA-N
15415.0,CCOC(=O)CC(C(=O)OCC)SP(=O)(OC)OC,WSORODGWGUUOBO-UHFFFAOYSA-N
14855.0,CC1=C(C=CC(=C1)Cl)O,RHPUJHQBPORFGV-UHFFFAOYSA-N
6877.0,CCOC(=O)C1=CC=CC=C1N,TWLLPUMZVVGILS-UHFFFAOYSA-N
4650.0,C1=CC(=O)C=CC1=O,AZQWKYJCGOJGHM-UHFFFAOYSA-N
7285.0,C(C(CCl)Cl)Cl,CFXQEHVMCRXUSD-UHFFFAOYSA-N
19042.0,C=CC(=O)OCC(CO)(COC(=O)C=C)COC(=O)C=C,HVVWZTWDBSEWIH-UHFFFAOYSA-N
325.0,CC(C)C1=CC=C(C=C1)CO,OIGWAXDAPKFNCQ-UHFFFAOYSA-N
27465.0,C1=C(C(=CC(=C1Cl)N)Cl)C2=CC(=C(C=C2Cl)N)Cl,UXOXUHMFQZEAFR-UHFFFAOYSA-N
26124.0,CCOP(=S)(OCC)OC1=NC2=CC=CC=C2N=C1,JYQUHIFYBATCCY-UHFFFAOYSA-N
643820.0,CC(=CCC/C(=C\CO)/C)C,GLZPCOQZEFWAFX-YFHOEESVSA-N
6497.0,COS(=O)(=O)OC,VAYGXNSJCAHWJZ-UHFFFAOYSA-N
16305.0,C1=CC(=CC=C1OC2=CC=C(C=C2)Br)Br,YAWIAFUBXXPJMQ-UHFFFAOYSA-N
7540.0,C1=CC=C(C=C1)OP(OC2=CC=CC=C2)OC3=CC=CC=C3,HVLLSGMXQDNUAL-UHFFFAOYSA-N
7579.0,C1=CC(=CC=C1N)OC2=CC=C(C=C2)N,HLBLWEWZXPIGSM-UHFFFAOYSA-N
16004.0,C1=CC(=NC(=C1)Cl)C(Cl)(Cl)Cl,DCUJJWWUNKIJPH-UHFFFAOYSA-N
6914.0,C1=C(C=C(C(=C1Cl)O)Cl)Cl,LINPIYWFGCPVIE-UHFFFAOYSA-N
174.0,C(CO)O,LYCAIKOWRPUZTN-UHFFFAOYSA-N
10129.0,CC1CCC2CC1C2(C)C,XOKSLPVRUOBDEW-UHFFFAOYSA-N
6923.0,CC(C)(C)C1=CC=CC=C1O,WJQOZHYUIDYNHM-UHFFFAOYSA-N
8836.0,CCCCOCCOCCOC(=O)CCCCC(=O)OCCOCCOCCCC,SCABKEBYDRTODC-UHFFFAOYSA-N
33775.0,CNC1=C(C(=O)N(N=C1)C2=CC=CC(=C2)C(F)(F)F)Cl,NVGOPFQZYCNLDU-UHFFFAOYSA-N
17090.0,CC(CCC=C(C)C)C=C,FUDNBFMOXDUIIE-UHFFFAOYSA-N
9216.0,C1=CC=C2C(=C1)OC3=CC=CC=C3O2,NFBOHOGPQUYFRF-UHFFFAOYSA-N
4936.0,CC(C)(C)C1=CC=C(C=C1)OC2CCCCC2OS(=O)OCC#C,ZYHMJXZULPZUED-UHFFFAOYSA-N
7924.0,CC1COC(=O)O1,RUOJZAUFBMNUDX-UHFFFAOYSA-N
84703.0,CCCCCCCCCCCC[N+](C)(C)CCCS(=O)(=O)[O-],IZWSFJTYBVKZNK-UHFFFAOYSA-N
6466.0,C[C@@]12[C@H](C=C[C@@]3([C@@H]1[C@@H]([C@]45[C@H]3CC[C@](C4)(C(=C)C5)O)C(=O)O)OC2=O)O,IXORZMNAPKEEDV-OBDJNFEBSA-N
7636.0,CCCCC(CC)COC(=O)C=C,GOXQRTZXKQZDDN-UHFFFAOYSA-N
520108.0,CC(=O)C1=NC=CS1,MOMFXATYAINJML-UHFFFAOYSA-N
6978.0,CC1=CC(=C(C=C1)N)[N+](=O)[O-],DLURHXYXQYMPLT-UHFFFAOYSA-N
7929.0,CC1=CC(=CC=C1)C,IVSZLXZYQVIEFR-UHFFFAOYSA-N
11443.0,CC1=C(C=C(C=C1)N=C=O)N=C=O,DVKJHBMWWAPEIU-UHFFFAOYSA-N
5954.0,C1=CC=C2C(=C1)C=CC3=CC4=CC=CC=C4C=C32,DXBHBZVCASKNBY-UHFFFAOYSA-N
7142.0,C1=CC=C2C=C(C=CC2=C1)NC3=CC=C(C=C3)NC4=CC5=CC=CC=C5C=C4,VETPHHXZEJAYOB-UHFFFAOYSA-N
37829.0,C=CCN(CC=C)C(=O)C(Cl)Cl,YRMLFORXOOIJDR-UHFFFAOYSA-N
11089.0,C1=CC2=C(C=C1C(=O)O)C(=O)OC2=O,SRPWOOOHEPICQU-UHFFFAOYSA-N
13690.0,C1CCCCCC(=O)NCCCCC1,JHWNWJKBPDFINM-UHFFFAOYSA-N
62277.0,C(NC(=O)N(CO)C1C(=O)N(C(=O)N1CO)CO)O,SOROIESOUPGGFO-UHFFFAOYSA-N
7720.0,CCCCC(CC)CO,YIWUKEYIRIRTPP-UHFFFAOYSA-N
12310947.0,C1[C@@H]2C=C[C@H]1[C@H]3[C@@H]2[C@]4(C(=C([C@@]3(C4(Cl)Cl)Cl)Cl)Cl)Cl,QBYJBZPUGVGKQQ-SJJAEHHWSA-N
7013.0,C1=CC=C(C=C1)NC2=CC=CC3=CC=CC=C32,XQVWYOYUZDUNRW-UHFFFAOYSA-N
8115.0,C(CCl)OCCCl,ZNSMNVMLTJELDZ-UHFFFAOYSA-N
10757.0,C1=CC=C(C=C1)C(=O)CCl,IMACFCSSMIZSPP-UHFFFAOYSA-N
7855.0,C=CC#N,NLHHRLWOUZZQLW-UHFFFAOYSA-N
158076.0,CC(C)(C)[C@H]([C@@H](CC1=CC=C(C=C1)Cl)N2C=NC=N2)O,RMOGWMIKYWRTKW-KGLIPLIRSA-N
8858.0,CC(=CC(=O)C)C,SHOJXDKTYKFBRD-UHFFFAOYSA-N
13450.0,CCNC1=NC(=NC(=N1)SC)NC(C)(C)C,IROINLKCQGIITA-UHFFFAOYSA-N
8121.0,CC(=O)OCCOC(=O)C,JTXMVXSTHSMVQF-UHFFFAOYSA-N
6547.0,CC(C)(C#N)N=NC(C)(C)C#N,OZAIFHULBGXAKX-UHFFFAOYSA-N
8902.0,CCCNCCC,WEHWNAOGRSTTBQ-UHFFFAOYSA-N
87587.0,CCNCC(=C)C,AXTLFVLHXSDZOW-UHFFFAOYSA-N
16402.0,C(CCCN)CCN,NAQMVNRVTILPCV-UHFFFAOYSA-N
1549026.0,CC(=CCC/C(=C/COC(=O)C)/C)C,HIGQPQRQIQDZMP-DHZHZOJOSA-N
7057.0,C1=CC=C2C=C(C=CC2=C1)N,JBIJLHTVPXGSAM-UHFFFAOYSA-N
5284366.0,C[NH+](C)CCC(C1=CC=C(C=C1)Cl)C2=CC=CC=N2.C(=C\C(=O)[O-])\C(=O)O,DBAKFASWICGISY-BTJKTKAUSA-N
7993.0,CN(C)CCCN,IUNMPGNGSSIWFP-UHFFFAOYSA-N
6491.0,CC1(C(=O)NC(=O)N1)C,YIROYDNZEPTFOL-UHFFFAOYSA-N
123458.0,CC(COC)N,NXMXETCTWNXSFG-UHFFFAOYSA-N
8843.0,CC(=CCCC(=CC=O)C)C,WTEVQBCEXWBHNA-UHFFFAOYSA-N
4156.0,COS(=O)(=O)C,MBABOKRGFJTBAE-UHFFFAOYSA-N
31241.0,CCCCC(CC)C=O,LGYNIFWIKSEESD-UHFFFAOYSA-N
1060.0,CC(=O)C(=O)O,LCTONWCANYUPML-UHFFFAOYSA-N
5280373.0,COC1=CC=C(C=C1)C2=COC3=CC(=CC(=C3C2=O)O)O,WUADCCWRTIWANL-UHFFFAOYSA-N
4928.0,CC(C)NC1=NC(=NC(=N1)OC)NC(C)C,ISEUFVQQFVOBCY-UHFFFAOYSA-N
82343.0,CC(C)(C1=CC=CC=C1)C2=CC=C(C=C2)NC3=CC=C(C=C3)C(C)(C)C4=CC=CC=C4,UJAWGGOCYUPCPS-UHFFFAOYSA-N
8152.0,CCCCCCCCCCCC[N+](C)(C)C.[Cl-],DDXLVDQZPFLQMZ-UHFFFAOYSA-M
7361.0,C1=COC(=C1)CO,XPFVYQJUAUNWIW-UHFFFAOYSA-N
23692768.0,C1CCC(CC1)OC(=O)CC(C(=O)OC2CCCCC2)S(=O)(=O)[O-].[Na+],UELAIMNOXLAYRW-UHFFFAOYSA-M
8170.0,CCCCCCOCCO,UPGSWASWQBLSKZ-UHFFFAOYSA-N
7935.0,C1=CC(=CC(=C1)N)N,WZCQRUWWHSTZEM-UHFFFAOYSA-N
5798.0,C1=CC=C2C(=C1)NC=N2,HYZJCKYKOHLVJF-UHFFFAOYSA-N
7095.0,C1=CC=C(C=C1)C2=CC=CC=C2,ZUOUZKKEUPVFJK-UHFFFAOYSA-N
7276.0,C1C(O1)C2=CC=CC=C2,AWMVMTVKBNGEAK-UHFFFAOYSA-N
6895.0,C1=CC(=C(C(=C1)Cl)Cl)Cl,RELMFMZEBKVZJC-UHFFFAOYSA-N
11776.0,C1=CC=C(C=C1)P(C2=CC=CC=C2)C3=CC=CC=C3,RIOQSEWOXXDEQQ-UHFFFAOYSA-N
7257.0,C1=CC(=C(C=C1N)Cl)Cl,SDYWXFYBZPNOFX-UHFFFAOYSA-N
568.0,C1=CC=C2C(=C1)C3=CC=CC=C3O2,TXCDCPKCNAJMEE-UHFFFAOYSA-N
27982.0,C(CCl)P(=O)(O)O,UDPGUMQDCGORJQ-UHFFFAOYSA-N
8842.0,CC(CCC=C(C)C)CCO,QMVPMAAFGQKVCJ-UHFFFAOYSA-N
7005.0,C1=CC=C2C(=C1)C=CC=C2O,KJCVRFUGPWSIIH-UHFFFAOYSA-N
7967.0,C1CCC(=O)CC1,JHIVVAPYMSGYDF-UHFFFAOYSA-N
971.0,C(=O)(C(=O)O)O,MUBZPKHOEPUJKR-UHFFFAOYSA-N
13232.0,CC1CC(OC(O1)C)OC(=O)C,PHMNXPYGVPEQSJ-UHFFFAOYSA-N
8193.0,CCCCCCCCCCCCO,LQZZUXJYWNFBMV-UHFFFAOYSA-N
81259.0,CC(C)CC(C)(C1=CC=C(C=C1)O)C2=CC=C(C=C2)O,VHLLJTHDWPAQEM-UHFFFAOYSA-N
8749.0,CN(C)C1=CC=C(C=C1)N=O,CMEWLCATCRTSGF-UHFFFAOYSA-N
8615.0,C1=CC=C(C=C1)CCOC(=O)C2=CC=CC=C2N,PXWNBAGCFUDYBE-UHFFFAOYSA-N
5284382.0,C1CO[C@@H]([C@H](O1)Cl)Cl,ZOZUXFQYIYUIND-IMJSIDKUSA-N
992.0,C1(=C(C(=C(C(=C1Cl)Cl)Cl)Cl)Cl)O,IZUPBVBPLAPZRR-UHFFFAOYSA-N
6046.0,C1COCCN1N=O,ZKXDGKXYMTYWTB-UHFFFAOYSA-N
516902.0,[O-]Cl(=O)=O.[Na+],GQMRMFTXVUMSAU-UHFFFAOYSA-N
612040.0,C1=CC=C2C(=C1)N=C(S2)Br,DRLMMVPCYXFPEP-UHFFFAOYSA-N
6567.0,CC(CN)N,AOHJOMMDDJHIJH-UHFFFAOYSA-N
8783.0,C(CCl)OP(OCCCl)OCCCl,LUVCTYHBTXSAMX-UHFFFAOYSA-N
660.0,C1CC(=O)OC2=CC=CC=C21,VMUXSMXIQBNMGZ-UHFFFAOYSA-N
5053.0,CC(=CC1C(C1(C)C)C(=O)OCC2=COC(=C2)CC3=CC=CC=C3)C,VEMKTZHHVJILDY-UHFFFAOYSA-N
22960.0,CC1=CC=C(C=C1)S(=O)(=O)OC2=CC=C(C=C2)N=NC3=C(C=C(C=C3)C4=CC(=C(C=C4)N=NC5=C(C=CC6=CC(=CC(=C65)S(=O)(=O)[O-])S(=O)(=O)[O-])O)C)C.[Na+].[Na+],HNBQFKZSMFFZQY-UHFFFAOYSA-L
6853.0,C1C2=CC=CC=C2C3=CC=CC=C31,NIHNNTQXNPWCJQ-UHFFFAOYSA-N
2286.0,CC(C)(C1=CC=C(C=C1)OCC2CO2)C3=CC=C(C=C3)OCC4CO4,LCFVJGUPQDGYKZ-UHFFFAOYSA-N
7813.0,CC1=CC=C(C=C1)N,RZXMPPFPUUCRFN-UHFFFAOYSA-N
7517.0,C1CCC(=NO)CC1,VEZUQRBDRNJBJY-UHFFFAOYSA-N
7564.0,C1=CC=C(C=C1)NC2=CC=C(C=C2)N,ATGUVEKSASEFFO-UHFFFAOYSA-N
8199.0,CCCCCCOCCOCCO,GZMAAYIALGURDQ-UHFFFAOYSA-N
24603.0,OS(=O)(=O)F,UQSQSQZYBQSBJZ-UHFFFAOYSA-N
83572.0,CC(C)(C)C(=O)CCl,ULSAJQMHTGKPIY-UHFFFAOYSA-N
3893.0,CCCCCCCCCCCC(=O)O,POULHZVOKOAJMA-UHFFFAOYSA-N
62630.0,C1C(O1)COC2=CC=C(C=C2)C(C3=CC=C(C=C3)OCC4CO4)C(C5=CC=C(C=C5)OCC6CO6)C7=CC=C(C=C7)OCC8CO8,HDDQXUDCEIMISH-UHFFFAOYSA-N
12967.0,CCN(C(=O)N)N=O,FUSGACRLAFQQRL-UHFFFAOYSA-N
62311.0,COC1=C(C=CC(=C1)C2=CC(=C(C=C2)N)OC)N.Cl.Cl,UXTIAFYTYOEQHV-UHFFFAOYSA-N
16015.0,C1=CC=C(C=C1)N=NC2=C(C=CC3=CC(=CC(=C32)S(=O)(=O)[O-])S(=O)(=O)[O-])O.[Na+].[Na+],HSXUHWZMNJHFRV-UHFFFAOYSA-L
23668193.0,N(=O)[O-].[Na+],LPXPTNMVRIOKMN-UHFFFAOYSA-M
19633.0,CC(=CCCC(=CCCC(=O)C)C)C,HNZUNIKWNYHEJJ-UHFFFAOYSA-N
11883.0,CC1=CC(=C(C=C1)[N+](=O)[O-])[N+](=O)[O-],INYDMNPNDHRJQJ-UHFFFAOYSA-N
39676.0,CC1(C(=O)N(C(=O)O1)C2=CC(=CC(=C2)Cl)Cl)C=C,FSCWZHGZWWDELK-UHFFFAOYSA-N
43079.0,CN1C=C(C(=O)C(=C1)C2=CC(=CC=C2)C(F)(F)F)C3=CC=CC=C3,YWBVHLJPRPCRSD-UHFFFAOYSA-N
7913.0,C(=O)(N)NC(=O)N,OHJMTUPIZMNBFR-UHFFFAOYSA-N
8051.0,CCCCCC(=O)C,CATSNJVOTSVZJV-UHFFFAOYSA-N
83511.0,C1=C2C(=C(C(=C1Br)O)Br)OC3=C(C(=C(C=C3C24C5=C(C(=C(C(=C5Cl)Cl)Cl)Cl)C(=O)O4)Br)O)Br,ZYIBVBKZZZDFOY-UHFFFAOYSA-N
26177.0,C(C(CCl)OP(=O)(OC(CCl)CCl)OC(CCl)CCl)Cl,ASLWPAWFJZFCKF-UHFFFAOYSA-N
11317.0,CC1=C(C2=CC=CC=C2C=C1)C,QNLZIZAQLLYXTC-UHFFFAOYSA-N
8455.0,CCC(C)(C)C1=CC(=C(C=C1)O)C(C)(C)CC,WMVJWKURWRGJCI-UHFFFAOYSA-N
27423.0,CCC(COC(=O)C=C)(COC(=O)C=C)COC(=O)C=C,DAKWPKUUDNSNPN-UHFFFAOYSA-N
102861.0,CCCCCC1C(CCC1=O)CC(=O)OC,KVWWIYGFBYDJQC-UHFFFAOYSA-N
8130.0,CCCCCCC=O,FXHGMKSSBGDXIY-UHFFFAOYSA-N
31374.0,CC(=O)N(C)C,FXHOOIRPVKKKFG-UHFFFAOYSA-N
23676814.0,CC1([C@@H](N2[C@H](S1)[C@@H](C2=O)NC(=O)COC3=CC=CC=C3)C(=O)[O-])C.[K+],HCTVWSOKIJULET-LQDWTQKMSA-M
5282745.0,CCCCCC/C=C/CCCCCCCC(=O)O,SECPZKHBENQXJG-BQYQJAHWSA-N
10943.0,C1=CC(=CC(=C1)Cl)Cl,ZPQOPVIELGIULI-UHFFFAOYSA-N
7948.0,CC1=CC(=CC(=C1)O)C,TUAMRELNJMMDMT-UHFFFAOYSA-N
8128.0,C(CCC#N)CC#N,BTGRAWJCKBQKAO-UHFFFAOYSA-N
73674.0,CC1=NC(=NC(=N1)OC)NC(=O)NS(=O)(=O)C2=C(SC=C2)C(=O)OC,AHTPATJNIAFOLR-UHFFFAOYSA-N
8174.0,CCCCCCCCCCO,MWKFXSUHUHTGQN-UHFFFAOYSA-N
111037.0,CC1=CCC(CC1)C(C)(C)OC(=O)C,IGODOXYLBBXFDW-UHFFFAOYSA-N
7820.0,COC(=O)CCC(=O)OC,MUXOBHXGJLMRAB-UHFFFAOYSA-N
8458.0,CC1=C(C=C(C=C1)[N+](=O)[O-])S(=O)(=O)O,ZDTXQHVBLWYPHS-UHFFFAOYSA-N
87984.0,CCN(CCN)C1=CC=CC(=C1)C,FTMVEUXYYDLYFH-UHFFFAOYSA-N
16220111.0,C[C@@H]1CC[C@@H]2[C@@]13C[C@H](C2(C)C)C(=C(C3)C(=O)C)C,YBUIAJZFOGJGLJ-SWRJLBSHSA-N
8758.0,C(C(=O)O)N(CC(=O)O)CC(=O)O,MGFYIUFZLHCRTH-UHFFFAOYSA-N
108938.0,CC1=C(C=CC(=C1)C2=CC(=C(C=C2)N)C)N.Cl.Cl,LUKPNZHXJRJBAN-UHFFFAOYSA-N
15331.0,CN(C)NC(=O)CCC(=O)O,NOQGZXFMHARMLW-UHFFFAOYSA-N
7340.0,CC1=CC=CC=C1N=NC2=CC(=C(C=C2)N)C,PFRYFZZSECNQOL-UHFFFAOYSA-N
74710.0,CC1=CC=C(O1)C(=O)O,OVOCLWJUABOAPL-UHFFFAOYSA-N
172717.0,CC(=C)C(=O)O[C@H]1C[C@@H]2CC[C@]1(C2(C)C)C,IAXXETNIOYFMLW-COPLHBTASA-N
7768.0,C1CCC(=O)NCC1,JBKVHLHDHHXQEQ-UHFFFAOYSA-N
1982.0,CC(=O)NP(=O)(OC)SC,YASYVMFAVPKPKE-UHFFFAOYSA-N
2078.0,CCC1=C(C(=CC=C1)CC)N(COC)C(=O)CCl,XCSGPAVHZFQHGE-UHFFFAOYSA-N
13192.0,C(CCCN=C=O)CCN=C=O,RRAMGCGOFNQTLD-UHFFFAOYSA-N
11534.0,C(C#N)Br,REXUYBKPWIPONM-UHFFFAOYSA-N
8207.0,CCCCCCCCCCCCCO,XFRVVPUIAFSTFO-UHFFFAOYSA-N
6810.0,C1C=CCC2C1C(=O)OC2=O,KMOUUZVZFBCRAM-UHFFFAOYSA-N
16316.0,CCCCCNCCCCC,JACMPVXHEARCBO-UHFFFAOYSA-N
4445035.0,C1=CC=C(C=C1)[O-].[Na+],NESLWCLHZZISNB-UHFFFAOYSA-M
88069.0,CC1=CC2=C(C=C1)C(=O)OC2=O,ZOXBWJMCXHTKNU-UHFFFAOYSA-N
8369.0,CC1=C(C(=O)C=CO1)O,XPCTZQVDEJYUGT-UHFFFAOYSA-N
62306.0,CC1COC2=CC=CC=C2N1C(=O)C(Cl)Cl,PFJJMJDEVDLPNE-UHFFFAOYSA-N
6587.0,CC[N+](=O)[O-],MCSAJNNLRCFZED-UHFFFAOYSA-N
7103.0,C1=CC=C(C=C1)C2=CC=C(C=C2)O,YXVFYQXJAXKLAK-UHFFFAOYSA-N
66166.0,CCC(C)(C1=CC=C(C=C1)O)C2=CC=C(C=C2)O,HTVITOHKHWFJKO-UHFFFAOYSA-N
6991.0,CC1=CC(=C(C=C1)[N+](=O)[O-])C,BBUPBICWUURTNP-UHFFFAOYSA-N
7070.0,C1=CC(=C(C=C1C2=CC(=C(C=C2)N)Cl)Cl)N,HUWXDEQWWKGHRV-UHFFFAOYSA-N
10963.0,C(CCl)C#N,GNHMRTZZNHZDDM-UHFFFAOYSA-N
8418.0,C1=CC=C2C=C3C=CC=CC3=CC2=C1,MWPLVEDNUUSJAV-UHFFFAOYSA-N
2086.0,CC(C)(C=NOC(=O)NC)SC,QGLZXHRNAYXIBU-UHFFFAOYSA-N
36606.0,CCCN(CCC)C1=C(C=C(C=C1[N+](=O)[O-])C(C)C)[N+](=O)[O-],NEKOXWSIMFDGMA-UHFFFAOYSA-N
24633.0,[Cl-].[Cl-].[Cd+2],YKYOUMDCQGMQQO-UHFFFAOYSA-L
8795.0,C1CN(CCN1)CCN,IMUDHTPIFIBORV-UHFFFAOYSA-N
7641.0,CCCCC(CC)COC(=O)CCCCC(=O)OCC(CC)CCCC,SAOKZLXYCUGLFA-UHFFFAOYSA-N
6868.0,C1=CC2=C(C=C(C=C2C=C1N)S(=O)(=O)O)O,KYARBIJYVGJZLB-UHFFFAOYSA-N
11173.0,CC(=CCO)C,ASUAYTHWZCLXAN-UHFFFAOYSA-N
90558.0,C=CC(=O)OCCC(=O)O,CYUZOYPRAQASLN-UHFFFAOYSA-N
7932.0,C1=CC(=CC(=C1)Cl)N,PNPCRKVUWYDDST-UHFFFAOYSA-N
7979.0,CC(=C)C(=O)OCCOCCOCCOC(=O)C(=C)C,HWSSEYVMGDIFMH-UHFFFAOYSA-N
13089.0,C1=CC=C(C(=C1)C(C2=CC=C(C=C2)Cl)C(Cl)(Cl)Cl)Cl,CVUGPAFCQJIYDT-UHFFFAOYSA-N
25622.0,C1=CC=C(C(=C1)C2=CC=CC=C2Cl)Cl,JAYCNKDKIKZTAF-UHFFFAOYSA-N
8064.0,C(CCO)CO,WERYXYBDKMZEQL-UHFFFAOYSA-N
3082.0,CNC(=O)CSP(=S)(OC)OC,MCWXGJITAZMZEV-UHFFFAOYSA-N
8469.0,CCOC(=O)C1C(O1)C2=CC=CC=C2,GOMAKLPNAAZVCJ-UHFFFAOYSA-N
38037.0,C1=CC(=CC(=C1)Cl)C2=CC(=CC(=C2)Cl)Cl,RIBGNAJQTOXRDK-UHFFFAOYSA-N
4096.0,COP(=O)(N)SC,NNKVPIKMPCQWCG-UHFFFAOYSA-N
8124.0,CCCCCCCC(=O)Cl,REEZZSHJLXOIHL-UHFFFAOYSA-N
10698.0,CC1=CC(=C(C(=C1)C)O)C,BPRYUXCVCCNUFE-UHFFFAOYSA-N
8689.0,C1=CC=C(C=C1)NN=NC2=CC=CC=C2,ALIFPGGMJDWMJH-UHFFFAOYSA-N
6934.0,CC1=CC(=C(C=C1)N)S(=O)(=O)O,LTPSRQRIPCVMKQ-UHFFFAOYSA-N
67174.0,CC(CCC(=O)O)(C1=CC=C(C=C1)O)C2=CC=C(C=C2)O,VKOUCJUTMGHNOR-UHFFFAOYSA-N
11210.0,CC(C)(C)C=C,PKXHXOTZMFCXSH-UHFFFAOYSA-N
36383.0,C1=CC(=C(C=C1N(CCO)CCO)[N+](=O)[O-])NCCO,MIWUTEVJIISHCP-UHFFFAOYSA-N
8657.0,CCC1=CC=CC=C1CC,KVNYFPKFSJIPBJ-UHFFFAOYSA-N
18938.0,CC(CCO)CC(C)(C)C,BODRLKRKPXBDBN-UHFFFAOYSA-N
7290.0,C(C(CCl)O)O,SSZWWUDQMAHNAQ-UHFFFAOYSA-N
6014.0,CC(CN1C2=CC=CC=C2SC3=CC=CC=C31)N(C)C.Cl,XXPDBLUZJRXNNZ-UHFFFAOYSA-N
14127.0,CCCCCCOC(=O)C1=CC=C(C=C1)O,ULULAZKOCFNOIM-UHFFFAOYSA-N
17046.0,C1C(O1)COCCCCOCC2CO2,SHKUUQIDMUMQQK-UHFFFAOYSA-N
8441.0,COC(=O)C1=CC=C(C=C1)C(=O)OC,WOZVHXUHUFLZGK-UHFFFAOYSA-N
4793.0,CCOP(=S)(OCC)SCN1C2=C(C=C(C=C2)Cl)OC1=O,IOUNQDKNJZEDEP-UHFFFAOYSA-N
2319.0,CCCCN(CC)C1=C(C=C(C=C1[N+](=O)[O-])C(F)(F)F)[N+](=O)[O-],SMDHCQAYESWHAE-UHFFFAOYSA-N
7204.0,CC1=C(C=CC(=C1)Cl)OCC(=O)O,WHKUVVPPKQRRBV-UHFFFAOYSA-N
25429.0,COC(=O)NC1=NC2=CC=CC=C2N1,TWFZGCMQGLPBSX-UHFFFAOYSA-N
17016.0,CC1=C(C(=C(C=C1)C)O)C,QQOMQLYQAXGHSU-UHFFFAOYSA-N
9217.0,C1=CC=C2C(=C1)OC3=CC=CC=C3S2,GJSGGHOYGKMUPT-UHFFFAOYSA-N
7185.0,CCCCC(CC)C(=O)OCCOCCOCCOC(=O)C(CC)CCCC,FRQDZJMEHSJOPU-UHFFFAOYSA-N
7583.0,C1=CC=C(C=C1)OC2=CC=CC=C2,USIUVYZYUHIAEV-UHFFFAOYSA-N
12658.0,CC=C(C)C=CC=C(C)C,GQVMHMFBVWSSPF-UHFFFAOYSA-N
6478.0,C1(=C(C(C(=C1Cl)Cl)(Cl)Cl)Cl)Cl,VUNCWTMEJYMOOR-UHFFFAOYSA-N
101560.0,CC(COCC(C)OC(=O)C1=CC=CC=C1)OC(=O)C2=CC=CC=C2,IZYUWBATGXUSIK-UHFFFAOYSA-N
6595.0,CC(=C)C(=O)N,FQPSGWSUVKBHSU-UHFFFAOYSA-N
637563.0,C/C=C/C1=CC=C(C=C1)OC,RUVINXPYWBROJD-ONEGZZNKSA-N
7977.0,C1=CC=NC(=C1)Cl,OKDGRDCXVWSXDC-UHFFFAOYSA-N
802.0,C1=CC=C2C(=C1)C(=CN2)CC(=O)O,SEOVTRFCIGRIMH-UHFFFAOYSA-N
11966.0,CC(C)(C)OOC(=O)C1=CC=CC=C1,GJBRNHKUVLOCEB-UHFFFAOYSA-N
8571.0,C1=CC(=C(C=C1O)O)C(=O)C2=C(C=C(C=C2)O)O,WXNRYSGJLQFHBR-UHFFFAOYSA-N
7903.0,CCC[N+](=O)[O-],JSZOAYXJRCEYSX-UHFFFAOYSA-N
7474.0,C1=CC(=CC=C1[N+](=O)[O-])Cl,CZGCEKJOLUNIFY-UHFFFAOYSA-N
6383.0,C(Cl)(Cl)(Cl)Br,XNNQFQFUQLJSQT-UHFFFAOYSA-N
24639.0,[NH4+].[O-]Cl(=O)(=O)=O,HHEFNVCDPLQQTP-UHFFFAOYSA-N
12433.0,C(C(=O)O)(Br)Br,SIEILFNCEFEENQ-UHFFFAOYSA-N
7585.0,CCCCCCC(=CC1=CC=CC=C1)C=O,GUUHFMWKWLOQMM-UHFFFAOYSA-N
33733.0,CC(C)CCCCCCCOC(=O)CCCCC(=O)OCCCCCCCC(C)C,YKGYQYOQRGPFTO-UHFFFAOYSA-N
4130.0,COP(=S)(OC)OC1=CC=C(C=C1)[N+](=O)[O-],RLBIQVVOMOPOHC-UHFFFAOYSA-N
8870.0,C1=CC=C(C=C1)N.Cl,MMCPOSDMTGQNKG-UHFFFAOYSA-N
335.0,CC1=CC=CC=C1O,QWVGKYWNOKOFNN-UHFFFAOYSA-N
5280343.0,C1=CC(=C(C=C1C2=C(C(=O)C3=C(C=C(C=C3O2)O)O)O)O)O,REFJWTPEDVJJIY-UHFFFAOYSA-N
73852.0,C1=CC(=CC=C1C(=O)C2=C(C=C(C=C2)O)O)O,OKJFKPFBSPZTAH-UHFFFAOYSA-N
11660.0,CC(C)(Cl)Cl,ZEOVXNVKXIPWMS-UHFFFAOYSA-N
6544.0,CC1=CC(=O)CC(C1)(C)C,HJOVHMDZYOCNQW-UHFFFAOYSA-N
5111791.0,C1=CC(=C(C=C1[N+](=O)[O-])N)N,RAUWPNXIALNKQM-UHFFFAOYSA-N
6819.0,CCCCOC(=O)COC(=O)C1=CC=CC=C1C(=O)OCCCC,GOJCZVPJCKEBQV-UHFFFAOYSA-N
289.0,C1=CC=C(C(=C1)O)O,YCIMNLLNPGFGHC-UHFFFAOYSA-N
18617.0,C(#N)C(Br)Br,NDSBDLSWTGLNQA-UHFFFAOYSA-N
7311.0,CC(C)(C)C1=CC(=C(C=C1)O)C(C)(C)C,ICKWICRCANNIBI-UHFFFAOYSA-N
134692469.0,CC(CO)OC(C)CO.CC(COCC(C)O)O,BPRJQFIHEGORJE-UHFFFAOYSA-N
101940.0,C[Sn](Cl)(Cl)Cl,YFRLQYJXUZRYDN-UHFFFAOYSA-K
31222.0,C1=CC=C(C=C1)NNC2=CC=CC=C2,YBQZXXMEJHZYMB-UHFFFAOYSA-N
62530.0,CC(C)(C)CC(C)(C)C1=CC=CC=C1O,XSXWOBXNYNULJG-UHFFFAOYSA-N
22772.0,C(SC#N)SC#N,JWZXKXIUSSIAMR-UHFFFAOYSA-N
6997.0,CCC1=CC=CC=C1O,IXQGCWUGDFDQMF-UHFFFAOYSA-N
5284419.0,C[C@H]1[C@@H]([C@H]([C@H]([C@@H](O1)OC[C@@H]2[C@H]([C@@H]([C@H]([C@@H](O2)OC3=CC(=C4C(=O)C[C@H](OC4=C3)C5=CC(=C(C=C5)OC)OC)O)O)O)O)O)O)O,GUMSHIGGVOJLBP-SLRPQMTOSA-N
7390.0,CC1=CC=C(C=C1)C(C)(C)C,QCWXDVFBZVHKLV-UHFFFAOYSA-N
13542.0,CCCCN(CCCC)N=O,YGJHZCLPZAZIHH-UHFFFAOYSA-N
41384.0,CCCCN(CCCC)SN(C)C(=O)OC1=CC=CC2=C1OC(C2)(C)C,JLQUFIHWVLZVTJ-UHFFFAOYSA-N
17170.0,CN(C)C1=CC=C(C=C1)C(=N)C2=CC=C(C=C2)N(C)C.Cl,KSCQDDRPFHTIRL-UHFFFAOYSA-N
4929.0,CC(C)NC1=NC(=NC(=N1)SC)NC(C)C,AAEVYOVXGOFMJO-UHFFFAOYSA-N
8266.0,C1(C(C2(C(=C(C1(C2(Cl)Cl)Cl)Cl)Cl)Cl)C(=O)O)C(=O)O,DJKGDNKYTKCJKD-UHFFFAOYSA-N
8150.0,COCCOCCOC,SBZXBUIDTXKZTM-UHFFFAOYSA-N
7430.0,C1=C(C=C(C(=C1Cl)N)Cl)[N+](=O)[O-],BIXZHMJUSMUDOQ-UHFFFAOYSA-N
135.0,C1=CC(=CC=C1C(=O)O)O,FJKROLUGYXJWQN-UHFFFAOYSA-N
3118.0,CCOP(=S)(OCC)SCCSCC,DOFZAZXDOSGAJZ-UHFFFAOYSA-N
14025.0,COCCO[Si](C=C)(OCCOC)OCCOC,WOXXJEVNDJOOLV-UHFFFAOYSA-N
165746.0,CC(C)CCCCCOC(=O)C=C,DXPPIEDUBFUSEZ-UHFFFAOYSA-N
7127.0,COC1=C(C=C(C=C1)CC=C)OC,ZYEMGPIYFIJGTP-UHFFFAOYSA-N
10377.0,CCCCCC1=CC(=CC(=C1)O)O,IRMPFYJSHJGOPE-UHFFFAOYSA-N
13387.0,CN1CCCC1=O,SECXISVLQFMRJM-UHFFFAOYSA-N
10509.0,C([N+](=O)[O-])([N+](=O)[O-])([N+](=O)[O-])[N+](=O)[O-],NYTOUQBROMCLBJ-UHFFFAOYSA-N
107377.0,CCCCC(CC)COC(=O)C1=CC=C(C=C1)O,VTIMKVIDORQQFA-UHFFFAOYSA-N
2724564.0,C(=S)(N)NNC(=S)N,KCOYHFNCTWXETP-UHFFFAOYSA-N
13591.0,C1CCN(C1)N=O,WNYADZVDBIBLJJ-UHFFFAOYSA-N
2355.0,COC1=C2C=CC(=O)OC2=CC3=C1C=CO3,BGEBZHIAGXMEMV-UHFFFAOYSA-N
31243.0,CSC1=CC=C(C=C1)Cl,KIQQUVJOLVCZKG-UHFFFAOYSA-N
7111.0,C1=CC(=CC=C1C2=CC=C(C=C2)N)N,HFACYLZERDEVSX-UHFFFAOYSA-N
34192.0,CCN(CC)C(=O)SCC1=CC=C(C=C1)Cl,QHTQREMOGMZHJV-UHFFFAOYSA-N
7956.0,C1(=O)NC(=O)NC(=O)N1,ZFSLODLOARCGLH-UHFFFAOYSA-N
6101.0,CC1=CC=C(C=C1)S(=O)(=O)O,JOXIMZWYDAKGHI-UHFFFAOYSA-N
15817.0,CCCCOCNC(=O)C=C,UTSYWKJYFPPRAP-UHFFFAOYSA-N
38284.0,C1=CC=C(C=C1)OC2=CC=CC(=C2)C=O,MRLGCTNJRREZHZ-UHFFFAOYSA-N
15294.0,COC(=O)C1=CC=C(C=C1)C=O,FEIOASZZURHTHB-UHFFFAOYSA-N
23394.0,C1=CC(=CN=C1)CCl.Cl,UZGLOGCJCWBBIV-UHFFFAOYSA-N
6946.0,C1=CC=C(C(=C1)N)[N+](=O)[O-],DPJCXCZTLWNFOH-UHFFFAOYSA-N
13283.0,CC1=C(C=CC(=C1)CC2=CC(=C(C=C2)N)C)N,WECDUOXQLAIPQW-UHFFFAOYSA-N
12902.0,CC(C)(C)C1=CC(=C(C(=C1)C(C)(C)C)O)C(C)(C)C,PFEFOYRSMXVNEL-UHFFFAOYSA-N
12472902.0,C1=CC(=C(C=C1C(=O)C2=C(C=C(C=C2)O)O)O)O,UQQYIAVMUUJWGX-UHFFFAOYSA-N
8486.0,C1=C(SC(=N1)N)[N+](=O)[O-],MIHADVKEHAFNPG-UHFFFAOYSA-N
7059.0,CC1=CC2=C(C=C1)N=CC=C2,LUYISICIYVKBTA-UHFFFAOYSA-N
7965.0,C1CCC(CC1)N,PAFZNILMFXTMIY-UHFFFAOYSA-N
9153.0,C1=CC=C2C3=C4C(=CC=C3)C5=CC=CC=C5C4=CC2=C1,FTOVXSOBNPWTSH-UHFFFAOYSA-N
264.0,CCCC(=O)O,FERIUCNNQQJTOY-UHFFFAOYSA-N
2730.0,CCOP(=S)(OCC)OC1=NC(=C(C=C1Cl)Cl)Cl,SBPBAQFWLVIOKP-UHFFFAOYSA-N
8360.0,CC1(C(=O)N(C(=O)N1Cl)Cl)C,KEQGZUUPPQEDPF-UHFFFAOYSA-N
6641.0,CC(C)(C1=CC=CC=C1)OOC(C)(C)C2=CC=CC=C2,XMNIXWIUMCBBBL-UHFFFAOYSA-N
8815.0,COC1=CC=C(C=C1)CC=C,ZFMSMUAANRJZFM-UHFFFAOYSA-N
16949.0,C1CC2C(O2)CC1COC(=O)C3CCC4C(C3)O4,YXALYBMHAYZKAP-UHFFFAOYSA-N
6548.0,CCC(C)(CCCC(C)C)O,DLHQZZUEERVIGQ-UHFFFAOYSA-N
7455.0,CC1=CC=C(C=C1)C(=O)OC,QSSJZLPUHJDYKF-UHFFFAOYSA-N
16685.0,C1=CC(=CC=C1SC2=CC(=C(C=C2Cl)Cl)Cl)Cl,QUWSDLYBOVGOCW-UHFFFAOYSA-N
6944.0,CC1=CC=CC=C1[N+](=O)[O-],PLAZTCDQAHEYBI-UHFFFAOYSA-N
12161.0,CC1=CC=C(C=C1)C=C,JLBJTVDPSNHSKJ-UHFFFAOYSA-N
8305.0,C1=CC(=CC=C1S(=O)(=O)C2=CC(=C(C=C2Cl)Cl)Cl)Cl,MLGCXEBRWGEOQX-UHFFFAOYSA-N
8588.0,CCN1C2=C(C=C(C=C2)N)C3=CC=CC=C31,OXEUETBFKVCRNP-UHFFFAOYSA-N
8133.0,CCCCOCCO,POAOYUHQDCAZBD-UHFFFAOYSA-N
6734.0,C1CC2=CC=CC3=C2C1=CC=C3,CWRYPZZKDGJXCA-UHFFFAOYSA-N
6163.0,CCOS(=O)(=O)OCC,DENRZWYUOJLTMF-UHFFFAOYSA-N
243.0,C1=CC=C(C=C1)C(=O)O,WPYMKLBDIGXBTP-UHFFFAOYSA-N
8177.0,CCCCOCCOCCO,OAYXUHPQHDHDDZ-UHFFFAOYSA-N
7958.0,CC(C)CC(=O)CC(C)C,PTTPXKJBFFKCEK-UHFFFAOYSA-N
448537.0,CC/C(=C(/CC)\C1=CC=C(C=C1)O)/C2=CC=C(C=C2)O,RGLYKWWBQGJZGM-ISLYRVAYSA-N
7896.0,CC(CCO)O,PUPZLCDOIYMWBV-UHFFFAOYSA-N
17719.0,CC(C)(C1=CC(=CC=C1)C(C)(C)N=C=O)N=C=O,AZYRZNIYJDKRHO-UHFFFAOYSA-N
10958.0,CC(C)CON=O,APNSGVMLAYLYCT-UHFFFAOYSA-N
7972.0,CN1CCOCC1,SJRJJKPEHAURKC-UHFFFAOYSA-N
638186.0,C(=C/Cl)\Cl,KFUSEUYYWQURPO-OWOJBTEDSA-N
6786.0,CCCCCCOC(=O)C1=CC=CC=C1C(=O)OCCCCCC,KCXZNSGUUQJJTR-UHFFFAOYSA-N
7017.0,C1=CC=C(C=C1)C2=CC=CC=C2O,LLEMOWNGBBNAJR-UHFFFAOYSA-N
7031.0,CN(C)C1=CC=C(C=C1)C(=O)C2=CC=C(C=C2)N(C)C,VVBLNCFGVYUYGU-UHFFFAOYSA-N
7410.0,CC(=O)C1=CC=CC=C1,KWOLFJPFCHCOCG-UHFFFAOYSA-N
9395.0,CCOP(=O)(OCC)OC1=CC=C(C=C1)[N+](=O)[O-],WYMSBXTXOHUIGT-UHFFFAOYSA-N
8158.0,CCCCCCCCC(=O)O,FBUKVWPVBMHYJY-UHFFFAOYSA-N
13838.0,C[Si](C)(C)N[Si](C)(C)C,FFUAGWLWBBFQJT-UHFFFAOYSA-N
6782.0,CC(C)COC(=O)C1=CC=CC=C1C(=O)OCC(C)C,MGWAVDBGNNKXQV-UHFFFAOYSA-N
8065.0,C(C=CCO)O,ORTVZLZNOYNASJ-UHFFFAOYSA-N
12301.0,CCOCC(=O)O,YZGQDNOIGFBYKF-UHFFFAOYSA-N
19999.0,CCC(=O)[O-].CCC(=O)[O-].[Ca+2],BCZXFFBUYPCTSJ-UHFFFAOYSA-L
61056.0,CC(C)CC(C)CC(CC(C)C)O,LFEHSRSSAGQWNI-UHFFFAOYSA-N
7422.0,CC1=CC(=CC=C1)[N+](=O)[O-],QZYHIOPPLUPUJF-UHFFFAOYSA-N
7732.0,COC1=CC=C(C=C1)N,BHAAPTBBJKJZER-UHFFFAOYSA-N
15787.0,C1=CC(=CC=C1[N+](=O)[O-])OC2=C(C=C(C=C2)Cl)Cl,XITQUSLLOSKDTB-UHFFFAOYSA-N
5144.0,C=CCC1=CC2=C(C=C1)OCO2,ZMQAAUBTXCXRIC-UHFFFAOYSA-N
8411.0,COC1=C(C=CC(=C1)C2=CC(=C(C=C2)N)OC)N,JRBJSXQPQWSCCF-UHFFFAOYSA-N
980.0,C1=CC(=CC=C1[N+](=O)[O-])O,BTJIUGUIPKRLHP-UHFFFAOYSA-N
1988.0,CCC1=CC=CC(=C1N(COCC)C(=O)CCl)C,VTNQPKFIQCLBDU-UHFFFAOYSA-N
3225.0,C1CC2C(C(C1O2)C(=O)O)C(=O)O,GXEKYRXVRROBEV-UHFFFAOYSA-N
743.0,C(CC(=O)O)CC(=O)O,JFCQEDHGNNZCLN-UHFFFAOYSA-N
7954.0,C1(=NC(=NC(=N1)Cl)Cl)Cl,MGNCLNQXLYJVJD-UHFFFAOYSA-N
8083.0,C1COCCN1,YNAVUWVOSKDBBP-UHFFFAOYSA-N
12734.0,CC(C)N=C=NC(C)C,BDNKZNFMNDZQMI-UHFFFAOYSA-N
356.0,CCCCCCCC,TVMXDCGIABBOFY-UHFFFAOYSA-N
81530.0,CCOC(=O)C(=C)C#N,FGBJXOREULPLGL-UHFFFAOYSA-N
23284.0,CC(C)C(C(C)(C)COC(=O)C(C)C)OC(=O)C(C)C,OMVSWZDEEGIJJI-UHFFFAOYSA-N
76013.0,CC(C)(C1=CC=CC=C1)C2=CC(=C(C=C2)O)C(C)(C)C3=CC=CC=C3,FMUYQRFTLHAARI-UHFFFAOYSA-N
14236.0,CCCC[Sn](Cl)(Cl)Cl,YMLFYGFCXGNERH-UHFFFAOYSA-K
7807.0,C1=CC(=CC=C1N)Br,WDFQBORIUYODSI-UHFFFAOYSA-N
1678.0,C(C[N+](=O)[O-])C(=O)O,WBLZUCOIBUDNBV-UHFFFAOYSA-N
33557.0,[N-]=[N+]=[N-].[Na+],PXIPVTKHYLBLMZ-UHFFFAOYSA-N
11.0,C(CCl)Cl,WSLDOOZREJYCGB-UHFFFAOYSA-N
6917.0,C=CN1CCCC1=O,WHNWPMSKXPGLAX-UHFFFAOYSA-N
6535.0,CCOP(=O)(OCC)OCC,DQWPFSLDHJDLRL-UHFFFAOYSA-N
18480.0,CC(=O)C=CC1=CC2=C(C=C1)OCO2,XIYPXOFSURQTTJ-UHFFFAOYSA-N
6574.0,C(C(Cl)Cl)Cl,UBOXGVDOUJQMTN-UHFFFAOYSA-N
174223.0,CC1=C(C2=C(C=C1)N=C(S2)C3=CC=C(C=C3)N)S(=O)(=O)O,KGZUHYIHYBDNLC-UHFFFAOYSA-N
155166.0,C1=C(C(=CC(=C1Br)Br)Br)OC2=CC(=C(C=C2Br)Br)Br,RZXIRSKYBISPGF-UHFFFAOYSA-N
37034.0,C1=C(C(=CC(=C1Cl)Cl)Cl)C2=CC(=C(C=C2Cl)Cl)Cl,MVWHGTYKUMDIHL-UHFFFAOYSA-N
1491.0,C1=CC(=C(C=C1O)O)C(=O)O,UIAFKZKHHVMJGS-UHFFFAOYSA-N
12266.0,CC1=CC=C(O1)C,GSNUFIFRDBKVIE-UHFFFAOYSA-N
29772.0,CCCCCCCCCC=CCC1CC(=O)OC1=O,UYCICMIUKYEYEU-UHFFFAOYSA-N
31426.0,CC1=C(C2=C(C=C1)C(=O)C3=CC=CC=C3C2=O)[N+](=O)[O-],FYXKXZFTZBYYNP-UHFFFAOYSA-N
85983.0,C1=CC(=CC=C1C=CC(=O)O)C=CC(=O)O,AAFXQFIGKBLKMC-UHFFFAOYSA-N
7069.0,COC1=C(C=CC(=C1)C2=CC(=C(C=C2)N=C=O)OC)N=C=O,QZWKEPYTBWZJJA-UHFFFAOYSA-N
12088.0,C1=CC(=CC=C1C=O)C(=O)O,GOUHYARYYWKXHS-UHFFFAOYSA-N
177.0,CC=O,IKHGUXGNUITLKF-UHFFFAOYSA-N
6342.0,CC#N,WEVYAHXRMPXWCK-UHFFFAOYSA-N
10771.0,C1=CC=C(C=C1)N=NC2=C(C=C(C=C2)N)N.Cl,MCTQNEBFZMBRSQ-UHFFFAOYSA-N
241.0,C1=CC=CC=C1,UHOVQNZJYSORNB-UHFFFAOYSA-N
155884956.0,C1CCCC1.C1CCCC1.Cl[V]Cl,KEGBAKPFWOAPIY-UHFFFAOYSA-L
61591.0,B(F)(F)F.O.O,MJCYPBSRKLJZTB-UHFFFAOYSA-N
261.0,CCCC=O,ZTQSAGDEMFDKMZ-UHFFFAOYSA-N
9476.0,C1[C@H]([C@H]([C@@H](C[C@@]1(C(=O)O)O)OC(=O)C=CC2=CC(=C(C=C2)O)O)O)O,CWVRJTMFETXNAD-NCZKRNLISA-N
22833489.0,CCC(C(C(CC(C(C(C)Cl)Cl)Cl)Cl)Cl)Cl,ZPSFPNSXYWWGRF-UHFFFAOYSA-N
6537497.0,CCCC(CCCC(CCC(CCC(CCC(CCCC(CCC)Cl)Cl)Cl)Cl)Cl)Cl,QKUNKVYPGIOQNP-UHFFFAOYSA-N
14012.0,CC(=O)[O-].CC(=O)[O-].CC(=O)[O-].[Cr+3],WYYQVWLEPYFFLP-UHFFFAOYSA-K
10208.0,CC1=CC2=C(C(=C1)O)C(=O)C3=C(C2=O)C=CC=C3O,LQGUBLBATBMXHT-UHFFFAOYSA-N
92884.0,[CH-]1C=CC=C1.[CH-]1C=CC=C1.[Co+2],ILZSSCVGGYJLOG-UHFFFAOYSA-N
7406.0,CC(C)C1=CC=CC=C1,RWGFKTVRMDUZSP-UHFFFAOYSA-N
6731.0,C1=CC=C2C(=C1)C=CC(=N2)C3C(=O)C4=CC=CC=C4C3=O,IZMJMCDDWKSTTK-UHFFFAOYSA-N
5889.0,C1=CC=C2C(=C1)C=CC3=CC4=C(C=CC5=CC=CC=C54)C=C32,LHRCREOYAASXPZ-UHFFFAOYSA-N
8021.0,CCNCC,HPNMFZURTQLUMO-UHFFFAOYSA-N
6537502.0,C[C@@H]1CC[C@@]2([C@H]([C@H]3[C@@H](O2)[C@H]([C@@H]4[C@@]3(CC[C@H]5[C@H]4CC[C@@H]6[C@@]5(C[C@H]([C@@H](C6)O[C@H]7[C@@H]([C@H]([C@H]([C@H](O7)CO)O[C@H]8[C@@H]([C@H]([C@@H]([C@H](O8)CO)O)O[C@H]9[C@@H]([C@H]([C@@H](CO9)O)O)O)O[C@H]2[C@@H]([C@H]([C@@H]([C@H](O2)CO)O)O[C@H]2[C@@H]([C@H]([C@@H]([C@H](O2)CO)O)O)O)O)O)O)O)C)C)O)C)OC1,UVYVLBIGDKGWPX-XJVHMSFUSA-N
13816.0,CC1=C(C=CC(=C1)C2=CC(=C(C=C2)N=NC3=C(C4=CC=CC=C4C(=C3)S(=O)(=O)[O-])N)C)N=NC5=C(C6=CC=CC=C6C(=C5)S(=O)(=O)[O-])N.[Na+].[Na+],SUXCALIDMIIJCK-UHFFFAOYSA-L
19283.0,CCCCCCCCCCCOC(=O)C1=CC=CC=C1C(=O)OCCCCCCCCCCC,QQVHEQUEHCEAKS-UHFFFAOYSA-N
702.0,CCO,LFQSCWFLJHTTHZ-UHFFFAOYSA-N
8821.0,CCOC(=O)C=C,JIGUQPWFLRLWPJ-UHFFFAOYSA-N
7611.0,[CH-]1C=CC=C1.[CH-]1C=CC=C1.[Fe+2],KTWOOEGAPBSYNW-UHFFFAOYSA-N
17388989.0,C1=CC=C(C=C1)N2C(=NN=N2)SC3=C(C=C(C=C3[N+](=O)[O-])C(=O)O)[N+](=O)[O-].N,DGQMWGRCMXFKNE-UHFFFAOYSA-N
6450278.0,C/C=C/1\C(=O)C[C@@H]2[C@@]1(CC[C@H]3[C@H]2CCC4=CC(=O)CC[C@]34C)C,WDXRGPWQVHZTQJ-OSJVMJFVSA-N
409301.0,C[Hg]Cl,BABMCXWQNSQAOC-UHFFFAOYSA-M
104827.0,CN(C)C1=CC2=C(C=C1)N=C3C=CC(=[N+](C)C)C=C3S2.O.O.O.[Cl-],XQAXGZLFSSPBMK-UHFFFAOYSA-M
6344.0,C(Cl)Cl,YMWUJEATGCHHMB-UHFFFAOYSA-N
13628993.0,[CH-]1C=CC=C1.[CH-]1C=CC=C1.[Ni+2],KZPXREABEBSAQM-UHFFFAOYSA-N
5371728.0,CCCCCCCC/C=C\CCCCCCCC(=O)N(CCO)CCO,LPMBTLLQQJBUOO-KTKRTIGZSA-N
66041.0,C=CC1=CC=C(C=C1)C=C,WEERVPDNCOGWJF-UHFFFAOYSA-N
24819.0,P(Cl)(Cl)(Cl)(Cl)Cl,UHZYTMXLRWXGPK-UHFFFAOYSA-N
26323.0,CCCSC(=O)Cl,FYOPSYJKEHWOBR-UHFFFAOYSA-N
23668195.0,[O-]Br(=O)=O.[Na+],KDIZBQIJCLJRPG-UHFFFAOYSA-N
23668194.0,C[C@H](CCC(=O)[O-])[C@H]1CC[C@@H]2[C@@]1([C@H](C[C@H]3[C@H]2[C@@H](C[C@H]4[C@@]3(CC[C@H](C4)O)C)O)O)C.[Na+],NRHMKIHPTBHXPF-TUJRSCDTSA-M
19828004.0,CCCN(CCC)C(=O)CN.Cl,GBPWTMZRCAESKB-UHFFFAOYSA-N
62753.0,CC(C)(C1=CC(=C(C(=C1)Br)OCC(CBr)Br)Br)C2=CC(=C(C(=C2)Br)OCC(CBr)Br)Br,LXIZRZRTWSDLKK-UHFFFAOYSA-N
28803.0,C=CC(=O)OCCOCCOCCOCCOC(=O)C=C,HCLJOFJIQIJXHS-UHFFFAOYSA-N
76030824.0,[CH-]1C=CC=C1.[CH-]1C=CC=C1.[Cl-].[Cl-].[Ti+4],YMNCCEXICREQQV-UHFFFAOYSA-L
5281575.0,COC1=CC=C(C=C1)/C=C/C2=CC(=CC(=O)O2)OC,XLHIYUYCSMZCCC-VMPITWQZSA-N
9171.0,C1=CC=C2C(=C1)C=CC3=C2C=CC4=CC=CC=C43,WDECIBYCCFPHNR-UHFFFAOYSA-N
153909.0,CC1=NC(=NC(=N1)OC)N(C)C(=O)NS(=O)(=O)C2=CC=CC=C2C(=O)OC,VLCQZHSMCYCDJL-UHFFFAOYSA-N
7914.0,CC(C)OC(C)C,ZAFNJMIOTHYJRJ-UHFFFAOYSA-N
6627.0,C1=CC=C(C=C1)[Si](C2=CC=CC=C2)(Cl)Cl,OSXYHAQZDCICNX-UHFFFAOYSA-N
6962.0,C1=CC(=C(C=C1S(=O)(=O)O)C(=O)O)C(=O)O,WNKQDGLSQUASME-UHFFFAOYSA-N
8154.0,CCCCCCCCCCCCCCCC[N+](C)(C)C.[Cl-],WOWHHFRSBJGXCM-UHFFFAOYSA-M
8481.0,CC(=O)NC1=CC=C(C=C1)S(=O)(=O)Cl,GRDXCFKBQWDAJH-UHFFFAOYSA-N
8896.0,CC(=O)[O-].CC(=O)[O-].[Mg+2],UEGPKNKPLBYCNK-UHFFFAOYSA-L
12532.0,CCCCCCCCCCCCCCCCCC#N,RHSBIGNQEIPSCT-UHFFFAOYSA-N
4379756.0,C1=CC(=CC=C1O)S(=O)(=O)[O-].[Na+],BYMHXIQVEAYSJD-UHFFFAOYSA-M
16700.0,CCCCCCCCCCCCOS(=O)(=O)[O-].[NH4+],BTBJBAZGXNKLQC-UHFFFAOYSA-N
17304.0,COP(=S)(OC)Cl,XFBJRFNXPUCPKU-UHFFFAOYSA-N
18732.0,C[N+](C)(C)CC(CCl)O.[Cl-],CSPHGSFZFWKVDL-UHFFFAOYSA-M
78738.0,CC(=C)C(=O)OCC[N+](C)(C)C.[Cl-],RRHXZLALVWBDKH-UHFFFAOYSA-M
23665719.0,CC(C)(CS(=O)(=O)[O-])NC(=O)C=C.[Na+],FWFUWXVFYKCSQA-UHFFFAOYSA-M
23664361.0,C1=C2C=C(C=C(C2=C(C=C1S(=O)(=O)[O-])N)O)S(=O)(=O)O.[Na+],QPILZZVXGUNELN-UHFFFAOYSA-M
81811.0,CC(=C)C(=O)OCCC[Si](Cl)(Cl)Cl,DOGMJCPBZJUYGB-UHFFFAOYSA-N
162071.0,C[N+](C)(C)CCOC(=O)C=C.[Cl-],FZGFBJMPSHGTRQ-UHFFFAOYSA-M
23677323.0,C=CCOCC(CS(=O)(=O)[O-])O.[Na+],CJGJYOBXQLCLRG-UHFFFAOYSA-M
112412.0,CC(C)(C1=CC=CC=C1)C2=CC(=C(C(=C2)N3N=C4C=CC=CC4=N3)O)C(C)(C)C5=CC=CC=C5,OLFNXLXEGXRUOI-UHFFFAOYSA-N
60966.0,C[N+](C)(C)C.[OH-],WGTYBPLFGIVFAS-UHFFFAOYSA-M
23664644.0,C1=CC(=CC=C1N)S(=O)(=O)[O-].[Na+],KSVSZLXDULFGDQ-UHFFFAOYSA-M
76004.0,CO[Si](C=C)(OC)OC,NKSJNEHGWDZZQF-UHFFFAOYSA-N
5076555.0,C1=CC=C2C(=C1)C(=O)C3=C(C=C(C(=C3C2=O)N)S(=O)(=O)[O-])Br.[Na+],TXMRAEGWZZVGIH-UHFFFAOYSA-M
61972.0,CC(C)(C1=CC(=C(C(=C1)Br)OCC=C)Br)C2=CC(=C(C(=C2)Br)OCC=C)Br,PWXTUWQHMIFLKL-UHFFFAOYSA-N
162012.0,CCO[Si](CCCSSSSCCC[Si](OCC)(OCC)OCC)(OCC)OCC,VTHOKNTVYKTUPI-UHFFFAOYSA-N
7992.0,CC(C)COC=C,OZCMOJQQLBXBKI-UHFFFAOYSA-N
24393.0,[O-]S(=O)(=O)[O-].[Fe+2],BAUYGSIQEAFULO-UHFFFAOYSA-L
28118.0,[H+].[B-](F)(F)(F)F,ODGCEQLVLXJUCC-UHFFFAOYSA-O
6681.0,C1=CC=C2C(=C1)C(=O)C3=C(C2=O)C(=C(C=C3Br)Br)N,ZINRVIQBCHAZMM-UHFFFAOYSA-N
10754.0,C1=CC(=CC=C1C2=CC=C(C=C2)N)N.Cl.Cl,RUAXWVDEYJEWRY-UHFFFAOYSA-N
5284359.0,[Cl-].[Cl-].[Ca+2],UXVMQQNJUSDDNG-UHFFFAOYSA-L
10855.0,C1=CC(=CC=C1N)N=NC2=CC=C(C=C2)N,KQIKKETXZQDHGE-UHFFFAOYSA-N
11728.0,C[NH2+]C.CN(C)C(=S)[S-],UVOFGKIRTCCNKG-UHFFFAOYSA-N
3032297.0,C(CNC(=S)[S-])NC(=S)[S-].[Na+].[Na+],UQJQVUOTMVCFHX-UHFFFAOYSA-L
26710.0,CN(C)C(=S)[S-].CN(C)C(=S)[S-].CN(C)C(=S)[S-].[Fe+3],WHDGWKAJBYRJJL-UHFFFAOYSA-K
14276.0,C1CCCNCCC1,QXNDZONIWRINJR-UHFFFAOYSA-N
1674.0,CC1=C2CCC3=C2C(=CC4=C3C=CC5=CC=CC=C54)C=C1,PPQNQXQZIWHJRB-UHFFFAOYSA-N
6101499.0,CCCCN(CCCC)C(=S)[S-].CCCCN(CCCC)C(=S)[S-].[Ni+2],HPOWMHUJHHIQGP-UHFFFAOYSA-L
5284429.0,O.O.O.O.O.O.[O-]S(=O)(=O)[O-].[Ni+2],RRIWRJBSCGCBID-UHFFFAOYSA-L
24268.0,[N+](=O)([O-])[O-].[Na+],VWDWKYIASSYTQR-UHFFFAOYSA-N
158629.0,C1=CC(=C(C(=C1C2=CC(=C(C(=C2)Br)Br)Br)Br)Br)Br,PCEAPJVBSINMNW-UHFFFAOYSA-N
24007.0,O=[Se]=O,JPJALAQPGMAKDF-UHFFFAOYSA-N
23892.0,C1=CC(=C(C=C1C2=CC(=C(C=C2)N)N)N)N.Cl.Cl.Cl.Cl,KJDSORYAHBAGPP-UHFFFAOYSA-N
5284466.0,[Cl-].[Cl-].[Sn+2],AXZWODMDQAVCJE-UHFFFAOYSA-L
16682804.0,CC(=O)O[Sn](C1=CC=CC=C1)(C2=CC=CC=C2)C3=CC=CC=C3,WDQNIWFZKXZFAY-UHFFFAOYSA-M
5035.0,C1CCN(CC1)CCOC2=CC=C(C=C2)C(=O)C3=C(SC4=C3C=CC(=C4)O)C5=CC=C(C=C5)O,GZUITABIAKMVPG-UHFFFAOYSA-N
12195864.0,CCCC[N+]1(CCCC1)C.C(F)(F)(F)S(=O)(=O)[O-],WZJDNKTZWIOOJE-UHFFFAOYSA-M
5702746.0,CC[C@H](C)COC(=O)/C=C/C1=CC=C(C=C1)N=CC2=CC=C(C=C2)OC,FKZXVOQEYXOXAD-VPCHJHAQSA-N
18430.0,C1C(O1)CBr,GKIPXFAANLTWBM-UHFFFAOYSA-N
20769.0,CC(C)OC(=O)C(=C)C,BOQSSGDQNWEFSX-UHFFFAOYSA-N
38853.0,C[C@](CC1=CC(=C(C=C1)O)O)(C(=O)O)N,CJCSPKMFHVPWAR-JTQLQIEISA-N
16591.0,CCCSSCC=C,FCSSPCOFDUKHPV-UHFFFAOYSA-N
16217238.0,CCCCCCCCCCCCCC[P+](CCCCCC)(CCCCCC)CCCCCC.C(=[N-])=NC#N,DOMOOBQQQGXLGU-UHFFFAOYSA-N
11181836.0,CCCCCCCCCCCCCC[P+](CCCCCC)(CCCCCC)CCCCCC.C(F)(F)(F)S(=O)(=O)[N-]S(=O)(=O)C(F)(F)F,HYNYWFRJHNNLJA-UHFFFAOYSA-N
60196373.0,CCCC[P+](CC)(CCCC)CCCC.CCOP(=O)([O-])OCC,RDCTYOLAEUHRGG-UHFFFAOYSA-M
2734250.0,CCCCN1C=C[N+](=C1C)C.C(F)(F)(F)S(=O)(=O)[O-],KSOGGGZFEJTGPZ-UHFFFAOYSA-M
11258643.0,CCCCN1C=C[N+](=C1)C.C(F)(F)(F)S(=O)(=O)[N-]S(=O)(=O)C(F)(F)F,INDFXCHYORWHLQ-UHFFFAOYSA-N
11448496.0,CCCCN1C=C[N+](=C1)C.[I-],XREPTGNZZKNFQZ-UHFFFAOYSA-M
2734246.0,CCCCN1C=C[N+](=C1)C.C(F)(F)(F)S(=O)(=O)[O-],FRZPYEHDSAQGAS-UHFFFAOYSA-M
131674826.0,CCCCN1C=C[N+](=C1)C.[Cl-].[Cl-].[Cl-].[Cl-].[Fe+3],FYHLFBVHUIJIII-UHFFFAOYSA-J
2734178.0,[B-](F)(F)(F)F.CCCCN1C=C[N+](=C1)C,LSBXQLQATZTAPE-UHFFFAOYSA-N
22078297.0,CCCCCCCCCCN1C=C[N+](=C1)C.[Br-],HOISBTKPPVRFDS-UHFFFAOYSA-M
2734225.0,CCCCCCCCCCN1C=C[N+](=C1)C.[Cl-],HTZVLLVRJHAJJF-UHFFFAOYSA-M
10044526.0,CCCCCCCCCCN1C=C[N+](=C1)C.F[P-](F)(F)(F)(F)F,OXZSRXCEZNETER-UHFFFAOYSA-N
11750474.0,CCCN1C=C[N+](=C1C)C.C(F)(F)(F)S(=O)(=O)[N-]S(=O)(=O)C(F)(F)F,XOZHIVUWCICHSQ-UHFFFAOYSA-N
11459786.0,CCCN1C=C[N+](=C1C)C.[I-],ISHFYECQSXFODS-UHFFFAOYSA-M
2775940.0,CCCCCCCCCCN1C=C[N+](=C1C)CCCCCCCCCC.[Cl-],GJYWPRKIEORZLX-UHFFFAOYSA-M
16749605.0,CCCCCCCCCCCCN1C=C[N+](=C1)C.[Br-],QWLSTCVUGYAKLE-UHFFFAOYSA-M
46226173.0,[B-](F)(F)(F)F.CCCCCCCCCCCCN1C=C[N+](=C1)C,DXBLSHGDRZIBJZ-UHFFFAOYSA-N
23160059.0,CCCCCCCCCCCCN1C=C[N+](=C1)C.C(F)(F)(F)S(=O)(=O)[O-],RSNWMNCQEJIOHL-UHFFFAOYSA-M
21932259.0,CCN1C=C[N+](=C1C)C.C(F)(F)(F)S(=O)(=O)[N-]S(=O)(=O)C(F)(F)F,XDJYSDBSJWNTQT-UHFFFAOYSA-N
16211417.0,CCCCCCCCCCCCN1C=C[N+](=C1)C.[I-],RQVJLVQTNZVVRZ-UHFFFAOYSA-M
60196374.0,CCN1C=CN(C1C)C.Br,SMYRLQDRZXALMO-UHFFFAOYSA-N
50878556.0,CCN1C=C[N+](=C1C)C.F[P-](F)(F)(F)(F)F,XLKYEJKYOZNSDQ-UHFFFAOYSA-N
2734235.0,CCN1C=C[N+](=C1)C.[Br-],GWQYPLXGJIXMMV-UHFFFAOYSA-M
21977262.0,[B-](F)(F)(F)F.CCN1C=C[N+](=C1C)C,KNIWGPCMWBGRBE-UHFFFAOYSA-N
16210995.0,CCN1C=C[N+](=C1C)C.C(F)(F)(F)S(=O)(=O)[O-],HMAHVRVKBSHMJX-UHFFFAOYSA-M
12095229.0,CCN1C=C[N+](=C1)C.CCOS(=O)(=O)[O-],VRFOKYHDLYBVAL-UHFFFAOYSA-M
16211849.0,CCN1C=C[N+](=C1)C.CS(=O)(=O)[O-],IXLWEDFOKSJYBD-UHFFFAOYSA-M
16211409.0,CCN1C=C[N+](=C1)C.COS(=O)(=O)[O-],BXSDLSWVIAITRQ-UHFFFAOYSA-M
16217215.0,CCN1C=C[N+](=C1)C.OS(=O)(=O)[O-],HZKDSQCZNUUQIF-UHFFFAOYSA-M
11075478.0,CCN1C=C[N+](=C1)C.[I-],IKQCDTXBZKMPBB-UHFFFAOYSA-M
2769348.0,[B-](F)(F)(F)F.CCN1C=C[N+](=C1)C,CUNYTRQQXKCRTJ-UHFFFAOYSA-N
10636633.0,CCN1C=C[N+](=C1)C.CC1=CC=C(C=C1)S(=O)(=O)[O-],HXMUPILCYSJMLQ-UHFFFAOYSA-M
50878565.0,CCCCCCCCCCCCCCCCN1C=C[N+](=C1)C.F[P-](F)(F)(F)(F)F,DJNNUHQUSQWCRM-UHFFFAOYSA-N
18506491.0,[B-](F)(F)(F)F.CCCCCCCCCCCCCCCCN1C=C[N+](=C1)C,WXCIBNGOVJQXTI-UHFFFAOYSA-N
60196375.0,CCCCCCCCCCCCCCCCN1C=C[N+](=C1)C.C(F)(F)(F)S(=O)(=O)[N-]S(=O)(=O)C(F)(F)F,IEKPEVWFUIKZFI-UHFFFAOYSA-N
10411334.0,CCCCCCN1C=C[N+](=C1)C.C(F)(F)(F)S(=O)(=O)[N-]S(=O)(=O)C(F)(F)F,RCNFOZUBFOFJKZ-UHFFFAOYSA-N
2734179.0,[B-](F)(F)(F)F.CCCCCCN1C=C[N+](=C1)C,MFXLOVLEQJRXFP-UHFFFAOYSA-N
11344909.0,[B-](F)(F)(F)F.C[N+]1=CN(C=C1)CCO,KLTUZFZUYLXTFF-UHFFFAOYSA-N
24944555.0,CCCCCCCCCCCCCCCCCCN1C=C[N+](=C1)C.F[P-](F)(F)(F)(F)F,DLCJUSZZKVAPPJ-UHFFFAOYSA-N
60196376.0,CCCCCCCCN1CN(C=C1)C.Br,FSXANJBLYFVXEU-UHFFFAOYSA-N
12971008.0,CCCN1C=C[N+](=C1)C.[I-],IVCMUVGRRDWTDK-UHFFFAOYSA-M
60196377.0,CCCN1CN(C=C1)C.Br,LXKJXSIVSWFKQA-UHFFFAOYSA-N
11171853.0,[B-](F)(F)(F)F.CCCN1C=C[N+](=C1)C,XFTQQJUVYZPNRC-UHFFFAOYSA-N
60196378.0,CCCN1CN(C=C1)C.Cl,GYTJXQRCNBRFGU-UHFFFAOYSA-N
60196379.0,CCCCCCCCCCCCCCN1C=C[N+](=C1)C.C(F)(F)(F)S(=O)(=O)[N-]S(=O)(=O)C(F)(F)F,AEZLAQZYZLLTIV-UHFFFAOYSA-N
60196380.0,CCCN1C=C[N+](=C1)C.F[P-](F)(F)(F)(F)F,ROYQXQQTAUMBJC-UHFFFAOYSA-N
2734229.0,CCCCCCCCCCCCCCN1C=C[N+](=C1)C.[Cl-],SDXDXENAFAXVMX-UHFFFAOYSA-M
60196381.0,CCCCCCCCCCCCCCN1C=C[N+](=C1)C.F[P-](F)(F)(F)(F)F,VYARLXKWHFGQBN-UHFFFAOYSA-N
12184311.0,CCCC[N+]1(CCCCC1)C.C(F)(F)(F)S(=O)(=O)[N-]S(=O)(=O)C(F)(F)F,ZDMWZUAOSLBMEY-UHFFFAOYSA-N
60196382.0,[B-](F)(F)(F)F.CCCC[N+]1(CCCCC1)C,CGQPPCWBIGFWDL-UHFFFAOYSA-N
19838382.0,CCCC[N+]1(CCCCC1)C.[Br-],WYABBCZMFVULEF-UHFFFAOYSA-M
60196383.0,CCCC[N+]1(CCCCC1)C.C(F)(F)(F)S(=O)(=O)[O-],ITLIBMNUPZGHKJ-UHFFFAOYSA-M
57369982.0,CCCC[N+]1(CCCCC1)C.F[P-](F)(F)(F)(F)F,FHOLSPXOTQMKMZ-UHFFFAOYSA-N
16726630.0,CCC[N+]1(CCCCC1)C.C(F)(F)(F)S(=O)(=O)[N-]S(=O)(=O)C(F)(F)F,IEFUHGXOQSVRDQ-UHFFFAOYSA-N
60196384.0,CCCC[N+]1(CCCCC1)C.[I-],OOAKIOMAIRZQKN-UHFFFAOYSA-M
60196385.0,CCC[N+]1(CCCCC1)C.[Br-],CSANMXKHSHGXNC-UHFFFAOYSA-M
60196386.0,CCC[N+]1(CCCCC1)C.F[P-](F)(F)(F)(F)F,CDBFWKDOZHJELY-UHFFFAOYSA-N
60196387.0,CCC[N+]1(CCCCC1)C.[I-],VNYUHSJLWUZRHJ-UHFFFAOYSA-M
60196388.0,[B-](F)(F)(F)F.CCC[N+]1(CCCCC1)C,ZJWDBZZWOVHWQY-UHFFFAOYSA-N
60196390.0,CCCC[N+]1=CC=CC=C1C.C(F)(F)(F)S(=O)(=O)[O-],MLOOVQAZYDNHIQ-UHFFFAOYSA-M
60196391.0,CCCC[N+]1=CC=CC=C1C.F[P-](F)(F)(F)(F)F,ZFOMYRUFDQXHHV-UHFFFAOYSA-N
12248306.0,CCCC[N+]1=CC=CC(=C1)C.[Br-],GNPWBXOERPGDFI-UHFFFAOYSA-M
15932798.0,CCCC[N+]1=CC=CC=C1C.[I-],FKZPHDBEGOJTRL-UHFFFAOYSA-M
19876500.0,CCCC[N+]1=CC=CC(=C1)C.[Cl-],PHCASOSWUQOQAG-UHFFFAOYSA-M
57358854.0,CCCC[N+]1=CC=CC(=C1)C.F[P-](F)(F)(F)(F)F,XUZKQHMUEBPODI-UHFFFAOYSA-N
13487610.0,CCCC[N+]1=CC=C(C=C1)C.[Br-],UWVZAZVPOZTKNM-UHFFFAOYSA-M
45268380.0,CCCC[N+]1=CC=CC(=C1)C.[I-],NHBIJSXFPKSXGQ-UHFFFAOYSA-M
11074101.0,CCCC[N+]1=CC=C(C=C1)C.[Cl-],YTSDTJNDMGOTFN-UHFFFAOYSA-M
17841257.0,[B-](F)(F)(F)F.CCCC[N+]1=CC=CC(=C1)C,UQEAMJVKASNOMA-UHFFFAOYSA-N
11254899.0,CCCC[N+]1=CC=C(C=C1)C.F[P-](F)(F)(F)(F)F,XBSZSSGZQFAUPF-UHFFFAOYSA-N
23079882.0,CCCC[N+]1=CC=CC(=C1)C.C(F)(F)(F)S(=O)(=O)[O-],SZBRISJDXSIRRE-UHFFFAOYSA-M
11995188.0,CCCC[N+]1=CC=C(C=C1)C.[I-],RSJCFBORABJFGA-UHFFFAOYSA-M
11492406.0,[B-](F)(F)(F)F.CCCC[N+]1=CC=C(C=C1)C,VISYYHYJMCAKAF-UHFFFAOYSA-N
60196392.0,CCCC[N+]1=CC=C(C=C1)C.C(F)(F)(F)S(=O)(=O)[O-],UTVYJPCPEBAGFO-UHFFFAOYSA-M
14007922.0,CCCC[N+]1=CC=CC=C1.[I-],FMCBAAMDKQPYKZ-UHFFFAOYSA-M
2734180.0,[B-](F)(F)(F)F.CCCC[N+]1=CC=CC=C1,XLWDQAHXRCBPEE-UHFFFAOYSA-N
2734248.0,CCCC[N+]1=CC=CC=C1.C(F)(F)(F)S(=O)(=O)[O-],BEFWDPZVLOCGRP-UHFFFAOYSA-M
15927.0,CC[N+]1=CC=CC=C1.[Br-],ABFDKXBSQCTIKH-UHFFFAOYSA-M
13638937.0,CC[N+]1=CC=CC=C1.C(F)(F)(F)S(=O)(=O)[O-],CFJZKUSFRPUSGV-UHFFFAOYSA-M
12038941.0,CC[N+]1=CC=CC=C1.[I-],FSRVQSSHFLOXGR-UHFFFAOYSA-M
12077313.0,[B-](F)(F)(F)F.CC[N+]1=CC=CC=C1,JAKIITPDQKZZMZ-UHFFFAOYSA-N
21917397.0,CCCCCC[N+]1=CC=CC=C1.[I-],INJKWASQTISCEJ-UHFFFAOYSA-M
2734181.0,[B-](F)(F)(F)F.CCCCCC[N+]1=CC=CC=C1,LTMWUXUUPSUBPP-UHFFFAOYSA-N
2734249.0,CCCCCC[N+]1=CC=CC=C1.C(F)(F)(F)S(=O)(=O)[O-],QFAUKQKOJVLHEL-UHFFFAOYSA-M
11009532.0,CCCC[N+]1(CCCC1)C.[Br-],LCZRPQGSMFXSTC-UHFFFAOYSA-M
44717198.0,[B-](F)(F)(F)F.CCCC[N+]1(CCCC1)C,PGCVCJOPLBWQHU-UHFFFAOYSA-N
18374068.0,[B-](F)(F)(F)F.CC[N+]1(CCCC1)C,LAGDCVJRCOKWTN-UHFFFAOYSA-N
112264.0,CC[N+]1(CCCC1)C.[Br-],KHJQQUGSPDBDRM-UHFFFAOYSA-M
60196393.0,CC[N+]1(CCCC1)C.C(F)(F)(F)S(=O)(=O)[O-],VVUYWASZNMYQPF-UHFFFAOYSA-M
16719897.0,CCC[N+]1(CCCC1)C.[Br-],VLJAZZWDBWKZBL-UHFFFAOYSA-M
60196394.0,CCC[N+]1(CCCC1)C.[Cl-],RCEZHULDQZVHHG-UHFFFAOYSA-M
60196395.0,CCC[N+]1(CCCC1)C.F[P-](F)(F)(F)(F)F,LDIDCWZPAKUACM-UHFFFAOYSA-N
12059922.0,CCC[N+]1(CCCC1)C.[I-],ZKYGWUZWEXFLMJ-UHFFFAOYSA-M
60196396.0,CCC[N+]1(CCCC1)C.C(F)(F)(F)S(=O)(=O)[O-],HLZKCDBHBYYCMM-UHFFFAOYSA-M
60196397.0,CCCCCCCCCCCCCC[P+](CCCC)(CCCC)CCCC.CCCCCCCCCCCCC1=CC=CC=C1S(=O)(=O)[O-],UIWFKZBONQGUDI-UHFFFAOYSA-M
66011.0,C1=CC(=CC=C1CBr)[N+](=O)[O-],VOLRSQPSJGXRNJ-UHFFFAOYSA-N
24798.0,[N+](=O)([O-])[O-].[N+](=O)([O-])[O-].[Ba+2],IWOUKMZUPDVPGQ-UHFFFAOYSA-N
7584.0,CCCCCC(=CC1=CC=CC=C1)CO,LIPHCKNQPJXUQF-UHFFFAOYSA-N
8001.0,C(CBr)CBr,VEFLKXRACNJHOV-UHFFFAOYSA-N
8057.0,CCCCCBr,YZWKKMVJZFACSU-UHFFFAOYSA-N
8100.0,C(CCBr)CCBr,IBODDUNKEPPBKW-UHFFFAOYSA-N
8101.0,CCCCCCBr,MNDIARAMWBIKFW-UHFFFAOYSA-N
70700.0,CC(C)(C)C(=O)CC(=O)C(C)(C)C,YRAJNWYBUCUFBD-UHFFFAOYSA-N
8208.0,CCCCCCCCCCCCCCBr,KOFZTCSTGIWCQG-UHFFFAOYSA-N
8213.0,CCCCCCCCCCCCCCCCBr,HNTGIJLWHDPAFN-UHFFFAOYSA-N
61041.0,CC1=C(C(CC=C1)(C)C)C=O,SGAWOGXMMPSZPB-UHFFFAOYSA-N
14425.0,CCCCCCCCCCCCOC(=O)C1=CC(=C(C(=C1)O)O)O,RPWFJAMTCNSJKK-UHFFFAOYSA-N
449293.0,CN1[C@@H]2CC[C@H]1CC(C2)O,CYHOMWAPJJPNMW-DHBOJHSNSA-N
638088.0,C1=CC=C(C=C1)/C=C/C2=CC=CC=C2,PJANXHGTPQOBST-VAWYXSNFSA-N
7518.0,C1=CC=C(C=C1)NO,CKRZKMFTZCFYGB-UHFFFAOYSA-N
641245.0,C(/C=C/CBr)Br,RMXLHIUHKIVPAB-OWOJBTEDSA-N
24846.0,[NH3+]O.[NH3+]O.[O-]S(=O)(=O)[O-],VGYYSIDKAKXZEE-UHFFFAOYSA-L
17110.0,CCCCCCCCCCCCN=C(N)N.CC(=O)O,YIKWKLYQRFRGPM-UHFFFAOYSA-N
9117.0,C1=CC2=C3C(=C1)C4=CC=CC5=C4C6=C(C=C5)C=CC(=C36)C=C2,GYFAGKUZYNFMBN-UHFFFAOYSA-N
2724144.0,[C-]#N.[Cu+],DOBRDRYODQBAMW-UHFFFAOYSA-N
9268.0,C1CCCCCCCCCCC1,DDTBPAQBQHZRDW-UHFFFAOYSA-N
6049.0,C(CN(CC(=O)O)CC(=O)O)N(CC(=O)O)CC(=O)O,KCXVZYZYPLLWCC-UHFFFAOYSA-N
7957.0,CC(C)CC(CC(C)C)O,HXQPUEQDBSPXTE-UHFFFAOYSA-N
8211.0,CCCCCCCCCCCCCCN(C)C,SFBHPFQSSDCYSL-UHFFFAOYSA-N
8217.0,CCCCCCCCCCCCCCCCC=C,CCCMONHAUSKTEQ-UHFFFAOYSA-N
517044.0,CC(=O)[O-].[K+],SCVFZCLFOSHCOH-UHFFFAOYSA-M
517045.0,CC(=O)[O-].[Na+],VMHLLURERBWHNL-UHFFFAOYSA-M
61082.0,CCCCC(CC)C(=O)[O-].CCCCC(CC)C(=O)[O-].[Ca+2],LTPCXXMGKDQPAO-UHFFFAOYSA-L
8897.0,C(C(=O)O)NCC(=O)O,NBZBKCUXIYYUSX-UHFFFAOYSA-N
5354342.0,CCCCCCCC/C=C\CCCCCCCC(=O)OCCCC,WIBFFTLQMKKBLZ-SEYXRHQNSA-N
10690.0,C([C@H]([C@H]([C@@H]([C@H](C(=O)O)O)O)O)O)O,RGHNJXZEOKUKBD-SQOUGZDYSA-N
33005.0,C(=O)(C(=O)[O-])[O-].[Ca+2],QXDMQSPYEZFLGF-UHFFFAOYSA-L
23661960.0,C1=CC=C(C=C1)C(=O)[O-].[K+],XAEFZNCEHLXOMS-UHFFFAOYSA-M
12395.0,CCCCCCCCCCCCCCC=C,GQEZCXVZFLOKMC-UHFFFAOYSA-N
20993.0,CCCCCCCCCCCCCCCCCl,CLWAXFZCVYJLLM-UHFFFAOYSA-N
135423095.0,CC1=CC(=C(C=C1)N=NC2=C(C(=CC3=CC=CC=C32)C(=O)O)[O-])S(=O)(=O)[O-].[Ca+2],PZTQVMXMKVTIRC-UHFFFAOYSA-L
21534.0,C(C(=O)[O-])S.[NH4+],ZZTCCAPMZLDHFM-UHFFFAOYSA-N
94866.0,COC(=O)C1CC(=O)C(CC1=O)C(=O)OC,MHKKFFHWMKEBDW-UHFFFAOYSA-N
16698.0,C(N(CP(=O)(O)O)CP(=O)(O)O)P(=O)(O)O,YDONNITUKPKTIG-UHFFFAOYSA-N
4068533.0,C=CC(=O)[O-].[Na+],NNMHYFLPFNGQFZ-UHFFFAOYSA-M
82751.0,CCCCCCCCCCCCCOC(=O)CCSCCC(=O)OCCCCCCCCCCCCC,MZHULIWXRDLGRR-UHFFFAOYSA-N
88022.0,CC(C)(C#N)N,JQULXIOYDDCNGR-UHFFFAOYSA-N
23676745.0,C/C=C/C=C/C(=O)[O-].[K+],CHHHXKFHOYLYRE-STWYSWDKSA-M
11345.0,CC(C)C1=CC=CC=C1C(C)C,OKIRBHVFJGXOIS-UHFFFAOYSA-N
44373822.0,CCCCCCCCCCCCCCC(CO)NC(=O)CCCCCCCCCCCCCC,NINIWPMFBXIDMU-UHFFFAOYSA-N
13240377.0,CCCC[N+]1=CC=CC=C1C.[Br-],QVHDOABFJHOTIT-UHFFFAOYSA-M
60196389.0,[B-](F)(F)(F)F.CCCC[N+]1=CC=CC=C1C,WITYEWCYSFILMG-UHFFFAOYSA-N
21988023.0,CCCC[N+]1=CC=CC=C1C.[Cl-],KQPFDGGIGHSUCO-UHFFFAOYSA-M
7115.0,C1=CC=C(C=C1)C2=CC=C(C=C2)C3=CC=CC=C3,XJKSTNDFUHDPQJ-UHFFFAOYSA-N
5354626.0,CCCCCCCCCCCCCCCC/C=C/C1CC(=O)OC1=O,KAYAKFYASWYOEB-ISLYRVAYSA-N
122600.0,CCCCCCCCCCCCCCCCCCOC(=O)C(=C)C,HMZGPNHSPWNGEP-UHFFFAOYSA-N
164282.0,CC1(CC(CC(N1)(C)C)OC(=O)CCCCCCCCC(=O)OC2CC(NC(C2)(C)C)(C)C)C,XITRBUPOXXBIJN-UHFFFAOYSA-N
8181.0,CCCCCCCCCCCCCCCC(=O)OC,FLIACVVOZYBSBS-UHFFFAOYSA-N
61225.0,COC(=O)C1=CC2=C(C=C1)C=C(C=C2)C(=O)OC,GYUVMLBYMPKZAZ-UHFFFAOYSA-N
11159354.0,C1C[C@H]2[C@@H]3CC[C@@H](C3)[C@H]2C1,LPSXSORODABQKT-FIRGSJFUSA-N
23354.0,CC(=O)[O-].CC(=O)[O-].CC(=O)[O-].[Sb+3],JVLRYPRBKSMEBF-UHFFFAOYSA-K
75050.0,CCCCCCCCCCCCCCCCCCOCCO,ICIDSZQHPUZUHC-UHFFFAOYSA-N
85069.0,CC(C)(C)CC(C)(C)C1=CC=C(C=C1)NC2=CC=C(C=C2)C(C)(C)CC(C)(C)C,GQBHYWDCHSZDQU-UHFFFAOYSA-N
16760467.0,C([C@H]([C@H]([C@@H]([C@H](C(=O)[O-])O)O)O)O)O.[K+],HLCFGWHYROZGBI-JJKGCWMISA-M
2735122.0,C(=O)[O-].[K+],WFIZEGIEIOHZCP-UHFFFAOYSA-M
6096946.0,[NH4+].[NH4+].[O-]S(=O)(=S)[O-],XYXNTHIYBIDHGM-UHFFFAOYSA-N
5284342.0,C(C(=O)O)C(CC(=O)[O-])(C(=O)[O-])O.[NH4+].[NH4+],YXVFQADLFFNVDS-UHFFFAOYSA-N
6328152.0,O=[Bi].Cl,BWOROQSFKKODDR-UHFFFAOYSA-N
472181.0,CN(C)C(=S)[S-].CN(C)C(=S)[S-].[Cu+2],ZOUQIAGHKFLHIA-UHFFFAOYSA-L
23665706.0,C1CCC(CC1)NS(=O)(=O)[O-].[Na+],UDIPTWFVPPPURJ-UHFFFAOYSA-M
8819.0,C1CN(CCN1N=O)N=O,WNSYEWGYAFFSSQ-UHFFFAOYSA-N
70414.0,C1CCN(CC1)C(=S)SSSSSSC(=S)N2CCCCC2,HPFHYRNETZEPIV-UHFFFAOYSA-N
14802.0,O=[Mo](=O)=O,JKQOBWVOAYFWKG-UHFFFAOYSA-N
21845.0,C1CN(CCN1)N=O,CVTIZMOISGMZRJ-UHFFFAOYSA-N
19095.0,CC1=CC(=C(C=C1C)N=NC2=C3C=CC(=CC3=CC(=C2O)S(=O)(=O)[O-])S(=O)(=O)[O-])C.[Na+].[Na+],SWPPXVFKWWEYSV-UHFFFAOYSA-L
22882.0,C1=C(C=C(C(=C1SC2=C(C(=CC(=C2)Cl)Cl)[O-])[O-])Cl)Cl.[Na+].[Na+],FNYZFZRGBBCWBI-UHFFFAOYSA-L
15625.0,C1=C2C(=CC(=C1Cl)Cl)OC3=CC(=C(C=C3O2)Cl)Cl,HGUFODBRKLSHSI-UHFFFAOYSA-N
1148.0,C1=CC=C2C(=C1)C(=CN2)CC(C(=O)O)N,QIVBCDIJIAJPQS-UHFFFAOYSA-N
31291.0,CCCCCCCCCCCCCC=O,UHUFTBALEZWWIH-UHFFFAOYSA-N
13530.0,C(C(=O)C(Cl)Cl)Cl,ZWILTCXCTVMANU-UHFFFAOYSA-N
25153273.0,CCCCN1CN(C=C1)C.Br,OIWSIWZBQPTDKI-UHFFFAOYSA-N
16211072.0,CCN1C=C[N+](=C1)C.[N+](=O)([O-])[O-],JDOJFSVGXRJFLL-UHFFFAOYSA-N
66320.0,[Li+].[Li+].[O-]S(=O)(=O)[O-],INHCSSUBVCNVSK-UHFFFAOYSA-L
71027.0,C1=CC=C(C=C1)C(=CC=O)C2=CC=CC=C2,MWAFWBDWAWZJGK-UHFFFAOYSA-N
66062.0,CN1CCCCC1CCN2C3=CC=CC=C3SC4=C2C=C(C=C4)SC.Cl,NZFNXWQNBYZDAQ-UHFFFAOYSA-N
26204.0,CC(C)CC(=O)C(=O)C,PQCLJXVUAWLNSV-UHFFFAOYSA-N
131674156.0,N.N.Cl.Cl.[Cl-].[Cl-].[Pt+2],QJIMNDWDOXTTBR-UHFFFAOYSA-L
518872.0,[B-](F)(F)(F)F.[K+],AKEBROIVCDHVSD-UHFFFAOYSA-N
1550489.0,C1=CNC(=S)N=C1,HBCQSNAFLVXVAY-UHFFFAOYSA-N
1712094.0,CCO/C=C\1/C(=O)OC(=N1)C2=CC=CC=C2,SJHPCNCNNSSLPL-NTMALXAHSA-N
15412.0,CCCCN(CCCC)C(=S)SSC(=S)N(CCCC)CCCC,PGAXJQVAHDTGBB-UHFFFAOYSA-N
16219385.0,C(CC(=O)O)C(C(=O)O)N.O,OZDAOHVKBFBBMZ-UHFFFAOYSA-N
4350929.0,C(#N)[N-]C#N.[Na+],IXBPPZBJIFNGJJ-UHFFFAOYSA-N
74828.0,C(CCCCl)CCO,JNTPTNNCGDAGEJ-UHFFFAOYSA-N
2756017.0,CC(C)(C)OC(=O)N1C[C@H](C[C@H]1C(=O)O)F,YGWZXQOYEBWUTH-BQBZGAKWSA-N
71404.0,CCOCCOC(=O)C(=C)C,SFPNZPQIIAJXGL-UHFFFAOYSA-N
256687.0,COC(=O)C1=CC=C(C=C1)CBr,NLWBJPPMPLPZIE-UHFFFAOYSA-N
17185.0,CCCCCCCCCCl,RKAMCQVGHFRILV-UHFFFAOYSA-N
18730.0,C1=CC2=C(C=C1N=C=S)C(=O)OC23C4=C(C=C(C=C4)O)OC5=C3C=CC(=C5)O,MHMNJMPURVTYEJ-UHFFFAOYSA-N
17913.0,C1(=C(C(=O)C1=O)O)O,PWEBUXCTKOWPCW-UHFFFAOYSA-N
387179.0,C1=CC(=C(C=C1O)C=O)Br,SCRQAWQJSSKCFN-UHFFFAOYSA-N
67589.0,C1=CC=C(C=C1)C(=O)CC(=O)C(F)(F)F,VVXLFFIFNVKFBD-UHFFFAOYSA-N
137895.0,C(CCCCCCBr)CCCCCO,ASIDMJNTHJYVQJ-UHFFFAOYSA-N
587128.0,CCC(=O)C1=CC(=CC=C1)Cl,PQWGFUFROKIJBO-UHFFFAOYSA-N
67688.0,C1=CC(=C(C=C1[N+](=O)[O-])Cl)F,DPHCXXYPSYMICK-UHFFFAOYSA-N
19022.0,CCCCCCCCCCCCCCCCCBr,HHSDZLLPIXMEIU-UHFFFAOYSA-N
96430.0,C1=CC(=CC=C1C(=O)C(=O)C2=CC=C(C=C2)Br)Br,NYCBYBDDECLFPE-UHFFFAOYSA-N
161929.0,CC(CC(=O)Cl)CC(C)(C)C,GEKPNPPFAYJZRD-UHFFFAOYSA-N
9731.0,C1=CC(=CC=C1N)F,KRZCOLNOCZKSDF-UHFFFAOYSA-N
6993773.0,CC[C@@H](C1=CC=CC=C1)N,AQFLVLHRZFLDDV-VIFPVBQESA-N
77531.0,C1=CN=C(N=C1Cl)Cl,BTTNYQZNBZNDOR-UHFFFAOYSA-N
19838.0,CCOC(=O)C(C)(C)C,HHEIMYAXCOIQCJ-UHFFFAOYSA-N
107882.0,CN1CCC2=C3[C@H]1CC4=C(C3=CC=C2)C(=C(C=C4)O)O.CN1CCC2=C3[C@H]1CC4=C(C3=CC=C2)C(=C(C=C4)O)O.O.Cl.Cl,CXWQXGNFZLHLHQ-DPFCLETOSA-N
20275.0,CCCCCCCCCI,OGSJMFCWOUHXHN-UHFFFAOYSA-N
20282.0,CCCCCCCCCCCCI,GCDPERPXPREHJF-UHFFFAOYSA-N
68119.0,C1=COC(=C1)C(=O)C(=O)C2=CC=CO2,SXPUVBFQXJHYNS-UHFFFAOYSA-N
10308.0,C1CC2=CC=CC=C2NC3=CC=CC=C31,ZSMRRZONCYIFNB-UHFFFAOYSA-N
5321950.0,C/C=C(\C)/C=O,ACWQBUSCFPJUPN-HWKANZROSA-N
5815.0,CNC[C@@H](C1=CC(=C(C=C1)O)O)O.[C@@H]([C@H](C(=O)O)O)(C(=O)O)O,YLXIPWWIOISBDD-NDAAPVSOSA-N
142891.0,CCOC(=O)C1=CC=C(C=C1)I,YCBJOQUNPLTBGG-UHFFFAOYSA-N
68236.0,CC1=NC2=CC=CC=C2C(=O)O1,WMQSKECCMQRJRX-UHFFFAOYSA-N
68297.0,C1=CC=C(C=C1)NC2=CC=CC=C2N,NFCPRRWCTNLGSN-UHFFFAOYSA-N
79358.0,C1(=C(N=C(N=C1N)N)N)N.OS(=O)(=O)O,MQEFDQWUCTUJCP-UHFFFAOYSA-N
104677.0,C1=CC(=C(C=C1SC#N)[N+](=O)[O-])N,QUWHIBBGKKRYFW-UHFFFAOYSA-N
11007.0,CCCCCCCCCCCCCCCCI,KMWHQYDMBYABKL-UHFFFAOYSA-N
60196398.0,CN1[C@@H]2CC[C@H]1CC(C2)OC(=O)C(CO)C3=CC=CC=C3.CN1[C@@H]2CC[C@H]1CC(C2)OC(=O)C(CO)C3=CC=CC=C3.OS(=O)(=O)O,HOBWAPHTEJGALG-JKCMADFCSA-N
5942.0,C(CN)CNCCCN,OTBHHUPVCYLGQO-UHFFFAOYSA-N
11229.0,CCC(C)(C)CC,AEXMKKGTQYQZCS-UHFFFAOYSA-N
68526.0,C1=CC=C(C=C1)OCCBr,JJFOBACUIRKUPN-UHFFFAOYSA-N
11507.0,CCCC(C)CC,VLJXXKKOSFGPHI-UHFFFAOYSA-N
24884197.0,C[N+](C)(C)CC(=O)[O-].O,NJZRLXNBGZBREL-UHFFFAOYSA-N
11598.0,C=CCCC=C,PYGSKMBEVAICCR-UHFFFAOYSA-N
11748.0,CC(=O)C(=O)OC,CWKLZLBVOJRSOM-UHFFFAOYSA-N
4788.0,C1=CC(=CC=C1CCC(=O)C2=C(C=C(C=C2O)O)O)O,VGEREEWJJVICBM-UHFFFAOYSA-N
66068.0,CCN(CC)CCNC(=O)C1=CC=C(C=C1)N.Cl,ABTXGJFUQRCPNH-UHFFFAOYSA-N
92821.0,CCCOC(=O)C(C)O,ILVGAIQLOCKNQA-UHFFFAOYSA-N
12100.0,CCC1=CC=CC(=C1)C,ZLCSFXXPPANWQY-UHFFFAOYSA-N
12127.0,COC1=C(C=C(C=C1)C=O)O,JVTZFYYHCGSXJV-UHFFFAOYSA-N
92822.0,COCC(CO)O,PSJBSUHYCGQTHZ-UHFFFAOYSA-N
12185.0,CCOC(=O)CS,PVBRSNZAOAJRKO-UHFFFAOYSA-N
12394.0,CCCCCCCCCCCCCCCBr,JKOTZBXSNOGCIF-UHFFFAOYSA-N
12527.0,CCCCCCI,ANOOTOPTCJRUPK-UHFFFAOYSA-N
522183.0,C1=CC(=C(C(=C1)Cl)S(=O)(=O)Cl)Cl,WGGKQIKICKLWGN-UHFFFAOYSA-N
12742.0,CCCCCCCCCBr,AYMUQTNXKPEMLM-UHFFFAOYSA-N
12744.0,CCCCCCCCCCCBr,IKPSIIAXIDAQLG-UHFFFAOYSA-N
81364.0,C(CCBr)CCl,NIDSRGCVYOEDFW-UHFFFAOYSA-N
175468.0,C(CCCCCC(=O)O)CCCCCBr,YYKBWYBUCFHYPR-UHFFFAOYSA-N
169664.0,[Cl-].[Cl-].[Cu+2],ORTQZVOHEJQUHG-UHFFFAOYSA-L
69819.0,CCCCCCCCC(=O)Cl,NTQYXUJLILNTFH-UHFFFAOYSA-N
13000.0,CCCCCCCCCCCCCBr,BFDNZQUBFCYTIC-UHFFFAOYSA-N
62672.0,[Be+2].O.O.O.O.[O-]S(=O)(=O)[O-],DIMYTQPLZWDZFE-UHFFFAOYSA-L
13166.0,CCCCCC(C#C)O,VUGRNZHKYVHZSN-UHFFFAOYSA-N
13400.0,CC(=O)C1CCCCC1=O,OEKATORRSPXJHE-UHFFFAOYSA-N
2724588.0,C1=CC(=C(C=C1[N+](=O)[O-])[N+](=O)[O-])S(=O)(=O)O.O.O,NONUFBPOKYHACM-UHFFFAOYSA-N
7054.0,C1=CC=C2C(=C1)C(=O)C(=O)N2,JXDYKVIHCLTXOP-UHFFFAOYSA-N
7090.0,C1CN(NC1=O)C2=CC=CC=C2,CMCWWLVWPDLCRM-UHFFFAOYSA-N
6931391.0,C[C@H]1[C@H](NC(=O)N1C)C2=CC=CC=C2,BGPAZBKCZVVZGF-WPRPVWTQSA-N
7166.0,CC(=O)CC(=O)C1=CC=CC=C1,CVBUKMMMRLOKQR-UHFFFAOYSA-N
7169.0,C1=CC=C(C=C1)C(=O)OC2=CC=CC=C2,FCJSHPDYVMKCHI-UHFFFAOYSA-N
7296.0,CC1CCCC1,GDOPTJXRTPNYNR-UHFFFAOYSA-N
7359.0,CCC(CC)C=O,UNNGUFMVYQJGTD-UHFFFAOYSA-N
27882.0,CC1=C(C=C(C=C1)N)OC,ONADZNBSLRAJFW-UHFFFAOYSA-N
15173.0,COC1=CC=CC=C1C=CC=O,KKVZAVRSVHUSPL-UHFFFAOYSA-N
11764.0,C1=CC2=C(C(=C1)[N+](=O)[O-])C(=CC=C2)[N+](=O)[O-],AVCSMMMOCOTIHF-UHFFFAOYSA-N
4921319.0,C1=C(C=C(C(=C1N)O)[N+](=O)[O-])[N+](=O)[O-],QXYMVUZOGFVPGH-UHFFFAOYSA-N
520263.0,CC1=CC=CC=C1OP(=O)(OC2=CC=CC=C2)OC3=CC=CC=C3,XMNDMAQKWSQVOV-UHFFFAOYSA-N
79154.0,[CH-]1C=CC=C1.[CH-]1C=CC=C1.[Cr+2],TYYBBNOTQFVVKN-UHFFFAOYSA-N
4654.0,C1=CC(=CC=C1CC(C(=O)O)N)F,XWHHYOYVRVGJJY-UHFFFAOYSA-N
22833502.0,C1C=CC=[C-]1.[CH-]1C=CC=C1.Cl[Zr+2]Cl,UAIZNGJUYAVXSY-UHFFFAOYSA-L
6927.0,C1=C(C=C(C(=C1N)O)S(=O)(=O)O)Cl,YCTAOQGPWNTYJE-UHFFFAOYSA-N
23670523.0,C1=CC(=CC=C1N)[As](=O)(O)[O-].[Na+],OUFRIWNNMFWZTM-UHFFFAOYSA-M
10187.0,C1=CC2=CC3=C(C(=CC=C3)O)C(=C2C(=C1)O)O,YUTJCNNFTOIOGT-UHFFFAOYSA-N
7571.0,COC1=CC=C(C=C1)NC2=CC=C(C=C2)OC,VCOONNWIINSFBA-UHFFFAOYSA-N
1549521.0,C1=COC(=C1)/C=C/C=O,VZIRCHXYMBFNFD-HNQUOIGGSA-N
16627.0,C=CC(=O)OCCCl,WHBAYNMEIXUTJV-UHFFFAOYSA-N
10026.0,CCCCCON=O,CSDTZUBPSYWZDX-UHFFFAOYSA-N
720471.0,CC1=CNC(=S)NC1=O,ZLAQATDNGLKIEV-UHFFFAOYSA-N
16719.0,C1=CC=C2C(=C1)C(=CC=C2N)N,OKBVMLGZPNDWJK-UHFFFAOYSA-N
11796.0,C1=CC=C2C(=C1)C(=O)C3=C(C2=O)C=C(C=C3)O,GCDBEYOJCZLKMC-UHFFFAOYSA-N
6680.0,CC1=CC=C(C=C1)NC2=C3C(=C(C=C2)O)C(=O)C4=CC=CC=C4C3=O,LJFWQNJLLOFIJK-UHFFFAOYSA-N
2737408.0,CC(C)(C)OC(=O)C1=CC(=CC=C1)N,YGIRNXMYJLWFLH-UHFFFAOYSA-N
2733708.0,CCOC(=O)CC(=O)C1=CC(=C(N=C1Cl)Cl)F,IEUHWNLWVMLHHC-UHFFFAOYSA-N
17279.0,C1=CC=C2C(=C1)C=C(C3=CC=CC=C23)C#N,CWFIYYOQYVYBPW-UHFFFAOYSA-N
9207.0,C1=CC=C2C=NN=CC2=C1,LFSXCDWNBUNEEM-UHFFFAOYSA-N
17599.0,C1=CC=C2C(=C1)C3=C4C2=CC=CC4=C(C=C3)N,VHGJAFIHUSTRGB-UHFFFAOYSA-N
3014138.0,CC1=C(C(=CC=C1)O)N,FEDLEBCVFZMHBP-UHFFFAOYSA-N
17819.0,CC1=C(C=CC(=C1)O)N,QGNGOGOOPUYKMC-UHFFFAOYSA-N
9261.0,C1=CN=CC=N1,KYQCOXFCLRTKLS-UHFFFAOYSA-N
67579.0,C1=CC=C(C=C1)C2=CC=CC=C2F,KLECYOQFQXJYBC-UHFFFAOYSA-N
95717.0,C1CC2=C(C=C3C=CC4=C5C3=C2C=CC5=CC=C4)C(=O)C1,AIGDHFJPKNZUOR-UHFFFAOYSA-N
9526.0,COS(=O)(=O)C(F)(F)F,OIRDBPQYVWXNSJ-UHFFFAOYSA-N
9707.0,C1=CC=C(C(=C1)O)F,HFHFGHLXUCOHLN-UHFFFAOYSA-N
77378.0,C1=C(N=C(N=C1Cl)Cl)Cl,DPVIABCMTHHTGB-UHFFFAOYSA-N
9865.0,C1CS1,VOVUARRWDCVURC-UHFFFAOYSA-N
5377793.0,CN(C)C1=CC=C(C=C1)/C=C/C2=CC=C(C=C2)[N+](=O)[O-],NVLSIZITFJRWPY-ONEGZZNKSA-N
10241.0,C1=CC=C2C(=C1)C3=CC=CC=C3C2=O,YLQWCDOCJODRMT-UHFFFAOYSA-N
135408753.0,C1=CC=C2C(=C1)C(=O)NC=N2,QMNUDYFKZYBWQX-UHFFFAOYSA-N
93252.0,CN(C)C1=CC=C(C=C1)CCO,CDTPAAZQBPSVGS-UHFFFAOYSA-N
68226.0,C1=CC=C2C(=C1)C(=C3C=CC=CC3=C2Br)Br,BRUOAURMAFDGLP-UHFFFAOYSA-N
10789.0,C1=CC=C(C(=O)C=C1)O,MDYOLVRUBBJPFM-UHFFFAOYSA-N
21501.0,C1=CC2=C(C=C1[N+](=O)[O-])C=NN2,WSGURAYTCUVDQL-UHFFFAOYSA-N
10935.0,C1=CC(=O)NC1=O,PEEHTFAAVSWFBL-UHFFFAOYSA-N
10996.0,CCCCON=O,JQJPBYFTQAANLE-UHFFFAOYSA-N
135403591.0,CN1C=NC2=C1N=C(NC2=O)N,UUWJNBOCAPUTBK-UHFFFAOYSA-N
11101.0,C1=CC=C(C(=C1)C=O)[N+](=O)[O-],CMWKITSNTDAEDT-UHFFFAOYSA-N
541.0,C1=CC(=CC=C1C=O)[N+](=O)[O-],BXRFQSNOROATLV-UHFFFAOYSA-N
65522.0,C1=C(N=C(N=C1Cl)N)Cl,JPZOAVGMSDSWSW-UHFFFAOYSA-N
12961638.0,C1=CC=C2C(=C1)C(=O)OC23C4=CC(=C(C(=C4OC5=C(C(=C(C=C35)I)[O-])I)I)[O-])I.[Na+].[Na+],RAGZEDHHTPQLAI-UHFFFAOYSA-L
11309.0,C1=CC=C2C(=C1)C=C(C3=CC=CC=C23)Br,RSQXKVWKJVUZDG-UHFFFAOYSA-N
6043.0,C1=CC=C2C(=C1)NC(=O)O2,ASSKVPFEZFQQNQ-UHFFFAOYSA-N
11858.0,CCOC(=O)C(C(=O)C)Cl,RDULEYWUGKOCMR-UHFFFAOYSA-N
135442941.0,C1=CC=C2C(=C1)C=CC(=C2N=NC3=CC=C(C=C3)S(=O)(=O)[O-])O.[Na+],CQPFMGBJSMSXLP-UHFFFAOYSA-M
4669250.0,C1=CC2=C(C=C1[N+](=O)[O-])C(=O)C(=O)N2,UNMYHYODJHKLOC-UHFFFAOYSA-N
44368.0,CC1=C2C=C3C=CC4=C5C3=C(C2=CC=C1)C=CC5=CC=C4,PYVWGNPFWVQISD-UHFFFAOYSA-N
81184.0,C1CCC2=NCCCN2CC1,GQHTUMJGOHRCHB-UHFFFAOYSA-N
12635.0,C(#N)C(=C(C#N)C#N)C#N,NLDYACGHTUPAQU-UHFFFAOYSA-N
6259.0,C1=CC=C(C=C1)C(=O)CBr,LIGACIXOYTUXAW-UHFFFAOYSA-N
2201.0,C1=CC=C2C(=C1)C=C3C=CC=CC3=C2C(=O)O,XGWFJBFNAQHLEF-UHFFFAOYSA-N
81829.0,C1=CC=C2C(=C1)C(=O)NN2,SWEICGMKXPNXNU-UHFFFAOYSA-N
6377.0,CC1CN1,OZDGMOYKSFPLSE-UHFFFAOYSA-N
65575.0,C[C@@H]1CC[C@@H]2[C@]13CC[C@@]([C@H](C3)C2(C)C)(C)O,SVURIXNDRWRAFU-OGMFBOKVSA-N
69908.0,CC(=O)C1=CC2=C(C=C1)C3=CC=CC=C3C2,IBASEVZORZFIIH-UHFFFAOYSA-N
6724.0,C1=CC2=C3C(=C1)C(=O)C(=O)C3=CC=C2,AFPRJLBZLPBTPZ-UHFFFAOYSA-N
3884.0,CC(=CCC1=C(C2=CC=CC=C2C(=O)C1=O)O)C,CWPGNVFCJOPXFB-UHFFFAOYSA-N
7018.0,C1C2=CC=CC=C2C(=O)C3=CC=CC=C31,RJGDLRCDCYRQOQ-UHFFFAOYSA-N
7045.0,C1=CC=C2C(=C1)N=CC=N2,XSCHRSMBECNVNS-UHFFFAOYSA-N
71593.0,CN1C=NC2=NC=NC(=C21)N,HCGHYQLFMPXSDU-UHFFFAOYSA-N
70315.0,CN1C(=O)C2=C(N=CN2)N=C1N,RFLVMTUMFYRZCB-UHFFFAOYSA-N
70438.0,CC[Ge](CC)(CC)Cl,CZKMPDNXOGQMFW-UHFFFAOYSA-N
7449.0,C1=CC(=CC(=C1)[N+](=O)[O-])C=O,ZETIVVHRRQLWFW-UHFFFAOYSA-N
74867.0,CC(=O)C1=CC2=C(C=CC3=CC=CC=C32)C=C1,JKVNPRNAHRHQDD-UHFFFAOYSA-N
17652.0,COC1=CC(=C(C=C1)N)OC,GEQNZVKIDIPGCO-UHFFFAOYSA-N
74062.0,C1=CC=C2C(=C1)C=C3C=CC=CC3=C2Br,ZIRVQSRSPDUEOJ-UHFFFAOYSA-N
78490.0,C1=CC=C2C(=C1)C(=NN=C2Cl)Cl,ODCNAEMHGMYADO-UHFFFAOYSA-N
28308.0,C1=CC=C2C=C3C=C(C=CC3=CC2=C1)Cl,OWFINXQLBMJDJQ-UHFFFAOYSA-N
25208.0,CC1(C2CCC1(C(=O)C2=O)C)C,VNQXSTWCDUXYEZ-UHFFFAOYSA-N
82703.0,C1=CC=C2C(=C1)C(=C3C=CC=CC3=C2Cl)C=O,SHYBXXMECBHHFH-UHFFFAOYSA-N
14586.0,C1=CC=C2C(=C1)C=C3C=CC=CC3=C2C#N,KEQZHLAEKAVZLY-UHFFFAOYSA-N
8553.0,C1=CC=C2C(=C1)C(=O)C3=C(C2=O)C=C(C=C3)Cl,FPKCTSIVDAWGFA-UHFFFAOYSA-N
73848.0,C1=CC=C2C(=C1)C=C3C=CC=CC3=C2CO,JCJNNHDZTLRSGN-UHFFFAOYSA-N
65275.0,COC1=NC(=NC2=C1NC=N2)N,BXJHWYVXLGLDMZ-UHFFFAOYSA-N
9164.0,C1=CC=C2C=C3C4=CC=CC=C4C5=CC=CC=C5C3=CC2=C1,RAASUWZPTOJQAY-UHFFFAOYSA-N
15529.0,C1=CC=C(C=C1)N=NC2=CC=C(C=C2)O,BEYOBVMPDRKTNR-UHFFFAOYSA-N
159678.0,O.O.O.O.O.O.O.O.O=[Zr].Cl.Cl,FUBACIUATZGHAC-UHFFFAOYSA-N
21645.0,[NH3+]O.[Cl-],WCYJQVALWQMJGE-UHFFFAOYSA-M
1539.0,C1C2=CC=CC=C2C3=C1C=C(C=C3)N,CFRFHWQYWJMEJN-UHFFFAOYSA-N
14589.0,C1CC2=CC=CC=C2C(=O)C3=CC=CC=C31,BMVWCPGVLSILMU-UHFFFAOYSA-N
15078.0,C1(=NC(=NN1)N)N,PKWIYNIDEDLDCJ-UHFFFAOYSA-N
15427.0,CC1=NC2=CC=CC=C2C1(C)C,FLHJIAFUWHPJRT-UHFFFAOYSA-N
8446.0,CC1=NC2=CC=CC=C2S1,DXYYSGDWQCSKKO-UHFFFAOYSA-N
5377323.0,C1=CC=C(C=C1)C(=O)/C=C/C2=CC=C(C=C2)[N+](=O)[O-],WDZGGAFMGIOIQS-DHZHZOJOSA-N
24934.0,[O-][Se](=O)[O-].[Na+].[Na+],BVTBRVFYZUCAKH-UHFFFAOYSA-L
736715.0,C1=C(NC=N1)/C=C/C(=O)O,LOIYMIARKYCTBW-OWOJBTEDSA-N
2736548.0,C1=CC(=C(C=C1C(=O)Cl)Cl)F,DLZUHSFUBZTBQZ-UHFFFAOYSA-N
158333.0,CC(C)(C)C1=CC=CC=C1OP(=O)(OC2=CC=CC=C2)OC3=CC=CC=C3,VDIFKDMFGPIVCQ-UHFFFAOYSA-N
34697.0,CC(C)CCCCCCCOP(=O)(OC1=CC=CC=C1)OC2=CC=CC=C2,RYUJRXVZSJCHDZ-UHFFFAOYSA-N
26176.0,CC(CCl)OP(=O)(OC(C)CCl)OC(C)CCl,KVMPUXDNESXNOH-UHFFFAOYSA-N
6527.0,CC1=CC=CC=C1OP(=O)(OC2=CC=CC=C2C)OC3=CC=CC=C3C,YSMRWXYRXBRSND-UHFFFAOYSA-N
16221.0,CCCCCCCCCCCCCCCCN(C)C,NHLUVTZJQOJKCC-UHFFFAOYSA-N
8370.0,C1(=C(C(=C(C(=C1Cl)Cl)Cl)Cl)Cl)Cl,CKAPSXZOOQJIBF-UHFFFAOYSA-N
23668817.0,CCCCCCCCCCCC(=O)N(C)CC(=O)[O-].[Na+],KSAVQLQVUXSOCR-UHFFFAOYSA-M
17095.0,CCCCCCCCCCCC=C,VQOXUMQBYILCKR-UHFFFAOYSA-N
18815.0,CCCCCCCCCCCCCCCCCCCl,VUQPJRPDRDVQMN-UHFFFAOYSA-N
3220.0,CC1=CC2=C(C(=C1)O)C(=O)C3=C(C2=O)C=C(C=C3O)O,RHMXXJGYXNZAPX-UHFFFAOYSA-N
10868.0,C1CCC(CC1)N=C=NC2CCCCC2,QOSSAOTZNIDXMA-UHFFFAOYSA-N
16682746.0,CCCC[Sn](CCCC)(CCCC)O[Sn](CCCC)(CCCC)CCCC,APQHKWPGGHMYKJ-UHFFFAOYSA-N
736366.0,C1=CC=C2C(=C1)C=CC=C2NC(=S)N,PIVQQUNOTICCSA-UHFFFAOYSA-N
6905.0,C1(=C(C(=C(C(=C1Br)Br)Br)Br)Br)Br,CAYGQBVSOZLICD-UHFFFAOYSA-N
6278.0,CC(Cl)(Cl)Cl,UOCLXMDMGBRAIB-UHFFFAOYSA-N
6506.0,CCOC(=O)CC(CC(=O)OCC)(C(=O)OCC)O,DOOTYTYQINUNNV-UHFFFAOYSA-N
34.0,C(CCl)O,SZIFAVKTNFCBPC-UHFFFAOYSA-N
8063.0,CCCCC=O,HGBOYTHUEUWSSQ-UHFFFAOYSA-N
7714.0,CCCCCCCC1CCC(=O)O1,PHXATPHONSXBIL-UHFFFAOYSA-N
7762.0,CCCC(=O)OCC,OBNCKNCVKJNDBV-UHFFFAOYSA-N
23675081.0,CC1=CC(=O)/C(=C(/C)\[O-])/C(=O)O1.[Na+],DSOWAKKSGYUMTF-GZOLSCHFSA-M
14257.0,CCCCCCCCCCC,RSJKGSCJYJTIGS-UHFFFAOYSA-N
25059.0,C(#N)C(C(=O)N)(Br)Br,UUIVKBHZENILKB-UHFFFAOYSA-N
67000.0,CC1(C(=O)NC(=O)N1CO)C,SIQZJFKTROUNPI-UHFFFAOYSA-N
9257.0,C1=NC=NN1,NSPMIYGKQJPBQR-UHFFFAOYSA-N
517055.0,C1=CC=C(C=C1)C(=O)[O-].[Na+],WXMKPNITSTVMEF-UHFFFAOYSA-M
23685289.0,C1=CC(=S)N(C=C1)[O-].[Na+],XNRNJIIJLOFJEK-UHFFFAOYSA-N
54675776.0,C[C@@]1([C@H]2C[C@H]3[C@@H](C(=O)C(=C([C@]3(C(=O)C2=C(C4=C1C=CC=C4O)O)O)O)C(=O)N)N(C)C)O,NWXMGUDVXFXRIG-WESIUVDSSA-N
61073.0,CC1=CCCC(C1C=C(C)C(=O)C)(C)C,JRJBVWJSTHECJK-UHFFFAOYSA-N
15981450.0,CC1=CC2=C(C=C1C(F)(F)F)N(CC2)C(=O)NC3=CN=C(C=C3)OC4=C(N=CC=C4)C.Cl,OOOGUILTDUSZPA-UHFFFAOYSA-N
6479.0,CC1(C(=O)N(C(=O)N1Br)Br)C,VRLDVERQJMEPIF-UHFFFAOYSA-N
7986.0,CCCCOC(=O)CCCCCCCCC(=O)OCCCC,PYGXAGIECVVIOZ-UHFFFAOYSA-N
444305.0,[C@@H]([C@H](C(=O)O)O)(C(=O)O)O,FEWJPZIEWOKRBE-JCYAYHJZSA-N
23683938.0,C([C@H]([C@@H]1C(=C(C(=O)O1)O)[O-])O)O.[Na+],PPASLZSBLFJQEF-RKJRWTFHSA-M
16003.0,CCCN(CCC)C(=O)SCCC,OKUGPJPKMAEJOE-UHFFFAOYSA-N
3286.0,CCOP(=S)(OCC)SCSP(=S)(OCC)OCC,RIZMRRKBZQXFOY-UHFFFAOYSA-N
18205.0,C[N+](C)(C)CC1CO1.[Cl-],PUVAFTRIIUSGLK-UHFFFAOYSA-M
6545.0,CC(C)(C)OOC(C)(C)CCC(C)(C)OOC(C)(C)C,DMWVYCCGCQPJEA-UHFFFAOYSA-N
60196403.0,COC1=CC=CC(=C1)C2=C(C=C(C=C2)/C=C\CN3CCCCCC3)Cl.Cl,PUFYTIICXQIWOC-CFYXSCKTSA-N
6582.0,CC(=O)NC,OHLUUHNLEMFGTQ-UHFFFAOYSA-N
6439420.0,CC(C)(C)C1=CC(=CC(=C1O)C(C)(C)C)/C=C\2/C(=O)N=C(S2)N.CS(=O)(=O)O,BAZGFSKJAVQJJI-CHHCPSLASA-N
53316382.0,C1=CC(=CC(=C1)F)CN2C3=C(C=C(C=C3)F)C=C2C(=O)NC4=CC5=C(C=C4)NC=C5,OCSHTBUKRNOLMC-UHFFFAOYSA-N
9865514.0,CC1=CC2=C3C(=C1)C(=N[C@H](C(=O)N3CC2)NC(=O)C4=CC=NC=C4)C5=CC=CC=C5,KYFWUBJMTHVBIF-QFIPXVFZSA-N
23674746.0,CCC1=C2C(=CC(=C1)C3=C(N(S(=O)(=O)C4=CC=CC=C43)C5=CC=CC=C5C(F)(F)F)C(=O)[O-])OCO2.[K+],MZWCHWWQSPPZRH-UHFFFAOYSA-M
9821217.0,COC1=C(C=C(C=C1)OC(F)(F)F)CN[C@H]2CCCN[C@H]2C3=CC=CC=C3,ZIWFCOIGUNPHPM-HKUYNNGSSA-N
6451325.0,C1[C@H]([C@H](CN1C(=O)[C@@H]([C@H](CC2=CC=CC=C2)NC(=O)C3=CC4=C(N3)C=CC(=C4)Cl)O)O)O,GVDRRZOORHCTAN-MJUUVYJYSA-N
9799979.0,CCC1=NN(C2=C1C=CC(=C2)C3(CCC(CC3)C(=O)O)C#N)C4CCCCC4,PRUGWHGQBHEDAX-UHFFFAOYSA-N
9831581.0,CCOC1=NC2=C(C=C1)NC=C(C2=O)C(=O)NCC3=CC=CC=C3,DGFVZQGXKQCQGK-UHFFFAOYSA-N
60196399.0,CC(C)C1=C(C(=CC=C1)C(C)C)NC(=O)[N-]S(=O)(=O)C2=CC(=CO2)C(C)(C)O.[Na+],PTMPFOHRBHYITC-UHFFFAOYSA-M
3086618.0,C1C[C@H](CN(C1)CCC2=CC3=C(C=C2)OCO3)OC(C4=CC=CC=C4)C5=CC=CC=C5,BDNFQGRSKSQXRI-XMMPIXPASA-N
7784.0,CCCCOC(=O)CCCCC(=O)OCCCC,XTJFFFGAUHQWII-UHFFFAOYSA-N
6918686.0,CCCCN1C(=O)[C@H](NC(=O)C12CCN(CC2)CC3=CC=C(C=C3)OC4=CC=C(C=C4)C(=O)O)[C@@H](C5CCCCC5)O.Cl,QNNBMSGFNQRUEH-PQQSRXGVSA-N
10483134.0,CCN1CCC2(CC1)COC3=C2C=C4C(=C3)CCN4C(=O)C5=CC=C(C=C5)C6=C(C=C(C=C6)C7=NN=C(O7)C)C.Cl,LVCMHQCPNBYOGQ-UHFFFAOYSA-N
193943.0,CC(=O)C1=CC2=C(C=C1)OC([C@@H]([C@H]2NC(=O)C3=CC=C(C=C3)F)O)(C)C,RCLXAPJEFHPYEG-ZWKOTPCHSA-N
18173271.0,CC1=NC(=NO1)C2=CC3=C(CCN(CC3)CCC4CCC(CC4)NC(=O)/C=C/C5=CC=C(C=C5)F)C=C2.Cl,ALRFQTSUTVIUOX-AWFSDRIXSA-N
53257735.0,CC1=NC2=CC=CC=C2N1C3CC4CCC(C3)N4CCC5(CCN(CC5)C(=O)C6=CC(=C(C=C6Cl)F)S(=O)(=O)NC)C7=CC(=CC=C7)F,AWXQYTLSBPWDMJ-UHFFFAOYSA-N
153939.0,C1[C@H](C2=C(O1)C=C(C=C2)OCC3=CC=CC=C3)N(C(=O)N)O,FYAQEFBDKOWIIL-CQSZACIVSA-N
170364.0,CC1=C(N=C(O1)C2=CC=CC=C2)CCOC3=CC=C(C=C3)C[C@@H](C(=O)O)NC4=CC=CC=C4C(=O)C5=CC=CC=C5,ZZCHHVUQYRMYLW-HKBQPEDESA-N
60196400.0,CCN(C(C)C)C(=O)C1=CC(=CC(=C1)C)OC[C@H](C)NC2=CC=NC=C2.CC1=CC=C(C=C1)S(=O)(=O)O,DGYJWEFQVJQFIA-LMOVPXPDSA-N
11472813.0,C1=CC(=C(C=C1N(CC(=O)N)CC(F)(F)F)C(F)(F)F)C#N,ZDYGKWOTFUOWOA-UHFFFAOYSA-N
6914152.0,CN1CCN(CC1)C2=CC=CC=C2/C=C\3/C(=O)N(CCS3)C4=CC(=C(C=C4)Cl)Cl,LHYMPSWMHXUWSK-STZFKDTASA-N
9931156.0,C1=CC=C(C=C1)OC2=NC=CC(=N2)C3=C(N=CN3C(CO)CO)C4=CC=C(C=C4)F,ZDKIAVFEUPUCMR-UHFFFAOYSA-N
10233356.0,CCC1=C(C=CC(=C1)SCC2=C(N=C(S2)C3=CC=C(C=C3)C(F)(F)F)CN4CCN(CC4)C5=CC=C(C=C5)OC)OCC(=O)O,CESIUPFUCGHEPP-UHFFFAOYSA-N
5481119.0,CCN1C(=CC(=N1)CC2=CC=CC=C2)C3CCN(CC3)C[C@H]4C[C@@H](C[C@@H]4C5=CC(=CC=C5)F)N(C)[C@H](C(C)C)C(=O)O,ZTENZJJCFACIAK-ADWVOTLJSA-N
53316396.0,C1=CC(=CC(=C1)C2=N[N-]C(=N2)C(=O)N)C3=C(C=CC(=C3)F)OCC(C(F)(F)F)(F)F.O.[K+],HEJCGNRJBFSGRM-UHFFFAOYSA-M
9865233.0,CC(C)(C1=NC2=NC=C(N2N=C1)C3=CC(=C(C=C3)F)C4=C(C=CC=C4F)C#N)O,PCZLQMGFNUNVOM-UHFFFAOYSA-N
60196401.0,CCCCC1=NC2=C(C=C1)[C@@H]([C@H]([C@@H]2C3=C(C=C(C=C3)OC)C[C@H](C)C(=O)[O-])C(=O)[O-])C4=CC5=C(C=C4)OCO5.[Na+].[Na+],UYBBLNHJCUVUCT-KODQONTISA-L
9882837.0,C1C2C(C3=C1C=C(C=C3)Cl)(N=C(S2)C4=CC=CC=C4)O,RUBKYBIDEVUTQU-UHFFFAOYSA-N
60196402.0,CN(C)C(=O)NC1(CCN(CC1)CC[C@]2(CN(CCO2)C(=O)C3=CC=CC=C3)C4=CC(=C(C=C4)F)F)C5=CC=CC=C5.Cl,CUYCXSCEWNTJEZ-WAQYZQTGSA-N
9938990.0,CN(C)C(=O)NC1(CCN(CC1)CCC[C@@]2(CCCN(C2)C(=O)C3=CC=CC=C3)C4=CC(=C(C=C4)Cl)Cl)C5=CC=CC=C5,XWPBINGFFFZAOZ-UMSFTDKQSA-N
178019.0,CC(C)C1=C(C=C(C=C1)C(=O)N=C(N)N)S(=O)(=O)C.CS(=O)(=O)O,FNDLQABGYJQJPH-UHFFFAOYSA-N
9842616.0,C1CC2CC(CC1N2C3=NC=CC=N3)NCC(=O)N4CC(C[C@H]4C#N)(F)F,FEUYWSUGGBUMAB-BOADVZGGSA-N
9909677.0,CCN(CC)CCNC1=C2C(=C(C=C1)CNC=O)SC3=C(C2=O)C=C(C=C3)OC,GWLFIMOOGVXSMZ-UHFFFAOYSA-N
9954540.0,C1CCN[C@@H](C1)[C@H](C2=CC=CC=C2)NC(=O)C3=C(C(=CC=C3)C(F)(F)F)Cl,MEZRZVWPLXVLSO-WMZOPIPTSA-N
44235958.0,C[C@@H]1CCC[C@@H](N1CC2=CC=C(C=C2)C[C@H](C(=O)N(C)C(C)C)NC(=O)C[C@H](C3=CC4=C(C=C3)OCO4)NS(=O)(=O)C5=CC6=C(C=C5)C=C(C=C6)OC)C.Cl,GLHHFOSVBQQNAW-GDYXXZBVSA-N
9869105.0,C1CN(CCN1CCC2=CC(=O)N(C3=C2C=CC(=C3)F)CC(=O)N)C4=NC=CC5=C4C=CS5,JDLYOFUDIKMYBL-UHFFFAOYSA-N
9824131.0,CC(C)[C@@H](C(=O)N[C@H]1CC2=CC=CC=C2[C@H]3CCC[C@H](N3C1=O)C(=O)O)SC(=O)C,FXKFFTMLFPWYFH-RDGPPVDQSA-N
9849616.0,CCC1=C(N(N=C1C(=O)NN2CCCCC2)C3=C(C=C(C=C3)Cl)Cl)C4=CC=C(C=C4)Br,HMXDWDSNPRNUKI-UHFFFAOYSA-N
9895468.0,CN(C)C(=O)[C@@H]1C[C@H](CN1[C@]2(C3=C(C=CC(=C3)Cl)N(C2=O)S(=O)(=O)C4=C(C=C(C=C4)OC)OC)C5=CC=CC=C5OC)O,NJXZWIIMWNEOGJ-WEWKHQNJSA-N
60196405.0,C1CN2CCC1[C@@H](C2)[C@@H](C3=CC=CC=C3)NC(=O)C4=C(C=CC(=C4Cl)C(F)(F)F)Cl.Cl,QVUNQDRANLXLAJ-FOWJKZASSA-N
9797360.0,C1CN2CCC1N(CC2)C(=O)OC3=CC=C(C=C3)Br,RXLOZRCLQMJJLC-UHFFFAOYSA-N
21935081.0,CCOC(=O)COC1=CC2=C(CCC(C2)NCC(C3=CC(=CC=C3)Cl)O)C=C1.Cl,NQIZCDQCNYCVAS-UHFFFAOYSA-N
53316380.0,CCOC(=O)[C@]1([C@H](C2=CC=CC=C2O1)N)C3=CC=CC=C3,MFYQEXGNAIUHIE-DOTOQJQBSA-N
5311271.0,COC1=CC=CC(=C1OC)[C@@H](C2CCN(CC2)CCC3=CC=C(C=C3)F)O,HXTGXYRHXAGCFP-OAQYLSRUSA-N
24852044.0,CC[C@@H](C1=CC=CC=C1)NC(=O)C2=C(C=CC(=C2)F)[N-]S(=O)(=O)C3=CC=CC4=C3N=CC=C4.[Na+],USXOYRFFKSZUAN-BOXHHOBZSA-M
10201497.0,COC1=CC=C(C=C1)C(=O)NC2=NC3=CC=CC=C3C(=C2C#N)NCC4=CC=CC=C4,FFHQNQNMELQOEF-UHFFFAOYSA-N
24798733.0,C1=CC=C(C(=C1)C(=O)O)N2C=C(C(=O)C3=CC(=C(C=C32)Cl)NC4=C(C=C(C=C4Cl)F)F)C(=O)O,OEMJXSVJXPIFMA-UHFFFAOYSA-N
12148754.0,C1CN(CCC1C(=O)O)C2=C(C=C(C=C2)F)NC(=O)NC(=O)C3=CC(=C(C=C3Cl)F)F,KAJJGOCSAXKXBD-UHFFFAOYSA-N
60196409.0,C1CC1N2CCC(CC2)NC(=O)C3=NC4=C(N3CC5=NOC(=C5)C6=CC=C(S6)Cl)C=CC(=C4)C(=O)[O-].[Na+],RPRGCEXAPSMSJT-UHFFFAOYSA-M
60196410.0,CC(C)N1CCC(CC1)NC(=O)C2=CC3=CC(=NC=C3N2CC(=O)NC4=NC=C(C=C4)Cl)OCCOC.CC(=O)O,XGGRLKVDUXPILZ-UHFFFAOYSA-N
60196411.0,CC(=O)NC1(CCN(CC1)CC[C@]2(CN(C(=O)CO2)C3=CC=CC=C3)C4=CC(=C(C=C4)Cl)Cl)C5=CC(=CC=C5)F.C(CC(=O)O)C(=O)O,XGCWGIQCKROJJU-YNMZEGNTSA-N
16654936.0,CCOC(=O)C1=CC=C(C=C1)C2CCC(CC2)NC[C@@H](COC3=CC(=C(C=C3)O)NS(=O)(=O)C)O.Cl,VEZDPEGPNPRTOH-JSZWSAAYSA-N
25099474.0,CC1=CN(C2=C1C=C(C=C2)F)NC(=O)C3=CN=C(N=C3C)C4=CC=CC=N4,YNVKAENVJKEMOU-UHFFFAOYSA-N
9951932.0,CC1=NC=C(C=N1)[C@@H](CCCCCCC2=NC3=C(CCCN3)C=C2)CC(=O)O,NJDBZBVQIMZWPP-SFHVURJKSA-N
24809526.0,C1CC(CCC1NC2=NC=NC3=C2C=NN3)OC[C@@H](C4=CC=CC=C4F)F,GHKNHBRWJYMSHK-FVKWTLKZSA-N
60196412.0,CC(C)[C@@]1(CC[C@H](C1)[NH2+][C@H]2CCOC[C@H]2OC)C(=O)N3CCC4=C(C3)C=C(C=N4)C(F)(F)F.C(CC(=O)[O-])C(=O)O,WPPJJJUIDYHHSM-PXUYIWLPSA-N
44578765.0,CCOC1=CC=CC(=C1)N2C=C(N=C2C3=CC=C(C=C3)C)C(=O)N4CCN(CC4)C5=CC6=CC=CC=C6C(=C5)C(=O)[O-].[Na+],KQJNPHDTBVUCDU-UHFFFAOYSA-M
23674889.0,CCC1(C(=O)NC(=NC1=O)[O-])C2=CC=CC=C2.[Na+],WRLGYAWRGXKSKG-UHFFFAOYSA-M
61253.0,CCCCCCCCOC(=O)C1=CC(=C(C(=C1)O)O)O,NRPKURNSADTHLJ-UHFFFAOYSA-N
13223.0,C1C2C=CC1C3C2C(=O)OC3=O,KNDQHSIWLOJIGP-UHFFFAOYSA-N
6629.0,CC(C)(C1=CC=CC=C1)OO,YQHLDYVWEZKEOX-UHFFFAOYSA-N
31249.0,CCOC(=O)CCC(=O)OCC,DKMROQRQHGEIOW-UHFFFAOYSA-N
6427097.0,CC(C)CCCCCCOC(=O)CCCCC(=O)OCCCCCCC(C)C,AYWLCKHHUFBVGJ-UHFFFAOYSA-N
131668102.0,C(CNC(=S)S)NC(=S)S.C(CN=C([S-])[S-])N=C([S-])[S-].[Mn+2].[Zn+2],CHNQZRKUZPNOOH-UHFFFAOYSA-J
94037.0,CCCCC(CC)COC(=O)CCCCC(=O)OCC1=CC=CC=C1,OOUQSWGHJPCRLI-UHFFFAOYSA-N
20478723.0,CCCCCCCCCCCCCCCS(=O)(=O)OC1=CC=CC=C1,UDKSLGIUCGAZTK-UHFFFAOYSA-N
16224.0,CCCCCCCCN(C)C,UQKAOOAFEFCDGT-UHFFFAOYSA-N
31253.0,CC(=CCCC(=C)C=C)C,UAHWPYUMFXYFJY-UHFFFAOYSA-N
8831.0,CC(C)COC(=O)CCCCC(=O)OCC(C)C,RDOFJDLLWVCMRU-UHFFFAOYSA-N
78202.0,CCCCCCCCN(C)CCCCCCCC,YJLYANLCNIKXMG-UHFFFAOYSA-N
62459.0,CCCCCCCCCCCCN1CCCC1=O,NJPQAIBZIHNJDO-UHFFFAOYSA-N
23665770.0,CCCCCCCCCCCCCCOS(=O)(=O)[O-].[Na+],UPUIQOIQVMNQAP-UHFFFAOYSA-M
77797.0,CCNS(=O)(=O)C(C(C(C(C(C(C(C(F)(F)F)(F)F)(F)F)(F)F)(F)F)(F)F)(F)F)(F)F,CCEKAJIANROZEO-UHFFFAOYSA-N
71245.0,CCOC1=CC=C(C=C1)C(C)(C)COCC2=CC(=CC=C2)OC3=CC=CC=C3,YREQHYQNNWYQCJ-UHFFFAOYSA-N
67821.0,C(=O)(C(C(C(C(C(C(C(C(F)(F)F)(F)F)(F)F)(F)F)(F)F)(F)F)(F)F)(F)F)O,UZUFPBIDKMEQEQ-UHFFFAOYSA-N
23695542.0,CCCCCCCCCCCCCCCCOS(=O)(=O)[O-].[Na+],GGHPAKFFUZUEKL-UHFFFAOYSA-M
7797.0,CCCCCCC(=O)OCC,TVQGDYNRXLTQAP-UHFFFAOYSA-N
7795.0,CCCC(=O)OCCC(C)C,PQLMXFQTAMDXIZ-UHFFFAOYSA-N
2374.0,CC(C)(C)C1=CC(=C(C=C1O)C(C)(C)C)O,JZODKRWQWUWGCD-UHFFFAOYSA-N
3033865.0,CCOC(=O)C1=NN(C(=N1)C(Cl)(Cl)Cl)C2=C(C=C(C=C2)Cl)Cl,GMBRUAIJEFRHFQ-UHFFFAOYSA-N
7309.0,CCC1=CC(=C(C=C1)O)C(C)(C)C,LZHCVNIARUXHAL-UHFFFAOYSA-N
77463.0,CN(C)CCCN(C)CCCN(C)C,SKCNNQDRNPQEFU-UHFFFAOYSA-N
33258.0,CC1=CC(=C(C=C1S(=O)(=O)[O-])OC)N=NC2=C(C=CC3=C2C=CC(=C3)S(=O)(=O)[O-])O.[Na+].[Na+],CEZCCHQBSQPRMU-UHFFFAOYSA-L
67542.0,C(=O)(C(C(C(C(C(F)(F)F)(F)F)(F)F)(F)F)(F)F)O,PXUULQAPEKKVAH-UHFFFAOYSA-N
23678874.0,C(C(C(C(F)(F)S(=O)(=O)[O-])(F)F)(F)F)(C(C(F)(F)F)(F)F)(F)F.[K+],RSCGQEBKFSGWJT-UHFFFAOYSA-M
69619.0,C(CO)C(C(C(C(C(C(C(C(F)(F)F)(F)F)(F)F)(F)F)(F)F)(F)F)(F)F)(F)F,JJUBFBTUBACDHW-UHFFFAOYSA-N
4790.0,CCOP(=S)(OCC)SCSCC,BULVZWIRKLYCBC-UHFFFAOYSA-N
12668.0,C1CC=CCCC=CCCC=C1,ZOLLIQAKMYWTBR-UHFFFAOYSA-N
93118.0,CC(C1=CC=C(C=C1)O)(C2=CC=C(C=C2)O)C3=CC=C(C=C3)O,BRPSWMCDEYMRPE-UHFFFAOYSA-N
15436.0,CC(C)(C=NO)SC,ZFGMCJAXIZTVJA-UHFFFAOYSA-N
16682828.0,CCCC[Sn](CCCC)(CCCC)OC(=O)C(=C)C,LPUCKLOWOWADAC-UHFFFAOYSA-M
91741.0,C1=CC(=C(C(=C1)F)C(=O)NC(=O)NC2=CC(=C(C(=C2)Cl)OC(C(F)F)(F)F)Cl)F,RGNPBRKPHBKNKX-UHFFFAOYSA-N
69785.0,C(C(C(C(C(F)(F)S(=O)(=O)N)(F)F)(F)F)(F)F)(C(C(C(F)(F)F)(F)F)(F)F)(F)F,RRRXPPIDPYTNJG-UHFFFAOYSA-N
90258.0,CCO[Si](CCCNC(=O)N)(OCC)OCC,LVNLBBGBASVLLI-UHFFFAOYSA-N
27195.0,C1=CC=C(C=C1)NC(=O)C2=CC=CC=C2I,LJOZMWRYMKECFF-UHFFFAOYSA-N
60768.0,CN([C@H]1CC[C@@]2(CCCO2)C[C@@H]1N3CCCC3)C(=O)CC4=C5C=COC5=CC=C4,JMBYBVLCYODBJQ-HFMPRLQTSA-N
16421.0,CCOP(=S)(C1=CC=CC=C1)OC2=CC=C(C=C2)[N+](=O)[O-],AIGRXSNSLVJMEA-UHFFFAOYSA-N
18992283.0,C1CCC2=NC3=C(CN2CC1)C(=CC(=C3)Cl)Cl.Cl,KPVQNWQDBLOUQW-UHFFFAOYSA-N
462368.0,CC[C@H](C)[C@@H](C(=O)O)N1C(=O)C2=CC=CC=C2S1,FUSYFEXGXRDJNB-KWQFWETISA-N
54687772.0,CC1=CC(=C(C=C1CO)C(C)(C)C)SC2=C(C[C@@](OC2=O)(CCC3=CC=C(C=C3)N)C(C)C)O,ZUBPKHVCBGWWGO-NDEPHWFRSA-N
135418174.0,CCN1C2=C(C(=N1)C)N=C(CNC2=O)C3=CC=C(C=C3)O,BEOZJBLIRPRMJM-UHFFFAOYSA-N
10021362.0,C1CN(CCC1(C2=CC=C(C=C2)F)O)[C@@H]3COC4=C([C@@H]3O)C=CC(=C4)O,JGYVZUCCBOVDJE-MJGOQNOKSA-N
9869142.0,C1CCC(C1)(C(=O)NO)N(CCC(=O)O)S(=O)(=O)C2=CC=C(C=C2)OC3=CC=C(C=C3)F,VHHGUBHZBLPTKL-UHFFFAOYSA-N
9866250.0,C1COCCC1(C(=O)NO)NS(=O)(=O)C2=CC=C(C=C2)OC3=CC=C(C=C3)F,ZBRHTUMWSDPCMI-UHFFFAOYSA-N
10132209.0,C[C@@H]1CN(C[C@@H](N1C2=NC(=NC=C2)[C@@H](C)O)C)C3=NC(=NC(=N3)C)C,FTEQMUXMWCGJAF-GRYCIOLGSA-N
13961743.0,CC(C)OC1=C(SC2=C1C=C(C=C2)OC)C(=O)NC3=NN=N[N-]3.[Na+],UCLODRCAPZIYOW-UHFFFAOYSA-M
156328.0,C1CN(CCC1CC2=CC=C(C=C2)F)CCS(=O)C3=CC4=C(C=C3)NC(=O)O4,FCBQJNCAKZSIAH-UHFFFAOYSA-N
9984487.0,CC1=CC(=CC2=C1NC(=O)CC2(C)C)CCN3CCN(CC3)C4=NSC5=CC=CC=C54.CS(=O)(=O)O,SRGGJELKHPOIIN-UHFFFAOYSA-N
9935274.0,CC1=NC=CN1C2=CC=C(C=C2)SC3=CC=CC(=C3)C4(CCOCC4)C(=O)N.CS(=O)(=O)O,WRQQAESBKZTAFL-UHFFFAOYSA-N
18551400.0,CC(CC1=CC=C(C=C1)OCC(=O)O)NCC(C2=CSC(=N2)C(F)(F)F)O,YVIXXPCJZAUQHJ-UHFFFAOYSA-N
9839190.0,CNCC1=CC=C(C=C1)NC(=O)C2=CNC3=C2C(=O)CCC3,XFJIYNUISLDNLP-UHFFFAOYSA-N
10407399.0,CC(C)(C1=CC=C(C=C1)CNC(=O)C2=C(N=CC=C2)OC3=CC=C(C=C3)F)O,UHBUSMAHWHZQKS-UHFFFAOYSA-N
10145345.0,CC[C@@H]1C[C@@H](C2=C(N1C(=O)OC(C)C)C=CC(=C2)C(F)(F)F)N(CC3=CC(=CC(=C3)C(F)(F)F)C(F)(F)F)C(=O)C,TUPKOWFPVAXQFP-OFNKIYASSA-N
9861124.0,CNCC1=C(C=CC(=C1)F)OC2=CC(=C(C=C2)Cl)Cl,FQEBOQLYHASAOY-UHFFFAOYSA-N
9865929.0,CC(C)(C1=CC=C(C=C1)CNC(=O)C2=C(N=CC=C2)OC3=CC4=NON=C4C=C3)O,QYZRHDNGOVTVDB-UHFFFAOYSA-N
5362417.0,COCCOC[C@H](CC1(CCCC1)C(=O)NC2CCC(CC2)C(=O)O)C(=O)OC3=CC4=C(CCC4)C=C3,ZTWZVMIYIIVABD-RZMWZJFBSA-N
9867605.0,COCC1=NN=C(N1C2=C3C(=CC(=C2Cl)Cl)NC(=O)C(=O)N3)C4=C[N+](=CC=C4)[O-],IEMAQDHGZOPMNI-UHFFFAOYSA-N
9810771.0,CN(C[C@@H](CC[N+]12CCC(CC1)(CC2)C3CCCCC3)C4=CC(=C(C=C4)Cl)Cl)C(=O)C5=CC(=CC(=C5)C(F)(F)F)C(F)(F)F.CS(=O)(=O)[O-],JEJYYKZPVIEEAS-MWLZSUMNSA-M
135430996.0,CCCOC1=C(C=C(C=C1)S(=O)(=O)N2CCN(CC2)CC)C3=NC4=C(N(N=C4C(=O)N3)CC5=CC=CC=N5)CC,NIBCDDKWFDEBEP-UHFFFAOYSA-N
9969177.0,CC1=C(C=CC(=C1)OC2=C(C=C(C=C2)S(=O)(=O)N)CN(C)C)SC,QIWQQMZFTOCFGF-UHFFFAOYSA-N
9843744.0,C1CN2C(=O)[C@@H](N=C(C3=CC(=CC1=C32)N)C4=CC=CC=C4)NC(=O)C5=CN=CC=C5,XGXOSJSGDNPEEF-NRFANRHFSA-N
135529432.0,C1CCC(CC1)(CC2=NOC(=O)N2)CN.Cl,IHLRLJMHYXJRST-UHFFFAOYSA-N
9949821.0,CC(C)C1=NN=C2N1C=C(C=C2)C3=C(N=CO3)C4=C(C=CC(=C4)F)F,UACOXBQBNWQWOK-UHFFFAOYSA-N
9908126.0,CN[C@H]1CC[C@H](C2=C1C=C(C=C2)S(=O)(=O)N)C3=CC(=C(C=C3)Cl)Cl,HGBGXSPIBLZGHS-SJCJKPOMSA-N
5724.0,C1=CC2=C(C=C1Cl)N(C(=O)N(C2=O)CC3=C(C=C(C=C3)Br)F)CC(=O)O,SXONDGSPUVNZLO-UHFFFAOYSA-N
9956127.0,C1[C@H]([C@H](C2=C(O1)C=CC(=C2)OCC3=NC4=C(S3)C=CC(=C4)F)O)CC5=CC(=CC=C5)C(=O)O,RYSLZFOZDSIPHK-VOIUYBSRSA-N
60196413.0,CCOC1=CC=CC(=C1)C2(CCC(CC2)C)N3CCN(CC3)C4=CC=CC=C4.CS(=O)(=O)O,WSDSEIUBXJOEIQ-UHFFFAOYSA-N
23662264.0,C1=C(C(=CC(=C1Cl)Cl)Cl)[O-].[Na+],KWFOMJTYKROHLX-UHFFFAOYSA-M
9910393.0,CC(C)(C1=COC(=C1)S(=O)(=O)NC(=O)NC2=C3CCCC3=CC4=C2CCC4)O,HUUSXLKCTQDPGL-UHFFFAOYSA-N
53316393.0,C1[C@@H](C=C[C@@H]1OC2=CC=CC(=C2)OC3=CC=C(C=C3)F)N(C(=O)N)O,CJFQUWMJNVTKDJ-DYVFJYSZSA-N
9885850.0,C1=C2C(C(=O)N(C2=CC(=C1F)Cl)C(=O)N)C(=O)C3=CC(=CS3)Cl,TVBUSVDXSSKDSK-UHFFFAOYSA-N
9828356.0,CC1=NOC(=C1)COC2=C(C=C(C=C2)Cl)CNC3=C4C(=NC=N3)N(C=N4)[C@H]5[C@@H]([C@@H]([C@H](O5)C(=O)NC)N)O,PKUZHLZHLVHAIO-QYUDBREXSA-N
9819350.0,CC1=CC(=CC(=C1OC2=C3CCCC3=C(C=C2)O)C)NC(=O)C(=O)O,CEYPDXWCYTVSDN-UHFFFAOYSA-N
10134976.0,CC1=C(N=C(O1)C2=CC=CC=C2)CCOC3=CC=CC4=C3C=CN4CCC(=O)O,OMSPUVWUIHNYCS-UHFFFAOYSA-N
9867257.0,C1CCC(C1)(C2=CC3=C(C=C2)[C@@H]([C@H](CO3)CC4=CC=C(C=C4)C5=CC=CC=C5)O)C(=O)O,KMNLXCBYBKHKSK-BKMJKUGQSA-N
9926621.0,CC1=C(C2=CC=CC=C2N1CCCCC(=O)O)C3=CN=CC=C3,MYDPDVXVDQMNLD-UHFFFAOYSA-N
53316398.0,CN1CCN([C@H](C1)C2=CC=C(C=C2)F)CC3=CC(=CO3)C4=CC5=C(C=C4)NC(=O)O5.O.Cl,BQBQAWXALAGUIW-GHVWMZMZSA-N
11477651.0,CCCOC1=C(C(=C(S1)C(=O)N2CCC(CC2)C3=C(C=CC(=C3)CN)F)C)Br.Cl,XRGUAUFOUNIQRI-UHFFFAOYSA-N
92299.0,CC(C)N(CC1=CC=CC=C1)C(=O)C(C)(C)C,RJKCKKDSSSRYCB-UHFFFAOYSA-N
13214.0,C1=CC(=CC=C1[N+](=O)[O-])[O-].[Na+],CURNJKLCYZZBNJ-UHFFFAOYSA-M
11048796.0,CO/N=C(\C1=CC=CC=C1OC2=C(C(=NC=N2)OC3=CC=CC=C3Cl)F)/C4=NOCCO4,UFEODZBUAFNAEU-NLRVBDNBSA-N
11006.0,CCCCCCCCCCCCCCCC,DCAYPVUWAIABOU-UHFFFAOYSA-N
6252.0,C1=CN(C(=O)N=C1N)[C@H]2[C@H]([C@@H]([C@H](O2)CO)O)O.Cl,KCURWTAZOZXKSJ-JBMRGDGGSA-N
17520.0,C1=CC=C2C(=C1)C(=O)NS2,DMSMPAJRVJJAGA-UHFFFAOYSA-N
8189.0,COCCOCCOCCOC,YFNKIDBQEZZDLK-UHFFFAOYSA-N
8698.0,CCCCOC(=O)C1=CC=CC=C1,XSIFPSYPOVKYCO-UHFFFAOYSA-N
7705.0,CCCCC1=CC=CC=C1,OCKPCBLVNKHBMX-UHFFFAOYSA-N
19700.0,CCN(CC1=CC(=CC=C1)S(=O)(=O)[O-])C2=CC=C(C=C2)C(=C3C=CC(=[N+](CC)CC4=CC(=CC=C4)S(=O)(=O)[O-])C=C3)C5=CC=CC=C5S(=O)(=O)[O-].[Na+].[Na+],SGHZXLIDFTYFHQ-UHFFFAOYSA-L
6240.0,CN(C)CCCN1C2=CC=CC=C2SC3=C1C=C(C=C3)Cl.Cl,FBSMERQALIEGJT-UHFFFAOYSA-N
69537.0,C(CO)C(C(C(C(C(C(F)(F)F)(F)F)(F)F)(F)F)(F)F)(F)F,GRJRKPMIRMSBNK-UHFFFAOYSA-N
133914.0,CCCCCCOC(=O)CC(CC(=O)OCCCCCC)(C(=O)OCCCCCC)OC(=O)CCC,GWVUTNGDMGTPFE-UHFFFAOYSA-N
75516.0,CCCCCCCCOC(=O)CCCCCCCCC(=O)OCCCCCCCC,MIMDHDXOBDPUQW-UHFFFAOYSA-N
243694.0,C1=CC=C(C=C1)C(=O)OCCCCCOC(=O)C2=CC=CC=C2,UMNVFYKZOXQOLL-UHFFFAOYSA-N
261668.0,C1=CC=C(C=C1)C(=O)OCCCCCCOC(=O)C2=CC=CC=C2,TYTTZVDFWCBYPG-UHFFFAOYSA-N
9955578.0,C[C@H](C(=O)O)OC1=CC(=C(C=C1)CNC(=O)C2=C(N=CC=C2)OC3=CC4=C(C=C3)OCO4)F,CNIGFESSDPOCKS-CYBMUJFWSA-N
9888347.0,CC[C@H]1CC[C@@H]([C@@H](N1)C2=CC=CC=C2)NCC3=CC4=C(C=C3OC)[C@H]5C[C@H]5C(=O)N4C,KDGDTPNBDMVKHC-XIAWMOHYSA-N
9930121.0,C1CN2CCC1[C@H](C2)NC(=O)C3=NC=C4C(=C3)C=CO4,IPKZCLGGYKRDES-ZDUSSCGKSA-N
9932000.0,C1CN2CCC1[C@H](C2)NC(=O)C3=CC4=C(C=C3)OCCO4,LUVXHMJTVXZFPD-ZDUSSCGKSA-N
91500.0,[As]#[In],RPQDHPTXJYYUPQ-UHFFFAOYSA-N
12391.0,CCCCCCCCCCCCCCC,YCOZIPAWZNQLMR-UHFFFAOYSA-N
7366.0,CC(C)(C)C1=CC=CC=C1,YTZKOQUCBOVLHL-UHFFFAOYSA-N
23669238.0,C(C(C(C(C(F)(F)S(=O)(=O)[O-])(F)F)(F)F)(F)F)(C(C(C(F)(F)F)(F)F)(F)F)(F)F.[K+],WFRUBUQWJYMMRQ-UHFFFAOYSA-M
23667548.0,C([C@@H]([C@@H]1C(=C(C(=O)O1)O)[O-])O)O.[Na+],PPASLZSBLFJQEF-RXSVEWSESA-M
7668.0,CCCC1=CC=CC=C1,ODLMAHJVESYWTB-UHFFFAOYSA-N
22206.0,CCNC1=NC(=NC(=N1)Cl)NC(C)(C)C,FZXISNSWEXTPMF-UHFFFAOYSA-N
32518.0,CCCCCCCCCCCCCN1CC(OC(C1)C)C,YTOPFCCWCSOHFV-UHFFFAOYSA-N
16945.0,C12(C3(C4(C5(C3(C(C1(C5(C2(C4(Cl)Cl)Cl)Cl)Cl)(Cl)Cl)Cl)Cl)Cl)Cl)Cl,GVYLCNUFSHDAAW-UHFFFAOYSA-N
33782.0,CCCCCCCCCCCCC1=CC(=CC=C1)S(=O)(=O)O.C(CO)N(CCO)CCO,AVQBNVFOJDNROP-UHFFFAOYSA-N
2776282.0,C(=O)(C(C(C(C(C(C(C(F)(F)F)(F)F)(F)F)(F)F)(F)F)(F)F)(F)F)[O-].[NH4+],YOALFLHFSFEMLP-UHFFFAOYSA-N
23558.0,CCCCCCCCCC[N+](C)(C)CCCCCCCCCC.[Cl-],RUPBZQFQVRMKDG-UHFFFAOYSA-M
443755.0,C1=CC=C2C(=C1)C(=O)[N-]S2(=O)=O.O.[Na+],ILJOYZVVZZFIKA-UHFFFAOYSA-M
77222.0,C(=O)(C(C(C(C(C(C(C(C(C(C(F)(F)F)(F)F)(F)F)(F)F)(F)F)(F)F)(F)F)(F)F)(F)F)(F)F)O,SIDINRCMMRKXGQ-UHFFFAOYSA-N
75066.0,CC(=C)C(=O)OCCC(C(C(C(C(C(F)(F)F)(F)F)(F)F)(F)F)(F)F)(F)F,CDXFIRXEAJABAZ-UHFFFAOYSA-N
9555.0,C(=O)(C(C(C(C(C(C(C(C(C(F)(F)F)(F)F)(F)F)(F)F)(F)F)(F)F)(F)F)(F)F)(F)F)O,PCIUEQPBYFRTEM-UHFFFAOYSA-N
74888.0,C(CI)C(C(C(C(C(C(F)(F)F)(F)F)(F)F)(F)F)(F)F)(F)F,NVVZEKTVIXIUKW-UHFFFAOYSA-N
19539.0,C1=CC=C(C=C1)OC2=CC=CC(=C2)C(=O)O,NXTDJHZGHOFSQG-UHFFFAOYSA-N
67818.0,C(=O)(C(C(C(C(C(C(F)(F)F)(F)F)(F)F)(F)F)(F)F)(F)F)O,ZWBAMYVPMDSJGQ-UHFFFAOYSA-N
21387.0,C1=CC2=C3C(=C1)C=CC4=C(C=CC(=C43)C=C2)O,BIJNHUAPTJVVNQ-UHFFFAOYSA-N
10229.0,C1=CC=C2C(=C1)C=C(C3=CC=CC=C23)O,DZKIUEHLEXLYKM-UHFFFAOYSA-N
17356.0,C1CCC(CC1)SSC2CCCCC2,ODHAQPXNQDBHSH-UHFFFAOYSA-N
1345.0,CCC(C)N(C)C(=O)C1=CC2=CC=CC=C2C(=N1)C3=CC=CC=C3Cl,RAVIZVQZGXBOQO-UHFFFAOYSA-N
138394051.0,[C@H]12[C@H]([C@H]3[C@@H]([C@@H]1Cl)O3)C4(C(=C([C@]2(C4(Cl)Cl)Cl)Cl)Cl)Cl,ZXFXBSWRVIQKOD-HWKPLSEASA-N
11285653.0,CO/C=C(\C1=CC=CC=C1COC2=CC=CC(=N2)C(F)(F)F)/C(=O)OC,IBSNKSODLGJUMQ-SDNWHVSQSA-N
31736.0,C1=CC=C(C=C1)COC(=O)C2=CC=CC=C2C(=O)O,XIKIUQUXDNHBFR-UHFFFAOYSA-N
96088.0,C1C2=C(C=C(C=C2)O)C3=CC=CC=C31,PVUBSZGNXLNTLX-UHFFFAOYSA-N
833466.0,C=CCC1=C(C=CC(=C1)S(=O)(=O)C2=CC(=C(C=C2)O)CC=C)O,MTMKZABGIQJAEX-UHFFFAOYSA-N
20725980.0,CCCCCCC(CCCCCCCCCCC(=O)OCC(COC(=O)C)OC(=O)C)OC(=O)C,YOFNHFCYYYNJPN-UHFFFAOYSA-N
11723708.0,CC(C)C1=C(C(=CC=C1)C(C)C)N2C(=O)C3=C(C2=O)C=C(C=C3)O,LAKWINYVWJPHQW-UHFFFAOYSA-N
442972.0,C[C@H]1C[C@@H]2[C@H]([C@H]([C@]3(O2)CC[C@H]4[C@@H]5CC=C6C[C@H](CC[C@@]6([C@H]5CC4=C3C)C)O)C)NC1,QASFUMOKHFSJGL-LAFRSMQTSA-N
86296.0,CC#CC1=NC(=NC(=C1)C)NC2=CC=CC=C2,CIFWZNRJIBNXRE-UHFFFAOYSA-N
11524680.0,CC(C)CCCCCCOC(=O)C1CCCCC1C(=O)OCCCCCCC(C)C,HORIEOQXBKUKGQ-UHFFFAOYSA-N
104635.0,CC(C)CCCCCCOC(=O)C1=CC(=C(C=C1)C(=O)OCCCCCCC(C)C)C(=O)OCCCCCCC(C)C,YPDXSCXISVYHOB-UHFFFAOYSA-N
6960.0,CCCCCCCCOC(=O)C1=CC(=C(C=C1)C(=O)OCCCCCCCC)C(=O)OCCCCCCCC,JNXDCMUUZNIWPQ-UHFFFAOYSA-N
24814.0,Cl[Sb](Cl)Cl,FAPDDOBMIUGHIN-UHFFFAOYSA-K
24915.0,CCCC(=O)OC(C)(C)CC1=CC=CC=C1,SHSGYHAHMQLYRB-UHFFFAOYSA-N
9839306.0,CC1=C(C(=O)CC1OC(=O)C2C(C2(C)C)C=C(C)C)CC#C,SMKRKQBMYOFFMU-UHFFFAOYSA-N
176879.0,CC(C)OC(=O)NNC1=C(C=CC(=C1)C2=CC=CC=C2)OC,VHLKTXFWDRXILV-UHFFFAOYSA-N
104926.0,CC1(C(C1C(=O)OC(C#N)C2=CC(=C(C=C2)F)OC3=CC=CC=C3)C=C(Cl)Cl)C,QQODLKZGRKWIFG-UHFFFAOYSA-N
66204.0,Cl[Nd](Cl)Cl,ATINCSYRHURBSP-UHFFFAOYSA-K
77406.0,C1=C(OC(=C1)[N+](=O)[O-])C2=NN=C(O2)N,VTWQUFUBSCXPOW-UHFFFAOYSA-N
65067.0,C1=CSC(=C1)C2=CC=C(S2)C3=CC=CS3,KXSFECAJUBPPFE-UHFFFAOYSA-N
14106.0,C1CC(CCC1C(=O)O)C(=O)O,PXGZQGDTEZPERC-UHFFFAOYSA-N
40087.0,C1=CC=C(C=C1)NC(=O)NC2=CN=NS2,HFCYZXMHUIHAQI-UHFFFAOYSA-N
75893.0,C1=C(C=C(C(=C1[N+](=O)[O-])N)Cl)Cl,IZEZAMILKKYOPW-UHFFFAOYSA-N
9963.0,C1=CC(=CC(=C1)C(F)(F)F)C(=O)O,FQXQBFUUVCDIRK-UHFFFAOYSA-N
67437.0,C1CCOC2(C1)CCCCO2,GBBVHDGKDQAEOT-UHFFFAOYSA-N
6740.0,CC1=C(C=CC=C1Cl)[N+](=O)[O-],XCSNRORTQRKCHB-UHFFFAOYSA-N
7624.0,CCCCCCCCCCCCN(CCCCCCCCCCCC)CCCCCCCCCCCC,SWZDQOUHBYYPJD-UHFFFAOYSA-N
17891.0,COC(=O)CC1=CC=CC2=CC=CC=C21,YGGXZTQSGNFKPJ-UHFFFAOYSA-N
15765.0,CC1=NC(=CC=C1)N,QUXLCYFNVNNRBE-UHFFFAOYSA-N
7551.0,C1=CC(=CC(=C1)Cl)NC(=O)OCC#CCCl,MCOQHIWZJUDQIC-UHFFFAOYSA-N
8433.0,C1=CC=C(C=C1)C(=O)CC(=O)C2=CC=CC=C2,NZZIMKJIVMHWJC-UHFFFAOYSA-N
7617.0,C=CCN(CC=C)CC=C,VPYJNCGUESNPMV-UHFFFAOYSA-N
13662.0,C1=CC=C(C=C1)N2C(=O)C=CC2=O,HIDBROSJWZYGSZ-UHFFFAOYSA-N
5281162.0,CCCCC/C=C\C=C\C(=O)OCC,OPCRGEVPIBLWAY-QNRZBPGKSA-N
60995.0,COC(CC1=CC=CC=C1)OC,WNJSKZBEWNVKGU-UHFFFAOYSA-N
7542.0,CC(C(=O)O)OC1=CC(=CC=C1)Cl,YNTJKQDWYXUTLZ-UHFFFAOYSA-N
7626.0,C1=CC=C(C=C1)C=C[N+](=O)[O-],PIAOLBVUVDXHHL-UHFFFAOYSA-N
42614.0,CCNC(=O)NC(=O)C(=NOC)C#N,XERJKGMBORTKEO-UHFFFAOYSA-N
15575641.0,CCCOC(=O)NCCCN(C)C.Cl,MKIMSXGUTQTKJU-UHFFFAOYSA-N
113606.0,CCC1=CC(=C(N=C1)C(=O)O)C(=O)O,MTAVBTGOXNGCJR-UHFFFAOYSA-N
31420.0,C1=CC=C2C(=C1)C(=O)C3=C(C=CC(=C3C2=O)N)N,FBMQNRKSAWNXBT-UHFFFAOYSA-N
66461.0,CCCCC(CN1C=NC=N1)(C2=C(C=C(C=C2)Cl)Cl)O,STMIIPIFODONDC-UHFFFAOYSA-N
91773.0,CCC1=CC=C(C=C1)C(=O)NN(C(=O)C2=CC(=CC(=C2)C)C)C(C)(C)C,QYPNKSZPJQQLRK-UHFFFAOYSA-N
7476.0,CC(=O)C1=CC=C(C=C1)OC,NTPLXRHDUXRPNE-UHFFFAOYSA-N
9554.0,C(=O)(C(C(C(C(C(C(C(F)(F)F)(F)F)(F)F)(F)F)(F)F)(F)F)(F)F)O,SNGREZUHAYWORS-UHFFFAOYSA-N
7601.0,C1=CC=C(C=C1)CCOC(=O)CC2=CC=CC=C2,ZOZIRNMDEZKZHM-UHFFFAOYSA-N
14300.0,C1=C[N+](=CC=C1[N+](=O)[O-])[O-],RXKNNAKAVAHBNK-UHFFFAOYSA-N
26989.0,CCCC(C)C(CC)O,BKQICAFAUMRYLZ-UHFFFAOYSA-N
12586.0,C1COCO1,WNXJIVFYUVYPPR-UHFFFAOYSA-N
34469.0,CCCN(CCC)C1=C(C=C(C(=C1[N+](=O)[O-])N)C(F)(F)F)[N+](=O)[O-],RSVPPPHXAASNOL-UHFFFAOYSA-N
115224.0,C1CSC(=NC#N)N1CC2=CN=C(C=C2)Cl,HOKKPVIRMVDYPB-UHFFFAOYSA-N
182951.0,CCOC(=O)COC1=C(C=C(C(=C1)C2=NN(C(=C2Cl)OC(F)F)C)F)Cl,APTZNLHMIGJTEW-UHFFFAOYSA-N
21803.0,COP(=S)(OC)OC1=NC(=C(C=C1Cl)Cl)Cl,HRBKVYFZANMGRE-UHFFFAOYSA-N
13905.0,CCNC1=NC(=NC(=N1)SC)NCC,MGLWZSOBALDPEK-UHFFFAOYSA-N
51346588.0,C1=CC2=C(C=CC=C2S(=O)(=O)[O-])C(=C1)S(=O)(=O)[O-].O.[Na+].[Na+],FZXBIEHUTPZICY-UHFFFAOYSA-L
7479.0,CN(C)C1=CC=C(C=C1)C=O,BGNGWHSBYQYVRX-UHFFFAOYSA-N
26955.0,CC1=C(C(CCC1)(C)C)C=CC(=O)C,PSQYTAPXSHCGMF-UHFFFAOYSA-N
521998.0,CC1=CC=C(C=C1)S(=O)(=O)O.O,KJIFKLIQANRMOU-UHFFFAOYSA-N
7793.0,C[C@@H](CCC=C(C)C)CCO,QMVPMAAFGQKVCJ-JTQLQIEISA-N
326.0,CC(C)C1=CC=C(C=C1)C=O,WTWBUQJHJGUZCY-UHFFFAOYSA-N
76748.0,CC1=C(C=CC(=C1)Cl)OC,VDYDAUQHTVCCBX-UHFFFAOYSA-N
34526.0,CCN(CC)C1=NC(=CC(=N1)OP(=S)(OC)OC)C,QHOQHJPRIBSPCY-UHFFFAOYSA-N
6432705.0,[Cu+].[I-],LSXDOTMGLUJQCM-UHFFFAOYSA-M
15546.0,C1=CC=C(C=C1)N2C(=O)C(=C(C=N2)N)Cl,WYKYKTKDBLFHCY-UHFFFAOYSA-N
91768.0,CC(C)[C@H](C(=O)OC(C#N)C1=CC(=CC=C1)OC2=CC=CC=C2)NC3=C(C=C(C=C3)C(F)(F)F)Cl,INISTDXBRIBGOC-XMMISQBUSA-N
107720.0,COC(=O)[C@]12CC3=C(C1=NN(CO2)C(=O)N(C4=CC=C(C=C4)OC(F)(F)F)C(=O)OC)C=CC(=C3)Cl,VBCVPMMZEGZULK-NRFANRHFSA-N
92431.0,C[C@H](C(=O)OCC#C)OC1=CC=C(C=C1)OC2=C(C=C(C=N2)Cl)F,JBDHZKLJNAIJNC-LLVKDONJSA-N
17533.0,C1=CC(=CC=C1C(CO)C2=CC=C(C=C2)Cl)Cl,ZVIDYKRNLNAXFT-UHFFFAOYSA-N
16760189.0,CC1=NC(=NC(=N1)OC)NC(=O)[N-]S(=O)(=O)C2=C(C=CC(=C2)I)C(=O)OC.[Na+],JUJFQMPKBJPSFZ-UHFFFAOYSA-M
6328651.0,C[Si](C)O[Si](C)(C)O[Si](C)(C)O[Si](C)C,ILBWBNOBGCYGSU-UHFFFAOYSA-N
8693.0,CCCOC(=O)C1=CN=C(C=C1)C(=O)OCCC,IITCWRFYJWUUPC-UHFFFAOYSA-N
25152.0,C1=CC=C2C(=C1)C(=O)C(C2=O)C3=NC4=CC=CC=C4C(=C3O)Br,DVBLPJWQXDCAKU-UHFFFAOYSA-N
20392.0,COC(=O)C1=CC=CC=C1C(=O)O,FNJSWIPFHMKRAT-UHFFFAOYSA-N
24180709.0,CNC(=S)[S-].O.O.O.[Na+],QRQDRWKSESXODM-UHFFFAOYSA-M
7555.0,C=CCOC1=NC(=NC(=N1)OCC=C)OCC=C,BJELTSYBAHKXRW-UHFFFAOYSA-N
91739.0,C1=CC(=C(C2=NC=C(C=C21)Cl)C(=O)O)Cl,FFSSWMQPCJRCRV-UHFFFAOYSA-N
17581.0,COC1=CC(=C(C=C1Cl)OC)Cl,PFIADAMVCJPXSF-UHFFFAOYSA-N
7506.0,C1=CN=CC=C1C#N,GPHQHTOMRSGBNZ-UHFFFAOYSA-N
14994.0,CC(C)(C)C1=C(C(=CC(=C1)[N+](=O)[O-])[N+](=O)[O-])O,IIPZYDQGBIWLBU-UHFFFAOYSA-N
26229.0,C1=CC(=CC=C1OCC(=O)O)Cl,SODPIMGUZLOIPE-UHFFFAOYSA-N
5759.0,C1=CC(=C(C(=C1Cl)C(=O)O)Cl)Cl,XZIDTOHMJBOSOX-UHFFFAOYSA-N
10442.0,C(CO)CO,YPFDHNVEDLHUCE-UHFFFAOYSA-N
154915.0,CCO[Si](CCC1CCC2C(C1)O2)(OCC)OCC,UDUKMRHNZZLJRB-UHFFFAOYSA-N
38779.0,CCCSP(=O)(OCC)OC1=C(C=C(C=C1)Br)Cl,QYMMJNLHFKGANY-UHFFFAOYSA-N
13878.0,CCNC1=NC(=NC(=N1)N)Cl,IVENSCMCQBJAKW-UHFFFAOYSA-N
6327657.0,C1=CC=C(C=C1)[Sn](C2=CC=CC=C2)C3=CC=CC=C3.O,NRHFWOJROOQKBK-UHFFFAOYSA-N
69705.0,COC1=CC=C(C=C1)CCO,AUWDOZOUJWEPBA-UHFFFAOYSA-N
66854.0,C[N+](C)(C)CC1=CC=CC=C1.[OH-],NDKBVBUGCNGSJJ-UHFFFAOYSA-M
66094.0,C[Si]1(N[Si](N[Si](N1)(C)C)(C)C)C,WGGNJZRNHUJNEM-UHFFFAOYSA-N
16181.0,CCSC(=O)N(CC(C)C)CC(C)C,BMTAFVWTTFSTOG-UHFFFAOYSA-N
162839.0,C1=CC(=NC(=C1Cl)C(=O)O)Cl.C(CO)N,NQQBTWVFKDDVIB-UHFFFAOYSA-N
91766.0,C1=CC(=C(C(=C1)F)C(=O)NC(=O)NC2=C(C=C(C=C2)OC3=C(C=C(C=C3)C(F)(F)F)Cl)F)F,RYLHNOVXKPXDIP-UHFFFAOYSA-N
3081304.0,CCOC1=NC(=CC2=NC(=NN21)S(=O)(=O)NC3=C(C=CC=C3Cl)Cl)F,QNXAVFXEJCPCJO-UHFFFAOYSA-N
2723649.0,C1=CC2=C(C=CC(=C2N=C1)O)S(=O)(=O)O.O,WUXYGIQVWKDVTJ-UHFFFAOYSA-N
2513.0,C[As](=O)(C)O,OGGXGZAMXPVRFZ-UHFFFAOYSA-N
12069.0,C1=C(C=C(C=C1C(=O)O)[N+](=O)[O-])C(=O)O,NBDAHKQJXVLAID-UHFFFAOYSA-N
8149.0,C(CNCCC#N)C#N,SBAJRGRUGUQKAF-UHFFFAOYSA-N
11402127.0,[N+](=O)(O)[O-].[N+](=O)(O)[O-].[Cd],OQWUFYSTEGTOID-UHFFFAOYSA-N
62781.0,C[N+]1(CCCCC1)C.[Cl-],VHOVSQVSAAQANU-UHFFFAOYSA-M
122087.0,CCC(C)(C(=O)CCl)NC(=O)C1=CC(=C(C(=C1)Cl)C)Cl,SOUGWDPPRBKJEX-UHFFFAOYSA-N
6951.0,C1=C(C=C(C(=C1C(=O)O)Cl)[N+](=O)[O-])Cl,AUAXYMOBWXOEQD-UHFFFAOYSA-N
178.0,CC(=O)N,DLFVBJFMPXGRIB-UHFFFAOYSA-N
31899.0,CNC(=O)OC1=CC=CC(=C1)N=CN(C)C.Cl,MYPKGPZHHQEODQ-UHFFFAOYSA-N
39985.0,CC(C(=O)OC)OC1=CC=C(C=C1)OC2=C(C=C(C=C2)Cl)Cl,BACHBFVBHLGWSL-UHFFFAOYSA-N
2126.0,CC1(CCC(C2=C1C=CC(=C2)C(=O)NC3=CC=C(C=C3)C(=O)O)(C)C)C,SZWKGOZKRMMLAJ-UHFFFAOYSA-N
61719.0,CC(C)NC1=C2C(=C(C=C1)NC(C)C)C(=O)C3=CC=CC=C3C2=O,BLFZMXOCPASACY-UHFFFAOYSA-N
13940.0,C1C2C(COS(=O)(=O)O1)C3(C(=C(C2(C3(Cl)Cl)Cl)Cl)Cl)Cl,AAPVQEMYVNZIOO-UHFFFAOYSA-N
66885.0,C1=CC(=CC(=C1)OCCO)OCCO,IAXFZZHBFXRZMT-UHFFFAOYSA-N
10342051.0,CC(C)[C@@H](C1=CC=C(C=C1)Cl)C(=O)O[C@H](C#N)C2=CC(=CC=C2)OC3=CC=CC=C3,NYPJDWWKZLNGGM-RPWUZVMVSA-N
8227.0,CCCCC(CC)CN1C(=O)C2C3CC(C2C1=O)C=C3,WLLGXSLBOPFWQV-UHFFFAOYSA-N
11650986.0,CC[C@H](C)[C@@H]1[C@H](C=C[C@@]2(O1)C[C@@H]3C[C@H](O2)C/C=C(/[C@H]([C@H](/C=C/C=C/4\CO[C@H]5[C@@]4([C@@H](C=C([C@H]5O)C)C(=O)O3)O)C)O[C@H]6C[C@@H]([C@H]([C@@H](O6)C)O[C@H]7C[C@@H]([C@H]([C@@H](O7)C)NC)OC)OC)\C)C.C1=CC=C(C=C1)C(=O)O,GCKZANITAMOIAR-XWVCPFKXSA-N
9862076.0,CC1=CC=C(C=C1)C2=C(N=C(N2S(=O)(=O)N(C)C)C#N)Cl,YXKMMRDKEKCERS-UHFFFAOYSA-N
262.0,CC(C(C)O)O,OWBTYPJTUOEWEK-UHFFFAOYSA-N
3031.0,C1=CC(=C(C(=C1)Cl)C#N)Cl,YOYAIZYFCNQIRF-UHFFFAOYSA-N
7559.0,COC(=O)CC1=CC=CC=C1,CRZQGDNQQAALAY-UHFFFAOYSA-N
25912.0,CN(C(=O)NC1=CC(=C(C=C1)Br)Cl)OC,NLYNUTMZTCLNOO-UHFFFAOYSA-N
25146.0,CCOP(=S)(OCC)SC(CCl)N1C(=O)C2=CC=CC=C2C1=O,MUMQYXACQUZOFP-UHFFFAOYSA-N
86138.0,C1=CC=C(C=C1)C(CCC2=CC=C(C=C2)Cl)(CN3C=NC=N3)C#N,RQDJADAKIFFEKQ-UHFFFAOYSA-N
25106.0,COCCOC(=O)CC#N,SGLKIEOMYXTGBH-UHFFFAOYSA-N
8827.0,C(NC(=O)NCO)O,QUBQYFYWUJJAAK-UHFFFAOYSA-N
91753.0,CC(COC1=CC=C(C=C1)OC2=CC=CC=C2)OC3=CC=CC=N3,NHDHVHZZCFYRSB-UHFFFAOYSA-N
82326.0,CC[N+](C)(CC)CC.[Cl-],NIUZJTWSUGSWJI-UHFFFAOYSA-M
95337.0,CCCCCCCCC(CCCCCC)CO,XULHFMYCBKQGEE-UHFFFAOYSA-N
21059.0,CCC1=C(C(=O)C=CO1)O,YIKYNHJUKRTCJL-UHFFFAOYSA-N
10887985.0,C[C@@H](CCC=C(C)C)C=C,FUDNBFMOXDUIIE-SNVBAGLBSA-N
5371562.0,C/C(=C\C(=O)NC)/OP(=O)(OC)OC,KRTSDMXIXPKRQR-AATRIKPKSA-N
91650.0,CC1=CC(=NC(=N1)NC2=CC=CC=C2)C,ZLIBICFPKPWGIZ-UHFFFAOYSA-N
15766.0,CSC1=C(C(=C(C(=C1Cl)Cl)Cl)Cl)Cl,LGZZJTIUEJNNKV-UHFFFAOYSA-N
7590.0,CCOC(=O)CC1=CC=CC=C1,DULCUDSUACXJJC-UHFFFAOYSA-N
6433547.0,CC/C(=C/CCC(C)(C=C)O)/C,KRLBLPBPZSSIGH-CSKARUKUSA-N
7620.0,CCCCN(CCO)CCO,GVNHOISKXMSMPX-UHFFFAOYSA-N
24963.0,[N+](=O)([O-])[O-].[N+](=O)([O-])[O-].[Ca+2],ZCCIPPOKBCJFDN-UHFFFAOYSA-N
5283335.0,CCCCCC/C=C/C=O,BSAIUMLZVGUGKX-BQYQJAHWSA-N
13220.0,CC1(CC(=O)CC(N1)(C)C)C,JWUXJYZVKZKLTJ-UHFFFAOYSA-N
91735.0,C1=CC(=CC(=C1)OC2=C(C=CC=N2)C(=O)NC3=C(C=C(C=C3)F)F)C(F)(F)F,WYEHFWKAOXOVJD-UHFFFAOYSA-N
9795389.0,[Cl-].[Cl-].[Cl-].[Dy+3],BOXVSFHSLKQLNZ-UHFFFAOYSA-K
7647.0,C1=CC=C(C=C1)CCC2=CC=CC=C2,QWUWMCYKGHVNAV-UHFFFAOYSA-N
443048.0,CCCCCOC(=O)COC1=C(C=C(C(=C1)N2C(=O)C3=C(C2=O)CCCC3)F)Cl,IRECWLYBCAZIJM-UHFFFAOYSA-N
91776.0,CC(C)CC1=C(C(=NC(=C1C(=O)OC)C(F)F)C(F)(F)F)C2=NCCS2,YIJZJEYQBAAWRJ-UHFFFAOYSA-N
19309.0,CC1C(=O)C(=C(O1)C)O,INAXVXBDKKUCGI-UHFFFAOYSA-N
32739.0,CCOP(=S)(OCC)SCCl,QGTYWWGEWOBMAK-UHFFFAOYSA-N
3032581.0,C(CNC(=S)[S-])NC(=S)[S-].[Mn+2],YKSNLCVSTHTHJA-UHFFFAOYSA-L
91759.0,CC1=NC2=NC(=NN2C=C1)S(=O)(=O)NC3=C(C=CC=C3F)F,RXCPQSJAVKGONC-UHFFFAOYSA-N
5362620.0,CCCCC/C=C\CCC=O,CWRKZMLUDFBPAO-SREVYHEPSA-N
3058839.0,CC(=C)C(=O)OCCOC1CC2CC1C3C2CC=C3,YSAZPIOUAPMLDG-UHFFFAOYSA-N
39223.0,CCOP(=S)(OCC)OC1=NN(C(=N1)Cl)C(C)C,XRHGWAGWAHHFLF-UHFFFAOYSA-N
93542.0,COC(=O)CSC1=C(C=C(C(=C1)N=C2N3CCCCN3C(=O)S2)F)Cl,ZCNQYNHDVRPZIH-UHFFFAOYSA-N
107080.0,CC(C)C(C(C)(C)COC(=O)C1=CC=CC=C1)OC(=O)C2=CC=CC=C2,FTSXVYQZLNPTCM-UHFFFAOYSA-N
1787910.0,C/C=C/C=C/CCCCCCCO,CSWBSLXBXRFNST-MQQKCMAXSA-N
8796.0,C1=CC(=CC=C1NC(=O)N)Cl,RECCURWJDVZHIH-UHFFFAOYSA-N
61503.0,C[C@H](C(=O)O)O,JVTAAEKCZFNVCJ-UWTATZPHSA-N
3391107.0,C1=CC(=CC=C1OC2=C3C(=CC(=CC3=NC=C2)Cl)Cl)F,WRPIRSINYZBGPK-UHFFFAOYSA-N
23682187.0,COC1=CC(=NC(=N1)SC2=C(C(=CC=C2)Cl)C(=O)[O-])OC.[Na+],CNILNQMBAHKMFS-UHFFFAOYSA-M
8482.0,CC(=O)NC1=CC=C(C=C1)S(=O)(=O)N,PKOFBDHYTMYVGJ-UHFFFAOYSA-N
3083546.0,CCOC(=O)COC1=C(C=C(C(=C1)N2C(=O)C(=C(C=N2)C(F)(F)F)C)F)Cl,DNUAYCRATWAJQE-UHFFFAOYSA-N
9601227.0,C/C(=N\OC(=O)N(SN(C(=O)O/N=C(/SC)\C)C)C)/SC,XDOTVMNBCQVZKG-MKICQXMISA-N
24781.0,CC1=CC(=O)NO1,KGVPNLBXJKTABS-UHFFFAOYSA-N
7251.0,CC1=C(C=CC(=C1)Cl)N,CXNVOWPRHWWCQR-UHFFFAOYSA-N
14145.0,CN(C)S(=O)(=O)N(C1=CC=CC=C1)SC(F)(Cl)Cl,WURGXGVFSMYFCG-UHFFFAOYSA-N
5372405.0,CCNP(=S)(OC)O/C(=C/C(=O)OC(C)C)/C,BZNDWPRGXNILMS-VQHVLOKHSA-N
86412.0,CSC(=O)C1=C2C(=CC=C1)N=NS2,UELITFHSCLAHKR-UHFFFAOYSA-N
91699.0,CCCOCC(=NC1=C(C=C(C=C1)Cl)C(F)(F)F)N2C=CN=C2,HSMVPDGQOIQYSR-UHFFFAOYSA-N
8914.0,CCCCCCCCCO,ZWRUINPWMLAQRD-UHFFFAOYSA-N
49837.0,C1(=C(SN=C1Cl)C(=O)O)Cl,HQZKNCJWLIWCSV-UHFFFAOYSA-N
137994.0,CC1(CC(CC(N1[O])(C)C)O)C,UZFMOKQJFYMBGY-UHFFFAOYSA-N
7884.0,CC(=O)CC(C)(C)OC,KOKPBCHLPVDQTK-UHFFFAOYSA-N
12756.0,CCC1CCC(=O)O1,JBFHTYHTHYHCDJ-UHFFFAOYSA-N
74574.0,C1=CC2=C(C=C1OC3=CC4=C(C=C3)C(=O)OC4=O)C(=O)OC2=O,QQGYZOYWNCKGEK-UHFFFAOYSA-N
7511.0,C1=CC=C(C=C1)[Hg]Cl,AWGTVRDHKJQFAX-UHFFFAOYSA-M
9576037.0,CC1=NNC(=O)N(C1)/N=C/C2=CN=CC=C2,QHMTXANCGGJZRX-WUXMJOGZSA-N
8105.0,C(CCO)CCO,ALQSHHUCVQOPAS-UHFFFAOYSA-N
11304.0,CC1=CC=C(C2=CC=CC=C12)C,APQSQLNWAIULLK-UHFFFAOYSA-N
70724.0,C1=C[N+](=CC=C1Cl)[O-],DPJVRASYWYOFSJ-UHFFFAOYSA-N
14337.0,CCN(C1CCCCC1)C(=O)SCC,DFCAFRGABIXSDS-UHFFFAOYSA-N
25053.0,CCCCC(CC)COCCC#N,HXBFULVLSKAGSQ-UHFFFAOYSA-N
39385.0,CC(C)(C)C(=O)C(N1C=NC=N1)OC2=CC=C(C=C2)Cl,WURBVZBTWMNKQT-UHFFFAOYSA-N
6436605.0,CC(C)(C)C(/C(=C\C1=C(C=C(C=C1)Cl)Cl)/N2C=NC=N2)O,FBOUIAKEJMZPQG-AWNIVKPZSA-N
8575.0,CCCCOC(=O)C1=CC=CC=C1C(=O)O,YZBOVSFWWNVKRJ-UHFFFAOYSA-N
7650.0,CCCC(=O)OCC1=CC=CC=C1,VONGZNXBKCOUHB-UHFFFAOYSA-N
91655.0,CCOP(=S)(OCC)OC(C(Cl)(Cl)Cl)Cl,XFDJMIHUAHSGKG-UHFFFAOYSA-N
54745.0,CCCCCCC(C)OC(=O)COC1=NC(=C(C(=C1Cl)N)Cl)F,OLZQTUCTGLHFTQ-UHFFFAOYSA-N
107760.0,CC1=NN(C(=C1C=NOCC2=CC=C(C=C2)C(=O)OC(C)(C)C)OC3=CC=CC=C3)C,YYJNOYZRYGDPNH-UHFFFAOYSA-N
16218604.0,CC1=CC=C(C=C1)S(=O)(=O)[N-]Cl.O.[Na+],BXSDMMPOQRECKB-UHFFFAOYSA-N
5281874.0,CC1=C(C(=C(C(=C1F)F)COC(=O)C2C(C2(C)C)/C=C(/C(F)(F)F)\Cl)F)F,ZFHGXWPMULPQSE-WTKPLQERSA-N
91770.0,CC1=CC(=C(N=C1)C2=NC(C(=O)N2)(C)C(C)C)C(=O)O,PVSGXWMWNRGTKE-UHFFFAOYSA-N
7560.0,CN(C)C(=O)NC1=CC=CC=C1,XXOYNJXVWVNOOJ-UHFFFAOYSA-N
24847.0,CCCCCC(CCC)CO,YLQLIQIAXYRMDL-UHFFFAOYSA-N
6931.0,C1=CC(=C(C=C1O)C(F)(F)F)[N+](=O)[O-],ZEFMBAFMCSYJOO-UHFFFAOYSA-N
31200.0,CC1=C(C=CC(=C1)OP(=S)(OC)OC)[N+](=O)[O-],ZNOLGFHPUIJIMJ-UHFFFAOYSA-N
20708.0,CCCCCCCCCCCCCC[N+](C)(C)C.[Cl-],CEYYIKYYFSTQRU-UHFFFAOYSA-M
28935.0,COP(=S)(OC)OC1=CC(=C(C=C1Cl)I)Cl,LFVLUOAHQIVABZ-UHFFFAOYSA-N
86298.0,COC1=C(C=C(C=C1)C(=CC(=O)N2CCOCC2)C3=CC=C(C=C3)Cl)OC,QNBTYORWCCMPQP-UHFFFAOYSA-N
25127.0,CCOC(=O)C1=CC=C(C=C1)N(C)C,FZUGPQWGEGAKET-UHFFFAOYSA-N
6948.0,C1=C(C=C(C(=C1C(=O)O)I)I)I,ZMZGFLUUZLELNE-UHFFFAOYSA-N
80277.0,C1=CC(=C(C=C1Cl)Cl)C(CN2C=NC=N2)COC(C(F)F)(F)F,LQDARGUHUSPFNL-UHFFFAOYSA-N
66858.0,CCN(CC1=CC(=CC=C1)S(=O)(=O)O)C2=CC=CC=C2,BQGRVFPPZJPWPB-UHFFFAOYSA-N
84098.0,CS(=O)(=O)C1=C(C=CC(=C1)C(F)(F)F)C(=O)C2=C(ON=C2)C3CC3,OYIKARCXOQLFHF-UHFFFAOYSA-N
17432.0,CCOC1=NC(=NS1)C(Cl)(Cl)Cl,KQTVWCSONPJJPE-UHFFFAOYSA-N
7358.0,CCC(CC)CO,TZYRSLHNPKPEFV-UHFFFAOYSA-N
6912870.0,CCCCCCCC/C=C\CCCCCCCC(=O)N(C)CC(=O)O,DIOYAVUHUXAUPX-KHPPLWFESA-N
61008.0,CCC(=O)C=CC1=CC=C(C=C1)OC,SLDQOBRACOQXGE-UHFFFAOYSA-N
439570.0,CC1=CC[C@H](CC1=O)C(=C)C,ULDHMXUKGWMISQ-SECBINFHSA-N
8084.0,CN(C)CCCN(C)C,DMQSHEKGGUOYJS-UHFFFAOYSA-N
7504.0,C1=CC=C(C=C1)CN,WGQKYBSKWIADBV-UHFFFAOYSA-N
249494.0,CC(CCCC(C)(C)O)CCO,FPCCDPXRNNVUOM-UHFFFAOYSA-N
65420.0,CC1(OC[C@H]2[C@@H](O1)[C@H]3[C@@](O2)(OC(O3)(C)C)C(=O)O)C,FWCBATIDXGJRMF-FLNNQWSLSA-N
7675.0,C1=CC=NC(=C1)CCO,BXGYBSJAZFGIPX-UHFFFAOYSA-N
6778.0,C1=CC=C(C=C1)OC(=O)C2=CC=CC=C2C(=O)OC3=CC=CC=C3,DWNAQMUDCDVSLT-UHFFFAOYSA-N
70613.0,C=CC(=O)OCCCCOC(=O)C=C,JHWGFJBTMHEZME-UHFFFAOYSA-N
31677.0,CCCCOCN(C1=C(C=CC=C1CC)CC)C(=O)CCl,HKPHPIREJKHECO-UHFFFAOYSA-N
61016.0,CC(CCC=C(C)C)C=O,YGFGZTXGYTUXBA-UHFFFAOYSA-N
2775.0,COC1=CC2=C(C=CC(=O)O2)C(=C1)OC,NXJCRELRQHZBQA-UHFFFAOYSA-N
86367.0,CC1=CC(=NC(=N1)NC2=CC=CC=C2)C3CC3,HAORKNGNJCEJBX-UHFFFAOYSA-N
25763.0,C1=CC(=C(C=C1[N+](=O)[O-])[N+](=O)[O-])ON=CC2=CC(=C(C(=C2)Br)O)Br,XTFNPKDYCLFGPV-UHFFFAOYSA-N
3317081.0,C1=CC=C(C(=C1)C2C(O2)(CN3C=NC=N3)C4=CC=C(C=C4)F)Cl,ZMYFCFLJBGAQRS-UHFFFAOYSA-N
62341.0,CC(C1=CC=CC=C1)OC(=O)C,QUMXDOLUJCHOAY-UHFFFAOYSA-N
445638.0,CCCCCC/C=C\CCCCCCCC(=O)O,SECPZKHBENQXJG-FPLPWBNLSA-N
61254.0,CCC[Si](OC)(OC)OC,HQYALQRYBUJWDH-UHFFFAOYSA-N
12898.0,CC1=CC=C(C=C1)N(SC(F)(Cl)Cl)S(=O)(=O)N(C)C,HYVWIQDYBVKITD-UHFFFAOYSA-N
14079.0,CC(=O)C1=CC=CN1,IGJQUJNPMOYEJY-UHFFFAOYSA-N
15816.0,C(CCCCC(=O)O)CCCCC(=O)O,LWBHHRRTOZQPDM-UHFFFAOYSA-N
62210.0,CCN(CC1=C(C=CC=C1Cl)F)C2=C(C=C(C=C2[N+](=O)[O-])C(F)(F)F)[N+](=O)[O-],PWNAWOCHVWERAR-UHFFFAOYSA-N
153974.0,CCOC1=C(C=CC(=C1)C(C)(C)C)C2COC(=N2)C3=C(C=CC=C3F)F,IXSZQYVWNJNRAL-UHFFFAOYSA-N
7980.0,CC(=C)C(=O)OCCOCCOCCOCCOC(=O)C(=C)C,LTHJXDSHSVNJKG-UHFFFAOYSA-N
679.0,CS(=O)C,IAZDPXIOMUYVGZ-UHFFFAOYSA-N
54778.0,CC1(CON(C1=O)CC2=CC=CC=C2Cl)C,KIEDNEWSYUYDSN-UHFFFAOYSA-N
93541.0,C1=CC(=C(C(=C1)F)C(=O)NC(=O)NC2=CC(=C(C=C2)OC(C(OC(F)(F)F)F)(F)F)Cl)F,NJPPVKZQTLUDBO-UHFFFAOYSA-N
7792.0,CC(C)CCCC(C)CCO,PRNCMAKCNVRZFX-UHFFFAOYSA-N
7865.0,COC=O,TZIHFWKZFHZASV-UHFFFAOYSA-N
7461.0,CC1=CCC(=CC1)C(C)C,YKFLAYDHMOASIY-UHFFFAOYSA-N
62466.0,C(C(=O)NCO)Cl,TXNSZCSYBXHETP-UHFFFAOYSA-N
93516.0,CCOP(=S)(OC1=CN=C(N=C1)C(C)(C)C)OC(C)C,AWYOMXWDGWUJHS-UHFFFAOYSA-N
29216.0,CNC(=O)N(C)C1=NC2=CC=CC=C2S1,RRVIAQKBTUQODI-UHFFFAOYSA-N
7800.0,CCCCCCCCCCCC(=O)OCC,MMXKVMNBHPAILY-UHFFFAOYSA-N
14210.0,CNC(=O)CSP(=O)(OC)OC,PZXOQEXFMJCDPG-UHFFFAOYSA-N
2724159.0,CC(=C)[C@H]1CCC(=CC1)C=O,RUMOYJJNUMEFDD-SNVBAGLBSA-N
61014.0,C1CCCCCC(=O)OCCOC(=O)CCCCC1,XRHCAGNSDHCHFJ-UHFFFAOYSA-N
112039.0,CC(=O)C(CC(=O)OC)C(=O)OC,XREKLQOUFWBSFH-UHFFFAOYSA-N
5284341.0,C1=CC=C(C=C1)C2=CC=C(C=C2)N.Cl,GUHXYHYUBFCYGJ-UHFFFAOYSA-N
31225.0,CCC(=O)OCCC1=CC=CC=C1,HVGZQCSMLUDISR-UHFFFAOYSA-N
7940.0,C1CC(=O)OC(=O)C1,VANNPISTIUFMLH-UHFFFAOYSA-N
15678.0,C(CC#N)CC(CCC#N)C#N,LNLFLMCWDHZINJ-UHFFFAOYSA-N
86751.0,CCC(C)CCCC(C)(C)O,WRFXXJKURVTLSY-UHFFFAOYSA-N
5283292.0,CCCC/C=C/CCCCO,WYPQHXVMNVEVEB-AATRIKPKSA-N
8092.0,CCCCCC#CC(=O)OC,FRLZQXRXIKQFNS-UHFFFAOYSA-N
82646.0,C1(=C(C(=NC(=C1Cl)Cl)C(=O)O)Cl)Cl,GXFRQLQUKBSYQL-UHFFFAOYSA-N
11485.0,C1=CC=C(C=C1)NC(=O)CCl,VONWPEXRCLHKRJ-UHFFFAOYSA-N
11002.0,CCCCSCCCC,HTIRHQRTDBPHNZ-UHFFFAOYSA-N
2723622.0,CCCCNC(=S)NCCCC,KFFQABQEJATQAT-UHFFFAOYSA-N
8096.0,C(CSCCC(=O)O)C(=O)O,ODJQKYXPKWQWNK-UHFFFAOYSA-N
8268.0,C1=CC(=CC=C1C(C2=CC=C(C=C2)Cl)(C(Cl)(Cl)Cl)O)Cl,UOAMTSKGCBMZTC-UHFFFAOYSA-N
8039.0,C(=O)(N)NNC(=O)N,ULUZGMIUTMRARO-UHFFFAOYSA-N
7693.0,C1=CC(=CC=C1N=C=O)Cl,ADAKRBAJFHTIEW-UHFFFAOYSA-N
71478.0,CNCCCC12CCC(C3=CC=CC=C31)C4=CC=CC=C24.Cl,NZDMFGKECODQRY-UHFFFAOYSA-N
67284.0,COC1=CC(=C(C=C1)OC)OC,AGIQIOSHSMJYJP-UHFFFAOYSA-N
86222.0,CCOC(=O)C(CC1=CC(=C(C=C1Cl)F)N2C(=O)N(C(=N2)C)C(F)F)Cl,MLKCGVHIFJBRCD-UHFFFAOYSA-N
5271565.0,COC(=O)/C=C\C(=O)OC,LDCRTTXIJACKKU-ARJAWSKDSA-N
23676752.0,C/C(=N\NC(=O)NC1=CC(=CC(=C1)F)F)/C2=C(C=CC=N2)C(=O)[O-].[Na+],JUNDBKFAZXZKRA-MAFYXNADSA-M
7823.0,C(CCO)CC(CO)O,ZWVMLYRJXORSEP-UHFFFAOYSA-N
54738.0,CC(C)C1(C(=O)NC(=N1)C2=C(C=CC=N2)C(=O)O)C,CLQMBPJKHLGMQK-UHFFFAOYSA-N
24705.0,C[Si](C)(C)O[Si](C)(C)O[Si](C)(C)C,CXQXSVUQTKDNFP-UHFFFAOYSA-N
31645.0,CC1=C(N=C(N=C1OC(=O)N(C)C)N(C)C)C,YFGYUFNIOHWBOB-UHFFFAOYSA-N
3032472.0,CC(C)NC1=NC(=NC(=N1)SC)N=[N+]=[N-],AFIIBUOYKYSPKB-UHFFFAOYSA-N
8046.0,CCCCCCOC(=O)CCCCC(=O)OCCCCCC,HHECSPXBQJHZAF-UHFFFAOYSA-N
23677967.0,CCCCCCCCCOS(=O)(=O)[O-].[Na+],FTWCSAMTIKSPAT-UHFFFAOYSA-M
86137.0,CC(C)C1(C(=O)NC(=N1)C2=C(C=C(C=N2)COC)C(=O)O)C,NUPJIGQFXCQJBK-UHFFFAOYSA-N
71482.0,COP(=O)(OC)SCN1C2=C(C=C(C=N2)Cl)OC1=O,VNKBTWQZTQIWDV-UHFFFAOYSA-N
11784975.0,COC1=CN=C(N2C1=NC(=N2)NS(=O)(=O)C3=C(C=CC=C3OCC(F)F)C(F)(F)F)OC,SYJGKVOENHZYMQ-UHFFFAOYSA-N
5281167.0,CC/C=C\CCO,UFLHIIWVXFIJGU-ARJAWSKDSA-N
8016.0,CNCCO,OPKOKAMJFNKNAS-UHFFFAOYSA-N
11868.0,CC1=CC(=C(C=C1)C)S(=O)(=O)O,IRLYGRLEBKCYPY-UHFFFAOYSA-N
5360350.0,[Cl-].[Cl-].[Ba+2],WDIHJSXYQDMJHN-UHFFFAOYSA-L
23661868.0,C1=CC=C2C=C(C=CC2=C1)S(=O)(=O)[O-].[Na+],YWPOLRBWRRKLMW-UHFFFAOYSA-M
14231.0,CCCCCCC(CO)O,AEIJTFQOBWATKX-UHFFFAOYSA-N
66030.0,CCCCCCCCCCCCC1=CC=C(C=C1)O,KJWMCPYEODZESQ-UHFFFAOYSA-N
80566.0,C1=CC(=C(C=C1Cl)Cl)CC#N,VJARIBGMDPJLCL-UHFFFAOYSA-N
25572.0,COC1=CC=C(C=C1)C(C2CC2)(C3=CN=CN=C3)O,HUTDUHSNJYTCAR-UHFFFAOYSA-N
7654.0,CC(=O)OCCC1=CC=CC=C1,MDHYEMXUFSJLGV-UHFFFAOYSA-N
180089.0,CCCCOC(=O)[C@@H](C)OC1=CC=C(C=C1)OC2=C(C=C(C=C2)C#N)F,TYIYMOAHACZAMQ-CQSZACIVSA-N
12860.0,CC(C)C1=CC(=CC(=C1)C(C)C)C(C)C,VUMCUSHVMYIRMB-UHFFFAOYSA-N
7778.0,CC(CCC=C(C)C)CCOC=O,DZNVIZQPWLDQHI-UHFFFAOYSA-N
71612.0,C1CN(CCN1CCOCCO)C(C2=CC=CC=C2)C3=CC=C(C=C3)Cl.Cl,IPSVAUIEEPSJRZ-UHFFFAOYSA-N
82145.0,CCCCCCCCCCCCCCC(C(=O)O)Br,DPRAYRYQQAXQPE-UHFFFAOYSA-N
66187.0,CO[Si](C)(C)OC,JJQZDUKDJDQPMQ-UHFFFAOYSA-N
8088.0,C(C(=O)O)OCC(=O)O,QEVGZEDELICMKH-UHFFFAOYSA-N
7828.0,C(COC(=O)Cl)OCCOC(=O)Cl,XFSAZBKSWGOXRH-UHFFFAOYSA-N
86354.0,CCC1=NN(C(=C1Cl)C(=O)NCC2=CC=C(C=C2)C(C)(C)C)C,ZZYSLNWGKKDOML-UHFFFAOYSA-N
7710.0,CCCCCC1CCC(=O)O1,OALYTRUKMRCXNH-UHFFFAOYSA-N
8114.0,CCCOCCC,POLCUAVZOMRGSN-UHFFFAOYSA-N
213031.0,CC1(CCCCC1)C(=O)NC2=C(C(=C(C=C2)O)Cl)Cl,VDLGAVXLJYLFDH-UHFFFAOYSA-N
7660.0,CC(=O)OCC=CC1=CC=CC=C1,WJSDHUCWMSHDCR-UHFFFAOYSA-N
62829.0,CC1=C(C(=O)C[C@@H]1OC(=O)[C@@H]2[C@H](C2(C)C)C=C(C)C)CC=C,ZCVAOQKBXKSDMS-PVAVHDDUSA-N
213021.0,CC(=NC#N)N(C)CC1=CN=C(C=C1)Cl,WCXDHFDTOYPNIE-UHFFFAOYSA-N
213016.0,CC(=NOCC1=CC=CC=C1C(=NOC)C(=O)OC)C2=CC(=CC=C2)C(F)(F)F,ONCZDRURRATYFI-UHFFFAOYSA-N
86398.0,C1=CC(=C2C(=C1)OC(O2)(F)F)C3=CNC=C3C#N,MUJOIMFVNIBMKC-UHFFFAOYSA-N
13218777.0,C[C@H]1[C@@H](SC(=O)N1C(=O)NC2CCCCC2)C3=CC=C(C=C3)Cl,XGWIJUOSCAQSSV-XHDPSFHLSA-N
5367650.0,CC/C=C/CCCCCCCCCCOC(=O)C,YJINQJFQLQIYHX-SNAWJCMRSA-N
135503327.0,CCCC(=NOCC)C1=C(CC(CC1=O)CC(C)SCC)O,CSPPKDPQLUUTND-UHFFFAOYSA-N
66357.0,CC(=C)C(=O)OCCOC1=CC=CC=C1,CEXQWAAGPPNOQF-UHFFFAOYSA-N
6915.0,CCC(CC)C(=O)O,OXQGTIUCKGYOAA-UHFFFAOYSA-N
10269.0,CC(C)(C)C1=CC(=CC(=C1O)C(C)(C)C)OC,SLUKQUGVTITNSY-UHFFFAOYSA-N
61005.0,CC(C)C(=O)OCCOC1=CC=CC=C1,MJTPMXWJHPOWGH-UHFFFAOYSA-N
3794540.0,C1=CC=C(C(=C1)C=O)S(=O)(=O)[O-].[Na+],ADPUQRRLAAPXGT-UHFFFAOYSA-M
4128060.0,CC(COC(C)COC(=O)C=C)OCC(C)OC(=O)C=C,LJRSZGKUUZPHEB-UHFFFAOYSA-N
91758.0,CCC(C)SP(=O)(N1CCSC1=O)OCC,DUFVKSUJRWYZQP-UHFFFAOYSA-N
92425.0,C#CCN1C(=O)COC2=CC(=C(C=C21)N3C(=O)C4=C(C3=O)CCCC4)F,FOUWCSDKDDHKQP-UHFFFAOYSA-N
9860484.0,[Cl-].[Cl-].[Cl-].[Yb+3],CKLHRQNQYIJFFX-UHFFFAOYSA-K
21804.0,CCOP(=O)(OCC)OC1=NC(=C(C=C1Cl)Cl)Cl,OTMOUPHCTWPNSL-UHFFFAOYSA-N
90462.0,C1=CC=C2C(=C1)C(=O)N(N=N2)CCl,DIBUQPIFKGWZDT-UHFFFAOYSA-N
66117.0,C(CCC(=O)NN)CC(=O)NN,IBVAQQYNSHJXBV-UHFFFAOYSA-N
60196415.0,CC1=CC(=O)OC2=C1C=CC(=C2)O.O,HRFJWEHVFMYQSS-UHFFFAOYSA-N
6327366.0,C[Si](O[Si](C)(C)C)O[Si](C)(C)C,SWGZAKPJNWCPRY-UHFFFAOYSA-N
8056.0,C(CCBr)CBr,ULTHEAFYOOPTTB-UHFFFAOYSA-N
22563.0,CC(C)NC1=NC(=NC(=N1)N)Cl,DFWFIQKMSFGDCQ-UHFFFAOYSA-N
30692.0,C1=CC=C2C(=C1)N=C(S2)SCSC#N,TUBQDCKAWGHZPF-UHFFFAOYSA-N
86429.0,CC(C)N(C1=CC=C(C=C1)F)C(=O)COC2=NN=C(S2)C(F)(F)F,IANUJLZYFUDJIH-UHFFFAOYSA-N
86266.0,CC(C)(C(=O)C1=CC=C(C=C1)OCCO)O,GJKGAPPUXSSCFI-UHFFFAOYSA-N
69413.0,C(C#N)NCC#N,BSRDNMMLQYNQQD-UHFFFAOYSA-N
11097730.0,C1CC1(C(=O)NC2=C(C=C(C=C2)Cl)Cl)C(=O)O,GLWWLNJJJCTFMZ-UHFFFAOYSA-N
5371560.0,C/C(=C\C(=O)N(C)C)/OP(=O)(OC)OC,VEENJGZXVHKXNB-VOTSOKGWSA-N
8019.0,COCCO,XNWFRZJHXBZDAG-UHFFFAOYSA-N
7749.0,CCC(=O)OCC,FKRCODPIKNYEAC-UHFFFAOYSA-N
41381.0,CCN(CC(=C)C)C1=C(C=C(C=C1[N+](=O)[O-])C(F)(F)F)[N+](=O)[O-],PTFJIKYUEPWBMS-UHFFFAOYSA-N
10197650.0,CCNCC.Cl,HDITUCONWLWUJR-UHFFFAOYSA-N
50367.0,CC(C)N1C(=NC(C)(C)C)SCN(C1=O)C2=CC=CC=C2,PRLVTUNWOQKEAI-UHFFFAOYSA-N
7656.0,C1=CC=C(C=C1)CNCC2=CC=CC=C2,BWLUMTFWVZZZND-UHFFFAOYSA-N
91754.0,CC(C)(C)C1=CC=C(C=C1)CSC2=C(C(=O)N(N=C2)C(C)(C)C)Cl,DWFZBUWUXWZWKD-UHFFFAOYSA-N
86369.0,CC1=NN(C(=O)N1C(F)F)C2=C(C=C(C(=C2)NS(=O)(=O)C)Cl)Cl,OORLZFUTLGXMEF-UHFFFAOYSA-N
7877.0,CC(C)(C)NC(=O)C=C,XFHJDMUEHUHAJW-UHFFFAOYSA-N
10403199.0,C[C@@]1(C(=O)N(C(=N1)SC)NC2=CC=CC=C2)C3=CC=CC=C3,LMVPQMGRYSRMIW-KRWDZBQOSA-N
93379.0,C1=CC=C(C=C1)NC(=O)NC2=CC(=NC=C2)Cl,GPXLRLUVLMHHIK-UHFFFAOYSA-N
12813.0,CCCCCCC1CCC(=O)O1,IFYYFLINQYPWGJ-UHFFFAOYSA-N
50465.0,C(C(=O)O)OC1=NC(=C(C(=C1Cl)N)Cl)F,MEFQWPUMEMWTJP-UHFFFAOYSA-N
23700088.0,C1=CC(=C(C=C1Cl)Cl)OCCCC(=O)[O-].[Na+],PPKIJAQKBAYNNL-UHFFFAOYSA-M
20965.0,CCOP(=S)(OCC)OC1=CC(=C(C=C1Cl)Br)Cl,KWGUFOITWDSNQY-UHFFFAOYSA-N
105010.0,CC1=CC(=CC(=C1)C(=O)N(C(C)(C)C)NC(=O)C2=C(C(=CC=C2)OC)C)C,QCAWEPFNJXQPAN-UHFFFAOYSA-N
93066.0,CCCCCCCCCCCCCCCCCC(=O)O.C(C(CO)O)O,CKQVRZJOMJRTOY-UHFFFAOYSA-N
18831.0,C1(=NC(=NC(=N1)Cl)N)N,FVFVNNKYKYZTJU-UHFFFAOYSA-N
28999.0,CCCCC(CC)C(=O)OCCOCCOCCOCCOC(=O)C(CC)CCCC,GYHPTPQZVBYHLC-UHFFFAOYSA-N
7803.0,CCCOC(=O)CC,MCSINKKTEDDPNK-UHFFFAOYSA-N
5355856.0,CCCC(=O)OC/C=C(\C)/CCC=C(C)C,ZSBOMYJPSRFZAL-JLHYYAGUSA-N
136055781.0,CCC(=NOC/C=C/Cl)C1=C(CC(CC1=O)C2CCOCC2)O,IOYNQIMAUDJVEI-ZFNPBRLTSA-N
86173.0,CC1COC(O1)(CN2C=NC=N2)C3=C(C=C(C=C3)OC4=CC=C(C=C4)Cl)Cl,BQYJATMQXGBDHF-UHFFFAOYSA-N
9411.0,CCC(C)N1C(=O)C(=C(NC1=O)C)Br,CTSLUCNDVMMDHG-UHFFFAOYSA-N
33360.0,CCOC1C(C2=C(O1)C=CC(=C2)OS(=O)(=O)C)(C)C,IRCMYGHHKLLGHV-UHFFFAOYSA-N
7738.0,COC1=CC=C(C=C1)CO,MSHFRERJPWKJFX-UHFFFAOYSA-N
7695.0,CC(=O)OCC1=CC=C(C=C1)OC,HFNGYHHRRMSKEU-UHFFFAOYSA-N
4109.0,CC(=NOC(=O)NC)SC,UHXUZOCRWCRNSJ-UHFFFAOYSA-N
8375.0,CC(=O)C1=CC=CC=C1O,JECYUBVRTQDVAT-UHFFFAOYSA-N
36565.0,CCC(C)NC1=C(C=C(C=C1[N+](=O)[O-])C(C)(C)C)[N+](=O)[O-],SPNQRCTZKIBOAX-UHFFFAOYSA-N
74651.0,CC1=CC=CC=C1OCC(=O)O,QJVXBRUGKLCUMY-UHFFFAOYSA-N
7655.0,CC(C)C(=O)OCCC1=CC=CC=C1,JDQVBGQWADMTAM-UHFFFAOYSA-N
235414.0,C1CCCCCCCOC(=O)CCCCCC1,FKUPPRZPSYCDRS-UHFFFAOYSA-N
75227.0,C=CN1CCCCCC1=O,JWYVGKFDLWWQJX-UHFFFAOYSA-N
13754.0,CCOP(=O)(OCC)OC1=NC(=NC(=C1)C)C(C)C,VBLJFQYCTRKKKF-UHFFFAOYSA-N
7462.0,CC1=CC=C(CC1)C(C)C,YHQGMYUVUMAZJR-UHFFFAOYSA-N
91745.0,CC1=CC=CC=C1CO[C@@H]2C[C@]3(CC[C@@]2(O3)C)C(C)C,QMTNOLKHSWIQBE-FGTMMUONSA-N
6919.0,C1=COC(=C1)C(=O)O,SMNDYUVBFMFKNZ-UHFFFAOYSA-N
10367.0,C1=CC(=NC(=C1)C(=O)O)C(=O)O,WJJMNDUMQPNECX-UHFFFAOYSA-N
6422843.0,COC(=O)N(C1=CC=CC=C1COC2=NN(C=C2)C3=CC=C(C=C3)Cl)OC,HZRSNVGNWUDEFX-UHFFFAOYSA-N
8007.0,CCCCN,HQABUPZFAYXKJW-UHFFFAOYSA-N
12056759.0,CCCOC1=NN(C(=O)N1C)C(=O)[N-]S(=O)(=O)C2=CC=CC=C2C(=O)OC.[Na+],JRQGDDUXDKCWRF-UHFFFAOYSA-M
177863.0,CCC(C)(C)C(=O)OC1=C(C(=O)OC12CCCCC2)C3=C(C=C(C=C3)Cl)Cl,DTDSAWVUFPGDMX-UHFFFAOYSA-N
7996.0,CC(C)OCCO,HCGFUIQPSOCUHI-UHFFFAOYSA-N
6433944.0,CC/C=C\C#N,ISBHMJZRKAFTGE-ARJAWSKDSA-N
61018.0,CC(C)CC(C)(C#C)O,NECRQCBKTGZNMH-UHFFFAOYSA-N
86736.0,CCCCCCC1CCOC1=O,IBVDLVUXSDSVQF-UHFFFAOYSA-N
125098.0,CCC(C)OC(=O)N1CCCCC1CCO,QLHULAHOXSSASE-UHFFFAOYSA-N
213032.0,CC1(C(=O)N(C(=O)O1)NC2=CC=CC=C2)C3=CC=C(C=C3)OC4=CC=CC=C4,PCCSBWNGDMYFCW-UHFFFAOYSA-N
115268.0,C1C[N+]2=CC=CC=C2C3=CC=CC=[N+]31.O.[Br-].[Br-],KLJOSQAQZMLLMB-UHFFFAOYSA-L
11826859.0,CC(C)(C(=O)OCC=C)OC(=O)C1=C(C=CC(=C1)N2C(=O)C=C(N(C2=O)C)C(F)(F)F)Cl,JEDYYFXHPAIBGR-UHFFFAOYSA-N
7580.0,C1=CC=C(C=C1)CC2=CC=CC=C2,CZZYITDELCSZES-UHFFFAOYSA-N
91757.0,CC(C)CC1=C(C(=NC(=C1C(=O)SC)C(F)(F)F)C(F)F)C(=O)SC,YUBJPYNSGLJZPQ-UHFFFAOYSA-N
7020.0,C1=CC=C2C(=C1)C(=O)C3=CC=CC=C3O2,JNELGWHKGNBSMD-UHFFFAOYSA-N
26033.0,CCOC(=O)C1=CN2C(=CC(=N2)OP(=S)(OCC)OCC)N=C1C,JOOMJVFZQRQWKR-UHFFFAOYSA-N
33.0,C(C=O)Cl,QSKPIOLLBIHNAC-UHFFFAOYSA-N
9560.0,CC(=CC(=O)OC)OP(=O)(OC)OC,GEPDYQSQVLXLEU-UHFFFAOYSA-N
107646.0,CN1COCN(C1=N[N+](=O)[O-])CC2=CN=C(S2)Cl,NWWZPOKUUAIXIW-UHFFFAOYSA-N
2723630.0,C1(=S)NNC(=S)S1,BIGYLAKFCGVRAN-UHFFFAOYSA-N
86302.0,COCCCOCCCOC,KWDCKLXGUZOEGM-UHFFFAOYSA-N
7328.0,CCOP(=S)(OCC)OC1=C(C=C(C=C1)Cl)Cl,WGOWCPGHOCIHBW-UHFFFAOYSA-N
440967.0,CC1([C@H]2CCC(=C)[C@@H]1C2)C,WTARULDDTDQWMU-IUCAKERBSA-N
32241.0,CC(C)C1=CC2=C(C=C1)C=C(C=C2)C(C)C,GWLLTEXUIOFAFE-UHFFFAOYSA-N
517827.0,CC(C)C1=CC=C(C=C1)CC(C)C=O,ZFNVDHOSLNRHNN-UHFFFAOYSA-N
50897.0,CCCCOC(=O)C(C)OC1=CC=C(C=C1)OC2=NC=C(C=C2)C(F)(F)F,VAIZTNZGPYBOGF-UHFFFAOYSA-N
10560.0,CCC(C)S,LOCHFZBWPCLPAN-UHFFFAOYSA-N
86160.0,CCCN(CC)CC1COC2(O1)CCC(CC2)C(C)(C)C,PUYXTUJWRLOUCW-UHFFFAOYSA-N
61007.0,CC(=O)CCC1=CC=C(C=C1)OC,PCBSXBYCASFXTM-UHFFFAOYSA-N
47938.0,CCOC(=O)C(C)OC1=CC=C(C=C1)OC2=NC3=C(O2)C=C(C=C3)Cl,PQKBPHSEKWERTG-UHFFFAOYSA-N
8049.0,CCOC(=O)CCCCCCCCC(=O)OCC,ONKUXPIBXRRIDU-UHFFFAOYSA-N
7790.0,CCCOC(=O)CCCCC(=O)OCCC,NKOUWLLFHNBUDW-UHFFFAOYSA-N
7702.0,CCCC1=CC=C(C=C1)OC,KBHWKXNXTURZCD-UHFFFAOYSA-N
8072.0,CCNCCO,MIJDSYMOBYNHOT-UHFFFAOYSA-N
7873.0,CCOP(=O)(OCC)OP(=O)(OCC)OCC,IDCBOTIENDVCBQ-UHFFFAOYSA-N
5282108.0,CC1=CCCC(C1/C=C/C(=O)C)(C)C,UZFLPKAIBPNNCA-BQYQJAHWSA-N
17406.0,C1CC(CC(C1)CN)CN,QLBRROYTTDFLDX-UHFFFAOYSA-N
19587.0,CC(C#C)N(C)C(=O)NC1=CC=C(C=C1)Cl,BYYMILHAKOURNM-UHFFFAOYSA-N
91731.0,C1=C(C=NC(=C1Cl)NC2=C(C=C(C(=C2[N+](=O)[O-])Cl)C(F)(F)F)[N+](=O)[O-])C(F)(F)F,UZCGKGPEKUCDTF-UHFFFAOYSA-N
6808.0,C1C=CCC2C1C(=O)NC2=O,CIFFBTOJCKSRJY-UHFFFAOYSA-N
8048.0,CCCCCCCCCC(=O)OCC,RGXWDWUGBIJHDO-UHFFFAOYSA-N
7541.0,C1=CC=C(C(=C1)NC2=NC(=NC(=N2)Cl)Cl)Cl,IMHBYKMAHXWHRP-UHFFFAOYSA-N
98496.0,CC1=CCC2C(C1)C(=O)OC2=O,OEMSKMUAMXLNKL-UHFFFAOYSA-N
88855.0,CC(=C)C(=O)OCCOC(=O)CC(=O)C,IBDVWXAVKPRHCU-UHFFFAOYSA-N
23676736.0,COC1=CC(=NC(=N1)NC(=O)[N-]S(=O)(=O)C2=C(C=CC=N2)OCC(F)(F)F)OC.[Na+],UFEIWEXHHOXPGP-UHFFFAOYSA-M
86132.0,CC(C1CC1)C(CN2C=NC=N2)(C3=CC=C(C=C3)Cl)O,UFNOUKDBUJZYDE-UHFFFAOYSA-N
7881.0,CCCCOP(=O)(O)OCCCC,JYFHYPJRHGVZDY-UHFFFAOYSA-N
61038.0,CCCCC(CC)(CO)CO,DSKYSDCYIODJPC-UHFFFAOYSA-N
8080.0,C1CC=COC1,BUDQDWGNQVEFAC-UHFFFAOYSA-N
20949.0,CC(C)OC1=CC=CC=C1O,ZNCUUYCDKVNVJH-UHFFFAOYSA-N
31386.0,C1=CC=C(C=C1)S(=O)(=O)C2=CC=CC=C2,KZTYYGOKRVBIMI-UHFFFAOYSA-N
86287519.0,CN/C(=N\[N+](=O)[O-])/NCC1=CN=C(S1)Cl,PGOOBECODWQEAB-UHFFFAOYSA-N
96393.0,CC1=CC(=NN1CO)C,OBENDWOJIFFDLZ-UHFFFAOYSA-N
3033674.0,CCCCOC(=O)[C@@H](C)OC1=CC=C(C=C1)OC2=NC=C(C=C2)C(F)(F)F,VAIZTNZGPYBOGF-CYBMUJFWSA-N
7945.0,CCOC(=O)CC(C)C,PPXUHEORWJQRHJ-UHFFFAOYSA-N
7794.0,CC(CCC=C(C)C)CC=O,NEHNMFOYXAPHSD-UHFFFAOYSA-N
8010.0,C(C#N)C#N,CUONGYYJJVDODC-UHFFFAOYSA-N
86749.0,CCC(C)(CCC=C(C)C)O,JRTBBCBDKSRRCY-UHFFFAOYSA-N
4348.0,C1=CC=C(C=C1)CNCCO,XNIOWJUQPMKCIJ-UHFFFAOYSA-N
7756.0,CC(C)CC(=NO)C,ZKALVNREMFLWAN-UHFFFAOYSA-N
8621.0,CC1=CC(=C(C(=C1Cl)C)Cl)O,IYOLBFFHPZOQGW-UHFFFAOYSA-N
25238.0,COC1=C(C=CC(=C1)CC=C)OC(=O)CC2=CC=CC=C2,JEEUACXJJPNYOL-UHFFFAOYSA-N
8017.0,C(CO)NN,GBHCABUWWQUMAJ-UHFFFAOYSA-N
7825.0,C=CC(=O)OCCC#N,AEPWOCLBLLCOGZ-UHFFFAOYSA-N
100524.0,CC1=CC(=C(C=C1)OP(=S)(NC(C)C)OC)[N+](=O)[O-],VHEWQRWLIDWRMR-UHFFFAOYSA-N
246728.0,CCCCCC(=O)CC,RHLVCLIPMVJYKS-UHFFFAOYSA-N
51605.0,CCOC(=O)NCCOC1=CC=C(C=C1)OC2=CC=CC=C2,HJUFTIJOISQSKQ-UHFFFAOYSA-N
6327546.0,C1=CC=C(C=C1)O[P+](=O)OC2=CC=CC=C2,CDXVUROVRIFQMV-UHFFFAOYSA-N
2735045.0,CCOC(=S)[S-].[K+],JCBJVAJGLKENNC-UHFFFAOYSA-M
18048.0,CC(C)C1=CC(=C(C=C1)O)C(C)C,KEUMBYCOWGLRBQ-UHFFFAOYSA-N
8454.0,CN1CCCC1,AVFZOVWCLRSYKC-UHFFFAOYSA-N
32490.0,CCCOC(=O)NCCCN(C)C,WZZLDXDUQPOXNW-UHFFFAOYSA-N
3830.0,C1=COC(=C1)CNC2=NC=NC3=C2NC=N3,QANMHLXAZMSUEX-UHFFFAOYSA-N
7219.0,C1C=CC2=CC=CC=C21,YBYIRNPNPLQARY-UHFFFAOYSA-N
18542136.0,C1=CC(=C(C=C1O)O)C2=C(C(=O)C3=C(C=C(C=C3O2)O)O)O.O.O,AEVKYFNHIADTEI-UHFFFAOYSA-N
31265.0,CCCCCC(=O)OCC,SHZIWNPUGXLXDT-UHFFFAOYSA-N
36870.0,CCCSP(=S)(OCC)OC1=C(C=C(C=C1)Cl)Cl,FITIWKDOCAUBQD-UHFFFAOYSA-N
135398752.0,C1=NNC2=C1C(=O)NC(=O)N2,HXNFUBHNUDHIGC-UHFFFAOYSA-N
23687810.0,C1=CC(=CN=C1)C(=O)[O-].[Na+],KFLRWGSAMLBHBV-UHFFFAOYSA-M
11437710.0,C1=CC(=CC(=C1)C(F)(F)F)C(=O)CC2=CC=C(C=C2)C#N,CMHGFDOROXXOOB-UHFFFAOYSA-N
86356.0,CC(C)(C)C1=CC=C(C=C1)CCOC2=NC=NC3=CC=CC=C32,DMYHGDXADUDKCQ-UHFFFAOYSA-N
87820.0,CCOC(=O)CC(C(=O)C)C(=O)C,NKGFIBABDQHCHZ-UHFFFAOYSA-N
20546.0,CCCC(CC)C1=CC=CC=C1,SLVCCWGFGQVDMN-UHFFFAOYSA-N
11355992.0,CCCOCCOCCOCCO,KCBPVRDDYVJQHA-UHFFFAOYSA-N
61594.0,C1CCC(C1)C2=C(C=CC(=C2)Cl)O,LZUKCYHMVDGDBK-UHFFFAOYSA-N
86013.0,CCOC1=CC2=C(C=C1)NC(CC2C)(C)C,YLDDCEXDGNXCIO-UHFFFAOYSA-N
69508.0,C1=CC=C2C(=C1)C=C(C(=N2)C(=O)O)C(=O)O,YHUVMHKAHWKQBI-UHFFFAOYSA-N
110747.0,CC(C)CCCC(C)CC=O,UCSIFMPORANABL-UHFFFAOYSA-N
106701.0,CCCCC(CC)C(=O)OC(C)C,KWJPCZGVGLPKMD-UHFFFAOYSA-N
9907412.0,CC1=CC(=C(C(=C1)C)C2=C(C3(CCCC3)OC2=O)OC(=O)CC(C)(C)C)C,GOLXNESZZPUPJE-UHFFFAOYSA-N
12942137.0,CCCCCCCCCCCCCCN(CCO)CCO,CPHJEACXPATRSU-UHFFFAOYSA-N
43371.0,CC(=O)CN(CC(=O)C)N=O,AKRYBBWYDSDZHG-UHFFFAOYSA-N
73764.0,CCCCCCCCCCCCN1CCOCC1,ZRIILUSQBDFVNY-UHFFFAOYSA-N
66609.0,CC(C)(C)C1=CC(=CC(=C1O)C(C)(C)C)CN(C)C,VMZVBRIIHDRYGK-UHFFFAOYSA-N
90509.0,CC1(C(=O)NC(=O)NC1=O)C,LAOZSCRCYVBSJA-UHFFFAOYSA-N
64865.0,CC(C)(C)C1=CC(=CC(=C1O)C(C)(C)C)CCC(=O)NN,KMWIPXLIKIAZMT-UHFFFAOYSA-N
62379.0,CCCCCCCCCCCCCC[N+]1=CC=CC=C1.[Br-],HJNAJKBRYDFICV-UHFFFAOYSA-M
15069.0,C1=C(N=CS1)C#N,PNAFRZGWUVQUKH-UHFFFAOYSA-N
2763760.0,CC1COC2=CC=CC=C2N1,BSDVKBWLRCKPFB-UHFFFAOYSA-N
87323.0,C(#N)C1=C(C(=C(C(=N1)Cl)Cl)Cl)Cl,KFPBGJYBKSQIAI-UHFFFAOYSA-N
18193.0,CO[Si](C)(C1=CC=CC=C1)OC,CVQVSVBUMVSJES-UHFFFAOYSA-N
31355.0,CC(C)COP(=O)(OCC(C)C)OCC(C)C,HRKAMJBPFPHCSD-UHFFFAOYSA-N
119193.0,CCCCCCOC1=C(C(=C(C(=C1)C)O)C)C,ATMNQRRJNBCQJO-UHFFFAOYSA-N
50293.0,C1=CC(=NC=C1C(Cl)(Cl)Cl)Cl,VLJIVLGVKMTBOD-UHFFFAOYSA-N
41463.0,CCCCCCCCSC(=O)OC1=CC(=NN=C1C2=CC=CC=C2)Cl,JTZCTMAVMHRNTR-UHFFFAOYSA-N
117640.0,CC(C)(C)OC(=O)C1=CC=C(C=C1)O,WHWMOMRHHQLBQQ-UHFFFAOYSA-N
64832.0,CC(C)(C)C1=CC=C(C=C1)CCC=O,FZJUFJKVIYFBSY-UHFFFAOYSA-N
70811.0,C1(=C(C(=NC(=C1Cl)Cl)C(Cl)(Cl)Cl)Cl)Cl,YMBFWRZKTZICHS-UHFFFAOYSA-N
91683.0,C1=CC=C(C(=C1)C(C2=CC=C(C=C2)F)(C3=CN=CN=C3)O)Cl,SAPGTCDSBGMXCD-UHFFFAOYSA-N
54678504.0,C1CC(C2=CC=CC=C2C1)C3=C(C4=CC=CC=C4OC3=O)O,ULSLJYXHZDTLQK-UHFFFAOYSA-N
6451155.0,CCOC(=O)C1=NOC(C1)(C2=CC=CC=C2)C3=CC=CC=C3,MWKVXOJATACCCH-UHFFFAOYSA-N
53672.0,CCOC(=O)COC(=O)C1=C(C=CC(=C1)OC2=C(C=C(C=C2)C(F)(F)F)Cl)[N+](=O)[O-],IPPAUTOBDWNELX-UHFFFAOYSA-N
91692.0,C1CCC(C1)N(CC2=CC=C(C=C2)Cl)C(=O)NC3=CC=CC=C3,OGYFATSSENRIKG-UHFFFAOYSA-N
89440.0,CC1CC(C2=C(C1(C)C)C=C(C(=C2)C(=O)C)C)(C)C,DNRJTBAOUJJKDY-UHFFFAOYSA-N
73539.0,CN1C(C(N(C1=O)C)O)O,LGJMYGMNWHYGCB-UHFFFAOYSA-N
21080.0,C1CCC(CC1)N(C2CCCCC2)SC3=NC4=CC=CC=C4S3,CMAUJSNXENPPOF-UHFFFAOYSA-N
28768.0,C1=CC(=CN=C1)C(C2=CC=C(C=C2)Cl)(C3=CC=C(C=C3)Cl)O,NBNTWDUNCHRWMT-UHFFFAOYSA-N
108312.0,CC(CCC1=CC=CC=C1)CCO,OXYRENDGHPGWKV-UHFFFAOYSA-N
6733.0,CC(C)CC(=O)C1C(=O)C2=CC=CC=C2C1=O,PVWMAOPFDINGAY-UHFFFAOYSA-N
102293.0,CCC(CO)CO,HYFFNAVAMIJUIP-UHFFFAOYSA-N
19665.0,CCCCN(CCCCO)N=O,DIKPQFXYECAYPC-UHFFFAOYSA-N
12998.0,C=COCCOCCOC=C,SAMJGBVVQUEMGC-UHFFFAOYSA-N
77287.0,CCCCCCCCCCCCSC,KJWHJDGMOQJLGF-UHFFFAOYSA-N
171018.0,COC(=O)C1=C(C=CC(=C1)Cl)[N+](=O)[O-],JGBJHRKCUKTQOE-UHFFFAOYSA-N
74266.0,CC(C)OP(=O)(CP(=O)(OC(C)C)OC(C)C)OC(C)C,ODTQUKVFOLFLIQ-UHFFFAOYSA-N
170249.0,C=CC1=CC=CC(=C1)CCl,HMDQPBSDHHTRNI-UHFFFAOYSA-N
520789.0,CC1(CC(=O)CC(N1[O])(C)C)C,WSGDRFHJFJRSFY-UHFFFAOYSA-N
18016.0,CCCCOC(=O)CCCCCCCC(=O)OCCCC,RISLXYINQFKFRL-UHFFFAOYSA-N
3036974.0,C=CC(=O)OCC1CCC2C1C3CC(C2C3)COC(=O)C=C,VEBCLRKUSAGCDF-UHFFFAOYSA-N
66573.0,CCN1C2=C(C=C(C=C2)[N+](=O)[O-])C3=CC=CC=C31,WONHLSYSHMRRGO-UHFFFAOYSA-N
1551245.0,CC(=CCC/C(=C\C#N)/C)C,HLCSDJLATUNSSI-YFHOEESVSA-N
19800.0,CCCCCCC(CCCC)CO,XMVBHZBLHNOQON-UHFFFAOYSA-N
56841620.0,CC1=CC(=CC(=C1N)S(=O)(=O)O)C(=C2C=CC(=[NH+]C3=CC=C(C=C3)S(=O)(=O)[O-])C=C2)C4=CC=C(C=C4)NC5=CC=C(C=C5)S(=O)(=O)[O-].[Na+].[Na+],XOSXWYQMOYSSKB-UHFFFAOYSA-M
104386.0,CC(C)CCCCCOC(=O)CCS,ZHUWXKIPGGZNJW-UHFFFAOYSA-N
104265.0,CC(=C)C(=O)OCCO.OP(=O)(O)O,POLZHVHESHDZRD-UHFFFAOYSA-N
93335.0,CC(C)CC(C)N(C1=CC=CC=C1)C2=CC=C(C=C2)N,KZTCAXCBXSIQSS-UHFFFAOYSA-N
6099917.0,C1(=NC(=NC(=N1)[S-])[S-])[S-].[Na+].[Na+].[Na+],NYVOYAFUSJONHU-UHFFFAOYSA-K
82058.0,C1=CC=C(C=C1)COC(=O)C(=O)OCC2=CC=CC=C2,ZYZXGWGQYNTGAU-UHFFFAOYSA-N
26068.0,CC(C)(C)C1CCCCC1O,DLTWBMHADAJAAZ-UHFFFAOYSA-N
66638.0,CC1=NN(C(=O)C1)C2=CC=C(C=C2)S(=O)(=O)O,CWJQQASJVVAXKL-UHFFFAOYSA-N
77780.0,CC(=O)O[Si](C=C)(OC(=O)C)OC(=O)C,NOZAQBYNLKNDRT-UHFFFAOYSA-N
117734.0,CO[Si](CCCN1C(=O)N(C(=O)N(C1=O)CCC[Si](OC)(OC)OC)CCC[Si](OC)(OC)OC)(OC)OC,QWOVEJBDMKHZQK-UHFFFAOYSA-N
61931.0,CCCCC(CC)COC(=O)OOC(C)(C)C,BRQMAAFGEXNUOL-UHFFFAOYSA-N
2723715.0,C1=CC2=C(C3=C(C=CC=N3)C=C2)N=C1.O.Cl,NDLHUHRGAIHALB-UHFFFAOYSA-N
8617.0,C1=CC=C2C(=C1)C(=CN2)CCCC(=O)O,JTEDVYBZBROSJT-UHFFFAOYSA-N
24261.0,O=[Si]=O,VYPSYNLAJGMNEJ-UHFFFAOYSA-N
6385.0,CC(C)(C)N,YBRBMKDOPFTVDT-UHFFFAOYSA-N
12296.0,CC(C)CCCO,PCWGTDULNUVNBN-UHFFFAOYSA-N
4875.0,[K+].[I-],NLKNQRATVPKPDG-UHFFFAOYSA-M
807.0,II,PNDPGZBMCMUPRI-UHFFFAOYSA-N
2723949.0,CC(=S)N,YUKQRDCYNOVPGJ-UHFFFAOYSA-N
31239.0,CCCCCCCCCCCCCCCC[N+]1=CC=CC=C1.[Cl-],YMKDRGPMQRFJGP-UHFFFAOYSA-M
12542.0,C(C(=O)N)F,FVTWJXMFYOXOKK-UHFFFAOYSA-N
757.0,C(C(=O)O)O,AEMRFAOFKBGASW-UHFFFAOYSA-N
6872.0,C1=CC=C(C=C1)NC(=O)C2=CC=CC=C2O,WKEDVNSFRWHDNR-UHFFFAOYSA-N
67329.0,CCCCOCCOC(=O)CCCCCCCCC(=O)OCCOCCCC,KZBSIGKPGIZQJQ-UHFFFAOYSA-N
23688987.0,[Li+].C1=C(C=C(C=C1C(=O)[O-])S(=O)(=O)O)C(=O)O,GGKPBCOOXDBLLG-UHFFFAOYSA-M
60196418.0,CCCCOC(CC)OC(C)COC(CC)O,RNFAKTRFMQEEQE-UHFFFAOYSA-N
106705.0,CC(CN(CCCN(C)C)CCCN(C)C)O,NWDRKFORNVPWLY-UHFFFAOYSA-N
62389.0,C1=CC=C(C=C1)CNC2=NC=NC3=C2NC=N3,NWBJYWHLCVSVIJ-UHFFFAOYSA-N
10908.0,CC(=O)OC(C)(C)C,WMOVHXAZOJBABW-UHFFFAOYSA-N
9794.0,CCOC(=O)C(F)(F)F,STSCVKRWJPWALQ-UHFFFAOYSA-N
16241.0,CCO[Si](C)(OCC)OCC,CPUDPFPXCZDNGI-UHFFFAOYSA-N
18137.0,CO[Si](C1=CC=CC=C1)(OC)OC,ZNOCGWVLWPVKAO-UHFFFAOYSA-N
80900.0,C1COCCN1CCOCCN2CCOCC2,ZMSQJSMSLXVTKN-UHFFFAOYSA-N
23681045.0,C(=O)(C(Cl)(Cl)Cl)[O-].[Na+],SAQSTQBVENFSKT-UHFFFAOYSA-M
31214.0,CCOC(OCC)OCC,GKASDNZWUGIAMG-UHFFFAOYSA-N
7155.0,CC1=CC=CC=C1N=C(N)N=C(N)N,SQZCAOHYQSOZCE-UHFFFAOYSA-N
2735086.0,COS(=O)(=O)[O-].[Na+],DZXBHDRHRFLQCJ-UHFFFAOYSA-M
6999977.0,CCCCOC(=O)[C@H](C)O,MRABAEUHTLLEML-LURJTMIESA-N
91693.0,CCCC(CN1C=NC=N1)C2=C(C=C(C=C2)Cl)Cl,WKBPZYKAUNRMKP-UHFFFAOYSA-N
4778.0,C1=CC=C(C=C1)[As]=O,BQVCCPGCDUSGOE-UHFFFAOYSA-N
24874.0,CCC(C)N,BHRZNVHARXXAHW-UHFFFAOYSA-N
516910.0,N(=O)[O-].[K+],BXNHTSHTPBPRFX-UHFFFAOYSA-M
7465.0,CC(C)C1=CC=C(C=C1)O,YQUQWHNMBPIWGK-UHFFFAOYSA-N
6636.0,C1=CC=C(C=C1)S(=O)(=O)OC2=CC=C(C=C2)Cl,SPJOZZSIXXJYBT-UHFFFAOYSA-N
23690438.0,CC(C)OC(=S)[S-].[Na+],IRZFQKXEKAODTJ-UHFFFAOYSA-M
11488.0,C1=CC=C(C=C1)[Hg]C2=CC=CC=C2,HWMTUNCVVYPZHZ-UHFFFAOYSA-N
2735107.0,CCCCCCCCOS(=O)(=O)[O-].[Na+],WFRKJMRGXGWHBM-UHFFFAOYSA-M
90479.0,CC(C)OC(=O)C1=CC=CC=C1OP(=S)(N)OC,YFVOXLJXJBQDEF-UHFFFAOYSA-N
36679.0,CC(C)C1=CC=C(C=C1)NC(=O)N(C)C,PUIYMUZLKQOUOZ-UHFFFAOYSA-N
15530.0,C1=C(C=C(C(=C1I)O)I)C#N,NRXQIUSYPAHGNM-UHFFFAOYSA-N
67277.0,C1=CC=C2C=C(C(=CC2=C1)C(=O)NC3=CC(=CC=C3)[N+](=O)[O-])O,YZJSKRBKHCLMQC-UHFFFAOYSA-N
21330.0,CC1=C(S(=O)(=O)CCO1)C(=O)NC2=CC=CC=C2,AMEKQAFGQBKLKX-UHFFFAOYSA-N
34313.0,CC1=C(OC(=C1C(=O)NC2=CC=CC=C2)C)C,ZWJNEYVWPYIKMB-UHFFFAOYSA-N
36392.0,CCCN(CCCl)C1=C(C=C(C=C1[N+](=O)[O-])C(F)(F)F)[N+](=O)[O-],MNFMIVVPXOGUMX-UHFFFAOYSA-N
85821.0,CCCCCCC(C)NC1=CC=C(C=C1)NC2=CC=CC=C2,JQTYAZKTBXWQOM-UHFFFAOYSA-N
15969.0,COC(=O)NC1=CC(=C(C=C1)Cl)Cl,WOZQBERUBLYCEG-UHFFFAOYSA-N
10303.0,CN(C)C1=CC=C(C=C1)N=NC2=CC=CC=C2C(=O)O,CEQFOVLGLXCDCX-UHFFFAOYSA-N
7403.0,CC(C)(C)C1=CC=C(C=C1)C(=O)O,KDVYCTOWXSLNNI-UHFFFAOYSA-N
91727.0,C1=CC=C(C(=C1)C(CN2C=NC=N2)(C3=CC=C(C=C3)F)O)F,JWUCHKBSVLQQCO-UHFFFAOYSA-N
118703.0,CCCC1C(=CC(=CN1C2=CC=CC=C2)CC)CC,IAAASXBHFUJLHW-UHFFFAOYSA-N
9013.0,CCOC1=CC=C(C=C1)NC(=O)N,GGLIEWRLXDLBBF-UHFFFAOYSA-N
51392.0,CCCCCCCCCCCC(=O)NCCCN(C)C,TWMFGCHRALXDAR-UHFFFAOYSA-N
73791.0,CCCCOCCOCCOCCOCCO,MXVMODFDROLTFD-UHFFFAOYSA-N
253881.0,[Na+].[Br-],JHJLBTNAGRQEKS-UHFFFAOYSA-M
23617864.0,CCC(=O)O[C@@H]1C[C@H]2CC[C@@]1(C2(C)C)C,FAFMZORPAAGQFV-BREBYQMCSA-N
23700091.0,C1=CC=C2C(=C1)C=CC=C2CC(=O)[O-].[K+],HPQBUYIHTJNBOM-UHFFFAOYSA-M
91664.0,CC1=CC(=C(C(=C1)Cl)OP(=S)(OC)OC)Cl,OBZIQQJJIKNWNO-UHFFFAOYSA-N
6997371.0,C[C@@]12CC[C@@H](C1)C([C@@H]2O)(C)C,IAIHUHQCLTYTSF-OYNCUSHFSA-N
8738.0,CCCCOC(=O)C(C)O,MRABAEUHTLLEML-UHFFFAOYSA-N
8769.0,CCN(CCO)CCO,AKNUHUCEWALCOI-UHFFFAOYSA-N
23676735.0,C1=CC=C(C(=C1)C(=O)O)C(=O)[O-].[K+],IWZKICVEHNUQTL-UHFFFAOYSA-M
7348.0,CCCCCCCCCCCC(=O)N(C)CC(=O)O,BACYUWVYYTXETD-UHFFFAOYSA-N
74523.0,CCCCNC(=O)NCCCC,AQSQFWLMFCKKMG-UHFFFAOYSA-N
27295.0,C1=CC(=CC=C1[N+](=O)[O-])OC2=C(C=C(C=C2)C(F)(F)F)[N+](=O)[O-],HHMCAJWVGYGUEF-UHFFFAOYSA-N
28292.0,CCOP(=O)(SC1=CC=CC=C1)SC2=CC=CC=C2,AWZOLILCOUMRDG-UHFFFAOYSA-N
34766.0,CCSCC1=CC=CC=C1OC(=O)NC,HEZNVIYQEUHLNI-UHFFFAOYSA-N
18055.0,CCN(CC)C(=O)SCC,WARIWGPBHKPYON-UHFFFAOYSA-N
37125.0,CCCSP(=S)(OCC)OC1=CC=C(C=C1)SC,JXHJNEJVUNHLKO-UHFFFAOYSA-N
15629.0,CN(C(=O)NC1=CC=C(C=C1)Cl)OC,LKJPSUCKSLORMF-UHFFFAOYSA-N
17517.0,CC(C)C1=CC=CC=C1OC(=O)NC,QBSJMKIUCUGGNG-UHFFFAOYSA-N
997.0,C1=CC=C(C=C1)CC(=O)C(=O)O,BTNMPGBKDVTSJY-UHFFFAOYSA-N
99597.0,CC(C)(C)C(=O)CC(=O)OC,XTXCFTMJPRXBBC-UHFFFAOYSA-N
803.0,C1=CC=C2C(=C1)C(=CN2)CC(=O)C(=O)O,RSTKLPZEZYGQPY-UHFFFAOYSA-N
9794021.0,[Cl-].[Cl-].[Pd+2],PIBWKRNGBLPSSY-UHFFFAOYSA-L
31398.0,C1CC(=O)N(C1=O)Cl,JRNVZBWKYDBUCA-UHFFFAOYSA-N
8753.0,CCCCCCCCCCCC[N+](C)(C)CC1=CC=CC=C1.[Cl-],JBIROUFYLSSYDX-UHFFFAOYSA-M
22344.0,C1(=C(SC(=C1Cl)Cl)Cl)Cl,WZXXZHONLFRKGG-UHFFFAOYSA-N
12521030.0,CC(O)(P(=O)(O)O)P(=O)(O)O.O,KKNZXUHBWLPUFN-UHFFFAOYSA-N
61329.0,CC(C)N(C1=CC=CC=C1)C(C)C,OVSARSKQWCLSJT-UHFFFAOYSA-N
6515.0,CCO[Si](CC)(OCC)OCC,DENFJSAFJTVPJR-UHFFFAOYSA-N
442343.0,CC1=CC[C@H](CC1)[C@](C)(CCC=C(C)C)O,RGZSQWQPBWRIAQ-CABCVRRESA-N
11357.0,CCC1=CC=CC=C1N,MLPVBIWIRCKMJV-UHFFFAOYSA-N
62592.0,CCCCCCCOC(=O)CCC,JPQHLIYIQARLQM-UHFFFAOYSA-N
10364.0,CC1=C(C=C(C=C1)C(C)C)O,RECUKUPTGUEGMW-UHFFFAOYSA-N
5238.0,[Na+].[I-],FVAUCKIRQBBSSJ-UHFFFAOYSA-M
3720192.0,CC1=CC=C(C=C1)S(=O)(=O)[O-].[Na+],KVCGISUBCHHTDD-UHFFFAOYSA-M
22629.0,CCCCCCOC(=O)C1=CC=CC=C1O,DUKPKQFHJQGTGU-UHFFFAOYSA-N
8888.0,CC(=CCCC(=CCCC(C)(C=C)O)C)C,FQTLCLSUCSAZDY-UHFFFAOYSA-N
66755.0,CCOC1=CC=CC=C1O,MOEFFSWKSMRFRQ-UHFFFAOYSA-N
637520.0,COC(=O)/C=C/C1=CC=CC=C1,CCRCUPLGCSFEDV-BQYQJAHWSA-N
8163.0,CCCCCCCCCC(=O)C,KYWIYKKSMDLRDC-UHFFFAOYSA-N
91593.0,C1C(O1)CN(CC2CO2)C3=CC=C(C=C3)CC4=CC=C(C=C4)N(CC5CO5)CC6CO6,FAUAZXVRLVIARB-UHFFFAOYSA-N
11722.0,COC(=O)N,GTCAXTIRRLKXRU-UHFFFAOYSA-N
16306.0,CCCCOC(=O)C(=O)OCCCC,JKRZOJADNVOXPM-UHFFFAOYSA-N
8422.0,C1=CC=C2C=C(C=CC2=C1)OCC(=O)O,RZCJYMOBWVJQGV-UHFFFAOYSA-N
2723631.0,CNC(=S)NC,VLCDUOXHFNUCKK-UHFFFAOYSA-N
62347.0,C12C(NC(=O)N1)NC(=O)N2,VPVSTMAPERLKKM-UHFFFAOYSA-N
3714831.0,C1=CC=C2C(=C1)N=C(S2)[S-].[Na+],VLDHWMAJBNWALQ-UHFFFAOYSA-M
8908.0,CCCCCCOC(=O)C,AOGQPLXWSUTHQB-UHFFFAOYSA-N
75982.0,C(COCCN)N,GXVUZYLYWKWJIM-UHFFFAOYSA-N
65294.0,CCCCCCC(C)(C)C(=O)OC=C,ZHXNRJQVYHYIMK-UHFFFAOYSA-N
87391.0,CCO[Si](CC(C)C)(OCC)OCC,ALVYUZIFSCKIFP-UHFFFAOYSA-N
94932.0,CC(C)(C1CCC(CC1)O)C2CCC(CC2)O,CDBAMNGURPMUTG-UHFFFAOYSA-N
78860.0,CCC1(COCOC1)CO,BGFBWRWYROQISE-UHFFFAOYSA-N
111032.0,CC1CC(CC(C1)(C)C)OC(=O)C(=C)C,DABQKEQFLJIRHU-UHFFFAOYSA-N
11284883.0,CC(=O)O.CC(=O)O.CC(=O)O.CC(=O)O.CC(=O)O.CC(=O)O.CC(=O)O.O.O.[Cr].[Cr].[Cr],XYQQGESWGNLKIO-UHFFFAOYSA-N
27979.0,CC(C)COCNC(=O)C=C,KCTMTGOHHMRJHZ-UHFFFAOYSA-N
62334.0,CC(=O)OC1CCCCC1C(C)(C)C,FINOAUDUYKVGDS-UHFFFAOYSA-N
17701.0,CC[Sn](CC)(CC)Br,KQPIFPBKXYBDGV-UHFFFAOYSA-M
96170.0,C1COC(C(O1)O)O,YLVACWCCJCZITJ-UHFFFAOYSA-N
81629.0,C1CN(CCN1CCCN)CCCN,XUSNPFGLKGCWGN-UHFFFAOYSA-N
29858.0,C1=CC2=C(C=C1Cl)OC(=O)N2,MATCZHXABVLZIE-UHFFFAOYSA-N
1711973.0,C[C@@H](CCCC(C)(C)OC)C/C=C/C(=C/C(=O)OC(C)C)/C,NFGXHKASABOEEW-GYMWBFJFSA-N
13134.0,COP(=O)(O)OC,KKUKTXOBAWVSHC-UHFFFAOYSA-N
12336279.0,CC1=C(C=CC(=C1)Cl)N=CN(C)C.Cl,WZFNZVJGDCKNME-UHFFFAOYSA-N
60196419.0,C1=C2C=C(C=C(C2=C(C=C1S(=O)(=O)[O-])N)O)S(=O)(=O)O.O.[Na+],YYIGOAMEITZADH-UHFFFAOYSA-M
93079.0,CCC(C)(C#N)N=NC(C)(CC)C#N,AVTLBBWTUPQRAY-UHFFFAOYSA-N
8228.0,CN(C)CCCN1C2=CC=CC=C2CCC3=CC=CC=C31.Cl,XZZXIYZZBJDEEP-UHFFFAOYSA-N
33443.0,CCC(C)NC1=NC(=NC(=N1)NCC)OC,ZJMZZNVGNSWOOM-UHFFFAOYSA-N
16212360.0,C(C(=O)[O-])F.[Na+],JGFYQVQAXANWJU-UHFFFAOYSA-M
17531.0,CCOP(=S)(OCC)SCN1C(=O)C2=CC=CC=C2N=N1,RQVGAIADHNPSME-UHFFFAOYSA-N
1488.0,COC(=O)COC1=C(C=C(C=C1)Cl)Cl,HWIGZMADSFQMOI-UHFFFAOYSA-N
16247.0,CC1=C(C=CC(=C1)OC(=O)NC)N(C)C,IMIDOCRTMDIQIJ-UHFFFAOYSA-N
17516.0,CC1=CC(=CC(=C1)OC(=O)NC)C(C)C,DTAPQAJKAFRNJB-UHFFFAOYSA-N
16116.0,CC1CCCCC1NC(=O)NC2=CC=CC=C2,JXVIIQLNUPXOII-UHFFFAOYSA-N
38884.0,CCCCC1=C(N=C(N=C1OS(=O)(=O)N(C)C)NCC)C,DSKJPMWIHSOYEA-UHFFFAOYSA-N
267210.0,COC(=O)C1(C2=CC=CC=C2C3=CC=CC=C31)O,AJKQZRAAQMBNKM-UHFFFAOYSA-N
60196420.0,C1[C@@H]2C=C[C@@H]1[C@H]3[C@@H]2[C@]4(C(=C([C@@]3(C4(Cl)Cl)Cl)Cl)Cl)Cl,QBYJBZPUGVGKQQ-WVWMLWNASA-N
1474.0,C1=CC=NC(=C1)C2=CC=CC=N2,ROFVEXUMMXZLPA-UHFFFAOYSA-N
92874.0,CC1=CC(=O)[C@H]2C[C@@H]1C2(C)C,DCSCXTJOXBUFGB-JGVFFNPUSA-N
6730.0,C1=CC(=CC=C1C(C2=CC=C(C=C2)Cl)C(=O)O)Cl,YIOCIFXUGBYCJR-UHFFFAOYSA-N
12687.0,CCCCCCCCCCCC[N+](C)(C)CC(=O)O,DVEKCXOJTLDBFE-UHFFFAOYSA-O
13617.0,CC1(C(=O)C(C1=O)(C)C)C,RGCDVHNITQEYPO-UHFFFAOYSA-N
23690256.0,CC1=C(C(=C(C=C1/C(=C/2\C=C(C(=O)C(=C2C)Br)Br)/C3=CC=CC=C3S(=O)(=O)[O-])Br)O)Br.[Na+],PZBRPDUUWGYUTE-IWSIBTJSSA-M
73917.0,COC(=O)CCCC(=O)O,IBMRTYCHDPMBFN-UHFFFAOYSA-N
23672589.0,CC(=O)NC1=C(C(=C(C(=C1I)C(=O)[O-])I)NC(=O)C)I.[Na+],ZEYOIOAKZLALAP-UHFFFAOYSA-M
92363.0,CC1=CC(=C(C=C1)NC=O)C,JOFDPSBOUCXJCC-UHFFFAOYSA-N
97780.0,CCOC(=O)C(C1=CC=CC=C1)Br,BKTKLDMYHTUESO-UHFFFAOYSA-N
69627.0,CCCO[Si](OCCC)(OCCC)OCCC,ZQZCOBSUOFHDEE-UHFFFAOYSA-N
31957.0,CCN(CC)C1=NC(=CC(=N1)OP(=S)(OCC)OCC)C,TZBPRYIIJAJUOY-UHFFFAOYSA-N
91734.0,C1=CC(=C(C(=C1)F)C(=O)NC(=O)NC2=CC(=C(C(=C2F)Cl)F)Cl)F,CJDWRQLODFKPEL-UHFFFAOYSA-N
6145.0,C1=CC=C(C=C1)NC(=O)N,LUBJCRLGQSPQNN-UHFFFAOYSA-N
6694.0,CCN(CC)C1=CC2=C(C=C1)C(=C3C=CC(=[N+](CC)CC)C=C3O2)C4=CC=CC=C4C(=O)O.[Cl-],PYWVYCXTNDRMGF-UHFFFAOYSA-N
3086330.0,C=CCOCC(CO)(CO)CO,RFIMISVNSAUMBU-UHFFFAOYSA-N
66571.0,CCOC1=CC(=C(C=C1N2CCOCC2)OCC)[N+](=O)[O-],KNHGNICBXADRMC-UHFFFAOYSA-N
176.0,CC(=O)O,QTBSBXVTEAMEQO-UHFFFAOYSA-N
13150.0,CC(C)(C)C(=O)C(=O)O,IAWVHZJZHDSEOC-UHFFFAOYSA-N
18980.0,C1=CC=C2C(=C1)C(=NC2=N)N,RZVCEPSDYHAHLX-UHFFFAOYSA-N
6624.0,CC(C1=CC=C(C=C1)Cl)(C2=CC=C(C=C2)Cl)O,URYAFVKLYSEINW-UHFFFAOYSA-N
21648.0,CC(=O)CCC1=CC=C(C=C1)O,NJGBTKGETPDVIK-UHFFFAOYSA-N
72700.0,C1=CC(=CC(=C1)C(=O)NN)C(=O)NN,UTTHLMXOSUFZCQ-UHFFFAOYSA-N
69985.0,C1=CC=C(C(=C1)[N+](=O)[O-])[O-].[Na+],AXKBOWBNOCUNJL-UHFFFAOYSA-M
70355.0,C1CCC(CC1)(C(=O)C2=CC=CC=C2)O,QNODIIQQMGDSEF-UHFFFAOYSA-N
15325.0,C1=CC(=C(C=C1[N+](=O)[O-])[N+](=O)[O-])SC#N,XQDQRCRASHAZBA-UHFFFAOYSA-N
5371084.0,CCC(=O)/C=C/C1C(=CCCC1(C)C)C,VPKMGDRERYMTJX-CMDGGOBGSA-N
81278.0,C1CCC(CC1)N2CCCC2=O,PZYDAVFRVJXFHS-UHFFFAOYSA-N
93012.0,CCCCC(CC)C(C#C)O,CUUQUEAUUPYEKK-UHFFFAOYSA-N
62428.0,CCOC(=O)CC1=CC=CC2=CC=CC=C21,XIDPSKQLXKCVQN-UHFFFAOYSA-N
5354266.0,C=CCOC(=O)/C=C\C(=O)OCC=C,ZPOLOEWJWXZUSP-WAYWQWQTSA-N
107282.0,CCC1COC(=O)O1,ZZXUZKXVROWEIF-UHFFFAOYSA-N
90255.0,COCCOCCOCCOCCOCCO,SLNYBUIEAMRFSZ-UHFFFAOYSA-N
10234.0,CCC(C)C1=C(C(=CC(=C1)[N+](=O)[O-])[N+](=O)[O-])OC(=O)C=C(C)C,ZRDUSMYWDRPZRM-UHFFFAOYSA-N
21202.0,C1CC(CCC1CC2CCC(CC2)N=C=O)N=C=O,KORSJDCBLAPZEQ-UHFFFAOYSA-N
76921.0,C(COCCOCCC#N)C#N,VTHRQKSLPFJQHN-UHFFFAOYSA-N
23661981.0,C1=CC=C2C(=C1)C(=O)C3=C(C2=O)C=C(C=C3)S(=O)(=O)[O-].[Na+],GGCZERPQGJTIQP-UHFFFAOYSA-M
94310.0,CCCCC(CC)COC(=O)C1=CC=CC=C1,UADWUILHKRXHMM-UHFFFAOYSA-N
12163.0,C1=CC(=CC=C1C#N)Cl,GJNGXPDXRVXSEH-UHFFFAOYSA-N
79688.0,C1=CC=C(C=C1)C2=C(C=C(C=C2)O)Cl,MXORDJXBRHNWBE-UHFFFAOYSA-N
17880.0,CCOC1=CC=C(C=C1)N=NC2=CC(=C(C=C2)C=CC3=C(C=C(C=C3)N=NC4=CC=C(C=C4)OCC)S(=O)(=O)[O-])S(=O)(=O)[O-].[Na+].[Na+],YQMJDPHTMKUEHG-UHFFFAOYSA-L
81239.0,COCC1=CC=C(C=C1)COC,DAJPMKAQEUGECW-UHFFFAOYSA-N
21576.0,CC(=O)CC(=O)NC1=CC=C(C=C1)OC,SWAJJKROCOJICG-UHFFFAOYSA-N
84733.0,C(COCCS)OCCS,HCZMHWVFVZAHCR-UHFFFAOYSA-N
6504.0,CCOC(=O)CC(CC(=O)OCC)(C(=O)OCC)OC(=O)C,WEAPVABOECTMGR-UHFFFAOYSA-N
40273.0,CCOC1=CC(=C(C=C1)OCC)Cl,ZIMKMIAIVORSSX-UHFFFAOYSA-N
91708.0,C1=CC(=C(C(=C1)F)C(=O)NC(=O)NC2=CC(=C(C(=C2)Cl)OC3=C(C=C(C=N3)C(F)(F)F)Cl)Cl)F,UISUNVFOGSJSKD-UHFFFAOYSA-N
70262.0,CCC1=NC=C(N1)C,ULKLGIFJWFIQFF-UHFFFAOYSA-N
23662274.0,CC(=O)C(=O)[O-].[Na+],DAEPDZWVDSPTHF-UHFFFAOYSA-M
23695324.0,C1C(=NN(C1=O)C2=CC=C(C=C2)S(=O)(=O)O)C(=O)[O-].[Na+],KFVXGVBBXSOYNO-UHFFFAOYSA-M
6785.0,CCOC(=O)COC(=O)C1=CC=CC=C1C(=O)OCC,PZBLUWVMZMXIKZ-UHFFFAOYSA-N
5354456.0,COC(=O)/C=C\C(=O)O,NKHAVTQWNUWKEO-IHWYPQMZSA-N
8995.0,CCN(CCC#N)C1=CC=CC=C1,WYRNRZQRKCXPLA-UHFFFAOYSA-N
3007855.0,[Cl-].[Cl-].[Zn+2],JIAARYAFYJHUJI-UHFFFAOYSA-L
9274.0,CCOP(=S)(OCC)S,IRDLUHRVLVEUHA-UHFFFAOYSA-N
69990.0,C1=CC=C(C=C1)P(=O)(Cl)Cl,IBDMRHDXAQZJAP-UHFFFAOYSA-N
1549133.0,CC(C)C[C@@H](C(=O)O)NC(=O)OCC1C2=CC=CC=C2C3=CC=CC=C13,CBPJQFCAFFNICX-IBGZPJMESA-N
13654.0,CC(C)OC(=O)C1=CC=CC=C1,FEXQDZTYJVXMOS-UHFFFAOYSA-N
5281515.0,C/C/1=C\CCC(=C)[C@H]2CC([C@@H]2CC1)(C)C,NPNUFJAVOOONJE-GFUGXAQUSA-N
14465.0,CCN(CC)C(=O)N(CC)CC,UWHSPZZUAYSGTB-UHFFFAOYSA-N
12377.0,CCCSSCCC,ALVPFGSHPUPROW-UHFFFAOYSA-N
81346.0,CCCOC(=O)C1=C(C(=C(C(=C1Cl)Cl)Cl)Cl)C(=O)OCCC,QJRSPJSHRYYBJL-UHFFFAOYSA-N
6328250.0,C1=CC=C2C(=C1)C3=CC=CC=C3[P+](=O)O2,DWSWCPPGLRSPIT-UHFFFAOYSA-N
74745.0,CCC[N+](CCC)(CCC)CCC.[Br-],BGQMOFGZRJUORO-UHFFFAOYSA-M
7116.0,C1=CC2=C(C=CC(=C2)S(=O)(=O)O)C=C1N,SEMRCUIXRUXGJX-UHFFFAOYSA-N
71577.0,C1=CC(=CC(=C1)S(=O)(=O)[O-])S(=O)(=O)[O-].[Na+].[Na+],XWPWZOJBTOJEGW-UHFFFAOYSA-L
79050.0,CCCCCCCCCCCCCC(=O)OCC(CO)O,DCBSHORRWZKAKO-UHFFFAOYSA-N
24210.0,CN(C1CCCCC1)C2CCCCC2,GSCCALZHGUWNJW-UHFFFAOYSA-N
20239.0,C(CN)COCCOCCOCCCN,JCEZOHLWDIONSP-UHFFFAOYSA-N
21088.0,C(CN)CN(CCO)CCO,FKJVYOFPTRGCSP-UHFFFAOYSA-N
3086157.0,CN(C)CCOCCN(C)CCO,NCUPDIHWMQEDPR-UHFFFAOYSA-N
11799.0,CC(C)OC(=O)C1=CC=CC=C1C(=O)OC(C)C,QWDBCIAVABMJPP-UHFFFAOYSA-N
82056.0,C(CS)C(=O)OCC(COC(=O)CCS)(COC(=O)CCS)COC(=O)CCS,JOBBTVPTPXRUBP-UHFFFAOYSA-N
8830.0,CCCCOC(=O)CCC(=O)OCCCC,YUXIBTJKHLUKBD-UHFFFAOYSA-N
20691.0,CCCCN(CCCC)C(=O)N(CCCC)CCCC,SNDGLCYYBKJSOT-UHFFFAOYSA-N
23435.0,CC(C)(CO)N(C)C,XRIBIDPMFSLGFS-UHFFFAOYSA-N
20169.0,CC(C)(COC(=O)C1=CC=CC=C1)COC(=O)C2=CC=CC=C2,DYJIIMFHSZKBDY-UHFFFAOYSA-N
70248.0,C(COCCOCCN)N,IWBOPFCKHIJFMS-UHFFFAOYSA-N
77680.0,CC(C)(C)NCCNC(C)(C)C,KGHYGBGIWLNFAV-UHFFFAOYSA-N
69685.0,C1=CC=C(C=C1)SCCO,KWWZHCSQVRVQGF-UHFFFAOYSA-N
534543.0,CCCCCC=CCC1CC(=O)OC1=O,WSGFXVFLWVXTCJ-UHFFFAOYSA-N
23661867.0,C1=CC=C2C(=C1)C=CC=C2S(=O)(=O)[O-].[Na+],HIEHAIZHJZLEPQ-UHFFFAOYSA-M
8416.0,C1=CC=C(C=C1)N(CCO)CCO,OJPDDQSCZGTACX-UHFFFAOYSA-N
10346.0,CC1=CC(=C(C=C1C(C)(C)C)C(C)(C)C)O,WYSSJDOPILWQDC-UHFFFAOYSA-N
19522.0,CC(=O)NC1=C2C(=CC(=C1)S(=O)(=O)[O-])C=C(C(=C2O)N=NC3=CC=CC=C3)S(=O)(=O)[O-].[Na+].[Na+],WXLFIFHRGFOVCD-UHFFFAOYSA-L
6683.0,C1=CC=C2C(=C1)C(=O)C3=C(C2=O)C(=C(C=C3O)O)O,BBNQQADTFFCFGB-UHFFFAOYSA-N
75706.0,C[Si]1(O[Si](O[Si](O[Si](O1)(C)C=C)(C)C=C)(C)C=C)C=C,VMAWODUEPLAHOE-UHFFFAOYSA-N
118193.0,CC1CCC(CC1)CO,OSINZLLLLCUKJH-UHFFFAOYSA-N
352309.0,CCCCCCCCCCCCN(CCO)CCO,NKFNBVMJTSYZDV-UHFFFAOYSA-N
80434.0,C1=CC(=CC=C1N)OC2=CC(=C(C=C2)N)N,MPKIJEUTPZPJFP-UHFFFAOYSA-N
66308.0,C([C@H]([C@H]([C@@H](C=O)O)O)O)O,PYMYPHUHKUWMLA-WDCZJNDASA-N
6867.0,CC1=CC(=O)OC2=C1C=CC(=C2)N(C)C,GZEYLLPOQRZUDF-UHFFFAOYSA-N
75444.0,CC[NH+]=C1C=CC(=C(C2=CC=C(C=C2)N(CC)CC)C3=CC=C(C=C3)N(CC)CC)C4=CC=CC=C14.[Cl-],ROVRRJSRRSGUOL-UHFFFAOYSA-N
76716.0,C1=CC=C2C(=C1)C3=CC=CC=C3C2(C4=CC=C(C=C4)O)C5=CC=C(C=C5)O,YWFPGFJLYRKYJZ-UHFFFAOYSA-N
79633.0,CC(C)C1=CC2=C(C=C1)SC3=CC=CC=C3C2=O,KTALPKYXQZGAEG-UHFFFAOYSA-N
17462.0,C1=CC=C(C=C1)C(=O)NC2=CC3=CC(=C(C(=C3C=C2)O)N=NC4=CC=C(C=C4)N=NC5=CC=C(C=C5)S(=O)(=O)[O-])S(=O)(=O)[O-].[Na+].[Na+],UFUQRRYHIHJMPB-UHFFFAOYSA-L
94684.0,CC(C)(C)C1(CO1)CCC2=CC=C(C=C2)Cl,QLCGXXYDHCTVKP-UHFFFAOYSA-N
33786.0,C1=CC=C(C(=C1)C=CC2=CC=C(C=C2)C3=CC=C(C=C3)C=CC4=CC=CC=C4S(=O)(=O)[O-])S(=O)(=O)[O-].[Na+].[Na+],PMPJQLCPEQFEJW-UHFFFAOYSA-L
70213.0,CC(C)OC(=O)CCC(=O)OC(C)C,YPLYFEUBZLLLIY-UHFFFAOYSA-N
61585.0,CC(=O)C1=C2CCC(C2=CC(=C1)C(C)(C)C)(C)C,IKTHMQYJOWTSJO-UHFFFAOYSA-N
104143.0,COC1=CC(=C(C=C1N)OC)S(=O)(=O)NC2=CC=CC=C2,NFYQAEPHDGXJSY-UHFFFAOYSA-N
32897.0,CN(C)CC1=CC=CC=C1O,FUIQBJHUESBZNU-UHFFFAOYSA-N
16204922.0,CC(=O)CC(C1=CC=CC=C1)C2=C(C3=CC=CC=C3OC2=O)[O-].[Na+],KYITYFHKDODNCQ-UHFFFAOYSA-M
85862.0,CC(CCCN)CN,JZUHIOJYCPIVLQ-UHFFFAOYSA-N
16143.0,CCCCCCCC1=CC=C(C=C1)O,KNDDEFBFJLKPFE-UHFFFAOYSA-N
7212.0,C1=CC(=C(C=C1Cl)Cl)CCl,IRSVDHPYXFLLDS-UHFFFAOYSA-N
3033871.0,CCCCCCCCN1CCCC1=O,WPPOGHDFAVQKLN-UHFFFAOYSA-N
61053.0,CCOC1=CC=C(C=C1)NC(=O)CC(=O)C,WWROGCAUSKGAMX-UHFFFAOYSA-N
20179.0,C1CN=C(N1)NC2=C(C=CC=C2Cl)Cl.Cl,ZNIFSRGNXRYGHF-UHFFFAOYSA-N
27020.0,C1=CC=C2C(=C1)C(=O)OC23C4=CC(=C(C(=C4OC5=C(C(=C(C=C35)Br)O)Br)Br)O)Br,DBZJJPROPLPMSN-UHFFFAOYSA-N
23017.0,C1=C(C(=O)NC(=C1Cl)Cl)Cl,WCYYAQFQZQEUEN-UHFFFAOYSA-N
51369.0,CC1=C(C(=CC=C1)C)N(C(C)C(=O)OC)C(=O)CC2=CC=CC=C2,CJPQIRJHIZUAQP-UHFFFAOYSA-N
12059.0,CC(C)C1=CC(=CC=C1)O,VLJSLTNSFSOYQR-UHFFFAOYSA-N
16002.0,CCCCOCCOC(=O)COC1=C(C=C(C=C1)Cl)Cl,ZMWGIGHRZQTQRE-UHFFFAOYSA-N
4578030.0,CCC1OCC(O1)COC2=CC=C(C=C2)OC3=CC=CC=C3,ZDOOQPFIGYHZFV-UHFFFAOYSA-N
93528.0,CCCCCC(C)OC(=O)COC1=C2C(=C(C=C1)Cl)C=CC=N2,COYBRKAVBMYYSF-UHFFFAOYSA-N
27689.0,CCNC(=O)C(C)OC(=O)NC1=CC=CC=C1,AMRQXHFXNZFDCH-UHFFFAOYSA-N
40520.0,CC(C)OC(=O)C(C)N(C1=CC(=C(C=C1)F)Cl)C(=O)C2=CC=CC=C2,IKVXBIIHQGXQRQ-UHFFFAOYSA-N
17435.0,CCOC(=O)C(C1=CC=CC=C1)SP(=S)(OC)OC,XAMUDJHXFNRLCY-UHFFFAOYSA-N
19402.0,C1=CC=C(C=C1)C(C2=CC=C(C=C2)Cl)C(=O)C3C(=O)C4=CC=CC=C4C3=O,UDHXJZHVNHGCEC-UHFFFAOYSA-N
33500.0,CCCN(CC1CC1)C2=C(C=C(C=C2[N+](=O)[O-])C(F)(F)F)[N+](=O)[O-],ITVQAKZNYJEWKS-UHFFFAOYSA-N
91673.0,CCC1COC(O1)(CN2C=NC=N2)C3=C(C=C(C=C3)Cl)Cl,DWRKFAJEBUWTQM-UHFFFAOYSA-N
91707.0,CCOC(=O)[C@@H](C)OC1=CC=C(C=C1)OC2=NC3=C(O2)C=C(C=C3)Cl,PQKBPHSEKWERTG-LLVKDONJSA-N
93365.0,C[C@@H]1CN(C[C@@H](O1)C)CC(C)CC2=CC=C(C=C2)C(C)(C)C,RYAUSSKQMZRMAI-ALOPSCKCSA-N
37995.0,CCC1=NC(=CC(=N1)OP(=S)(OC)OC)OCC,FGIWFCGDPUIBEZ-UHFFFAOYSA-N
19756.0,C1=CC=C2C(=C1)NC(=N2)C3=CC=CO3,UYJUZNLFJAWNEZ-UHFFFAOYSA-N
28213.0,CCS(=O)(=O)CCSP(=O)(OC)OC,PZIRJMYRYORVIT-UHFFFAOYSA-N
22544.0,CC1=C(C=CC(=C1)Cl)N=CN(C)C,STUSTWKEFDQFFZ-UHFFFAOYSA-N
11140605.0,CCC1=CC=CC(=C1N([C@@H](C)COC)C(=O)CCl)C,WVQBLGZPHOPPFO-LBPRGKRZSA-N
32184.0,CCOP(=S)(OCC)OC1=NN(C=N1)C2=CC=CC=C2,AMFGTOFWMRQMEM-UHFFFAOYSA-N
91778.0,CCOCN1C(=C(C(=C1C(F)(F)F)Br)C#N)C2=CC=C(C=C2)Cl,CWFOCCVIPCEQCK-UHFFFAOYSA-N
12309460.0,C1[C@@H]2[C@H](COS(=O)O1)[C@@]3(C(=C([C@]2(C3(Cl)Cl)Cl)Cl)Cl)Cl,RDYMFSUJUZBWLH-AZVNHNRSSA-N
54886.0,CCOC(=O)CCN(C(C)C)SN(C)C(=O)OC1=CC=CC2=C1OC(C2)(C)C,FYZBOYWSHKHDMT-UHFFFAOYSA-N
75345.0,CCOC(=N)CC(=O)OCC.Cl,HYMXUYQKXCHWDC-UHFFFAOYSA-N
66491.0,C1=CC2=C3C(=C1)C(=O)NC(=O)C3=CC=C2,XJHABGPPCLHLLV-UHFFFAOYSA-N
1807.0,C1C(COCO1)([N+](=O)[O-])Br,XVBRCOKDZVQYAY-UHFFFAOYSA-N
62445.0,CCC(C)COC(=O)CC(C)C,CYGPPWVXOWCHJB-UHFFFAOYSA-N
24750.0,CCCCCCCCCCCCOCCO,SFNALCNOMXIBKG-UHFFFAOYSA-N
181518.0,[I-].[I-].[Hg+2],YFDLHELOZYVNJE-UHFFFAOYSA-L
66793.0,COC1=CC(=C(C=C1)N)[N+](=O)[O-],QFMJFXFXQAFGBO-UHFFFAOYSA-N
1533.0,CC1=CC(=NC=C1)N,ORLGLBZRQYOWNA-UHFFFAOYSA-N
637759.0,CC(=O)/C=C/C1=CC=CC=C1,BWHOZHOGCMHOBV-BQYQJAHWSA-N
21220.0,C(C(C(=O)O)S(=O)(=O)O)C(=O)O,ULUAUXLGCMPNKK-UHFFFAOYSA-N
13831.0,CCCCP(CCCC)CCCC,TUQOTMZNTHZOKS-UHFFFAOYSA-N
8673.0,C1=CC(=CC2=CC(=C(C=C21)O)S(=O)(=O)[O-])S(=O)(=O)[O-].[Na+].[Na+],VNEBWJSWMVTSHK-UHFFFAOYSA-L
77117.0,C(CSCCS)S,KSJBMDCFYZKAFH-UHFFFAOYSA-N
20812.0,C1=CC(=NC(=C1)Cl)C(=O)O,ZLKMOIHCHCMSFW-UHFFFAOYSA-N
31352.0,C(C(CO)(CO)COCC(CO)(CO)CO)O,TXBCBTDQIULDIA-UHFFFAOYSA-N
70916.0,CC(CCOC(=O)C(=C)C)OC(=O)C(=C)C,VDYWHVQKENANGY-UHFFFAOYSA-N
69229.0,CCOC1=CC(=C(C=C1)N)[N+](=O)[O-],ISFYBUAVOZFROB-UHFFFAOYSA-N
2723869.0,C1(=NC(=S)NN1)N,WZUUZPAYWFIBDF-UHFFFAOYSA-N
75557.0,C1=CC=C(C=C1)COC(=O)N=NC(=O)OCC2=CC=CC=C2,IRJKSAIGIYODAN-UHFFFAOYSA-N
160138.0,C1CC2C3CC(C2C1CO)CC3CO,OTLDLKLSNZMTTA-UHFFFAOYSA-N
85505.0,C1=CC(=C(C=C1C=O)[N+](=O)[O-])Cl,HETBKLHJEWXWBM-UHFFFAOYSA-N
16834.0,C1CCOC(C1)N2C=NC3=C(N=CN=C32)NCC4=CC=CC=C4,POFWRMVFWIJXHP-UHFFFAOYSA-N
671.0,C1=CC=C2C(=C1)C(=CC(=C2O)C(=O)O)O,VOJUXHHACRXLTD-UHFFFAOYSA-N
76382.0,CC1(C(C(C1O)(C)C)O)C,FQXGHZNSUOHCLO-UHFFFAOYSA-N
14569.0,CC1=CC(=CC=C1)NC2=CC=CC=C2,TWPMMLHBHPYSMT-UHFFFAOYSA-N
39230.0,COC(=O)C1=C(C=CC(=C1)OC2=C(C=C(C=C2)Cl)Cl)[N+](=O)[O-],SUSRORUBZHMPCO-UHFFFAOYSA-N
75821.0,CC(=O)OC1=CC=C(C=C1)C=C,JAMNSIXSLVPNLC-UHFFFAOYSA-N
81766.0,CCOCCOCCOC(=O)C=C,FTALTLPZDVFJSS-UHFFFAOYSA-N
24191.0,CC(=CCCC(=CC(OC)OC)C)C,ZSKAJFSSXURRGL-UHFFFAOYSA-N
12613.0,CC(C)CCOC(=O)CC(C)C,XINCECQTMHSORG-UHFFFAOYSA-N
72921.0,C1=CN=CC=C1CCO,DWPYQDGDWBKJQL-UHFFFAOYSA-N
24512.0,CCN1CN(CN(C1)CC)CC,XYRTVIAPRQLSOW-UHFFFAOYSA-N
17291.0,CC(CCO)OC,JSGVZVOGOQILFM-UHFFFAOYSA-N
81410.0,C1=CC=C(C(=C1)S(=O)(=O)N)Cl,JCCBZCMSYUSCFM-UHFFFAOYSA-N
102821.0,CCCCC(CC)C(=O)[O-].CCCCC(CC)C(=O)[O-].[Ba+2],VJFFDDQGMMQGTQ-UHFFFAOYSA-L
77956.0,C1=CC=C(C=C1)S(=O)(=O)C2=CC=CC=C2N,JBCUKQQIWSWEOK-UHFFFAOYSA-N
6669.0,CC1=C(C(=C(C(=C1[N+](=O)[O-])C(C)(C)C)[N+](=O)[O-])C)C(=O)C,WXCMHFPAUCOJIG-UHFFFAOYSA-N
10568.0,C(=C(I)I)(I)I,ZGQURDGVBSSDNF-UHFFFAOYSA-N
8652.0,CC1=CC=C(C=C1)C(=O)C2=CC=CC=C2,WXPWZZHELZEVPO-UHFFFAOYSA-N
108675.0,C1=CC(=C(C(=C1)Cl)CCl)F,MJGOLNNLNQQIHR-UHFFFAOYSA-N
19137.0,CC(=O)CCC1=CC=C(C=C1)OC(=O)C,UMIKWXDGXDJQJK-UHFFFAOYSA-N
87019.0,C1=CN=CC=C1CCCC2=CC=NC=C2,OGNCVVRIKNGJHQ-UHFFFAOYSA-N
173604.0,C1=CC(=C(C=C1C=O)Br)F,FAHZIKXYYRGSHF-UHFFFAOYSA-N
79302.0,CCC(C)(C)C1CCC(CC1)O,VDQZABQVXYELSI-UHFFFAOYSA-N
3255932.0,CC(=C)C(=O)[O-].[Na+],SONHXMAHPHADTF-UHFFFAOYSA-M
14869.0,C1=CC=C(C=C1)NC(=O)C2=C(C=CC(=C2)Cl)O,KGYNGVVNFRUOOZ-UHFFFAOYSA-N
22278.0,CC1=C(C=C(C=C1)C=O)C,POQJHLBMLVTHAU-UHFFFAOYSA-N
118379.0,CCC(COC(=O)CCS)(COC(=O)CCS)COC(=O)CCS,IMQFZQVZKBIPCQ-UHFFFAOYSA-N
80037.0,C1=C(C=C(C(=C1Cl)O)Cl)N,KGEXISHTCZHGFT-UHFFFAOYSA-N
6924.0,CC1=CC=CC=C1S(=O)(=O)N,YCMLQMDWSXFTIF-UHFFFAOYSA-N
64805.0,CC(CC1=CC2=C(C=C1)OCO2)C=O,BOPPSUHPZARXTH-UHFFFAOYSA-N
94544.0,C1=CC=C(C=C1)OC2=CC=CC(=C2)CBr,UJUNUASMYSTBSK-UHFFFAOYSA-N
93375.0,CC1C=C(CCC1C=O)C,MZZRKEIUNOYYDF-UHFFFAOYSA-N
6321405.0,C[C@@]12CC[C@@H](C1(C)C)C[C@H]2O,DTGKSKDOIYIVQL-MRTMQBJTSA-N
16303.0,CC1=CC(=C(C=C1)NC(=O)C)C,PJEIIBXJUDOMAN-UHFFFAOYSA-N
89953.0,CCC(=O)NC1=CC=CC(=C1)N,VGDKCRMZIWPMPW-UHFFFAOYSA-N
1252759.0,CC1=CC[C@@H](C1(C)C)CC=O,OGCGGWYLHSJRFY-SECBINFHSA-N
85335.0,CCCCOC(=O)CCS,MGFFVSDRCRVHLC-UHFFFAOYSA-N
67236.0,C1=CC=C(C=C1)OC(=O)C2=C(C3=CC=CC=C3C=C2)O,QHDYIMWKSCJTIM-UHFFFAOYSA-N
122612.0,CC(=C)C(=O)OCCOP(=O)(O)OCCOC(=O)C(=C)C,NXBXJOWBDCQIHF-UHFFFAOYSA-N
80373.0,C1C(COCO1)(CO)CO,ZTISUHQLYYPYFA-UHFFFAOYSA-N
4320947.0,C1C(O1)COC2=CC=C(C=C2)C(C3=CC=C(C=C3)OCC4CO4)C5=CC=C(C=C5)OCC6CO6,IGZBSJAMZHNHKE-UHFFFAOYSA-N
135414420.0,CC1=C(C=CC(=C1)S(=O)(=O)[O-])N=NC2=C(C=CC3=CC=CC=C32)O.[Na+],WPWNIQBSYQVEKJ-UHFFFAOYSA-M
76079.0,C1=CC(=CC=C1C(=O)N)N,QIKYZXDTTPVVAC-UHFFFAOYSA-N
8420.0,C1=CC=C2C=C(C=CC2=C1)S(=O)(=O)O,KVBGVZZKJNLNJU-UHFFFAOYSA-N
98723.0,C=CC(=O)N1CCOCC1,XLPJNCYCZORXHG-UHFFFAOYSA-N
31335.0,CC1(C(=O)N(C(=O)N1Cl)Br)C,PQRDTUFVDILINV-UHFFFAOYSA-N
17858.0,CCCCCCCCCCC1CO1,MPGABYXKKCLIRW-UHFFFAOYSA-N
53172.0,C1CC(CC(C1)CN=C=O)CN=C=O,XSCLFFBWRKTMTE-UHFFFAOYSA-N
61196.0,CCC(CO)(COCC=C)COCC=C,BDKDHWOPFRTWPP-UHFFFAOYSA-N
16135.0,CC(=C)C(=O)OCC(C)(C)COC(=O)C(=C)C,ULQMPOIOSDXIGC-UHFFFAOYSA-N
92387.0,CC(C)(C(=O)C1=CC=C(C=C1)SC)N2CCOCC2,LWRBVKNFOYUCNP-UHFFFAOYSA-N
75654.0,C1=CC=C(C=C1)OP(=O)(OC2=CC=CC=C2)Cl,BHIIGRBMZRSDRI-UHFFFAOYSA-N
6621.0,C1=CC=C(C=C1)S(=O)(=O)C2=CC=C(C=C2)Cl,OFCFYWOKHPOXKF-UHFFFAOYSA-N
78435.0,CC1=CC(=C(C(=C1C(=O)OC)O)C)O,UUQHKWMIDYRWHH-UHFFFAOYSA-N
108381.0,CC(C)C1N(CCO1)CCOC(=O)NCCCCCCNC(=O)OCCN2CCOC2C(C)C,KQYKAMMEDGWORJ-UHFFFAOYSA-N
175956.0,C=CC(=O)OCCOC(=O)CCC(=O)O,UZDMJPAQQFSMMV-UHFFFAOYSA-N
32912.0,CCCCCCCCC(CCCCCC)C(=O)O,JMOLZNNXZPAGBH-UHFFFAOYSA-N
78882.0,CC(=C)C(=O)NCCCN(C)C,GDFCSMCGLZFNFY-UHFFFAOYSA-N
5067511.0,CC1=C(C(=C(C=C1Br)Br)OC)Br,NMPPAMFEYWGNCI-UHFFFAOYSA-N
15627.0,CC(C)(C)C1=CC=C(C=C1)C=C,QEDJMOONZLUIMC-UHFFFAOYSA-N
81984.0,CC(C)(C(=O)C1=CC=CC=C1)O,XMLYCEVDHLAQEL-UHFFFAOYSA-N
87329.0,C=COCCCCO,HMBNQNDUEFFFNZ-UHFFFAOYSA-N
62411.0,C(COCC#CCOCCO)O,IXAWTPMDMPUGLV-UHFFFAOYSA-N
20803.0,CCN(CC1=CC(=CC=C1)S(=O)(=O)[O-])C2=CC=C(C=C2)C(=C3C=CC(=[N+](CC)CC4=CC(=CC=C4)S(=O)(=O)[O-])C=C3)C5=CC=CC=C5.[Na+],XKTMIJODWOEBKO-UHFFFAOYSA-M
16387.0,CC(=C)C(=O)OCCCCOC(=O)C(=C)C,XOJWAAUYNWGQAU-UHFFFAOYSA-N
6327514.0,CCCCC(CC)CO[P+](=O)OCC(CC)CCCC,ZLMKQJQJURXYLC-UHFFFAOYSA-N
15284.0,CC(=C)C(=O)OCC(COC1=CC=C(C=C1)C(C)(C)C2=CC=C(C=C2)OCC(COC(=O)C(=C)C)O)O,AMFGWXWBFGVCKG-UHFFFAOYSA-N
87425.0,C1=CC=C(C=C1)C2=NNN=N2,MARUHZGHZWCEQU-UHFFFAOYSA-N
62556.0,C=CC(=O)OCC(COC(=O)C=C)(COC(=O)C=C)COC(=O)C=C,KNSXNCFKSZZHEA-UHFFFAOYSA-N
11450.0,CC(C)(C)C1=CC(=CC=C1)O,CYEKUDPFXBLGHH-UHFFFAOYSA-N
75430.0,CCCCS(=O)(=O)Cl,WEDIIKBPDQQQJU-UHFFFAOYSA-N
15144.0,C1CCNC(C1)CCO,PTHDBHDZSMGHKF-UHFFFAOYSA-N
12198.0,CC(COC(=O)C)OC(=O)C,MLHOXUWWKVQEJB-UHFFFAOYSA-N
90038.0,CCC(CO)(CO)COCC(CC)(CO)CO,WMYINDVYGQKYMI-UHFFFAOYSA-N
81207.0,CN(C)CCCNCCCN(C)C,BXYVQNNEFZOBOZ-UHFFFAOYSA-N
5371102.0,CC/C=C\CCOC(=O)C1=CC=CC=C1O,IEPWIPZLLIOZLU-ARJAWSKDSA-N
2777208.0,C1=CC=C(C(=C1)OC(F)(F)F)S(=O)(=O)N,HIFGQHGWMTZMOH-UHFFFAOYSA-N
6772.0,CCC1=CC2=C(C=C1)C(=O)C3=CC=CC=C3C2=O,SJEBAWHUJDUKQK-UHFFFAOYSA-N
75494.0,C1=CC2=C(C=C1C3=CC4=C(C=C3)C(=O)OC4=O)C(=O)OC2=O,WKDNYTOXBCRNPV-UHFFFAOYSA-N
63062.0,CCC(=C(C1=CC=C(C=C1)O)C2=CC=C(C=C2)OCCN(C)C)C3=CC=CC=C3,TXUZVZSFRXZGTL-UHFFFAOYSA-N
9445.0,C1=C(C=C(C(=C1C(=O)O)O)Cl)Cl,CNJGWCQEGROXEE-UHFFFAOYSA-N
116814.0,CN(C1CCCCC1)S(=O)(=O)C2=CC=CC=C2N,IPEHSCPRVOWQFQ-UHFFFAOYSA-N
67060.0,CC1=NN(C(=O)C1)C2=CC(=CC=C2)S(=O)(=O)O,VEMGKBUHUTYHHA-UHFFFAOYSA-N
93162.0,CCCCCC1=CC=C(C=C1)N,DGFTWBUZRHAHTH-UHFFFAOYSA-N
76980.0,C1CC(=O)N(C1)CCO,WDQFELCEOPFLCZ-UHFFFAOYSA-N
93312.0,C1=CC(=CC=C1C(=O)OCCCOC(=O)C2=CC=C(C=C2)N)N,YPACMOORZSDQDQ-UHFFFAOYSA-N
458426.0,CCCCCCCCCCCCN.Cl,TWFQJFPTTMIETC-UHFFFAOYSA-N
12715.0,CCC(C)NC(=O)N,CBRSBDUOPJQVMP-UHFFFAOYSA-N
4.0,CC(CN)O,HXKKHQJGJAFBHI-UHFFFAOYSA-N
12729.0,CCOC(=O)CCCCCCCCC=C,FXNFFCMITPHEIT-UHFFFAOYSA-N
4443516.0,C=CC(=O)OCC(COC1=CC=CC=C1)O,HHQAGBQXOWLTLL-UHFFFAOYSA-N
86171.0,CCC(CC1=CC=CC=C1)(C(=O)C2=CC=C(C=C2)N3CCOCC3)N(C)C,UHFFVFAKEGKNAQ-UHFFFAOYSA-N
3033992.0,C=COCCOCCOCCOC=C,CYIGRWUIQAVBFG-UHFFFAOYSA-N
61718.0,C1CC(CCC1COCC2CO2)COCC3CO3,VQMQXWYQIIUJIT-UHFFFAOYSA-N
76767.0,C=CCOC1=C(C=C(C=C1Br)Br)Br,RZLLIOPGUFOWOD-UHFFFAOYSA-N
17236.0,CC(=C)C(=O)OCC1=CC=CC=C1,AOJOEFVRHOZDFN-UHFFFAOYSA-N
15612.0,COC(=O)CCCCCCCC(=O)OC,DRUKNYVQGHETPO-UHFFFAOYSA-N
16331.0,CCCCOC(=O)CCC(=O)C,ISBWNEKJSSLXOD-UHFFFAOYSA-N
17151.0,CC(=C)C(=O)OCC1CCCO1,LCXXNKZQVOXMEH-UHFFFAOYSA-N
604152.0,CC(=C)C1=CC(=CC=C1)C(C)(C)N=C=O,ZVEMLYIXBCTVOF-UHFFFAOYSA-N
23663624.0,CC(=C)CS(=O)(=O)[O-].[Na+],SZHIIIPPJJXYRY-UHFFFAOYSA-M
19601.0,CC(=C)C(=O)OCCNC(C)(C)C,BEWCNXNIQCLWHP-UHFFFAOYSA-N
74937.0,C1=CC=C(C=C1)CCCC2=CC=NC=C2,AQIIVEISJBBUCR-UHFFFAOYSA-N
17259.0,CCCCCCOC(=O)C=C,LNMQRPPRQDGUDR-UHFFFAOYSA-N
75171.0,CN(C)CCN(C)CCO,LSYBWANTZYUTGJ-UHFFFAOYSA-N
108956.0,C=CC(=O)OCC(CO)(COCC(COC(=O)C=C)(COC(=O)C=C)COC(=O)C=C)COC(=O)C=C,INXWLSDYDXPENO-UHFFFAOYSA-N
39485.0,C=CC(=O)OCCOC1=CC=CC=C1,RZVINYQDSSQUKO-UHFFFAOYSA-N
135474890.0,CCC(=NOCC)C1=C(CC(CC1=O)C2=C(C=C(C=C2C)C)C)O,DQFPEYARZIQXRM-UHFFFAOYSA-N
18198.0,CC(C#CC(C)O)O,KDOWHHULNTXTNS-UHFFFAOYSA-N
8880.0,CC(=O)NCCO,PVCJKHHOXFKFRP-UHFFFAOYSA-N
22833.0,COC1=CC(=C(C=C1N)OC)Cl,YGUFQYGSBVXPMC-UHFFFAOYSA-N
75819.0,C[Si](C)(C=C)O[Si](C)(C)C=C,BITPLIXHRASDQB-UHFFFAOYSA-N
13398.0,CC1CC(=O)CC(C1)(C)C,POSWICCRDBKBMH-UHFFFAOYSA-N
94232.0,C=CC(=O)OCC1CCCO1,YNXCGLKMOXLBOD-UHFFFAOYSA-N
3033875.0,CC(CCCCN)C(C)(C)N,HUXPKQXHDPXCMM-UHFFFAOYSA-N
170286.0,C=CC(=O)OCCN1C(=O)N(C(=O)N(C1=O)CCOC(=O)C=C)CCOC(=O)C=C,YIJYFLXQHDOQGW-UHFFFAOYSA-N
20113.0,CC(C)(C1=CC(=C(C(=C1)Br)OCCO)Br)C2=CC(=C(C(=C2)Br)OCCO)Br,RVHUMFJSCJBNGS-UHFFFAOYSA-N
23672293.0,CC(C)CP(=S)(CC(C)C)[S-].[Na+],OJNSBQOHIIYIQN-UHFFFAOYSA-M
16683.0,C1C(O1)COCCOCC2CO2,AOBIOSPNXBMOAT-UHFFFAOYSA-N
16891.0,CC(=C)C(=O)OCCOCCOC(=O)C(=C)C,XFCMNSHQOZQILR-UHFFFAOYSA-N
7067.0,CCN(CCO)C1=CC=CC(=C1)C,KRNUKKZDGDAWBF-UHFFFAOYSA-N
11741.0,C1=CC(=CC(=C1)S(=O)(=O)C2=CC=CC(=C2)N)N,LJGHYPLBDBRCRZ-UHFFFAOYSA-N
4915.0,CC(C)NC(=O)C1=CC=C(C=C1)CNNC,CPTBDICYNRMXFX-UHFFFAOYSA-N
16541.0,CCCCCCCCCCOC(=O)C=C,FWLDHHJLVGRRHD-UHFFFAOYSA-N
16773.0,CCOP(=S)(OCC)SCSC1=C(C=CC(=C1)Cl)Cl,GGNLTHFTYNDYNK-UHFFFAOYSA-N
11696.0,CCC(CO)(CO)[N+](=O)[O-],YADISKICBOYXFS-UHFFFAOYSA-N
93098.0,C1=CC(=CC=C1C2=CSC(=N2)NN)N,AKZHPJMVGQRYGX-UHFFFAOYSA-N
94647.0,C1=C(C=NC(=C1Cl)Cl)C(Cl)(Cl)Cl,XVBWGQSXLITICX-UHFFFAOYSA-N
68539.0,CN(C)CCCN1C2=CC=CC=C2CCC3=C1C=C(C=C3)Cl.Cl,WIMWMKZEIBHDTH-UHFFFAOYSA-N
118285.0,CCCCNC1CC(NC(C1)(C)C)(C)C,FDAKZQLBIFPGSV-UHFFFAOYSA-N
36326.0,CC1=CC(=C(C=C1)NC=NC)C,JIIOLEGNERQDIP-UHFFFAOYSA-N
312440.0,CC(C)(C)NC(=O)OC1=CC=CC(=C1)NC(=O)N(C)C,OWNAXTAAAQTBSP-UHFFFAOYSA-N
112322.0,CN(C)CCCNCCC#N,YALMGFWDBZZMMB-UHFFFAOYSA-N
69765.0,CC(C)(C)C1=CC(=CC(=C1O)C(C)(C)C)[N+](=O)[O-],FCGKUUOTWLWJHE-UHFFFAOYSA-N
5284462.0,COP(=O)(OC)O/C(=C\Cl)/C1=CC(=C(C=C1Cl)Cl)Cl,UBCKGWBNUIFUST-YHYXMXQVSA-N
22628.0,C1=CC=C2C(=C1)C(=O)C3=C(C=C(C(=C3C2=O)N)S(=O)(=O)O)Br,QZZSAWGVHXXMID-UHFFFAOYSA-N
113027.0,CCN(CC#N)C1=CC=CC(=C1)C,XLAYCZJJQWGFAZ-UHFFFAOYSA-N
82170.0,C([C@H]([C@@H]([C@H]([C@H](CO)O)O)O)O)O,FBPFZTCFMRRESA-FSIIMWSLSA-N
4528.0,CN1CC(C2=C(C1)C(=CC=C2)N)C3=CC=CC=C3,XXPANQJNYNUNES-UHFFFAOYSA-N
27211.0,C1C2=CC=CC=C2N(C1=O)C3=C(C=CC=C3Cl)Cl,JCICIFOYVSPMHG-UHFFFAOYSA-N
42981.0,CCCCCCCCCCCCN1CCCCCC1=O,AXTGDCSMTYGJND-UHFFFAOYSA-N
94785.0,C(CSCSCCO)O,GAECBAMNQFGJIM-UHFFFAOYSA-N
84872.0,CC(=C)O[Si](C=C)(OC(=C)C)OC(=C)C,GBFVZTUQONJGSL-UHFFFAOYSA-N
4373502.0,C1=CC(=CC=C1C2=CSC(=N2)NN)[N+](=O)[O-],ZOJPXCPZDSRIKP-UHFFFAOYSA-N
6640.0,CC(C)C1=CC=C(C=C1)S(=O)(=O)O,CVLHGLWXLDOELD-UHFFFAOYSA-N
75518.0,C1CCC(CC1)C2CCC(CC2)O,AFKMHDZOVNDWLO-UHFFFAOYSA-N
5365748.0,CCCCCCCC/C=C/CCCOC(=O)C,DUCVQKMNGSZPAV-ZHACJKMWSA-N
23690437.0,CCOC(=S)[S-].[Na+],RZFBEFUNINJXRQ-UHFFFAOYSA-M
23677979.0,CC1=CC(=C(C=C1)S(=O)(=O)[O-])C.[Na+],GJQXYSKWRDJNAJ-UHFFFAOYSA-M
6610.0,CCC(C)(C)C1=CC(=C(C=C1O)C(C)(C)CC)O,CZNRFEXEPBITDS-UHFFFAOYSA-N
74448.0,CC1=C(C=C(C=C1)C(C)C2=CC(=C(C=C2)C)C)C,NCSVCMFDHINRJE-UHFFFAOYSA-N
197160.0,COCCOCCC[Si](C)(O[Si](C)(C)C)O[Si](C)(C)C,JQRXTVACLHSVTF-UHFFFAOYSA-N
20300968.0,CCCCC1=C(C2=CC=CC=C2C=C1)S(=O)(=O)O.[Na+],AFTOVGIFYVNBID-UHFFFAOYSA-N
82167.0,CC(=O)NC1=C2C(=CC(=C1)S(=O)(=O)[O-])C=C(C(=C2O)N=NC3=CC=CC=C3OC)S(=O)(=O)[O-].[Na+].[Na+],UDMXIGPLHJOQKB-UHFFFAOYSA-L
104150.0,CCCCN(CCC(=O)OCC)C(=O)C,VZRKEAFHFMSHCD-UHFFFAOYSA-N
459494.0,C1=CC=C(C=C1)CCCC2=CC=CC=N2,JJJPNTQYUJPWGQ-UHFFFAOYSA-N
61771.0,CCC(C)C1CCCCC1=O,RQXTZKGDMNIWJF-UHFFFAOYSA-N
62328.0,CCC(=O)OC(C)(C)C1CCC(=CC1)C,CMKQOKAXUWQAHG-UHFFFAOYSA-N
103005.0,CC1C2CC(C1(C)C)CC2C3CCCC(C3)O,BWVZAZPLUTUBKD-UHFFFAOYSA-N
85192.0,CCCCCCCCOCCCN,RDCAZFAKCIEASQ-UHFFFAOYSA-N
41114.0,CC1=C(C(C(=C(N1)C)C(=O)OCCN(C)CC2=CC=CC=C2)C3=CC(=CC=C3)[N+](=O)[O-])C(=O)OC.Cl,AIKVCUNQWYTVTO-UHFFFAOYSA-N
8878.0,CCCCCCC(=O)OCC=C,SJWKGDGUQTWDRV-UHFFFAOYSA-N
135424354.0,CCCCC1=C(N=C(NC1=O)NCC)C,BBXXLROWFHWFQY-UHFFFAOYSA-N
9024.0,CC(=O)OC(C)(C)CC1=CC=CC=C1,FLUWAIIVLCVEKF-UHFFFAOYSA-N
17617.0,C=CCOC(=O)CCC1CCCCC1,TWXUTZNBHUWMKJ-UHFFFAOYSA-N
31219.0,CCC(=O)OCC1=CC=CC=C1,VHOMAPWVLKRQAZ-UHFFFAOYSA-N
24114.0,CCCCOC(=O)C(C)OC(=O)CCC,NORZZKKLCYMBBF-UHFFFAOYSA-N
11230.0,CC1=CCC(CC1)(C(C)C)O,WRYLYDPHFGVWKC-UHFFFAOYSA-N
85178.0,C[Si](NC1CCCCC1)(NC2CCCCC2)NC3CCCCC3,HDNXAGOHLKHJOA-UHFFFAOYSA-N
60196424.0,CCOC(=O)/C=C(/O)\C.CCOC(=O)/C=C(/O)\C.CC(O)C.CC(O)C.[Ti],NWNRYEJYSHNVFY-NZTFDADUSA-N
75903.0,C=CCOC(=O)C1=CC(=C(C=C1)C(=O)OCC=C)C(=O)OCC=C,GRPURDFRFHUDSP-UHFFFAOYSA-N
4385787.0,CP(=O)([O-])OCCC[Si](O)(O)O.[Na+],MKAWPVONNWUREJ-UHFFFAOYSA-M
60196425.0,CCC(C)(CCC(C)C)C(=O)O[Sn](C)(C)OC(=O)C(C)(CC)CCC(C)C,FNOYRGNLNVKVJN-UHFFFAOYSA-L
118984397.0,CCCCCCC(C)(C)C(=O)[O-].CCCCCCC(C)(C)C(=O)[O-].[Ca+2],FBEKWOCPHIOZKE-UHFFFAOYSA-L
91747.0,C1COC(O1)CON=C(C2=CC=C(C=C2)Cl)C(F)(F)F,UKSLKNUCVPZQCQ-UHFFFAOYSA-N
3744660.0,CC(C)O.CC(C)O.C(CO)N(CCO)CCO.C(CO)N(CCO)CCO.[Ti],VTYZTWSUUXQSPZ-UHFFFAOYSA-N
87367.0,CCOC(=O)NCCC[Si](OCC)(OCC)OCC,MVUXVDIFQSGECB-UHFFFAOYSA-N
16683072.0,CCCC[Sn](CCCC)(CCCC)OC(=O)C=C,YSUXTNDMKYYZPR-UHFFFAOYSA-M
23662382.0,C(C(CCl)O)S(=O)(=O)[O-].[Na+],TZLNJNUWVOGZJU-UHFFFAOYSA-M
546717.0,CCCCN(CCCC)C(=S)[S-].[Na+],HUMLQUKVJARKRN-UHFFFAOYSA-M
61285.0,CCCCNS(=O)(=O)C1=CC=C(C=C1)C,RQUXYBHREKXNKT-UHFFFAOYSA-N
61571.0,CCN(CC)C1CCCCC1,CIXSDMKDSYXUMJ-UHFFFAOYSA-N
92238.0,CC1(CN(NC1=O)C2=CC=CC=C2)CO,DSVIHYOAKPVFEH-UHFFFAOYSA-N
80786.0,C1=C(C(=CC(=C1Cl)Cl)Cl)S(=O)(=O)O,LEDKKDPOPIKMSZ-UHFFFAOYSA-N
67065.0,C1=CC=C(C=C1)NC2=CC3=CC(=CC(=C3C=C2)O)S(=O)(=O)O,YGNDWDUEMICDLW-UHFFFAOYSA-N
81196.0,CC(=C)C(=O)OCCCCCCCCCCOC(=O)C(=C)C,LRZPQLZONWIQOJ-UHFFFAOYSA-N
91783.0,C[Si](C)(C)O[Si](O)(O)O,MNTALGTVSQTALQ-UHFFFAOYSA-N
23690996.0,C=CCS(=O)(=O)[O-].[Na+],DIKJULDDNQFCJG-UHFFFAOYSA-M
90098.0,COC(=O)NCCC[Si](OC)(OC)OC,MVCSJYRFFFDKCX-UHFFFAOYSA-N
60976.0,CC1CN1P(=O)(N2CC2C)N3CC3C,AVUYXHYHTTVPRX-UHFFFAOYSA-N
12793.0,C1=CC=C(C=C1)OP(=O)(O)O,CMPQUABWPXYYSH-UHFFFAOYSA-N
91984.0,CCC(CC)NC1=CC(=C(C=C1)C)C,ZOTRFGNOTDLOAU-UHFFFAOYSA-N
70755.0,CC1=CC(=C(C=C1Cl)C)Cl,UTGSRNVBAFCOEU-UHFFFAOYSA-N
92251.0,CC(C)CC(C)(C#N)N,PRTTZMKZMXANFG-UHFFFAOYSA-N
15359.0,CCNC1=NC(=NC(=N1)OC)NC(C)C,PXWUKZGIHQRDHL-UHFFFAOYSA-N
109029.0,CC1=NN(C(=O)C1)C2=CC=C(C=C2)C(=O)O,CUGBBQWDGCXWNB-UHFFFAOYSA-N
27458.0,CCC1=NC=CN=C1CC,GZXXANJCCWGCSV-UHFFFAOYSA-N
12180.0,CCCC(=O)OC,UUIQMZJEGPQKFD-UHFFFAOYSA-N
548353.0,CC(C(C)S)S,TWWSEEHCVDRRRI-UHFFFAOYSA-N
520098.0,CCC(C)C1=NC=CN=C1OC,QMQDJVIJVPEQHE-UHFFFAOYSA-N
5364495.0,CCCC/C=C\CCCCCCCCCC=O,AMTITFMUKRZZEE-WAYWQWQTSA-N
1549018.0,CC/C=C\CC1=C(CCC1=O)C,XMLSXPIVAXONDL-PLNGDYQASA-N
6428555.0,CCCC/C=C/C=C\C=O,ZHHYXNZJDGDGPJ-MDAAKZFYSA-N
10285.0,CC1=CC=NC2=CC=CC=C12,MUDSDYNRBDKLGK-UHFFFAOYSA-N
8379.0,CCCCCCCCCCCCCOC(=O)C1=CC=CC=C1C(=O)OCCCCCCCCCCCCC,YCZJVRCZIPDYHH-UHFFFAOYSA-N
15287.0,CCOCC(C)O,JOLQKTGDSGKSKJ-UHFFFAOYSA-N
22094.0,CC(C)OC(=O)C(C1=CC=C(C=C1)Cl)(C2=CC=C(C=C2)Cl)O,AXGUBXVWZBFQGA-UHFFFAOYSA-N
11622.0,CCCCCCCCCCCC(=O)C,CYIFVRUOHKNECG-UHFFFAOYSA-N
5318042.0,CCC/C=C/CO,ZCHHRLHTBGRGOT-SNAWJCMRSA-N
10931629.0,CC1[C@H]2C[C@]2(CC1=O)C(C)C,USMNOWBWPHYOEA-VWHDNNRLSA-N
73281.0,CN(C)C(=O)C1=C(N=CC=C1)S(=O)(=O)NC(=O)NC2=NC(=CC(=N2)OC)OC,RTCOGUMHFFWOJV-UHFFFAOYSA-N
52997.0,CC1=CC(=NC(=N1)NC(=O)NS(=O)(=O)C2=CC=CC=C2C(=O)OC)C,ZDXMLEQEMNLCQG-UHFFFAOYSA-N
5280378.0,COC1=CC=C(C=C1)C2=COC3=C(C2=O)C=CC(=C3)O,HKQYGTCOTHHOMP-UHFFFAOYSA-N
38235.0,CC(C)(C)C(=NOC(=O)NC)CSC,FZSVSABTBYGOQH-UHFFFAOYSA-N
53735.0,CC1=C(C(=CC=C1)C)N(C(=O)COC)N2CCOC2=O,UWVQIROCRJWDKL-UHFFFAOYSA-N
24743.0,CCOC(=O)NC1=CC(=CC=C1)OC(=O)NC2=CC=CC=C2,WZJZMXBKUWKXTQ-UHFFFAOYSA-N
12572.0,CC1=CC(=NN1C(=O)N(C)C)OC(=O)N(C)C,RDBIYWSVMRVKSG-UHFFFAOYSA-N
50895.0,CC(C(=O)O)OC1=CC=C(C=C1)OC2=C(C=C(C=N2)C(F)(F)F)Cl,GOCUAJYOYBLQRH-UHFFFAOYSA-N
8292.0,CCOP(=S)(OCC)OC1=CC=C(C=C1)S(=O)C,XDNBJTQLKCIJBV-UHFFFAOYSA-N
5360316.0,[Ca+2].[Br-].[Br-],WGEFECGEFUFIQW-UHFFFAOYSA-L
54682651.0,CC(=O)CC(C1=CC=C(C=C1)Cl)C2=C(C3=CC=CC=C3OC2=O)O,DEKWZWCFHUABHE-UHFFFAOYSA-N
1730.0,C1=CC(=CC=C1C(=O)O)[Hg]Cl,YFZOUMNUDGGHIW-UHFFFAOYSA-M
23675104.0,CC1=CC(=C(C=C1)N/N=C/2\C(=O)C=C/C(=N/NC3=CC=C(C=C3)S(=O)(=O)[O-])/C2=O)C.[Na+],VRDAELYOGRCZQD-NFLRKZIHSA-M
16204527.0,CC1CC(=CC(C1C=O)C)C.CC1C=C(CC(C1C)C=O)C,AEXLFXYEFLKADK-UHFFFAOYSA-N
23678979.0,CC(C)C1=CC2=CC[C@@H]3[C@@]([C@H]2CC1)(CCC[C@@]3(C)C(=O)[O-])C.[Na+],ITCAUAYQCALGGV-XTICBAGASA-M
21984.0,C(CN(CC#N)CC#N)N(CC#N)CC#N,FDWRKVKXYZRYOD-UHFFFAOYSA-N
6134.0,C([C@@H]1[C@@H]([C@@H]([C@H]([C@@H](O1)O[C@@H]2[C@H](O[C@H]([C@@H]([C@H]2O)O)O)CO)O)O)O)O,GUBGYTABKSRVRQ-DCSYEGIMSA-N
70014.0,C1=CC(=CC(=C1)[N+](=O)[O-])C(=O)[O-].[Na+],MUADFEZFSKAZLT-UHFFFAOYSA-M
7313.0,CC(C)N(CCO)C(C)C,ZYWUVGFIXPNBDL-UHFFFAOYSA-N
17695.0,CCCCC[Si](OCC)(OCC)OCC,FHVAUDREWWXPRW-UHFFFAOYSA-N
15260.0,CCCCC(CC)COCCO,OHJYHAOODFPJOD-UHFFFAOYSA-N
91749.0,CC1=CC2=C(C(=C(C=C2)Cl)C(=O)O)N=C1,ALZOLUNSQWINIR-UHFFFAOYSA-N
47445.0,C1=CC=C(C(=C1)C(=O)NC(=O)NC2=CC=C(C=C2)OC(F)(F)F)Cl,XAIPTRIXGHTTNT-UHFFFAOYSA-N
60974.0,CCN(CC)CCOC1=CC=C(C=C1)C(=C(C2=CC=CC=C2)Cl)C3=CC=CC=C3.C(C(=O)O)C(CC(=O)O)(C(=O)O)O,PYTMYKVIJXPNBD-UHFFFAOYSA-N
23654.0,CN(C)N=NC1=CC=CC=C1,LLROQAGEAVDYFP-UHFFFAOYSA-N
61234.0,CC(C(CO)C(C)O)O,WPTUDAOQIXOMIQ-UHFFFAOYSA-N
12810.0,CCCCCC1CCCC(=O)O1,GHBSPIPJMLAMEP-UHFFFAOYSA-N
41690.0,C1CCC(CC1)C2CCC(=O)CC2,JLYNSPSTPQAEAX-UHFFFAOYSA-N
16463.0,C1=C(OC(=C1)[N+](=O)[O-])C2=NNC(=O)O2,OWDANLZJJOCPBK-UHFFFAOYSA-N
42745.0,CC(CCOC(=O)C)CC(C)(C)C,DGKXDLCVQSQVBC-UHFFFAOYSA-N
97971.0,CC(C(=O)O)OC1=C(C=CC(=C1)Cl)Cl,LDRYOEIGQCIMEK-UHFFFAOYSA-N
21322.0,C1=CC=C(C=C1)C(=O)NOCC(=O)O,WDRGQGLIUAMOOC-UHFFFAOYSA-N
97354.0,CC1=CC(=CC=C1)OCCOC2=CC=CC(=C2)C,OAGNKYSIOSDNIG-UHFFFAOYSA-N
23703979.0,CC1=CC(=C(C=C1N=NC2=CC=C(C=C2)S(=O)(=O)[O-])OC)N=NC3=CC=C(C=C3)OC.[Na+],DBSJKTVELUTRJM-UHFFFAOYSA-M
5284435.0,C1=CC=C(C=C1)NC2=C(C=C(C=C2)NC3=C(C=C(C=C3)[N+](=O)[O-])[N+](=O)[O-])S(=O)(=O)[O-].[Na+],KKBFCPLWFWQNFB-UHFFFAOYSA-M
5360487.0,C1=CC(=CC=C1CCO)NC2=C3C(=C(C=C2)O)C(=O)C4=C(C=CC(=C4C3=O)[N+](=O)[O-])O,VOCYGZAHYQXJOF-UHFFFAOYSA-N
62240.0,CCC(C)(C)C1CCCCC1OC(=O)C,YEVACTAGDANHRH-UHFFFAOYSA-N
23665583.0,COC1=CC=C(C=C1)C(=O)/C(=C\C(=O)[O-])/Br.[Na+],DVDCIQWIGOVWEX-MLBSPLJJSA-M
13783.0,CCC(C)C1=C(C(=CC(=C1)[N+](=O)[O-])[N+](=O)[O-])OC(=O)OC(C)C,HDWLUGYOLUHEMN-UHFFFAOYSA-N
3034319.0,CC1=CC(=CC=C1)NC(=S)N(C)C,MMCJEAKINANSOL-UHFFFAOYSA-N
9690.0,C1C2=CC=CC=C2C3=C1C=C(C=C3)NC(=O)C(F)(F)F,XPHPBNGAXWJHHP-UHFFFAOYSA-N
19113.0,CNC(=O)NC1=CC(=C(C=C1)Cl)Cl,IDQHRQQSSQDLTR-UHFFFAOYSA-N
77288.0,CCCCCCCCSCC,WAITXWGCJQLPGH-UHFFFAOYSA-N
17722.0,CCOP(=O)(CN(CCO)CCO)OCC,CCJKFLLIJCGHMO-UHFFFAOYSA-N
20936.0,CC1CCC(CC1S)C(C)CS,SUNXFMPZAFGPFW-UHFFFAOYSA-N
67123.0,C1=CC=C(C=C1)C(=O)OCCOCCOCCOC(=O)C2=CC=CC=C2,AHSGHEXYEABOKT-UHFFFAOYSA-N
23681382.0,CC1=CC=CC=C1S(=O)(=O)[O-].[Na+],VHAXKEBRMSFJMC-UHFFFAOYSA-M
114644.0,CC(=CCCC(=CC=NO)C)C,LXFKDMGMYAHNAQ-UHFFFAOYSA-N
135565106.0,C1=CC=C(C(=C1)C(F)(F)F)N=NC2=C(C=CC3=CC(=CC(=C32)O)S(=O)(=O)[O-])N.[Na+],ZJKLNUHASXGERK-UHFFFAOYSA-M
23674215.0,CC(=O)CC(=O)NC1=CC=C(C=C1)S(=O)(=O)[O-].[K+],FNLKZYBTJKUMQM-UHFFFAOYSA-M
20848.0,CCCN(CCC)C1=C(C=C(C=C1[N+](=O)[O-])S(=O)(=O)C)[N+](=O)[O-],UMKANAFDOQQUKE-UHFFFAOYSA-N
16115.0,CN(C)C(=O)NC1=CC=C(C=C1)OC2=CC=C(C=C2)Cl,IVUXTESCPZUGJC-UHFFFAOYSA-N
30709.0,COP(=S)(C1=CC=CC=C1)OC2=CC(=C(C=C2Cl)Br)Cl,CVRALZAYCYJELZ-UHFFFAOYSA-N
36274.0,CC(C)(C#N)NC1=NC(=NC(=N1)NC2CC2)Cl,WUZNHSBFPPFULJ-UHFFFAOYSA-N
13689.0,CCOP(=O)(N=C1SCCS1)OCC,ILBONRFSLATCRE-UHFFFAOYSA-N
92421.0,CCOC(=O)C1CC(=O)C(=C(C2CC2)O)C(=O)C1,RVKCCVTVZORVGD-UHFFFAOYSA-N
17168.0,COP(=S)(OC)OC1=C(C=C(C=C1)[N+](=O)[O-])Cl,OTKXWJHPGBRXCR-UHFFFAOYSA-N
3032792.0,CCOC(=O)NC(=S)NC1=CC=CC=C1NC(=S)NC(=O)OCC,YFNCATAIYKQPOO-UHFFFAOYSA-N
6805.0,C1=CC(=C(C(=C1Cl)CC(=O)O)Cl)Cl,QZXCCPZJCKEPSA-UHFFFAOYSA-N
6442.0,CC(C)(CO)[N+](=O)[O-],MVGJRISPEUZYAQ-UHFFFAOYSA-N
15998.0,CCCCC(CC)COC(=O)COC1=CC(=C(C=C1Cl)Cl)Cl,MNELUOHPQMJXGU-UHFFFAOYSA-N
47455.0,CCCCOCCOC(=O)COC1=NC(=C(C=C1Cl)Cl)Cl,IVDRCZNHVGQBHZ-UHFFFAOYSA-N
91742.0,CCOC1=C(C=C(C=C1)NC(=O)OC(C)C)OCC,LNJNFVJKDJYTEU-UHFFFAOYSA-N
17349.0,CCCCOCCOC(=O)COC1=CC(=C(C=C1Cl)Cl)Cl,GLDWASBMYWLQGG-UHFFFAOYSA-N
33256.0,CCOP(=O)(C(=O)N)[O-].[NH4+],OTSAMNSACVKIOJ-UHFFFAOYSA-N
16422.0,COP(=S)(OC)OC1=CC(=C(C=C1Cl)Br)Cl,NYQDCVLCJXRDSK-UHFFFAOYSA-N
38283.0,CC(=CC1C(C1(C)C)C(=O)OC(C#N)C2=CC(=CC=C2)OC3=CC=CC=C3)C,FJDPATXIBIBRIM-UHFFFAOYSA-N
92873.0,CCOC(=O)C1=CC=CC=C1C(=C2C=C(C(=O)C(=C2)Br)Br)C3=CC(=C(C(=C3)Br)O)Br,SQFXATUXPUCFFO-UHFFFAOYSA-N
16183.0,C1=CC(=C(C(=C1)Cl)C(=O)N)Cl,JHSPCUHPSIUQRB-UHFFFAOYSA-N
8710.0,CCCCCCCC1CCCC1=O,PJXHBTZLHITWFX-UHFFFAOYSA-N
69827.0,CCCCCCCCCCCCSC#N,RYZZMYXTNUJGMU-UHFFFAOYSA-N
70754.0,CC1=CC(=C(C=C1C)Cl)O,PSOJLBXHRBFLLQ-UHFFFAOYSA-N
9568.0,CC1=CC=CC=C1C(C2=CC=CC=C2)OCCN(C)C.Cl,UQZKYYIKWZOKKD-UHFFFAOYSA-N
81882.0,CCCCOC(=O)CO,VFGRALUHHHDIQI-UHFFFAOYSA-N
2140.0,CC(=O)NC1=C(C(=C(C(=C1I)C(=O)O)I)NC(=O)C)I,YVPYQUNUQOZFHG-UHFFFAOYSA-N
14240.0,CCCCCCCC(=O)N(C)C,VHRUBWHAOUIMDW-UHFFFAOYSA-N
31315.0,C1=CC=C2C(=C1)C(C(=O)N2)(C3=CC=C(C=C3)O)C4=CC=C(C=C4)O,SJDACOMXKWHBOW-UHFFFAOYSA-N
88209.0,C1=CC(=C(C=C1Cl)Cl)CC(=O)O,GXMWLJKTGBZMBH-UHFFFAOYSA-N
89385.0,CCC(C)(CCCC(C)C)OC(=O)C,RBKRCARRXLFUGJ-UHFFFAOYSA-N
23675737.0,CC1=NN(C(=O)C1N=NC2=CC=CC=C2)C3=C(C=CC(=C3)S(=O)(=O)[O-])Cl.[Na+],WOMLYDIIIDEUHC-UHFFFAOYSA-M
76826379.0,C1=CC(=CC=C1NC2=NC(=NC(=N2)N(CCO)CCO)NC3=CC(=C(C=C3)C=CC4=C(C=C(C=C4)NC5=NC(=NC(=N5)NC6=CC=C(C=C6)S(=O)(=O)[O-])N(CCO)CCO)S(=O)(=O)[O-])S(=O)(=O)[O-])S(=O)(=O)[O-].[Na+].[Na+].[Na+].[Na+],CPZFDTYTCMAAQX-UHFFFAOYSA-J
62142.0,CCCCCCCCCCO[C@H]1[C@@H]([C@H]([C@@H]([C@H](O1)CO)O)O)O,JDRSMPFHFNXQRB-IBEHDNSVSA-N
67350.0,CC1=C(C(=C(C(=C1C)[N+](=O)[O-])C(C)(C)C)[N+](=O)[O-])C,MINYPECWDZURGR-UHFFFAOYSA-N
99016.0,CCCC(C)C1=CC=CC=C1O,ROMXEVFSCNLHAB-UHFFFAOYSA-N
4964.0,C1=CC(=CC=C1C(=O)CBr)O,LJYOFQHKEWTQRH-UHFFFAOYSA-N
15046.0,C1CCC(C(C1)C2=CC=CC=C2)O,AAIBYZBZXNWTPP-UHFFFAOYSA-N
439260.0,C1=CC(=C(C=C1[C@H](CN)O)O)O,SFLSHLFXELFNJZ-QMMMGPOBSA-N
70801.0,CC1=NN(C(=C1)N)C2=CC=CC=C2,FMKMKBLHMONXJM-UHFFFAOYSA-N
6435993.0,C1N2CN3CN1C[N+](C2)(C3)C/C=C\Cl.[Cl-],UKHVLWKBNNSRRR-ODZAUARKSA-M
94314.0,CCC(C)SSC(C)CC,QTWKINKGAHTPFJ-UHFFFAOYSA-N
83268.0,CC(C)CCCC(C)(C)O,HGDVHRITTGWMJK-UHFFFAOYSA-N
2758725.0,C(=S)(N)NC(=S)N,JIRRNZWTWJGJCT-UHFFFAOYSA-N
7210.0,CC(CN=CC1=CC=CC=C1O)N=CC2=CC=CC=C2O,RURPJGZXBHYNEM-UHFFFAOYSA-N
61948.0,C(CC(CBr)(C#N)Br)C#N,DHVLDKHFGIVEIP-UHFFFAOYSA-N
205586.0,C1CCN[C@@H](C1)C2=CN=CC=C2,MTXSIJUGVMTTMU-JTQLQIEISA-N
156391.0,C[C@@H](C1=CC2=C(C=C1)C=C(C=C2)OC)C(=O)O,CMWTZPSULFXXJA-VIFPVBQESA-N
13382.0,CCCCCSCCCCC,JOZDADPMWLVEJK-UHFFFAOYSA-N
19223.0,CC(CCCC(C)(C)OC)CC=O,IDWULKZGRNHZNR-UHFFFAOYSA-N
76857.0,C1=C(C=C(C(=C1Br)O)Br)C(=O)O,PHWAJJWKNLWZGJ-UHFFFAOYSA-N
91697.0,CC1(CC2=C(O1)C(=CC=C2)N)C,LMTIGABGABPAGU-UHFFFAOYSA-N
80480.0,C1CN(C(=O)N1)CCN,PODSUMUEKRUDEI-UHFFFAOYSA-N
170530.0,CC1=NC2=C(C1(C)C)C3=CC=CC=C3C=C2,WJZSZXCWMATYFX-UHFFFAOYSA-N
60988.0,C1=CC(=C(C=C1S(=O)(=O)O)N)S(=O)(=O)O,LDCCBULMAFILCT-UHFFFAOYSA-N
73812.0,CCCCN1C(=O)C2=CC=CC=C2C1=O,DLKDEVCJRCPTLN-UHFFFAOYSA-N
6433266.0,CCCCCC[C@H](C/C=C\CCCCCCCC(=O)OCC(CO)O)O,HDIFHQMREAYYJW-XGXNLDPDSA-N
3034351.0,CCOC(=O)CN1C2=C(C=CC=C2Cl)SC1=O,WQRCEBAZAUAUQC-UHFFFAOYSA-N
18290.0,CN(C(=O)NC1=CC=C(C=C1)Br)OC,WLFDQEVORAMCIM-UHFFFAOYSA-N
19079.0,CCCCCCCCSCCO,KXPXKNBDCUOENF-UHFFFAOYSA-N
82161.0,CCCCCCCCCCCCCOP(=O)(O)O,GAJQCIFYLSXSEZ-UHFFFAOYSA-N
15666.0,C(#N)[S-].[NH4+],SOIFLUNRINLCBN-UHFFFAOYSA-N
64819.0,CC(C)(C)C1=CC(=CC(=C1O)C(C)(C)C)CCC(=O)OCC(COC(=O)CCC2=CC(=C(C(=C2)C(C)(C)C)O)C(C)(C)C)(COC(=O)CCC3=CC(=C(C(=C3)C(C)(C)C)O)C(C)(C)C)COC(=O)CCC4=CC(=C(C(=C4)C(C)(C)C)O)C(C)(C)C,BGYHLZZASRKEJE-UHFFFAOYSA-N
5284503.0,CC/C=C/CCO,UFLHIIWVXFIJGU-ONEGZZNKSA-N
11843.0,CC1=C(C=CC=C1O)O,ZTMADXFOCUXMJE-UHFFFAOYSA-N
1549025.0,CC(=CCC/C(=C\COC(=O)C)/C)C,HIGQPQRQIQDZMP-FLIBITNWSA-N
20084.0,CC(C)NC(=O)NC(C)C,BGRWYRAHAFMIBJ-UHFFFAOYSA-N
6649.0,C1=CC(=CC=C1OC2=CC=C(C=C2)S(=O)(=O)NN)S(=O)(=O)NN,NBOCQTNZUPTTEI-UHFFFAOYSA-N
95428.0,COC(=O)C(CBr)Br,ROXQOUUAPQUMLN-UHFFFAOYSA-N
41331.0,CCOC(=O)C=CC(=O)O,XLYMOEINVGRTEX-UHFFFAOYSA-N
94411.0,CC(C)NC(=O)C1=CC=CC=C1N,FWQYJOPJMIEKHZ-UHFFFAOYSA-N
101012.0,COC(=O)C1=C(C=CS1)S(=O)(=O)N,PMXNPOJHBQDJKS-UHFFFAOYSA-N
2097895.0,CC1=C(C=CC(=C1)Br)NC(=O)CCl,AKNLFHJQVCPHHO-UHFFFAOYSA-N
119716.0,CC(C)CCCCCCN,DZDVMKLYUKZMKK-UHFFFAOYSA-N
93011.0,CC(=O)C(C(=O)N(C)C)Cl,QJACRCAPQIYMIH-UHFFFAOYSA-N
107202.0,COC(C1=CC=CC=C1)C(=O)O,DIWVBIXQCNRCFE-UHFFFAOYSA-N
31208.0,C1=CC=C(C=C1)NC2=CC=C(C=C2)O,JTTMYKSFKOOQLP-UHFFFAOYSA-N
82162.0,CCC1(C(=O)NC(=O)N1)C,VSJRBQDMBFFHMC-UHFFFAOYSA-N
94617.0,CC(C)(C)C(=O)CCC1=CC=C(C=C1)Cl,ILQGIJDYSLHIOX-UHFFFAOYSA-N
90282.0,C1CCC(=O)N(CC1)SSN2CCCCCC2=O,LGBYJXBCVZKJBL-UHFFFAOYSA-N
70962.0,C[C@@H]1CC[C@@H](C(=O)C1)C(C)C,NFLGAXVYCFJBMK-RKDXNWHRSA-N
67274.0,COC1=CC=CC=C1NC(=O)C2=CC3=CC=CC=C3C=C2O,AQYMRQUYPFCXDM-UHFFFAOYSA-N
644213.0,C1=CC=C(C=C1)NC(=O)C2=C(C=CC(=C2)[N+](=O)[O-])Cl,DNTSIBUQMRRYIU-UHFFFAOYSA-N
70381.0,CNC(=O)C(C1=CC=CC=C1)C2=CC=CC=C2,DIZKGJLRHOCMTP-UHFFFAOYSA-N
676486.0,CC(C)(C)C1=NNC(=S)N(C1=O)N,OFKAVNQBCRJBJE-UHFFFAOYSA-N
113033.0,CC1=CC(=C(C(=C1)Cl)N)C,LKAQFOKMMXWRRQ-UHFFFAOYSA-N
15109.0,COC1=C(C(=CC=C1)OC)C(=O)O,MBIZFBDREVRUHY-UHFFFAOYSA-N
66636.0,CCOC(=O)C1=NN(C(=O)C1)C2=CC=CC=C2,WBFXQKNQVZMOSQ-UHFFFAOYSA-N
15337.0,CC(=O)[O-].CC(=O)[O-].[Hg+2],BRMYZIKAHFEUFJ-UHFFFAOYSA-L
69297.0,C1=CC=C(C=C1)CN(CC2=CC=CC=C2)O,GXELTROTKVKZBQ-UHFFFAOYSA-N
2723866.0,C([C@@H]1[C@@H]([C@@H]([C@H](C(O1)O)N)O)O)O.Cl,QKPLRMLTKYXDST-BMZZJELJSA-N
16683023.0,CC(C(=O)O[Hg]C1=CC=CC=C1)O,RRFGSWMKSSCUSU-UHFFFAOYSA-M
17434.0,CCOC(=O)N(C)C(=O)CSP(=S)(OCC)OCC,KLGMSAOQDHLCOS-UHFFFAOYSA-N
6143.0,CC(C)C1=CC(=CC=C1)OC(=O)NC,GYKXQTKSWLAUIT-UHFFFAOYSA-N
3086172.0,CC1([C@@H]([C@@H]1C(=O)O[C@@H](C#N)C2=CC(=CC=C2)OC3=CC=CC=C3)C=C(Cl)Cl)C,KAATUXNTWXVJKI-WSTZPKSXSA-N
6434236.0,CC(C)CCCC(C)C/C=C/C(=C/C(=O)OCC#C)/C,FZRBKIRIBLNOAM-WHVZTFIZSA-N
13708.0,COP(=O)(OC)OC1=CC=C(C=C1)[N+](=O)[O-],BAFQDKPJKOLXFZ-UHFFFAOYSA-N
6436633.0,C/C=C\C/C=C/CCCCCCCCOC(=O)C,ZZGJZGSVLNSDPG-WWVFNRLHSA-N
8171.0,C(COCCCl)OCCCl,AGYUOJIYYGGHKV-UHFFFAOYSA-N
36382.0,CCCCCCC1=CC=C(C=C1)N,OVEMTTZEBOCJDV-UHFFFAOYSA-N
10890.0,CCCCCOC(=O)CCC,CFNJLPHOBMVMNS-UHFFFAOYSA-N
11895.0,COC(=O)C1=CC=CC=C1Cl,JAVRNIFMYIJXIE-UHFFFAOYSA-N
93502.0,CCCCNP(=S)(N)N,HEPPIYNOUFWEPP-UHFFFAOYSA-N
11192.0,CC(=O)[O-].CC(=O)[O-].[Zn+2],DJWUNCQRNNEAKC-UHFFFAOYSA-L
22833295.0,C1CN2CC3=CCO[C@H]4CC(=O)N5[C@H]6[C@H]4[C@H]3C[C@H]2[C@@]61C7=CC=CC=C75.C1CN2CC3=CCO[C@H]4CC(=O)N5[C@H]6[C@H]4[C@H]3C[C@H]2[C@@]61C7=CC=CC=C75.OS(=O)(=O)O,GOOCRIHPADOQAS-ZNUXJMJHSA-N
12328.0,COC(=O)CCCCC(=O)O,UOBSVARXACCLLH-UHFFFAOYSA-N
7165.0,CCOC(=O)C1=CC=CC=C1,MTZQAGJQAFMTAQ-UHFFFAOYSA-N
61163.0,C1COCCN1CCO,KKFDCBRMNNSAAW-UHFFFAOYSA-N
8500.0,CC1=CC=C(C=C1)C(=O)C,GNKZMNRKLCTJAY-UHFFFAOYSA-N
2361.0,C1=CC=C(C=C1)C2=CC(=O)C3=C(O2)C=CC4=CC=CC=C43,OUGIDAPQYNCXRA-UHFFFAOYSA-N
7148.0,CCC(=O)C1=CC=CC=C1,KRIOVPPHQSLHCZ-UHFFFAOYSA-N
2603.0,C1=CC(=CC(=C1)Cl)NN=C(C#N)C#N,UGTJLJZQQFGTJD-UHFFFAOYSA-N
7060.0,CC1=NC2=CC=CC=C2C=C1,SMUQFGGVLNAIOZ-UHFFFAOYSA-N
20417.0,C1COCCN1C=O,LCEDQNDDFOCWGG-UHFFFAOYSA-N
6480.0,CC(CO)(CO)[N+](=O)[O-],LOTYADDQWWVBDJ-UHFFFAOYSA-N
10601.0,CC(=O)C1CCOC1=O,OMQHDIHZSDEIFH-UHFFFAOYSA-N
6961.0,C1=C(C(=CC(=C1C(=O)O)C(=O)O)C(=O)O)C(=O)O,CYIDZMCFTVVTJO-UHFFFAOYSA-N
8651.0,C1=CC=C(C=C1)C(=O)C(=O)C2=CC=CC=C2,WURBFLDFSFBTLW-UHFFFAOYSA-N
7392.0,CC(C)(C)C1CCC(=O)CC1,YKFKEYKJGVSEIX-UHFFFAOYSA-N
12977.0,CCOP(O)OCC,SULWMEGSVQCTSK-UHFFFAOYSA-N
3327.0,CC(=CCCC(=CCCC(=CCO)C)C)C,CRDAMVZIKSXKFV-UHFFFAOYSA-N
14511.0,CC1=CC(=O)CCC1,IITQJMYAYSNIMI-UHFFFAOYSA-N
18827.0,CCCCCC(C=C)O,VSMOENVRRABVKN-UHFFFAOYSA-N
7149.0,C1=CC=C(C=C1)C(CO)O,PWMWNFMRSKOCEY-UHFFFAOYSA-N
6688.0,C1=CC=C2C(=C1)C(=O)C3=C(C=CC(=C3C2=O)O)O,GUEIZVNYDFNHJU-UHFFFAOYSA-N
98282.0,CC1CN(NC1=O)C2=CC=CC=C2,ZZEYCGJAYIHIAZ-UHFFFAOYSA-N
92888.0,C1C=CC[C@H]2[C@@H]1C(=O)NC2=O,CIFFBTOJCKSRJY-OLQVQODUSA-N
6773.0,CC1=CC2=C(C=C1)C(=O)C3=CC=CC=C3C2=O,NJWGQARXZDRHCD-UHFFFAOYSA-N
70223.0,C(COS(=O)(=O)O)N,WSYUEVRAMDSJKL-UHFFFAOYSA-N
8919.0,CCCCCCCCCCCCBr,PBLNBZIONSLZBU-UHFFFAOYSA-N
12062.0,C1=C(C=C(C=C1N)N)C(=O)O,UENRXLSRMCSUSN-UHFFFAOYSA-N
8368.0,CC1=C(C=CC=C1Cl)Cl,DMEDNTFWIHCBRK-UHFFFAOYSA-N
8179.0,CCOCCOCCOCC,RRQYJINTUHWNHW-UHFFFAOYSA-N
1066.0,C1=CC(=C(N=C1)C(=O)O)C(=O)O,GJAWHXHKYYXBSV-UHFFFAOYSA-N
875.0,C(C(C(=O)O)O)(C(=O)O)O,FEWJPZIEWOKRBE-UHFFFAOYSA-N
13345.0,CCOC(=O)CP(=O)(OCC)OCC,GGUBFICZYGKNTD-UHFFFAOYSA-N
13097.0,C1=CC=C(C=C1)P(=O)(C2=CC=CC=C2)C3=CC=CC=C3,FIQMHBFVRAXMOP-UHFFFAOYSA-N
135191.0,C1[C@H]([C@@H]([C@H](C(O1)O)O)O)O,SRBFZHDQGSBBOR-IOVATXLUSA-N
15624.0,C=CCC1=CC=CC=C1O,QIRNGVVZBINFMX-UHFFFAOYSA-N
15538.0,CC(=O)CC(=O)OC(C)(C)C,JKUYRAMKJLMYLO-UHFFFAOYSA-N
78361.0,CC(C)(C)NCCO,IUXYVKZUDNLISR-UHFFFAOYSA-N
12368.0,C(CCCBr)CCBr,SGRHVVLXEBNBDV-UHFFFAOYSA-N
15295.0,C1=CC=C(C=C1)P(=O)(O)O,QLZHNIAADXEJJP-UHFFFAOYSA-N
68527.0,C1=CC(=CC=C1CBr)Br,YLRBJYMANQKEAW-UHFFFAOYSA-N
6943.0,CC(C)C1=CC=CC=C1O,CRBJBYGJVIBWIY-UHFFFAOYSA-N
69484.0,CCOC(=O)CC(=O)CCl,OHLRLMWUFVDREV-UHFFFAOYSA-N
83648.0,C1=CC(=CC=C1CC2=CC=C(C=C2)N3C(=O)C=CC3=O)N4C(=O)C=CC4=O,XQUPVDVFXZDTLT-UHFFFAOYSA-N
3014024.0,CCCCCCCCCCCCC[N+](C)(C)CC1=CC=CC=C1.[Cl-],XIWFQDBQMCDYJT-UHFFFAOYSA-M
14310.0,CCCCNC1=CC=CC=C1,VSHTWPWTCXQLQN-UHFFFAOYSA-N
61138.0,C=CCCC(=O)O,HVAMZGADVCBITI-UHFFFAOYSA-N
31298.0,C(O)[P+](CO)(CO)CO.[Cl-],AKXUUJCMWZFYMV-UHFFFAOYSA-M
408285.0,C1COCCN1CCN,RWIVICVCHVMHMU-UHFFFAOYSA-N
7400.0,C1=CC(=CC=C1S(=O)(=O)O)Cl,RJWBTWIBUIGANW-UHFFFAOYSA-N
14385.0,C1=CC(=C(C=C1NC(=O)C2=C(C(=CC(=C2)Cl)Cl)O)Cl)Cl,SJQBHPJLLIJASD-UHFFFAOYSA-N
21685.0,CCC(C)C1=C(C(=CC=C1)C(C)CC)O,FHTGJZOULSYEOB-UHFFFAOYSA-N
61055.0,C1COCCN1CCCN,UIKUBYKUYUSRSM-UHFFFAOYSA-N
75472.0,CC1(CC(CC(N1C)(C)C)O)C,NWHNXXMYEICZAT-UHFFFAOYSA-N
66623.0,C1=CC(=C(C=C1N)N)S(=O)(=O)O,JVMSQRAXNZPDHF-UHFFFAOYSA-N
8272.0,C1=CC=C2C(=C1)C(OS2(=O)=O)(C3=CC(=C(C(=C3)Br)O)Br)C4=CC(=C(C(=C4)Br)O)Br,UDSAIICHUKSCKT-UHFFFAOYSA-N
14233.0,CC(C)(C)NC(=O)N,JLEHSYHLHLHPAL-UHFFFAOYSA-N
23665771.0,CCCCCCCCCCOS(=O)(=O)[O-].[Na+],XZTJQQLJJCXOLP-UHFFFAOYSA-M
222464.0,CC1=CC(=C(C=C1)NC(=O)CC(=O)C)C,HGVIAKXYAZRSEG-UHFFFAOYSA-N
14249.0,CCCCCCCCCCCC[N+](C)(C)C.[Br-],XJWSAJYUBXQQDR-UHFFFAOYSA-M
16887.0,CCN(CC1=CC(=CC=C1)S(=O)(=O)[O-])C2=CC=C(C=C2)C(=C3C=CC(=[N+](CC)CC4=CC(=CC=C4)S(=O)(=O)[O-])C=C3)C5=C(C=C(C=C5)O)S(=O)(=O)[O-].[Na+].[Na+],RZSYLLSAWYUBPE-UHFFFAOYSA-L
67322.0,C(CN(CCO)CCO)N(CCO)CCO,BYACHAOCSIPLCM-UHFFFAOYSA-N
246724.0,COC1=CC(=C(C=C1)OC)Cl,QMXZSRVFIWACJH-UHFFFAOYSA-N
62576.0,C1=CC=C(C=C1)COC(=O)CBr,JHVLLYQQQYIWKX-UHFFFAOYSA-N
81080.0,CC(=C)C(=O)OCCCCCCOC(=O)C(=C)C,SAPGBCWOQLHKKZ-UHFFFAOYSA-N
74904.0,CCOC1=CC=CC=C1OCC,QZYDOKBVZJLQCK-UHFFFAOYSA-N
23672329.0,C1=CC(=C(C=C1O)S(=O)(=O)[O-])O.[K+],VKDSBABHIXQFKH-UHFFFAOYSA-M
15466.0,CC1=NC(=NC(=N1)OC)N,NXFQWRWXEYTOTK-UHFFFAOYSA-N
2734687.0,C(=NN)(N)N.Cl,UBDZFAGVPPMTIT-UHFFFAOYSA-N
69311.0,CCCOC(OCCC)OCCC,RWNXXQFJBALKAX-UHFFFAOYSA-N
91822.0,CCCC[N+](C)(CCCC)CCCC.[Cl-],IPILPUZVTYHGIL-UHFFFAOYSA-M
73902.0,C1=CC=C(C=C1)NC=CC=CC=NC2=CC=CC=C2.Cl,VUCMMJBDNXZQDJ-UHFFFAOYSA-N
67215.0,CN(C)C1=CC=C(C=C1)C(C2=CC=CC=C2)C3=CC=C(C=C3)N(C)C,WZKXBGJNNCGHIC-UHFFFAOYSA-N
7094.0,C1CCC(CC1)C2CCCCC2,WVIIMZNLDWSIRH-UHFFFAOYSA-N
6451.0,CC1=C(C(=C(C=C1C2(C3=CC=CC=C3S(=O)(=O)O2)C4=CC(=C(C(=C4C)Br)O)Br)Br)O)Br,FRPHFZCDPYBUAU-UHFFFAOYSA-N
6525.0,C#CC1(CCCCC1)O,QYLFHLNFIHBCPR-UHFFFAOYSA-N
17429.0,C1CCN(CC1)C=O,FEWLNYSYJNLUOO-UHFFFAOYSA-N
7268.0,CCOC(=O)C(=O)OCC,WYACBZDAHNBPPB-UHFFFAOYSA-N
11907.0,C1=CC=C(C(=C1)C#N)O,CHZCERSEMVWNHL-UHFFFAOYSA-N
8140.0,CCCCCCCCBr,VMKOFRJSULQZRM-UHFFFAOYSA-N
21768.0,CC(=CCCC(=CC#N)C)C,HLCSDJLATUNSSI-UHFFFAOYSA-N
62118.0,CC(C)(CCO)OC,MFKRHJVUCZRDTF-UHFFFAOYSA-N
26030.0,Cl[Au](Cl)Cl,RJHLTVSLYWWTEF-UHFFFAOYSA-K
17888.0,CC(=O)CC(C)(C)NC(=O)C=C,OMNKZBIFPJNNIO-UHFFFAOYSA-N
88043.0,CC1=C(C=C(C=C1)C(=O)N)N,VYBKAZXQKUFAHG-UHFFFAOYSA-N
9589.0,CC(=O)C1=CN=CC=C1,WEGYGNROSJDEIW-UHFFFAOYSA-N
12087.0,C1=CC(=CC=C1C#N)C(=O)O,ADCUEPOHPCPMCE-UHFFFAOYSA-N
16551.0,C(CCCCl)CCCl,OVISMSJCKCDOPU-UHFFFAOYSA-N
68023.0,C1=CC(=CC=C1C=O)F,UOQXIWFBQSVDPP-UHFFFAOYSA-N
7254.0,CC1=C(C=C(C=C1)Cl)Cl,FUNUTBJJKQIVSY-UHFFFAOYSA-N
76092.0,C1=CC(=C(C=C1C(=O)O)N)Cl,DMGFVJVLVZOSOE-UHFFFAOYSA-N
78950.0,C=CCOCC(CO)O,PAKCOSURAUIXFG-UHFFFAOYSA-N
79571.0,CCCCOC(=O)CC#N,DJACTCNGCHPGOI-UHFFFAOYSA-N
8920.0,CCCCCCNCCCCCC,PXSXRABJBXYMFT-UHFFFAOYSA-N
7337.0,COC1=C(C=CC(=C1)[N+](=O)[O-])N,GVBHRNIWBGTNQA-UHFFFAOYSA-N
7034.0,C1=CC(=CC=C1C(=O)C2=CC=C(C=C2)Cl)Cl,OKISUZLXOYGIFP-UHFFFAOYSA-N
23686673.0,C1=CC=C2C(=C1)C(OS2(=O)=O)(C3=CC=C(C=C3)O)C4=CC=C(C=C4)[O-].[Na+],HKHYOKBQJILTEI-UHFFFAOYSA-M
37524.0,CC1(CC(CC(N1)(C)C)N)C,FTVFPPFZRRKJIH-UHFFFAOYSA-N
7612.0,C1C=CC=C1,ZSWFCLXCOIISFI-UHFFFAOYSA-N
14529.0,CC1=CC=C(C=C1)C(C)(C)O,XLPDVYGDNRIQFV-UHFFFAOYSA-N
11569.0,COC1=CC=CC(=C1)C=O,WMPDAIZRQDCGFH-UHFFFAOYSA-N
6285.0,CC[N+](CC)(CC)CC.[Br-],HWCKGOZZJDHMNC-UHFFFAOYSA-M
597.0,C1=C(NC(=O)N=C1)N,OPTASPLRGRRNAP-UHFFFAOYSA-N
7119.0,COC1=CC2=CC=CC=C2C=C1,LUZDYPLAQQGJEA-UHFFFAOYSA-N
96359.0,CCCCC(CC)COC(=O)CC#N,ZNYBQVBNSXLZNI-UHFFFAOYSA-N
32484.0,CC(C)C1=C(C(=CC=C1)C(C)C)N,WKBALTUBRZPIPZ-UHFFFAOYSA-N
70807.0,C1COCCN1CCCS(=O)(=O)O,DVLFYONBTKHTER-UHFFFAOYSA-N
8925.0,COCCOCCOCCOCCOC,ZUHZGEOKBKGPSW-UHFFFAOYSA-N
9001.0,C1=C(C=C(C(=C1O)O)S(=O)(=O)[O-])S(=O)(=O)[O-].[Na+].[Na+],ISWQCIVKKSOKNN-UHFFFAOYSA-L
74236.0,CCCC[N+](CCCC)(CCCC)CCCC.[Br-],JRMUNVKIHCOMHV-UHFFFAOYSA-M
90571.0,COC(C1=CC=CC=C1)(C(=O)C2=CC=CC=C2)OC,KWVGIHKZDCUPEU-UHFFFAOYSA-N
8507.0,CCN(CC)C1=CC=C(C=C1)C(=C2C=CC(=[N+](CC)CC)C=C2)C3=C(C=C(C=C3)S(=O)(=O)[O-])S(=O)(=O)[O-].[Na+],SJEYSFABYSGQBG-UHFFFAOYSA-M
2724248.0,C1CN(CCN1CCO)CCS(=O)(=O)[O-].[Na+],RDZTWEVXRGYCFV-UHFFFAOYSA-M
93573.0,C(C(CO)(CO)N)O.Cl,QKNYBSVHEMOAJP-UHFFFAOYSA-N
10434.0,C1CC(=O)CC(=O)C1,HJSLFCCWAKVHIW-UHFFFAOYSA-N
9948.0,C1=CC=C(C=C1)CC(=O)C2=CC=CC=C2,OTKCEEWUXHVZQI-UHFFFAOYSA-N
11093.0,CC1=CC=CC=C1CCl,VQRBXYBBGHOGFT-UHFFFAOYSA-N
62852.0,CCCCCCCCO[C@H]1[C@@H]([C@H]([C@@H]([C@H](O1)CO)O)O)O,HEGSGKPQLMEBJL-RKQHYHRCSA-N
77311.0,C[N+](=CCl)C.[Cl-],QQVDYSUDFZZPSU-UHFFFAOYSA-M
7272.0,CC1C(=O)OC(C(=O)O1)C,JJTUDXZGHPGLLC-UHFFFAOYSA-N
80289.0,C1=CC=C(C=C1)C(=N)N.Cl,LZCZIHQBSCVGRD-UHFFFAOYSA-N
10953.0,C1CCOC(=O)C1,OZJPLYNZGCXSJM-UHFFFAOYSA-N
6516.0,CCO[Si](C=C)(OCC)OCC,FWDBOZPQNFPOLF-UHFFFAOYSA-N
13075.0,CCO[Si](C1=CC=CC=C1)(OCC)OCC,JCVQKRGIASEUKR-UHFFFAOYSA-N
135459645.0,CC(=NO)C(=NO)C,JGUQDUKBUKFFRO-UHFFFAOYSA-N
7071.0,C1=CC(=C(C=C1C2=CC(=C(C=C2)N)N)N)N,HSTOKWSFWGCZMH-UHFFFAOYSA-N
4534.0,CC(CC1=CC(=C(C=C1)O)O)C(C)CC2=CC(=C(C=C2)O)O,HCZKYJDFEPMADG-UHFFFAOYSA-N
2723853.0,CNC(=S)NN,PTVZQOAHCSKAAS-UHFFFAOYSA-N
656678.0,CN1[C@@H]2CC[C@H]1CC(C2)OC(=O)C(CO)C3=CC=CC=C3.CN1[C@@H]2CC[C@H]1CC(C2)OC(=O)C(CO)C3=CC=CC=C3.O.OS(=O)(=O)O,JPKKQJKQTPNWTR-BRYCGAMXSA-N
83322.0,CCN(CCC#N)C1=CC=C(C=C1)N=NC2=C(C=C(C=C2Cl)[N+](=O)[O-])Cl,KHZRTXVUEZJYNE-UHFFFAOYSA-N
158404.0,[Cl-].[Cl-].[Ni+2],QMMRZOWCJAIUJA-UHFFFAOYSA-L
20473.0,CO[Si](CCCS)(OC)OC,UUEWCQRISZBELL-UHFFFAOYSA-N
16590.0,C=CCSSCC=C,PFRGXCVKLLPLIP-UHFFFAOYSA-N
90613.0,CCO[Si](CCCN=C=O)(OCC)OCC,FRGPKMWIYVTFIQ-UHFFFAOYSA-N
78138.0,C1=C(C=C(C=C1C(=O)Cl)C(=O)Cl)C(=O)Cl,UWCPYKQBIPYOLX-UHFFFAOYSA-N
15906.0,C(CSSCCO)O,KYNFOMQIXZUKRK-UHFFFAOYSA-N
8766.0,C1=CC=C(C=C1)SC2=CC=CC=C2,LTYMSROWYAPPGB-UHFFFAOYSA-N
62406.0,C(F)(F)(F)S(=O)(=O)O,ITMCEJHCFYSIIV-UHFFFAOYSA-N
14284.0,CN(C)C1=CC=NC=C1,VHYFNPMBLIVWCW-UHFFFAOYSA-N
11972.0,CC(=O)NC1=CC=CC=C1O,ADVGKWPZRIDURE-UHFFFAOYSA-N
7122.0,CC(=O)C1=CC2=CC=CC=C2C=C1,XSAYZAUNJMRRIR-UHFFFAOYSA-N
1136.0,CC1=C(SC=N1)CCO,BKAWJIRCKVUVED-UHFFFAOYSA-N
77487.0,COC(=O)CCC(=O)O,JDRMYOQETPMYQX-UHFFFAOYSA-N
23537.0,CC1=C(C=C(C=C1)NC(=O)C)Cl,IGLVCWPPISIXPR-UHFFFAOYSA-N
13254.0,C1=CC=C(C=C1)OC2=CC=C(C=C2)O,ZSBDGXGICLIJGD-UHFFFAOYSA-N
23540.0,CN(C)C1=CC=C(C=C1)SC#N,WCCIEZDFRJREQJ-UHFFFAOYSA-N
516900.0,[O-]Cl(=O)(=O)=O.[K+],YLMGFJXSLBMXHK-UHFFFAOYSA-M
84658.0,CCO[Si](CCCS)(OCC)OCC,DCQBZYNUSLHVJC-UHFFFAOYSA-N
79635.0,C1CCC(CC1)(C#N)N,HUMMCZRNZCKXHL-UHFFFAOYSA-N
449171.0,CC1=C(C(CCC1)(C)C)/C=C/C(=C\C=C\C(=C\C(=O)O)\C)/C,SHGAZHPCJJPHSC-ZVCIMWCZSA-N
94355.0,CC(C)C(C)(C#N)N,CAOHBROWLMCZRP-UHFFFAOYSA-N
21218.0,CCCCCCCC[N+](C)(CCCCCCCC)CCCCCCCC.[Cl-],XKBGEWXEAPTVCK-UHFFFAOYSA-M
8385.0,COC1=C(C=C(C=C1)[N+](=O)[O-])[N+](=O)[O-],CVYZVNVPQRKDLW-UHFFFAOYSA-N
77328.0,C1C(C(CS1(=O)=O)(Cl)Cl)(Cl)Cl,GCAXGCSCRRVVLF-UHFFFAOYSA-N
2540.0,CCOC1=NC2=CC=CC(=C2N1CC3=CC=C(C=C3)C4=CC=CC=C4C5=NNN=N5)C(=O)OC(C)OC(=O)OC6CCCCC6,GHOSNRCGJFBJIB-UHFFFAOYSA-N
75868.0,C1=CC2=C(C=CC(=C2[O-])[N+]#N)C(=C1)S(=O)(=O)[O-].[Na+],VXJAPPICTSANGU-UHFFFAOYSA-M
5367692.0,CC/C=C\CCCCCCCCCCOC(=O)C,YJINQJFQLQIYHX-PLNGDYQASA-N
5355.0,CCN1CCCC1CNC(=O)C2=C(C=CC(=C2)S(=O)(=O)N)OC,BGRJTUBHPOOWDU-UHFFFAOYSA-N
41270.0,C1CCCCCC(=O)OCCOC(=O)CCCC1,GJJSUPSPZIZYPM-UHFFFAOYSA-N
2734819.0,C1=CC(=C(C(=C1)Cl)C(=S)N)Cl,KGKGSIUWJCAFPX-UHFFFAOYSA-N
29307.0,CCOP(=S)(OCC)OC1=NOC(=C1)C2=CC=CC=C2,SDMSCIWHRZJSRN-UHFFFAOYSA-N
15967.0,CC1=CC(=C(C(=C1)C(C)(C)C)OC(=O)NC)C(C)(C)C,PNRAZZZISDRWMV-UHFFFAOYSA-N
106428.0,CC(=C)C(=O)NCCC[N+](C)(C)C.[Cl-],UZNHKBFIBYXPDV-UHFFFAOYSA-N
62433.0,CCCCCOC(=O)CCCC,FGPPDYNPZTUNIU-UHFFFAOYSA-N
80777.0,CC(=O)CC(=O)NC1=C(C=CC(=C1)OC)OC,PJFIAKRRJLGWMD-UHFFFAOYSA-N
7275.0,CC1C(O1)C2CCC3(C(C2)O3)C,YIEDFHHVUWKOEV-UHFFFAOYSA-N
23691974.0,CC1=CC(=C(C=C1)C)S(=O)(=O)[O-].[Na+],SDCULNUHRZODAC-UHFFFAOYSA-M
10780.0,CCOC(=O)COC1=C(C=C(C=C1)Cl)Cl,JSLBZIVMVVHMDJ-UHFFFAOYSA-N
156614068.0,CCCCCCCC.C/C=C/C(=O)OC1=CC=CC=C1[N+](=O)[O-].N(=O)O,ZVJZHLVSRSKTNE-OPIVVEOKSA-N
21873022.0,CC1=CC(=C(C=C1)C(=O)OC)C2=NC(C(=O)N2)(C)C(C)C.CC1=CC(=C(C=C1)C2=NC(C(=O)N2)(C)C(C)C)C(=O)OC,WXUNXXKSYBUHMK-UHFFFAOYSA-N
32872.0,CCOP(=S)(NC(C)C)OC1=CC=CC=C1C(=O)OC(C)C,HOQADATXFBOEGG-UHFFFAOYSA-N
67045.0,C1C(=NN(C1=O)C2=CC=C(C=C2)S(=O)(=O)O)C(=O)O,TYCNXOAPQGVAQU-UHFFFAOYSA-N
34468.0,CCN(CC)C1=C(C=C(C(=C1[N+](=O)[O-])N)C(F)(F)F)[N+](=O)[O-],OFDYMSKSGFSLLM-UHFFFAOYSA-N
16722125.0,CC1([C@@H]([C@@H]1C(=O)OCC2=COC(=C2)CC3=CC=CC=C3)/C=C/4\CCSC4=O)C,UGWALRUNBSBTGI-QJLCOAGJSA-N
31573.0,CCNC1=NC(=NC(=N1)SC)NC(C)C(C)C,IKYICRRUVNIHPP-UHFFFAOYSA-N
6852406.0,CN1[C@@H]2CC(C[C@H]1[C@H]3[C@@H]2O3)OC(=O)[C@H](CO)C4=CC=CC=C4.Cl,KXPXJGYSEPEXMF-WYHSTMEOSA-N
83063.0,CC(=O)C1=CC=C(C=C1)OC(=O)C,SMIOEQSLJNNKQF-UHFFFAOYSA-N
441371.0,CCCCCCCCCCCCOS(=O)(=O)O.CC[C@@H]1[C@@]([C@@H]([C@H](C(=O)[C@@H](C[C@@]([C@@H]([C@H]([C@@H]([C@H](C(=O)O1)C)O[C@H]2C[C@@]([C@H]([C@@H](O2)C)O)(C)OC)C)O[C@H]3[C@@H]([C@H](C[C@H](O3)C)N(C)C)OC(=O)CC)(C)O)C)C)O)(C)O,AWMFUEJKWXESNL-JZBHMOKNSA-N
85025.0,C1=CC=C(C=C1)C[N+]2=CC=CC3=CC=CC=C32.[Cl-],GFEJZIULYONCQB-UHFFFAOYSA-M
10695.0,CC1=CC(=C(C(=C1)C)C)C,BFIMMTCNYPIMRN-UHFFFAOYSA-N
8532.0,C1=CC=C2C(=C1)C(=O)C3=CC(=C4C(=C3C2=O)NC5=C(C=C6C(=C5N4)C(=O)C7=CC=CC=C7C6=O)Cl)Cl,UGCDBQWJXSAYIL-UHFFFAOYSA-N
62421.0,CC(C)CCC(=O)CCC(C)C,JQCWLRHNAHIIGW-UHFFFAOYSA-N
62452.0,CCCCCCCCCC[N+](C)(C)[O-],ZRKZFNZPJKEWPC-UHFFFAOYSA-N
6857648.0,[C-]#N.[C-]#N.[K+].[Au+],XTFKWYDMKGAZKK-UHFFFAOYSA-N
76192.0,COC(=O)C1=CC(=CC(=C1)Cl)Cl,BTEVDFJXGLQUDS-UHFFFAOYSA-N
88045.0,C[C@@H]1[C@H](C[C@@H]([C@H](O1)OC2[C@@H]([C@H](C([C@@H]([C@@H]2O)O)O)O)O)N)N=C(C(=O)O)N.Cl,ZDRBJJNXJOSCLR-YZKQBBCCSA-N
67005.0,CC1=C(C=C2C(=C1[N+](=O)[O-])C(CC2(C)C)(C)C)[N+](=O)[O-],UHWURQRPEIFIAK-UHFFFAOYSA-N
95402.0,C=CCOCC(CCl)O,DLVRPVNJFWEIFV-UHFFFAOYSA-N
9839424.0,C1=CC(=CC=C1NC(=O)CC[C@@H](C(=O)O)N)[N+](=O)[O-].Cl,OJEVFSFTVARWQX-FVGYRXGTSA-N
11774.0,C1=CC=C(C=C1)[Bi](C2=CC=CC=C2)C3=CC=CC=C3,ZHXAZZQXWJJBHA-UHFFFAOYSA-N
9786.0,C1=CC=C(C=C1)[Sn](C2=CC=CC=C2)(C3=CC=CC=C3)F,JBYRKMGOSFMHRL-UHFFFAOYSA-M
78452.0,CCCCCCCCP(=O)(O)O,NJGCRMAPOWGWMW-UHFFFAOYSA-N
16683978.0,CC(=O)O[Al].O.O,HDYRYUINDGQKMC-UHFFFAOYSA-M
62817.0,CCC(C)(CCC(C)C)C(=O)O,PKJSRUTWBDIWAR-UHFFFAOYSA-N
61059.0,C(COC(=O)CS)OC(=O)CS,PSYGHMBJXWRQFD-UHFFFAOYSA-N
16700308.0,C(=O)O[Al](OC=O)OC=O,MJWPFSQVORELDX-UHFFFAOYSA-K
6488.0,CCC(CC)(C(=O)NC(=O)N)Br,OPNPQXLQERQBBV-UHFFFAOYSA-N
62329.0,CC1=C(C(=C(C(=C1[N+](=O)[O-])C(C)(C)C)[N+](=O)[O-])C)[N+](=O)[O-],XMWRWTSZNLOZFN-UHFFFAOYSA-N
66598.0,CCOC(=O)C1=CC=CC=C1C,SOUAXOGPALPTTC-UHFFFAOYSA-N
92667.0,C1CN1CCC(=O)OCC(CO)(COC(=O)CCN2CC2)COC(=O)CCN3CC3,KAPCRJOPWXUMSQ-UHFFFAOYSA-N
6112114.0,CC1=CC=CC=C1OCC2=CC=CC=C2/C(=N\OC)/C(=O)OC,ZOTBXTZVPHCKPN-HTXNQAPBSA-N
40813.0,C1=CC(=CN=C1)CNC(=O)NC2=CC=C(C=C2)[N+](=O)[O-],CLKZWXHKFXZIMA-UHFFFAOYSA-N
11127402.0,CC1(CCC=C2[C@@]13CC[C@@H](C3)C2(C)C)C,CQUAYTJDLQBXCQ-NHYWBVRUSA-N
12797557.0,CC(C)[C@@H](C1=CC=C(C=C1)OC(F)F)C(=O)OC(C#N)C2=CC(=CC=C2)OC3=CC=CC=C3,GBIHOLCMZGAKNG-CGAIIQECSA-N
116529.0,CC1=C(C(=C(C=C1)Cl)N)Cl,AYVZXDFCFQSWJD-UHFFFAOYSA-N
13671.0,CN(C1=CC=C(C=C1)[N+](=O)[O-])N=O,AMTRFSFECFPSHF-UHFFFAOYSA-N
3482402.0,C1CCC2(CC1)N(CCO2)C(=O)C(Cl)Cl,QWWHRELOCZEQNZ-UHFFFAOYSA-N
9300.0,CC(C)(C)C1=CC(=C(C=C1)OP(=O)(NC)OC)Cl,BOFHKBLZOYVHSI-UHFFFAOYSA-N
62371.0,C1=CC=C(C=C1)C(=O)[O-].C1=CC=C(C=C1)C(=O)[O-].[Mg+2],PJJZFXPJNUVBMR-UHFFFAOYSA-L
22842.0,CC1=NN(C(=O)C1N=NC2=CC=C(C=C2)S(=O)(=O)[O-])C3=CC(=C(C=C3Cl)S(=O)(=O)[O-])Cl.[Na+].[Na+],FTZLWXQKVFFWLY-UHFFFAOYSA-L
67054.0,CC1=C(C=C(C=C1)N)S(=O)(=O)O,BRKFTWHPLMMNHF-UHFFFAOYSA-N
21921.0,C(CN)N.I.I,IWNWLPUNKAYUAW-UHFFFAOYSA-N
91590.0,CC(C)(C)NC1=NC(=NC(=N1)NC2CC2)SC,HDHLIWCXDDZUFH-UHFFFAOYSA-N
33565.0,C1CN(CCN1C(C(Cl)(Cl)Cl)NC=O)C(C(Cl)(Cl)Cl)NC=O,RROQIUMZODEXOR-UHFFFAOYSA-N
60196428.0,CC(C)C1=CC2=C(C=C1)C(=CC(=C2S(=O)(=O)[O-])C(C)C)C(C)C.[Na+],NHQVTOYJPBRYNG-UHFFFAOYSA-M
9571009.0,CC(/C(=N/OC(=O)NC)/C)S(=O)(=O)C,CTJBHIROCMPUKL-WEVVVXLNSA-N
86210.0,CC1(CCC(C1(CN2C=NC=N2)O)CC3=CC=C(C=C3)Cl)C,XWPZUHJBOLQNMN-UHFFFAOYSA-N
657302.0,C1=CC=C(C=C1)C2(C(=O)[N-]C(=O)N2)C3=CC=CC=C3.[Na+],FJPYVLNWWICYDW-UHFFFAOYSA-M
9462.0,C1=CC(=CC=C1C2=CC=C(C=C2)F)N,HTRVALPKPVGOSZ-UHFFFAOYSA-N
21859.0,CC(C)CCCCCCCCCCCCCCC(=O)O,XDOFQFKRPWOURC-UHFFFAOYSA-N
12398.0,CCCCCCCCCCCCCCCCC,NDJKXXJCMXVBJW-UHFFFAOYSA-N
8594.0,C1=CC=C2C(=C1)C=CC=C2NC(=O)C3=CC=CC=C3C(=O)O,JXTHEWSKYLZVJC-UHFFFAOYSA-N
57494332.0,P.[In],FHIVHGIKSGOGRH-UHFFFAOYSA-N
102681.0,CC(C)(C)C1CCCCC1=O,ZRYDPLOWJSFQAE-UHFFFAOYSA-N
61670.0,CC1=C2C(=CC=C1)N=CC=N2,CQLOYHZZZCWHSG-UHFFFAOYSA-N
3067270.0,C([C@@H]1[C@@H]([C@@H]([C@H]([C@@H](O1)O[C@H]([C@@H](CO)O)[C@@H]([C@H](CO)O)O)O)O)O)O.O,LXMBXZRLTPSWCR-XBLONOLSSA-N
61124.0,CC1=C(C(CCC1)(C)C)CC=O,VHTFHZGAMYUZEP-UHFFFAOYSA-N
88267.0,CC1=CC=CC=C1CCO,RUGISKODRCWQNE-UHFFFAOYSA-N
16533.0,CCCCC(=O)O[C@@]1([C@H](C[C@@H]2[C@@]1(C[C@@H]([C@]3([C@H]2CCC4=CC(=O)C=C[C@@]43C)F)O)C)C)C(=O)CO,SNHRLVCMMWUAJD-SUYDQAKGSA-N
61953.0,CC1CCC2(O1)C(=CCCC2(C)C)C,GYUZHTWCNKINPY-UHFFFAOYSA-N
5363388.0,CC/C=C\CCOC(=O)C,NPFVOOAXDOBMCE-PLNGDYQASA-N
78972.0,C12(C3(C(C(C(C1(C(C(C(C2(F)F)(F)F)(F)F)(F)F)F)(F)F)(F)F)(C(C(C(C3(F)F)(F)F)(F)F)(F)F)F)F)F,QKENRHXGDUPTEM-UHFFFAOYSA-N
10883.0,CCOC(=O)CCC(=O)C,GMEONFUTDYJSNV-UHFFFAOYSA-N
8187.0,C=CCCCCCCCCC=O,OFHHDSQXFXLTKC-UHFFFAOYSA-N
439250.0,CC1=CC[C@H](CC1)C(=C)C,XMGQYMWWDOXHJM-SNVBAGLBSA-N
8164.0,CCCCCCCCOC(=O)C,YLYBTZIQSIBWLI-UHFFFAOYSA-N
7043.0,COC1=CC=CC=C1OC,ABDKAPXRBAPSQN-UHFFFAOYSA-N
62418.0,CC(C)C1=CC2=C(C=C1)[C@]3(CCC[C@@]([C@@H]3CC2)(C)CN)C.CC(=O)O,BFAQRUGPWJVQDA-WFBUOHSLSA-N
442482.0,CC1=CC[C@@H](C=C1)C(C)C,OGLDWXZKYODSOB-SNVBAGLBSA-N
223368.0,C[C@]12CC[C@H]3C(=CCC4=C3C=CC(=C4)O)[C@@H]1CCC2=O,WKRLQDKEXYKHJB-HFTRVMKXSA-N
5283345.0,CCCCCCC/C=C/C=O,MMFCJPPRCYDLLZ-CMDGGOBGSA-N
5287407.0,C([C@@H]1[C@@H]2[C@@H]([C@H]([C@H](O1)O[C@@H]3[C@H](O[C@@H]([C@@H]([C@H]3O)O)O[C@@H]4[C@H](O[C@@H]([C@@H]([C@H]4O)O)O[C@@H]5[C@H](O[C@@H]([C@@H]([C@H]5O)O)O[C@@H]6[C@H](O[C@@H]([C@@H]([C@H]6O)O)O[C@@H]7[C@H](O[C@@H]([C@@H]([C@H]7O)O)O[C@@H]8[C@H](O[C@@H]([C@@H]([C@H]8O)O)O[C@@H]9[C@H](O[C@H](O2)[C@@H]([C@H]9O)O)CO)CO)CO)CO)CO)CO)CO)O)O)O,GDSRMADSINPKSL-HSEONFRVSA-N
6431015.0,C[C@@H]1CC[C@@H]2[C@]13CC=C([C@H](C3)C2(C)C)C,IRAQOCYXUMOFCW-OSFYFWSMSA-N
6609.0,CC1CC=C(C(C1(C)C)C=CC(=O)C)C,JZQOJFLIJNRDHK-UHFFFAOYSA-N
1796220.0,C[C@]12CCCC([C@@H]3[C@H]1CC[C@@H]3C2=C)(C)C,PDSNLYSELAIEBU-GUIRCDHDSA-N
62465.0,CCC1=CC(=C(C=C1)O)OC,CHWNEIVBYREQRF-UHFFFAOYSA-N
30914.0,CC(=O)C1=NC=CN=C1,DBZAKQWXICEWNW-UHFFFAOYSA-N
61812.0,CCCCOC(=O)C(C)CC,OTKQNSSMCDLVQV-UHFFFAOYSA-N
28127.0,F[Si-2](F)(F)(F)(F)F.[Na+].[Na+],TWGUZEUZLCYTCG-UHFFFAOYSA-N
285097.0,CCCCCCC1(CCC(=O)O1)C,ALWUKGXLBSQSMA-UHFFFAOYSA-N
14296.0,CC1=C(N=C(C(=N1)C)C)C,FINHMKGKINIASC-UHFFFAOYSA-N
26808.0,CC1=CN=C(C(=N1)C)C,IAEGWXHKWJGQAZ-UHFFFAOYSA-N
61701.0,[O-]S(=O)(=O)SSS(=O)(=O)[O-].[K+].[K+],UVTKHPSJNFFIDG-UHFFFAOYSA-L
166589.0,CCCN[C@H]1CCC2=C(C1)SC(=N2)N.O.Cl.Cl,APVQOOKHDZVJEX-QTPLPEIMSA-N
23677927.0,[Li+].C(C(C(C(C(F)(F)S(=O)(=O)[O-])(F)F)(F)F)(F)F)(C(C(C(F)(F)F)(F)F)(F)F)(F)F,XVCUGNWRDDNCRD-UHFFFAOYSA-M
10762.0,CC1=C(SC=[N+]1CC2=CN=C(N=C2N)C)CCO.[N+](=O)([O-])[O-],UIERGBJEBXXIGO-UHFFFAOYSA-N
299728.0,C1=CC=C(C=C1)[Bi](C2=CC=CC=C2)(C3=CC=CC=C3)(Cl)Cl,QWMMHFXTVYRMTO-UHFFFAOYSA-L
85979.0,CC(CC=O)C1=CC=CC=C1,MYHGOWDLVRDUFA-UHFFFAOYSA-N
7170.0,CCOC(=O)CC(=O)C1=CC=CC=C1,GKKZMYDNDDMXSE-UHFFFAOYSA-N
61048.0,CC(C)COC(=O)C1=CC=CC=C1,KYZHGEFMXZOSJN-UHFFFAOYSA-N
61204.0,CCCCCCC1CCCC(=O)O1,YZRXRLLRSPQHDK-UHFFFAOYSA-N
107.0,C1=CC=C(C=C1)CCC(=O)O,XMIIGOLPHOKFCH-UHFFFAOYSA-N
20861.0,CCC1=CC=C(C=C1)C=O,QNGNSVIICDLXHT-UHFFFAOYSA-N
61151.0,COC1=CC=CC=C1C(=O)OC,PFYHAAAQPNMZHO-UHFFFAOYSA-N
5281607.0,C1=CC=C(C=C1)C2=CC(=O)C3=C(C=C(C=C3O2)O)O,RTIXKCRFFJGDFG-UHFFFAOYSA-N
62907.0,CCNC(=O)C1CC(CCC1C(C)C)C,VUNOFAIHSALQQH-UHFFFAOYSA-N
16237.0,CCOC(=O)CCC1=CC=CC=C1,JAGZUIGGHGTFHO-UHFFFAOYSA-N
16854.0,C1=CC(=C(C=C1NC(=O)N)Cl)Cl,CYESCLHCWJKRKM-UHFFFAOYSA-N
91677.0,C1C(C(C(=O)N1C2=CC=CC(=C2)C(F)(F)F)Cl)CCl,OQZCSNDVOWYALR-UHFFFAOYSA-N
93128.0,CCCCC(CC)COC(=O)COC1=C(C=C(C=C1)Cl)C,IDGRPSMONFWWEK-UHFFFAOYSA-N
24321.0,C1=CC=C(C=C1)CN(CC2=CC=CC=C2)CC3=CC=CC=C3,MXHTZQSKTCCMFG-UHFFFAOYSA-N
6917959.0,CC(=O)O[C@H](CC(=O)[O-])C[N+](C)(C)C.Cl,JATPLOXBFFRHDN-DDWIOCJRSA-N
14295.0,CC(CO)C1=CC=CC=C1,RNDNSYIPLPAXAZ-UHFFFAOYSA-N
5284349.0,C1=CC=C(C=C1)N=NC2=C(C3=C(C(=C(C=C3C=C2S(=O)(=O)[O-])S(=O)(=O)[O-])N=NC4=CC=C(C=C4)C5=CC=C(C=C5)N=NC6=C(C=C(C=C6)N)N)N)O.[Na+].[Na+],XRPLBRIHZGVJIC-UHFFFAOYSA-L
8893.0,C1CNCCN1.Cl.Cl,CVVIJWRCGSYCMB-UHFFFAOYSA-N
79016.0,CC1=CC(CC(C1)(C)C)O,LDRWAWZXDDBHTG-UHFFFAOYSA-N
10315.0,CCCC(=O)C1=CC=CC=C1,FFSAXUULYPJSKH-UHFFFAOYSA-N
8432.0,CCC(=O)OC(C)C1=CC=CC=C1,WCIQNYOXLZQQMU-UHFFFAOYSA-N
23235.0,CCCCCCOC(=O)C1=CC=CC=C1,UUGLJVMIFJNVFH-UHFFFAOYSA-N
9025.0,COC1=CC(=CC=C1)OC,DPZNOMCNRMUKPS-UHFFFAOYSA-N
19707.0,CCCC(=O)C(=O)C,MWVFCEVNXHTDNF-UHFFFAOYSA-N
64772.0,CC[N+](CC)(CC1=CC=CC=C1)CC(=O)NC2=C(C=CC=C2C)C.C1=CC=C2C(=C1)C(=NS2(=O)=O)[O-],AOVWCKBXCSVODH-UHFFFAOYSA-N
2735101.0,CN1CCC[C@H]1C2=CN=CC=C2.CN1CCC[C@H]1C2=CN=CC=C2.OS(=O)(=O)O,IECQULMJVNSKDB-RCWTXCDDSA-N
1146.0,CN(C)C,GETQZCLCWQTVFV-UHFFFAOYSA-N
6405.0,CCC(C)(C)O,MSXVEPNJUHWQHW-UHFFFAOYSA-N
79048.0,CC=C(C)C(=O)C,ZAMCMCQRTZKGDX-UHFFFAOYSA-N
5976.0,CN(C)N,RHUYHJGZWVXEHW-UHFFFAOYSA-N
31260.0,CC(C)CCO,PHTQWCKDNZKARW-UHFFFAOYSA-N
5366415.0,CNC(=S)[S-].[Na+],AFCCDDWKHLHPDF-UHFFFAOYSA-M
9562059.0,CC(=O)O.CC(=O)O.C1=CC(=CC=C1N/C(=N/C(=NCCCCCCN=C(/N=C(/NC2=CC=C(C=C2)Cl)\N)N)N)/N)Cl,WDRFFJWBUDTUCA-UHFFFAOYSA-N
5281025.0,C1CN(CCN1CCOCCO)C2=NC3=CC=CC=C3SC4=CC=CC=C42.C1CN(CCN1CCOCCO)C2=NC3=CC=CC=C3SC4=CC=CC=C42.C(=C/C(=O)O)\C(=O)O,ZTHJULTYCAQOIJ-WXXKFALUSA-N
5281055.0,CN(CCOC1=CC=C(C=C1)CC2C(=O)NC(=O)S2)C3=CC=CC=N3.C(=C\C(=O)O)\C(=O)O,SUFUKZSWUHZXAV-BTJKTKAUSA-N
4091.0,CN(C)C(=N)N=C(N)N,XZWYZXLIPXDOLR-UHFFFAOYSA-N
23665884.0,CCCCCCCCCCCCOCCOS(=O)(=O)[O-].[Na+],ASEFUFIKYOCPIJ-UHFFFAOYSA-M
61828.0,CC1(C(=O)N(C(=O)N1Br)Cl)C,PIEXCQIOSMOEOU-UHFFFAOYSA-N
61080.0,C1=CC2=C(C(=C1)O)N=CC=C2.C(C(=O)O)C(CC(=O)O)(C(=O)O)O,GTOQWWQKBBZILU-UHFFFAOYSA-N
23683016.0,CC(C)COC(=O)CC(C(=O)OCC(C)C)S(=O)(=O)[O-].[Na+],NTWXWSVUSTYPJH-UHFFFAOYSA-M
8748.0,CC(=C)C1CCC(CC1)(C)O,RUJPNZNXGCHGID-UHFFFAOYSA-N
62253.0,CCCCCCCCCC[N+](C)(CCCCCCCCCC)CCC[Si](OC)(OC)OC.[Cl-],AXPYABZPAWSUMG-UHFFFAOYSA-M
54675779.0,C[C@@]1([C@H]2[C@@H]([C@H]3[C@@H](C(=O)C(=C([C@]3(C(=O)C2=C(C4=C1C=CC=C4O)O)O)O)C(=O)N)N(C)C)O)O,OWFJMIVZYSDULZ-PXOLEDIWSA-N
35969.0,CN(C)C1CSSSC1.C(=O)(C(=O)O)O,ICTQUFQQEYSGGJ-UHFFFAOYSA-N
11556911.0,CS(=O)(=O)C1=C(C(=C(C=C1)C(=O)C2C(=O)CCCC2=O)Cl)COCC(F)(F)F,IUQAXCIUEPFPSF-UHFFFAOYSA-N
23673604.0,CCCCCCCCCCCCCCCCCCOS(=O)(=O)[O-].[Na+],NWZBFJYXRGSRGD-UHFFFAOYSA-M
1268142.0,C[C@@H]1CC(=O)C=C2[C@]1(C[C@@H](CC2)C(=C)C)C,WTOYNNBCKUYIKC-JMSVASOKSA-N
2724048.0,CC1=C(C=CC(=C1)Cl)OCC(=O)[O-].[Na+],STAPBGVGYWCRTF-UHFFFAOYSA-M
74088443.0,CCCC(=C1C(=O)CC(C(=C1[O-])C(=O)OC)(C)C)NOCC=C.[Na+],UEFBGOFTQWGYCJ-UHFFFAOYSA-M
156614057.0,CCCCCCCCCCCC.CCCCCCCCCCCC.C1=CC=C(C=C1)S(=O)(=O)[O-].C1=CC=C(C=C1)S(=O)(=O)[O-].[Ca+2],LWDXFOSACPIHEU-UHFFFAOYSA-L
33512.0,CC1=CC(=C(C=C1)S(=O)(=O)[O-])C.[NH4+],FGTOZJXFOAPXMR-UHFFFAOYSA-N
135495951.0,C(=NO)C=NO,LJHFIVQEAFAURQ-UHFFFAOYSA-N
6364671.0,CC/C=C\CC/C=C/C(OCC)OCC,GCIRJCKOUVCUBZ-OFALOCIGSA-N
117959.0,CC(C)(C)CC(C)(C)CC(=O)[O-].CC(C)(C)CC(C)(C)CC(=O)[O-].[Zn+2],JUODUXKPGONLIM-UHFFFAOYSA-L
16726.0,C1(=O)NC(=O)N(C(=O)N1Cl)Cl,CEJLBZWIKQJOAT-UHFFFAOYSA-N
12344.0,CC(C)CCCC(=O)O,MHPUGCYGQWGLJL-UHFFFAOYSA-N
9855795.0,C[C@@H]1CCC=C2[C@]1(C[C@@H](CC2)C(=C)C)C,QEBNYNLSCGVZOH-NFAWXSAZSA-N
10207.0,C1=CC2=C(C(=C1)O)C(=O)C3=C(C2=O)C=C(C=C3O)CO,YDQWDHRMZQUTBA-UHFFFAOYSA-N
15580.0,CC(C)COC(=O)COC1=C(C=C(C=C1)Cl)Cl,GPSGZZSRFJXXBA-UHFFFAOYSA-N
117291.0,CCCCC(CC)COC(=O)C1=C(C(=C(C(=C1Br)Br)Br)Br)C(=O)OCC(CC)CCCC,UUEDINPOVKWVAZ-UHFFFAOYSA-N
18771.0,C1=CC=C2C(=C1)C(=O)C3=C(C2=O)SC(=C(S3)C#N)C#N,PYZSVQVRHDXQSL-UHFFFAOYSA-N
91620.0,CC1=CC(=CC(=C1O)C(C)(C)C)CCC(=O)OCCOCCOCCOC(=O)CCC2=CC(=C(C(=C2)C)O)C(C)(C)C,QSRJVOOOWGXUDY-UHFFFAOYSA-N
75771.0,C1=CC=C2C(=C1)N=NN2O,ASOKPJOREAFHNY-UHFFFAOYSA-N
91688.0,CCCCCCCCN1C(=O)C(=C(S1)Cl)Cl,PORQOHRXAJJKGK-UHFFFAOYSA-N
9934458.0,CC1=C(C=CC(=C1)SCC2=C(N=C(S2)C3=CC(=C(C=C3)C(F)(F)F)F)C)OCC(=O)O,HWVNEWGKWRGSRK-UHFFFAOYSA-N
6603901.0,CCCC1=C(C=CC(=C1O)C(=O)C)OCCCOC2=CC=C(C=C2)OCC(=O)O,HBBVCKCCQCQCTJ-UHFFFAOYSA-N
3465817.0,C1=CC(=C(C=C1N)[N+](=O)[O-])NCCO,GZGZVOLBULPDFD-UHFFFAOYSA-N
60823.0,CC(C)C1=C(C(=C(N1CC[C@H](C[C@H](CC(=O)O)O)O)C2=CC=C(C=C2)F)C3=CC=CC=C3)C(=O)NC4=CC=CC=C4,XUKUURHRXDUEBC-KAYWLYCHSA-N
39040.0,CC1=C2C(=CC=C1)SC3=NN=CN23,DQJCHOQLCLEDLL-UHFFFAOYSA-N
23421.0,CNC(=O)OC1=CC=CC=C1C2OCCO2,SDKQRNRRDYRQKY-UHFFFAOYSA-N
22522.0,CC(COP(=O)(OCC(C)Cl)OCC(C)Cl)Cl,GTRSAMFYSUBAGN-UHFFFAOYSA-N
61022.0,CCCCCCC(C)OC(=O)CCCCC(=O)OC(C)CCCCCC,RTUMJAGKSDIHOW-UHFFFAOYSA-N
23665761.0,C1(=NC(=O)N(C(=O)N1Cl)Cl)[O-].[K+],IFIDXBCRSWOUSB-UHFFFAOYSA-M
6025.0,C1=CC=C(C=C1)C=C(C2=CC=CC=C2)C3=CC=CC=C3,MKYQPGPNVYRMHI-UHFFFAOYSA-N
2249.0,CC(C)NCC(COC1=CC=C(C=C1)CC(=O)N)O,METKIMKYRPQLGS-UHFFFAOYSA-N
5237.0,C(C(=O)O)F,QEWYKACRFQMRMB-UHFFFAOYSA-N
9969573.0,CCOC(=O)OC1=C(C(=O)NC12CCC(CC2)OC)C3=C(C=CC(=C3)C)C,CLSVJBIHYWPGQY-UHFFFAOYSA-N
41632.0,CC1=CC=CC=C1C(=O)NC2=CC(=CC=C2)OC(C)C,BCTQJXQXJVLSIG-UHFFFAOYSA-N
62105.0,CC1(CSC(CS1)(C)O)O,NHKIYYMFGJBOTK-UHFFFAOYSA-N
11700495.0,COC1=NC=C(C2=NC(=NN21)S(=O)(=O)NC3=C(C=CC=C3F)F)F,QZXATCCPQKOEIH-UHFFFAOYSA-N
3444.0,C1C(COC1(CN2C=NC=N2)C3=C(C=C(C=C3)Cl)Cl)Br,HJJVPARKXDDIQD-UHFFFAOYSA-N
23682789.0,COC1=CC(=NC(=N1)OC2=C(C(=CC=C2)OC3=NC(=CC(=N3)OC)OC)C(=O)[O-])OC.[Na+],FUHMZYWBSHTEDZ-UHFFFAOYSA-M
674.0,CNC,ROSDSFDQCJNGOL-UHFFFAOYSA-N
1031.0,CCCO,BDERNNFJNOPAEC-UHFFFAOYSA-N
11302979.0,CC1=C(C=CC(=C1C2=NOCC2)S(=O)(=O)C)C(=O)C3=CNN(C3=O)C,BPPVUXSMLBXYGG-UHFFFAOYSA-N
135779803.0,CNC(=N[N+](=O)[O-])NCC1CCOC1,YKBZOVFACRVRJN-UHFFFAOYSA-N
88454.0,CCCCCCOC(=O)CC,GOKKOFHHJFGZHW-UHFFFAOYSA-N
5355850.0,CCC(=O)OC/C=C/C1=CC=CC=C1,KGDJMNKPBUNHGY-RMKNXTFCSA-N
17525.0,CCCCCCOC(=O)CCC,XAPCMTMQBXLDBB-UHFFFAOYSA-N
8137.0,CCCCCCC#CC(=O)OC,NTLJTUMJJWVCTL-UHFFFAOYSA-N
22879.0,C1=CC=C2C(=C1)C(=NS2(=O)=O)[O-].C1=CC=C2C(=C1)C(=NS2(=O)=O)[O-].O.[Ca+2],MQRKKLAGBPVXCD-UHFFFAOYSA-L
61341.0,C1=CC=C2C(=C1)C=C(O2)C=O,ADDZHRRCUWNSCS-UHFFFAOYSA-N
17159.0,COC(=O)C1=CC(=C(C=C1)C(=O)OC)C(=O)OC,MJHNUUNSCNRGJE-UHFFFAOYSA-N
85576.0,CCCCCCCCOCCC#N,JUBCYGQFVNMTIM-UHFFFAOYSA-N
31294.0,C(=O)(N)N.OO,AQLJVWUFPCUVLO-UHFFFAOYSA-N
30771.0,CC(=O)OCCC1CCCCC1,NOTFZGFABLVTIG-UHFFFAOYSA-N
20739.0,CC(C)C1CCC(CC1)O,DKKRDMLKVSKFMJ-UHFFFAOYSA-N
5320128.0,CC(=CCC/C(=C\CCC(C)(C=C)O)/C)C,FQTLCLSUCSAZDY-KAMYIIQDSA-N
95392.0,CCOC(=O)CC1(OCC(O1)C)C,GSIXJEIRJVOUFB-UHFFFAOYSA-N
576026.0,CC(C)CC=C(C=O)C1=CC=CC=C1,YURDCJXYOLERLO-UHFFFAOYSA-N
5362564.0,CCC(C)C1N=C(C(S1)C)C,FLBOQJFNAYJWIA-UHFFFAOYSA-N
27941.0,CCC(C)(C)C1CCC(=O)CC1,DCSKAMGZSIRJAQ-UHFFFAOYSA-N
7193.0,CC(C)CCOC(=O)C1=CC=CC=C1,MLLAPOCBLWUFAP-UHFFFAOYSA-N
62583.0,CCCCC1CCCCC(=O)O1,YKVIWISPFDZYOW-UHFFFAOYSA-N
5365976.0,CC1=CCCC(C1/C=C/C(=O)CCC=C)(C)C,FXCYGAGBPZQRJE-ZHACJKMWSA-N
202877.0,[N+](=O)([O-])[O-].[N+](=O)([O-])[O-].O.O.O.O.O.O.[Mg+2],MFUVDXOKPBAHMC-UHFFFAOYSA-N
10409.0,C1CCCCCCCC(=O)CCCCCC1,OSOIQJGOYGSIMF-UHFFFAOYSA-N
65478.0,C[C@H]1C[C@H]2[C@@H]3CCC4=CC(=O)C=C[C@@]4([C@]3([C@H](C[C@@]2([C@]1(C(=O)COP(=O)([O-])[O-])O)C)O)F)C.[Na+].[Na+],PLCQGRYPOISRTQ-LWCNAHDDSA-L
5281056.0,CC(C)(C)NC[C@@H](COC1=NSN=C1N2CCOCC2)O.C(=C\C(=O)O)\C(=O)O,WLRMANUAADYWEA-NWASOUNVSA-N
98615047.0,CC1(CCC(=O)[C@H]2[C@@]13CC[C@H](C3)C2(C)C)C,VCOCESNMLNDPLX-HCKVZZMMSA-N
76476.0,CO[Si](CCCNC1=CC=CC=C1)(OC)OC,KBJFYLLAMSZSOG-UHFFFAOYSA-N
86211.0,CC(C)C1CCC(C1(CN2C=NC=N2)O)CC3=CC=C(C=C3)Cl,QTYCMDBMOLSEAM-UHFFFAOYSA-N
66760.0,C1=CC2=NNN=C2C=C1Cl,PZBQVZFITSVHAW-UHFFFAOYSA-N
67535.0,CC(C)N1C(=O)C2=CC=CC=C2C1=O,VPLDXHDOGVIETL-UHFFFAOYSA-N
5362833.0,CC/C=C\CC/C=C/CO,AMXYRHBJZOVHOL-ODYTWBPASA-N
10931.0,CC(=CC(=O)O)C,YYPNJNDODFVZLE-UHFFFAOYSA-N
6019.0,CC1=NC=C(C(=C1O)CO)CO.Cl,ZUFQODAHGAHPFQ-UHFFFAOYSA-N
18783.0,CCCCCCCCCCCC(=O)N(CC)CC,CWNSVVHTTQBGQB-UHFFFAOYSA-N
23347.0,C1=CSC(=C1)SSC2=CC=CS2,YOLFWWMPGNMXFI-UHFFFAOYSA-N
2758577.0,CO[SiH](C)C,VJOOEHFQQLYDJI-UHFFFAOYSA-N
16682953.0,CC(=O)O[Pb](C1=CC=CC=C1)(C2=CC=CC=C2)C3=CC=CC=C3,UXLLXTLQVAJJIB-UHFFFAOYSA-M
8712.0,CC1=CC=CC=C1S,LXUNZSDDXMPKLP-UHFFFAOYSA-N
70151.0,C1CCN(CC1)CN2CCCCC2,LRKYLKBLUJXTFL-UHFFFAOYSA-N
31224.0,C1=CC=C(C=C1)C=CCOC(=O)C=CC2=CC=CC=C2,NQBWNECTZUOWID-UHFFFAOYSA-N
61660.0,CC(=O)SCC1=CC=CO1,LQOUTUIIYXYBQW-UHFFFAOYSA-N
23679004.0,CC(C)(CO)[C@H](C(=O)NCCC(=O)[O-])O.[Na+],GQTHJBOWLPZUOI-FJXQXJEOSA-M
8835.0,CCCC(=O)OCCC(C)CCC=C(C)C,XQPZQXTWYZAXAK-UHFFFAOYSA-N
42504.0,CC1=C(C(=CC=C1)C)N(C(C)C(=O)OC)C(=O)C2=CC=CO2,CIEXPHRYOLIQQD-UHFFFAOYSA-N
90818.0,CCCCCCCCCCC=CC#N,WKSPQBFDRTUGEF-UHFFFAOYSA-N
16872.0,CCCCCCOC(=O)C(C)C,CYHBDKTZDLSRMY-UHFFFAOYSA-N
5367785.0,C/C=C(\C)/C(=O)OC/C=C(\C)/CCC=C(C)C,OGHBUHJLMHQMHS-KRDNBFTESA-N
31211.0,CC(=O)CCC1=CC(=C(C=C1)O)OC,OJYLAHXKWMRDGS-UHFFFAOYSA-N
7707.0,C1=CC=C(C=C1)CCC=O,YGCZTXZTJXYWCO-UHFFFAOYSA-N
560105.0,CC(C)CCCCCOC(=O)CCCOC1=C(C=C(C=C1)Cl)Cl,RKZULGKMTDEQNJ-UHFFFAOYSA-N
520148.0,CCC(C)C(=O)OCCC1=CC=CC=C1,KVKKTLBBYFABAZ-UHFFFAOYSA-N
62835.0,CC1C(=C(C(=O)O1)O)C,UNYNVICDCJHOPO-UHFFFAOYSA-N
60196432.0,O.O.Cl[In](Cl)Cl,CDMSGDWIWMVTBA-UHFFFAOYSA-K
43598.0,CCCC(=O)C(CC)SC1=C(OC=C1)C,GFRRQSASJZMMJC-UHFFFAOYSA-N
8405.0,C1=CC=C2C=NC=CC2=C1,AWJUIBRHMBBTKR-UHFFFAOYSA-N
7651.0,CC(C)CC(=O)OCC1=CC=CC=C1,HVJKZICIMIWFCP-UHFFFAOYSA-N
12366.0,CCCCCCCCCCCCCCCC(=O)OCC,XIRNKXNNONJFQO-UHFFFAOYSA-N
66678.0,CC1=CC2=C(C=C1)NCCC2,XOKMRXSMOHCNIX-UHFFFAOYSA-N
9578.0,C1(=C(C(=C(C(=C1F)F)Br)F)F)F,XEKTVXADUPBFOA-UHFFFAOYSA-N
62923.0,CN(C)CC(C1=CC=C(C=C1)OC)C2(CCCCC2)O.Cl,QYRYFNHXARDNFZ-UHFFFAOYSA-N
517232.0,C(=O)(N)[O-].[NH4+],BVCZEBOGSOYJJT-UHFFFAOYSA-N
121639.0,CC(=O)OCCN(CCOC(=O)C)C1=CC=C(C=C1)N=NC2=C(C=C(C=C2)[N+](=O)[O-])C#N,GRMDKKJYMUDEJO-UHFFFAOYSA-N
75538.0,CCCCCCCCNC,SEGJNMCIMOLEDM-UHFFFAOYSA-N
137829.0,CC(C1CCCCC1)O,JMSUNAQVHOHLMX-UHFFFAOYSA-N
92938.0,CC(CCC(=O)O)(C#N)N=NC(C)(CCC(=O)O)C#N,VFXXTYGQYWRHJP-UHFFFAOYSA-N
23666110.0,C1=CC(=C(C=C1OC2=C(C=C(C=C2I)C[C@@H](C(=O)[O-])N)I)I)O.[Na+],SBXXSUDPJJJJLC-YDALLXLXSA-M
6873.0,CC(C)COC(=O)C1=CC=CC=C1O,PTXDBYSCVQQBNF-UHFFFAOYSA-N
21096.0,C1CC(CC=C1)C2=CC=CC=C2,XWCWNUSFQVJNDI-UHFFFAOYSA-N
10976.0,CCCCCC(C)O,CETWDUZRCINIHU-UHFFFAOYSA-N
94398.0,C1=C(C(=C(C(=C1[N+](=O)[O-])Cl)[N+](=O)[O-])Cl)C(F)(F)F,DPQYRXNRGNLPFC-UHFFFAOYSA-N
179.0,CC(C(=O)C)O,ROWKJAVDOGWPAT-UHFFFAOYSA-N
74695.0,C1=CC(=C(C(=C1)F)C#N)F,BNBRIFIJRKJGEI-UHFFFAOYSA-N
76464.0,CC1(COP(OC1)OC2=CC=CC=C2)C,JSVDMQKVGLGYCM-UHFFFAOYSA-N
13736807.0,COC(C1=CC=CC=C1)O,JWCKCCMWAGPCHA-UHFFFAOYSA-N
32065.0,CC1CCC2=NC=CN=C12,YZEFQPIMXZVPKP-UHFFFAOYSA-N
6426889.0,[O-]Cl(=O)=O.[K+],INTFWKDVEHLIFT-UHFFFAOYSA-N
9895.0,CC1=C(C(CCC1)(C)C)C=O,MOQGCGNUWBPGTQ-UHFFFAOYSA-N
306049.0,CC(C)(C)C(=O)C=CC1=CC=C(C=C1)Cl,LXJZYHPGRKBVGF-UHFFFAOYSA-N
60196433.0,C[C@]12CC[C@](C[C@H]1C3=CC(=O)[C@@H]4[C@]5(CC[C@@H](C([C@@H]5CC[C@]4([C@@]3(CC2)C)C)(C)C)O[C@@H]6[C@@H]([C@H]([C@@H]([C@H](O6)C(=O)O)O)O)O[C@H]7[C@@H]([C@H]([C@@H]([C@H](O7)C(=O)[O-])O)O)O)C)(C)C(=O)O.[NH4+].O.O.O,RSPXVECNDMCBGQ-YMYWBCTMSA-N
61384.0,CCCCCC(=O)OCCC1=CC=CC=C1,BUYNWUMUDHPPDS-UHFFFAOYSA-N
17258.0,CCCCCCCCOC(=O)C=C,ANISOHQJBAQUQP-UHFFFAOYSA-N
6553885.0,C[C@@H]1CC[C@H]([C@H](C1)O)C(=C)C,ZYTMANIQRDEHIO-UTLUCORTSA-N
10470544.0,CC(C)CCCCCCC1=CC=C(C=C1)OCCOCCO,RXXPAEGIPXPLPB-UHFFFAOYSA-N
162268.0,C1CCCCCC(=O)CCCC=CCCCC1,ABRIMXGLNHCLIP-UHFFFAOYSA-N
7531.0,CC(C)(CC1=CC=CC=C1)O,RIWRBSMFKVOJMN-UHFFFAOYSA-N
519907.0,CSC1=NC=CN=C1,KBPBOWBQRUXMFV-UHFFFAOYSA-N
61054.0,COC1=CC=C(C=C1)COC=O,XPDORSROGAZEGY-UHFFFAOYSA-N
8918.0,CCCCCCCCCOC(=O)C,GJQIMXVRFNLMTB-UHFFFAOYSA-N
25612.0,C=CCCCCCCCCO,QGFSQVPRCWJZQK-UHFFFAOYSA-N
5354280.0,CCOC1=C(C=C(C=C1)/C=C/C)O,RADIRXJQODWKGQ-HWKANZROSA-N
8863.0,CC(CCCC(C)(C)O)CC(OC)OC,QCJVKUULZGKQDG-UHFFFAOYSA-N
4564493.0,CC1=C(C(=O)CO1)O,DLVYTANECMRFGX-UHFFFAOYSA-N
539829.0,CC(C)C(=O)OC1=C(C=C(C=C1)C=O)OC,BGKAKRUFBSTALK-UHFFFAOYSA-N
104840.0,C1CO1.C(C(CO)O)O,QUANRIQJNFHVEU-UHFFFAOYSA-N
929262.0,C[C@]12CCCC([C@@H]1CC[C@@]3([C@@H]2CC(=O)O3)C)(C)C,IMKJGXCIJJXALX-SHUKQUCYSA-N
5282109.0,CC(=CCC/C(=C/COC=O)/C)C,FQMZVFJYMPNUCT-YRNVUSSQSA-N
31286.0,CCCCCCCC#N,YSIMAPNUZAVQER-UHFFFAOYSA-N
7439.0,CC1=CCC(CC1=O)C(=C)C,ULDHMXUKGWMISQ-UHFFFAOYSA-N
641256.0,C/C=C/C=C/CO,MEIRRNXMZYDVDW-MQQKCMAXSA-N
10140.0,C[C@H](CCC(=O)NCC(=O)O)[C@H]1CC[C@@H]2[C@@]1([C@H](C[C@H]3[C@H]2[C@@H](C[C@H]4[C@@]3(CC[C@H](C4)O)C)O)O)C,RFDAIACWWDREDC-FRVQLJSFSA-N
7460.0,CC1=CCC(C=C1)C(C)C,OGLDWXZKYODSOB-UHFFFAOYSA-N
76674.0,CC1=CC(=CC(=C1)OC)O,NOTCZLKDULMKBR-UHFFFAOYSA-N
12570.0,CCCC1=CC=CC=C1O,LCHYEKKJCUJAKN-UHFFFAOYSA-N
90592.0,CC=C(C)C(=O)OCCC(C)CCC=C(C)C,UCFQYMKLDPWFHZ-UHFFFAOYSA-N
61417.0,CCC(=O)OCC1=CC=C(C=C1)OC,YWIJRJQYADFRTL-UHFFFAOYSA-N
234237.0,CCCCCCC(CCOC(=O)C)O,RTYFAKSWXDNPPU-UHFFFAOYSA-N
23173.0,C1CCCCCOCCCCOC(=O)CCCC1,MRMOPGVGWFNHIN-UHFFFAOYSA-N
31223.0,CC(C)COC(=O)C=CC1=CC=CC=C1,IQZUZPKOFSOVET-UHFFFAOYSA-N
86015.0,CC=CC=CCOC(=O)C(C)C,CVYBRMSQMLJGOI-UHFFFAOYSA-N
61631.0,CCCCCC=CCC(=O)OC,MTDCXFZGUVZRSQ-UHFFFAOYSA-N
62217.0,C1=CC=C2C=C(C=CC2=C1)OC(=O)C3=CC=CC=C3N,YJFCKXVXEKHSEC-UHFFFAOYSA-N
61027.0,CCCCOC(=O)CCCCCCCCC=C,GRAORJFMGCQWRN-UHFFFAOYSA-N
16678.0,CC1=C(C(=CC=C1)C(C)(C)C)O,BKZXZGWHTRCFPX-UHFFFAOYSA-N
21619272.0,CC(=O)OC1=C(C=C(C=C1)[N+](=O)[O-])CCl,XLEUIPVVUKAVGL-UHFFFAOYSA-N
61634.0,CC1CC(C(=O)C1=O)C,MIDXCONKKJTLDX-UHFFFAOYSA-N
62539.0,CCC(=O)C(=O)CC,KVFQMAZOBTXCAZ-UHFFFAOYSA-N
520888.0,CC1=C(SC(=N1)C)C(=O)C,BLQOKWQUTLNKON-UHFFFAOYSA-N
14235.0,CC(=O)OC(C)(C)CCCC(=C)C=C,DCXXKSXLKWAZNO-UHFFFAOYSA-N
7704.0,CCCCC1CCC(=O)O1,IPBFYZQJXZJBFQ-UHFFFAOYSA-N
33960.0,CCCCCC1=CC=CC(=O)O1,MAUFTTLGOUBZNA-UHFFFAOYSA-N
107217.0,CC(=O)OC1C(C2CCC1(C2)C)(C)C,JUWUWIGZUVEFQB-UHFFFAOYSA-N
8167.0,CCCCCCCCCCOC(=O)C,NUPSHWCALHZGOV-UHFFFAOYSA-N
15461361.0,CC/C=C\CCOC(=O)/C(=C/C)/C,JNWQKXUWZWKUAY-JQEGGOPCSA-N
22873.0,CCCCCCOC(=O)CCCCC,NCDCLPBOMHPFCV-UHFFFAOYSA-N
14104.0,CC1=CC(=C(C=C1)C(C)C)OC,LSQXNMXDFRRDSJ-UHFFFAOYSA-N
5355130.0,CCCCC(CC)COC(=O)/C=C/C1=CC=C(C=C1)OC,YBGZDTIWKVFICR-JLHYYAGUSA-N
75282.0,C=CC(=O)OCCOC(=O)C=C,KUDUQBURMYMBIJ-UHFFFAOYSA-N
14228.0,CCCCCCCC(=O)OCCCCCC,PBGWNXWNCSSXCO-UHFFFAOYSA-N
61982.0,CC1CCC(C(=O)C1)C(C)(C)S,RVOKNSFEAOYULQ-UHFFFAOYSA-N
26289.0,CC(C)C1=CC=C(C=C1)C#N,YFDJCWXBKWRDPW-UHFFFAOYSA-N
13233.0,CC1(SC(SC(S1)(C)C)(C)C)C,NBNWHQAWKFYFKI-UHFFFAOYSA-N
5368076.0,CCCCCC/C=C/C(=O)OC,ZWNPUELCBZVMDA-CMDGGOBGSA-N
1550823.0,C[C@H]1C[C@H](CC(C1)(C)C)O,BRRVXFOKWJKTGG-JGVFFNPUSA-N
74887.0,C(CI)C(C(C(C(F)(F)F)(F)F)(F)F)(F)F,CXHFIVFPHDGZIS-UHFFFAOYSA-N
16212386.0,C=O.C1=CC=C(C=C1)N=C=O,JTEOXXUIKUHXLD-UHFFFAOYSA-N
31226.0,CC(=O)OCCCC1=CC=CC=C1,JRJGKUTZNBZHNK-UHFFFAOYSA-N
31251.0,CCCCCCCCC(=O)OCC,BYEVBITUADOIGY-UHFFFAOYSA-N
526624.0,CC1=C(C=CO1)SSC2=C(OC=C2)C,OHDFENKFSKIFBJ-UHFFFAOYSA-N
61098.0,CCC(=O)OC(C)(CCC=C(C)C)C=C,WAQIIHCCEMGYKP-UHFFFAOYSA-N
76152.0,CC1=NC=CN=C1SC,PPPFFGVGWFKTHX-UHFFFAOYSA-N
36822.0,C1CCC2=NC=CN=C2C1,XCZPDOCRSYZOBI-UHFFFAOYSA-N
15420.0,CCCCC1=CC=C(C=C1)O,CYYZDBDROVLTJU-UHFFFAOYSA-N
75547.0,C1C2=CC=CC=C2C3=C1C=C(C=C3)O,ZDOIAPGLORMKTR-UHFFFAOYSA-N
23675339.0,CC1=NN(C(=O)C1N=NC2=CC=CC=C2)C3=CC=C(C=C3)S(=O)(=O)[O-].[Na+],UDTJJVCMRRCRDB-UHFFFAOYSA-M
62161.0,CC(=CCCC(=C)C=C)CCC=C(C)C=O,NOPLRNXKHZRXHT-UHFFFAOYSA-N
7007.0,CC(=O)OC(C1=CC=CC=C1)C(Cl)(Cl)Cl,JKRWZLOCPLZZEI-UHFFFAOYSA-N
24838.0,CCCCCCOC(=O)C(C)CC,YUECNVSODFDKOQ-UHFFFAOYSA-N
18522.0,CC1C(=O)CCO1,FCWYQRVIQDNGBI-UHFFFAOYSA-N
3354132.0,CC1=C(C(=O)C=CO1)OC(=O)C(C)C,VSBHYRPUJHEOBE-UHFFFAOYSA-N
5352837.0,CC/C=C\CCCCO,VDHRTASWKDTLER-ARJAWSKDSA-N
8380.0,CCCCCCCCCCOC(=O)C1=CC=CC=C1C(=O)OCCCCCCCC,LVAGMBHLXLZJKZ-UHFFFAOYSA-N
15037.0,C1=CN(C=C1)CC2=CC=CO2,BTBFUBUCCJKJOZ-UHFFFAOYSA-N
7658.0,CCCC(=O)OCCC1=CC=CC=C1,WFNDDSQUKATKNX-UHFFFAOYSA-N
18669.0,CCCCCCCCCCCC[N+](C)(C)CCCCCCCCCCCC.[Br-],XRWMGCFJVKDVMD-UHFFFAOYSA-M
62351.0,CSCCCN=C=S,LDKSCZJUIURGMW-UHFFFAOYSA-N
12566.0,CC1=CC=C(C=C1)C2=CC=CC=C2,ZZLCFHIKESPLTH-UHFFFAOYSA-N
16971.0,COC1=CC(=CC=C1)Br,PLDWAJLZAAHOGG-UHFFFAOYSA-N
27457.0,CCC1=NC=CN=C1C,LNIMMWYNSBZESE-UHFFFAOYSA-N
8159.0,CCCCCCCOC(=O)C,ZCZSIDMEHXZRLG-UHFFFAOYSA-N
69091.0,CC1=CC=C(C=C1)OC(=O)C2=CC=CC=C2O,AMYKXJAXRJCLCV-UHFFFAOYSA-N
16821.0,CCCCCCCCC1CCC(=O)O1,WGPCZPLRVAWXPW-UHFFFAOYSA-N
4420067.0,CCCCCCCCCCCSCC(=O)O,CZSSKBQAJULWPY-UHFFFAOYSA-N
13132266.0,CCCCCCCCCCCCCCCCCC(=O)OCC(CC)CCCC,OPJWPPVYCOPDCM-UHFFFAOYSA-N
61031.0,CCCCCCCCCC(C)C=O,NFAVNWJJYQAGNB-UHFFFAOYSA-N
7984.0,C1CCCCCCCC(=O)OCCCCCCC1,LOKPJYNMYCVCRM-UHFFFAOYSA-N
7194.0,C1=CC=C(C=C1)CCOC(=O)C2=CC=CC=C2,OSORMYZMWHVFOZ-UHFFFAOYSA-N
16760703.0,CCCC(CCC)C(=O)[O-].[Na+],AEQFSUDEHCCHBT-UHFFFAOYSA-M
7921.0,CC1CCC(=O)O1,GAEKPEKOJKCEMS-UHFFFAOYSA-N
543323.0,CC(CCCC(=C)C)CCO,JGQFVRIQXUFPAH-UHFFFAOYSA-N
5352543.0,CCCCCC(=O)OCC/C=C\CC,RGACQXBDYBCJCY-ALCCZGGFSA-N
96509.0,C1CC2C(C1)C3CC2CC3=O,OMIDXVJKZCPKEI-UHFFFAOYSA-N
61209.0,CC1CCC(=O)C1=O,OACYKCIZDVVNJL-UHFFFAOYSA-N
5352539.0,CC/C=C\CCOC(=O)C(C)C,OSMAJVWUIUORGC-WAYWQWQTSA-N
7632.0,CC(C)(CCC1=CC=CC=C1)O,YXVSKJDFNJFXAJ-UHFFFAOYSA-N
26049.0,CC1=CCC2C(C1)C2(C)C,BQOFWKZOCNGFEC-UHFFFAOYSA-N
7659.0,C1=CC=C(C=C1)CCOC(=O)C=CC2=CC=CC=C2,MJQVZIANGRDJBT-UHFFFAOYSA-N
4047281.0,CCOC(=O)COC1=CC=C(C=C1)C,UMNOIMVMNARUSB-UHFFFAOYSA-N
6533.0,CC(=CCCC(C)(C=C)OC(=O)C=CC1=CC=CC=C1)C,DPFUEXLIKDHJNB-UHFFFAOYSA-N
61663.0,CC1=CC=C(S1)C=O,VAUMDUIUEPIGHM-UHFFFAOYSA-N
15512.0,C1CC(CC=C1)CO,VEIYJWQZNGASMA-UHFFFAOYSA-N
7649.0,CCOC(=O)C=CC1=CC=CC=C1,KBEBGUQPQBELIU-UHFFFAOYSA-N
74879.0,CC1=CC(=CC(=C1C(=O)C)C)C(C)(C)C,JNHLHPMTMTYLCP-UHFFFAOYSA-N
20653.0,CCCCC(C)C(=O)O,CVKMFSAVYPAZTQ-UHFFFAOYSA-N
12580.0,CCCC1=CC=C(C=C1)O,KLSLBUSXWBJMEC-UHFFFAOYSA-N
62092.0,CC1=CC=C(C=C1)OC(=O)CC(C)C,MVDPTWHTUYDLTL-UHFFFAOYSA-N
91333.0,C(CO)N(CCO)C=O,AGQSGSYOSSBGLI-UHFFFAOYSA-N
31255.0,C[N+](C)(C)CCO.[OH-],KIZQNNOULOCVDM-UHFFFAOYSA-M
250096.0,C/C=C(\C)/C(=O)OCC1=CC=CC=C1,QRGSTISKDZCDHV-XCVCLJGOSA-N
61290.0,CC(CCC=C(C)C)CC(=O)OC,ZFLPOPCZMXGUOJ-UHFFFAOYSA-N
169794.0,CC(C)CCCCCCCOC(=O)C1=CC(=C(C=C1)C(=O)OCCCCCCCC(C)C)C(=O)OCCCCCCCC(C)C,FJFYFBRNDHRTHL-UHFFFAOYSA-N
75588.0,C=CC(=O)OCCCCO,NDWUBGAGUCISDV-UHFFFAOYSA-N
2723891.0,C(CC(=O)O)[C@@H](C(=O)O)N.Cl,RPAJSBKBKSSMLJ-DFWYDOINSA-N
76497.0,CC1=CC=C(C=C1)N(CCO)CCO,JUVSRZCUMWZBFK-UHFFFAOYSA-N
114994.0,CC(C)(C)N(C(=O)C1=CC=CC=C1)NC(=O)C2=CC=C(C=C2)Cl,CNKHSLKYRMDDNQ-UHFFFAOYSA-N
8175.0,CCCCCCCCCC=O,KSMVZQYAVGTKIV-UHFFFAOYSA-N
62661.0,CC(C)CC(CC1=CC=CC=C1)O,IUADYGVMSDKSMB-UHFFFAOYSA-N
62098.0,CC(=O)CCC1=CC2=C(C=C1)OCO2,TZJLGGWGVLADDN-UHFFFAOYSA-N
4678.0,CC(C)(CO)C(C(=O)NCCCO)O,SNPLKNRPJHDVJA-UHFFFAOYSA-N
62467.0,CCO[Si](C)(CCCOCC1CO1)OCC,OTARVPUIYXHRRB-UHFFFAOYSA-N
12338093.0,C1(=O)C(=O)NC(=O)NC1=O.O.O.O.O,JJROYYCRHFNFNC-UHFFFAOYSA-N
5367706.0,CC/C=C\CCOC(=O)C1=CC=CC=C1,BCOXBEHFBZOJJZ-ARJAWSKDSA-N
38854.0,CC1=NN=C(C(=O)N1N)C2=CC=CC=C2,VHCNQEUWZYOAEV-UHFFFAOYSA-N
519382.0,CC1=C(C(CCC1)(C)C)CCC(=O)C,QJJDNZGPQDGNDX-UHFFFAOYSA-N
117822.0,CC(=O)CC(=O)NC1=CC2=C(C=C1)NC(=O)N2,VEMDQCGHZNXORX-UHFFFAOYSA-N
31353.0,CC(=CCCC(C)(C=C)OC(=O)C1=CC=CC=C1)C,BTJXBZZBBNNTOV-UHFFFAOYSA-N
69885.0,CC(=O)C1=CC2=C(CCCC2)C=C1,VEPUKHYQNXSSKV-UHFFFAOYSA-N
167312527.0,[Co].[Co].[Co].[Co].[Co].[Co].[Co].[Co].[Co].[Co].[Co].[Co].[Co].[Co].[Co].[Co].[Co].[Co],YBGRQIPXAOGIJC-UHFFFAOYSA-N
39801.0,CC(=O)OCCCCCCCCC=C,PIQXMYAEJSMANF-UHFFFAOYSA-N
61051.0,C1=CC=C(C=C1)CCCOC(=O)C=CC2=CC=CC=C2,LYRAHIUDQRJGGZ-UHFFFAOYSA-N
87146.0,CC1=C(C=C(C=C1)NC(=O)N(C)C)NC(=O)N(C)C,KDQTUCKOAOGTLT-UHFFFAOYSA-N
10857465.0,C[C@]12CCCC([C@@H]1CC[C@@]3([C@@H]2CCO3)C)(C)C,YPZUZOLGGMJZJO-LQKXBSAESA-N
15510.0,C1CCC(C1)S,WVDYBOADDMMFIY-UHFFFAOYSA-N
7742.0,CCCC1CCC(=O)O1,VLSVVMPLPMNWBH-UHFFFAOYSA-N
92292.0,CC1C(C2=C(C1(C)C)C(=O)CCC2)(C)C,MIZGSAALSYARKU-UHFFFAOYSA-N
8834.0,CCC(=O)OCCC(C)CCC=C(C)C,POPNTVRHTZDEBW-UHFFFAOYSA-N
81784.0,CCOC(=O)C1=CC=CC=C1OC,FNODWEPAWIJGPM-UHFFFAOYSA-N
7144.0,CC1=CC(=C(C=C1)O)OC,PETRWTHZSKVLRE-UHFFFAOYSA-N
8499.0,COC1=CC=C(C=C1)C(=O)OC,DDIZAANNODHTRB-UHFFFAOYSA-N
120101.0,CC1=CC2=C(C=C1)OCC(=O)CO2,SWUIQEBPZIHZQS-UHFFFAOYSA-N
12150.0,CCOC1=CC=C(C=C1)O,LKVFCSWBKOVHAH-UHFFFAOYSA-N
5357002.0,C/C=C(\C)/C(=O)OCCC1=CC=CC=C1,KVMWYGAYARXPOL-QDEBKDIKSA-N
638500.0,CC(=CCC/C(=C/CC/C(=C/COC(=O)C)/C)/C)C,ZGIGZINMAOQWLX-NCZFFCEISA-N
9571016.0,C1=CC(=CC=C1N/C(=N/C(=NCCCCCCN=C(/N=C(/NC2=CC=C(C=C2)Cl)\N)N)N)/N)Cl.Cl.Cl,WJLVQTJZDCGNJN-UHFFFAOYSA-N
164512.0,CC1=CC(=C(C(=C1)C)C(=O)P(=O)(C2=CC=CC=C2)C(=O)C3=C(C=C(C=C3C)C)C)C,GUCYFKSBFREPBC-UHFFFAOYSA-N
61945.0,C1=CN=C(C=N1)CCS,QKVWBAMZPUHCMO-UHFFFAOYSA-N
5366352.0,CC/C=C\CCOC(C)OCC,PAEBAEDUARAOSG-SREVYHEPSA-N
54692981.0,CCC(C)[O-].CCC(C)[O-].CCOC(=O)/C=C(/C)\[O-].[Al+3],FNZMQCYGPHUYMI-OAWHIZORSA-M
10402.0,CC(CCC=C(C)C)CC(=O)O,GJWSUKYXUMVMGX-UHFFFAOYSA-N
134976.0,CC(C)(C)OC(=O)C1=CC=CC=C1C(=O)O,PBUQZKXKYSAJDO-UHFFFAOYSA-N
62441.0,CCCCCCCCCCCC(=O)O.C(CO)N(CCO)CCO,WLMZUANPXHJWCH-UHFFFAOYSA-N
97004.0,COP(=O)(O)OP(=O)(O)OC,BPNLLIHZSAFABG-UHFFFAOYSA-N
7663.0,CC(C)C(=O)OCC=CC1=CC=CC=C1,KLKQSZIWHVEARN-UHFFFAOYSA-N
162222.0,CC1=CC=C(C=C1)O.CC(=C)C.C1C=CC2C1C3CC2C=C3,UQQYHXZNSYZMEN-UHFFFAOYSA-N
21265.0,CC(=CCOC(=O)C1=CC=CC=C1)C,INVWRXWYYVMFQC-UHFFFAOYSA-N
62336.0,CC(C1=CC=CC=C1)C(OC)OC,UFOUDYPOSJJEDJ-UHFFFAOYSA-N
70917.0,CC(=CCCC(=CC(=O)OC)C)C,ACOBBFVLNKYODD-UHFFFAOYSA-N
9989.0,CC(=CCCC(=CC(=O)O)C)C,ZHYZQXUYZJNEHD-UHFFFAOYSA-N
34286.0,CC1=C(C=CO1)S,RUYNUXHHUVUINQ-UHFFFAOYSA-N
61346.0,CCCCCC(=O)C=C,KLTVSWGXIAYTHO-UHFFFAOYSA-N
67285.0,CC(C)C1=CC2=C(C=C1)N=CC=C2,NKCQEIXYLHACJC-UHFFFAOYSA-N
62902.0,CCCC(C)C(=O)OCC,HZPKNSYIDSNZKW-UHFFFAOYSA-N
657220.0,CC/C(=C(/CC)\C1=CC=C(C=C1)OC(=O)CC)/C2=CC=C(C=C2)OC(=O)CC,VZMLEMYJUIIHNF-QURGRASLSA-N
75360.0,C1=CC(=CC(=C1)C(F)(F)F)CC#N,JOIYKSLWXLFGGR-UHFFFAOYSA-N
17181.0,C[Si](C)(CCCN)O[Si](C)(C)CCCN,GPXCORHXFPYJEH-UHFFFAOYSA-N
12769.0,CC1=CC(=C(C(=C1)O)C)C,OGRAOKJKVGDSFR-UHFFFAOYSA-N
521196.0,CCCCC(=O)C=CC,FMDLEUPBHMCPQV-UHFFFAOYSA-N
31954.0,CCC(=O)OCCOC1=CC=CC=C1,FKTSMIXZGPUSJB-UHFFFAOYSA-N
79242.0,C1=CC=C(C=C1)COC(=O)NN,RXUBZLMIGSAPEJ-UHFFFAOYSA-N
3437285.0,C=COCC1CCC(CC1)COC=C,DQNSRQYYCSXZDF-UHFFFAOYSA-N
6532.0,CC(C)C(=O)OC(C)(CCC=C(C)C)C=C,JZIARAQCPRDGAC-UHFFFAOYSA-N
17739.0,CCCC1=CC(=C(C=C1)O)OC,PXIKRTCSSLJURC-UHFFFAOYSA-N
14489.0,CC(=CCOC(=O)C)C,XXIKYCPRDXIMQM-UHFFFAOYSA-N
578268.0,CC(=O)OC(C1=CC=CC=C1)OC,RWHCVQYHXAVMQT-UHFFFAOYSA-N
163263.0,C[C@]12CCCC([C@@H]1CC[C@@]([C@@H]2CC[C@](C)(C=C)O)(C)O)(C)C,XVULBTBTFGYVRC-HHUCQEJWSA-N
7016.0,C1CCC(CC1)C2CCCCC2=O,UOBQDYFTAJKQAL-UHFFFAOYSA-N
10886.0,CCCCCC(=O)OCCCCC,WRFZKAGPPQGDDQ-UHFFFAOYSA-N
12777.0,CCCC1CCCC(=O)O1,FYTRVXSHONWYNE-UHFFFAOYSA-N
3078952.0,COC1=C(C=C(C=C1)N)N.O.OS(=O)(=O)O,JAYRYWNGILOCLN-UHFFFAOYSA-N
21574.0,CC(CC=O)CC(C)(C)C,WTPYRCJDOZVZON-UHFFFAOYSA-N
122903.0,CC1=CC(=O)C(C(=O)O1)C(=O)C,PGRHXDWITVMQBC-UHFFFAOYSA-N
446155.0,CC(C)N1C2=CC=CC=C2C(=C1/C=C/[C@H](C[C@H](CC(=O)O)O)O)C3=CC=C(C=C3)F,FJLGEFLZQAZZCD-MCBHFWOFSA-N
23668197.0,[O-]Cl=O.[Na+],WEKMZMIIYLFEIJ-UHFFFAOYSA-N
13613.0,C1CCCN(CC1)N=O,UZMVSVHUTOAPTD-UHFFFAOYSA-N
12699.0,CN(C(=O)N)N=O,ZRKWMRDKSOPRRS-UHFFFAOYSA-N
62542.0,CC1=CC(=C(C=C1N=NC2=C(C3=CC=CC=C3C(=C2)S(=O)(=O)[O-])O)S(=O)(=O)[O-])C.[Na+].[Na+],ONTQJDKFANPPKK-UHFFFAOYSA-L
12001.0,CCOC(=O)N(C)N=O,CAUBWLYZCDDYEF-UHFFFAOYSA-N
11769.0,C1CC2=CC=C(C3=CC=CC1=C23)[N+](=O)[O-],CUARLQDWYSRQDF-UHFFFAOYSA-N
15098.0,CCCC[Sn](CCCC)(CCCC)CCCC,AFCAKJKUYFLYFK-UHFFFAOYSA-N
24842.0,NN.OS(=O)(=O)O,ZGCHATBSUIJLRL-UHFFFAOYSA-N
12388.0,CCCCCCCCCCCCC,IIYFAKIEWZDVMP-UHFFFAOYSA-N
14260.0,CCCCCCCCCCCCC=C,HFDVRLIODXPAHB-UHFFFAOYSA-N
12573.0,C1=CC=C(C=C1)P(Cl)Cl,IMDXZWRLUZPMDH-UHFFFAOYSA-N
8168.0,CCCCCCCCCCCCN(C)C,YWFWDNVOPHGWMX-UHFFFAOYSA-N
8777.0,CCCCCCCCCCCCOS(=O)(=O)O.C(CO)N(CCO)CCO,JZKFHQMONDVVNF-UHFFFAOYSA-N
5281226.0,C/C(=C\C=C\C=C(/C)\C=C\C=C(\C)/C=C/C(=O)OC)/C=C/C=C(\C)/C=C/C(=O)O,RAFGELQLHMBRHD-SLEZCNMESA-N
15619088.0,C1=CC=C(C=C1)S(=O)(=O)O.O,MVIOINXPSFUJEN-UHFFFAOYSA-N
23669619.0,CCCCC(CC)C(=O)[O-].[K+],ZUFQCVZBBNZMKD-UHFFFAOYSA-M
6777.0,C1CCC(CC1)OC(=O)C2=CC=CC=C2C(=O)OC3CCCCC3,VOWAEIGWURALJQ-UHFFFAOYSA-N
12582.0,CCCC=C(CC)C=O,PYLMCYQHBRSDND-UHFFFAOYSA-N
5281875.0,CC1(CN=C(NC1)NN=C(/C=C/C2=CC=C(C=C2)C(F)(F)F)/C=C/C3=CC=C(C=C3)C(F)(F)F)C,IQVNEKKDSLOHHK-FNCQTZNRSA-N
10913.0,C[Si]1(O[Si](O[Si](O[Si](O[Si](O1)(C)C)(C)C)(C)C)(C)C)C,XMSXQFUHVRWGNA-UHFFFAOYSA-N
11855.0,C1=C(C(=C(C(=C1Cl)Cl)Cl)Cl)Cl,CEOCDNVZRAIOQZ-UHFFFAOYSA-N
16684880.0,CCCCO[Al](OCCCC)OCCCC,MYWQGROTKMBNKN-UHFFFAOYSA-N
70400.0,B(C1=CC=CC=C1)(C2=CC=CC=C2)C3=CC=CC=C3,MXSVLWZRHLXFKH-UHFFFAOYSA-N
66688.0,C1=CC(=CC(=C1)Cl)N(CCO)CCO,MVQUJEUCFOGFJU-UHFFFAOYSA-N
10914.0,C[Si]1(O[Si](O[Si](O1)(C)C)(C)C)C,HTDJPCNNEPUOOQ-UHFFFAOYSA-N
8840.0,CCCCCCC(CCCCCCCCCCC(=O)OC)O,RVWOWEQKPMPWMQ-UHFFFAOYSA-N
11463.0,CC1=CCC(=C(C)C)CC1,MOYAFQVGZZPNRA-UHFFFAOYSA-N
77781.0,COC(=O)CCSCCC(=O)OC,MYWWWNVEZBAKHR-UHFFFAOYSA-N
12389.0,CCCCCCCCCCCCCC,BGHCVCJVXZWKCC-UHFFFAOYSA-N
14716.0,CCCCC(CC)COP(=O)(OC1=CC=CC=C1)OC2=CC=CC=C2,CGSLYBDCEGBZCG-UHFFFAOYSA-N
60196435.0,CC(=O)N1[C@@H]2[C@H]1[C@@]3([C@H](C4=C(C=C(C=C4OC)C=O)N(C2)O3)COC(=O)N)OC(=O)C,BUZDGGFWWPZBIN-MSIWLMLLSA-N
142482.0,CCCC1CCC(=O)CC1,NQEDLIZOPMNZMC-UHFFFAOYSA-N
60196436.0,CC(C)(CNC1=NC=C2C(=CC(=O)N(C2=N1)C)OC3=C(C=C(C=C3)F)F)O.Cl,NABQUWRBLWGYTM-UHFFFAOYSA-N
10068207.0,CC1=C(C2=C(O1)C(=CC=C2)NC(=O)C3=C(C=CC=C3Cl)Cl)C(C)(C)O,GCAOVMKRBUCSET-UHFFFAOYSA-N
59086459.0,CS(=O)(=O)C1=C(C=C(C=C1)[C@@H](CC2CCCC2)C(=O)NC3=NC=CN=C3)Cl,QULLOTSYPAOTIW-OAHLLOKOSA-N
69861.0,CC(C)(C)C1=CC=C(C=C1)N,WRDWWAVNELMWAM-UHFFFAOYSA-N
20352.0,CCCCOC1=CC=C(C=C1)N,UBRIHZOFEJHMIT-UHFFFAOYSA-N
6928.0,CCC1=CC(=C(C(=C1)C(C)(C)C)O)CC2=C(C(=CC(=C2)CC)C(C)(C)C)O,GPNYZBKIGXGYNU-UHFFFAOYSA-N
61040.0,CC(=CCCC(C)(C=C)OC=O)C,JZOCDHMHLGUPFI-UHFFFAOYSA-N
7233.0,CCCCCCCCC=CCCCCCCCC1=NCCN1CCO,WGTDLPBPQKAPMN-UHFFFAOYSA-N
9850056.0,CC1=CC2=C(C=C1)OC(=C2C3=CC=C(C=C3)Cl)CN(CC4=CC=CC=C4)C(=O)NC5=C(C=C(C=C5F)F)F,GJRPAGNTTAPJCC-UHFFFAOYSA-N
22697.0,CCC(=O)C1=CC=C(C=C1)Cl,ADCYRBXQAJXJTD-UHFFFAOYSA-N
62823.0,CCCCC(CC)CO[N+](=O)[O-],NKRVGWFEFKCZAP-UHFFFAOYSA-N
3420996.0,CCC(C)(C)C1CCC(CC1)OC,AJULSUVNFQEPHC-UHFFFAOYSA-N
16682834.0,CCCC[Sn](CCCC)(CCCC)OC(=O)C1=CC=CC=C1,JUEAPPHORMOWPK-UHFFFAOYSA-M
13282.0,C1=CC=C(C=C1)OP(=O)(O)OC2=CC=CC=C2,ASMQGLCHMVWBQR-UHFFFAOYSA-N
60196438.0,CC1=CC(=C(C=C1)C(=O)[N-]S(=O)(=O)/C=C/C2=CC=C(C=C2)OC)Cl.[Na+],SHOKRELNZJPTJV-RRABGKBLSA-M
14503.0,C1(=C(SSC1=O)Cl)Cl,QGSRKGWCQSATCL-UHFFFAOYSA-N
10345790.0,CN1C2=NC(=NC=C2CN(C1=O)C3=CC=CC=C3Br)NC4=CC5=C(C=C4)OC(CO5)CO,KCIDXSZMKJKCSV-UHFFFAOYSA-N
10160166.0,C1=CC(=CC(=C1)N(CC2=CN=CC=C2)C3=CC(=C(C=C3)OC(F)F)OC(F)F)C(=O)O,GLUDVMFRXKAGHO-UHFFFAOYSA-N
132932.0,COC1=CC=C(C=C1)N2C(=CC(=N2)C(F)F)C3=CC=C(C=C3)S(=O)C,JJAPPCJXQFKMJL-UHFFFAOYSA-N
34306.0,CC(C)CCCCCOC(=O)CS,RZBBHEJLECUBJT-UHFFFAOYSA-N
6440554.0,CC1([C@H]([C@H]1C(=O)O[C@H](C#N)C2=CC(=CC=C2)OC3=CC=CC=C3)/C=C(/C(F)(F)F)\Cl)C,ZXQYGBMAQZUVMI-GCMPRSNUSA-N
82227.0,CC1=CC[C@@H]2C[C@H]1C2(C)C,GRWFGVWFFZKLTI-RKDXNWHRSA-N
69144.0,CC(C)C(=O)C1=CC=CC=C1,BSMGLVDZZMBWQB-UHFFFAOYSA-N
11193251.0,CC1=C(C=CC(=C1)C(C(F)(F)F)(C(F)(F)F)F)NC(=O)C2=C(C(=CC=C2)I)C(=O)NC(C)(C)CS(=O)(=O)C,ZGNITFSDLCMLGI-UHFFFAOYSA-N
369976.0,CC(=CC[C@@H]1[C@@](O1)(C)[C@H]2[C@@H]([C@@H](CC[C@]23CO3)OC(=O)NC(=O)CCl)OC)C,MSHZHSPISPJWHW-PVDLLORBSA-N
94377.0,CCCCN(CCCC)CCCCCCN(CCCC)CCCC,UPPIBFVZIFKMFO-UHFFFAOYSA-N
524314.0,CCCCC1=CC=C(C=C1)Cl,SKNUPXIXICTRJE-UHFFFAOYSA-N
75908.0,CCCC1=CC=C(C=C1)N,OAPDPORYXWQVJE-UHFFFAOYSA-N
31218.0,CCCCC(CC)COC(=O)CCCCCCCCC(=O)OCC(CC)CCCC,VJHINFRRDQUWOJ-UHFFFAOYSA-N
11982778.0,CC1=C(C=CO1)C(=O)NC2=CC=C(C=C2)C(=O)N3C4=CC=CC=C4/C(=C/C(=O)N5CCC(CC5)N6CCCCC6)/C(CC3)(F)F.CC1=C(C=CO1)C(=O)NC2=CC=C(C=C2)C(=O)N3C4=CC=CC=C4/C(=C/C(=O)N5CCC(CC5)N6CCCCC6)/C(CC3)(F)F.C(=C/C(=O)O)\C(=O)O,BJAABGGGEMTGDF-GWYARAEGSA-N
17244.0,CCC(=O)C=CC,FEWIGMWODIRUJM-UHFFFAOYSA-N
7694.0,CCCCC1=CC=C(C=C1)N,OGIQUQKNJJTLSZ-UHFFFAOYSA-N
10194.0,CC1=CC(=C(C(=C1)C)C(=O)O)C,FFFIRKXTFQCCKJ-UHFFFAOYSA-N
44555481.0,CCCC[C@H]1CN(C(=O)OC12CCN(CC2)C3(CCN(CC3)C(=O)C4=C(N=CN=C4C)C)C)CC5CCOCC5,CXXVJZRGOOIVOD-SANMLTNESA-N
8205.0,CCCCCCCCCCCCOC(=O)C,VZWGRQBCURJOMT-UHFFFAOYSA-N
33094.0,CC1=CC=CC=C1C(=O)OC,WVWZECQNFWFVFW-UHFFFAOYSA-N
7985.0,CCCCCCOC(=O)CCCCCCCC(=O)OCCCCCC,MJOKHGMXPJXFTG-UHFFFAOYSA-N
2757748.0,CCCCCC1=CC=C(C=C1)Cl,GPRIKJSAAYMDPC-UHFFFAOYSA-N
10159191.0,CC(C)(C)C1=CSC(=N1)C2=CC3=C(O2)C=CC(=C3)OCC4=CC=CC=C4CC(=O)O,PSILZZNMGXTOOP-UHFFFAOYSA-N
5364420.0,CCCCCCCC/C=C\CCCCCCCC(=O)OCCO,MUHFRORXWCGZGE-KTKRTIGZSA-N
66743.0,CCOC(=O)C1=CC=C(C=C1)C,NWPWRAWAUYIELB-UHFFFAOYSA-N
38360.0,CCCCCCOC1=CC=C(C=C1)N,DJRKHTCUXRGYEU-UHFFFAOYSA-N
61282.0,CC(C)SCC1=CC=CO1,WCHRNAKORAINOJ-UHFFFAOYSA-N
65552.0,C1=C(C=C(C(=C1I)OC2=CC(=C(C(=C2)I)O)I)I)CC(=O)O,PPJYSSNKSXAVDB-UHFFFAOYSA-N
12056760.0,CN1C(=NN(C1=O)C(=O)[N-]S(=O)(=O)C2=CC=CC=C2OC(F)(F)F)OC.[Na+],UOUXAYAIONPXDH-UHFFFAOYSA-M
15406.0,CC1(C2CCC(C2)(C1O)C)C,IAIHUHQCLTYTSF-UHFFFAOYSA-N
60196440.0,C1CCCN(CC1)CC2=CC=C(S2)C3=NC(=NO3)CCN4C(=O)C5=CC=CC=C5C4=O.C(=C/C(=O)O)\C(=O)O,RBWGAPACMHUDKS-WLHGVMLRSA-N
517000.0,C1=CC2=C(C(=C1)O)N=CC=C2.C1=CC2=C(C(=C1)O)N=CC=C2.OS(=O)(=O)O,YYVFXSYQSOZCOQ-UHFFFAOYSA-N
180494.0,CC1=C2CC[C@@H](C(=O)N2C3=CC=CC=C13)CC4=C(NC=N4)C.Cl,POKFYJWUPWZYQV-BTQNPOSSSA-N
22456.0,CC(=O)[O-].CC(=O)[O-].O.O.O.[Pb+2],MCEUZMYFCCOOQO-UHFFFAOYSA-L
173058.0,CC(C)C1=CC2=CC[C@@H]3[C@@]([C@H]2CC1)(CCC[C@@]3(C)C(=O)OC)C,OVXRPXGVKBHGQO-UYWIDEMCSA-N
86287525.0,CC1=C2C(=NN1)NC3=C(C=C(C=C3)[N+](=O)[O-])C(=N2)C4=CC=CC=C4Cl,UVLBAPBHAHFJSY-UHFFFAOYSA-N
25015677.0,CN1CCC(CC1)NC(=O)C2=CC(=C(C=C2)NC3=NC=C4C(=N3)N(CC(C(=O)N4C)(F)F)C5CCCC5)OC,DJNZZLZKAXGMMC-UHFFFAOYSA-N
31283.0,CCCCCCCCCCCCCC(=O)OCC,MMKRHZKQPFCLLS-UHFFFAOYSA-N
5363269.0,CCCCCCCC/C=C\CCCCCCCC(=O)OCC,LVGKNOAMLMIIKO-QXMHVHEDSA-N
79414.0,C1CC(C1)C(=O)C2=CC=CC=C2,MVEBDOSCXOQNAR-UHFFFAOYSA-N
15032.0,CC(=O)[C@H]1[C@@H](C[C@@H]2[C@@]1(CC[C@H]3[C@H]2CC=C4[C@@]3(CC[C@@H](C4)O)C)C)C#N,VSBHRRMYCDQLJF-ZDNYCOCVSA-N
16212880.0,CC(C)CCCCCCCOP(OCCCCCCCC(C)C)OC1=CC=CC=C1,SXXILWLQSQDLDL-UHFFFAOYSA-N
4132186.0,CCCCC1CCC(CC1)O,NUANGSLQWFBVEH-UHFFFAOYSA-N
54682536.0,C([C@@H]([C@@H]1C(=C(C(=O)O1)[O-])O)O)O.C([C@@H]([C@@H]1C(=C(C(=O)O1)[O-])O)O)O.O.O.[Ca+2],RGJHWLDSRIHFKY-FWCDDDAWSA-L
23700188.0,C1=CC=C(C=C1)/C=C/S(=O)(=O)[N-]C(=O)C2=C(C=C(C=C2)F)Cl.[Na+],SOWZCYCSVVVHCA-HRNDJLQDSA-M
23672325.0,C1=CC=C(C=C1)NCC(=O)[O-].[K+],JINONCVJYBHUCP-UHFFFAOYSA-M
19602.0,CCCCCC1=CC=CO1,YVBAUDVGOFCUSG-UHFFFAOYSA-N
74282.0,CCCCCCC(=O)C1=CC=CC=C1,UXMQORVHJMUQFD-UHFFFAOYSA-N
5283468.0,CCCCCCCC/C=C\CCCCCCCC(=O)OCC(CO)O,RZRNAYUHWVFMIP-KTKRTIGZSA-N
83656.0,CCC1=CC(=CC(=C1N)CC)CC2=CC(=C(C(=C2)CC)N)CC,NWIVYGKSHSJHEF-UHFFFAOYSA-N
23668568.0,CCCCC1=NC2=C(N1CC3=CC=C(C=C3)C4=CC=CC=C4C5=NN=N[N-]5)N=CC=C2.[Na+],YFABTKCYNBWJHS-UHFFFAOYSA-N
10685477.0,C1[C@@H]([C@H](C(=O)O1)CC2=CC(=CC=C2)O)CC3=CC(=CC=C3)O,HVDGDHBAMCBBLR-WMLDXEAASA-N
75454.0,CC(C)(C)C1=CC=C(C=C1)S,GNXBFFHXJDZGEK-UHFFFAOYSA-N
6950273.0,CC(=O)O[C@H]1C[C@@H]2CC[C@]1(C2(C)C)C,KGEKLUUHTZCSIP-JBLDHEPKSA-N
74195.0,CC(C)(C)C1=CC=C(C=C1)C2=CC=C(C=C2)C(C)(C)C,CDKCEZNPAYWORX-UHFFFAOYSA-N
70308.0,CC(C)(C)C(=O)C1=CC=CC=C1,OECPUBRNDKXFDX-UHFFFAOYSA-N
16211283.0,COC1=CC2=C(C=CN=C2C=C1)[C@H]([C@@H]3C[C@@H]4CCN3C[C@@H]4C=C)O.O.O.Cl,MPQKYZPYCSTMEI-FLZPLBAKSA-N
129491.0,C1CN(CCC1C=C(C2=CC=CC=C2)C3=CC=CC=C3)C(=O)CCCCCCCCC4=CN=CC=C4,NHKWRRHZTGQJMT-UHFFFAOYSA-N
66597.0,CC(C)(C)C1=CC=C(C=C1)OC(=O)C2=CC=CC=C2O,DBOSBRHMHBENLP-UHFFFAOYSA-N
11292.0,C1=CC(=N)C=CC1=C(C2=CC=C(C=C2)N)C3=CC=C(C=C3)N.Cl,JUQPZRLQQYSMEQ-UHFFFAOYSA-N
10287749.0,CCCN([C@@H]1CCC2=C(C1)C=C(C=C2)OC)C3CCN(CC3)C(=O)C4CCNCC4,KTAULCNFQYFKTN-HSZRJFAPSA-N
16036578.0,C1=CSC(=C1)/C=C/S(=O)(=O)NC(=O)C2=C(C=C(C=C2)F)Br,QXWJDGMLSMFETH-FNORWQNLSA-N
10432339.0,CS(=O)(=O)C1=C(C=C(C=C1)[C@@H](C[C@H]2CCC(=O)C2)C(=O)NC3=NC=CN=C3)Cl,XEANIURBPHCHMG-SWLSCSKDSA-N
47649.0,CC1=C(C=CO1)SSC,SRUTWBWLFKSTIS-UHFFFAOYSA-N
31100.0,CC(C)C[C@H]1C(=O)N2CCC[C@H]2[C@]3(N1C(=O)[C@](O3)(C(C)C)NC(=O)[C@H]4CN([C@@H]5CC6=C(NC7=CC=CC(=C67)C5=C4)Br)C)O.CS(=O)(=O)O,NOJMTMIRQRDZMT-GSPXQYRGSA-N
75575.0,C1=CC=C(C(=C1)CC2=CC=CC=C2O)O,MQCPOLNSJCWPGT-UHFFFAOYSA-N
60196441.0,CC1=C(C=CC(=C1)F)C2=CC(=NC=C2N(C)C(=O)C(C)(C)C3=CC(=CC(=C3)C(F)(F)F)C(F)(F)F)N4CC[C@H]([C@H]4CO)O,QOOXCQFWUYVSGU-JWQCQUIFSA-N
31289.0,CCCCCCCCC=O,GYHFUZHODSMOHU-UHFFFAOYSA-N
6437875.0,CC/C(=C\C(=N/O)\C(=O)N)/C(C)[N+](=O)[O-],MZAGXDHQGXUDDX-AGLLBGTNSA-N
163934.0,C=COCC1CCC(CC1)CO,INRGAWUQFOBNKL-UHFFFAOYSA-N
12807.0,CC(=CC1=CC=CC=C1)[N+](=O)[O-],WGSVFWFSJDAYBM-UHFFFAOYSA-N
59694.0,C1CC(N2C=NC=C2C1)C3=CC=C(C=C3)C#N.Cl,UKCVAQGKEOJTSR-UHFFFAOYSA-N
7811.0,CC1=CC=C(C=C1)S,WLHCBQAPPJAULW-UHFFFAOYSA-N
8182.0,CCCCCCCCCCCC,SNRUBQQJIBEYMU-UHFFFAOYSA-N
31492.0,CC1C(=NC(O1)C)C,YFSGRMONVCFYTC-UHFFFAOYSA-N
96132.0,C(CN(CCO)CCO)C#N,ZSIRWYMANRZZPE-UHFFFAOYSA-N
74978.0,C1CCC(CC1)(C#N)N=NC2(CCCCC2)C#N,KYIKRXIYLAGAKQ-UHFFFAOYSA-N
240119.0,CC(C)CC(=O)OC(C)(CCC=C(C)C)C=C,WCDGWAIZRYMVOW-UHFFFAOYSA-N
14493.0,C(CCCCS)CCCS,PGTWZHXOSWQKCY-UHFFFAOYSA-N
38855.0,CCCCCCCCC(=O)OCC(C)OC(=O)CCCCCCCC,SGRCVQDBWHCTIS-UHFFFAOYSA-N
5362792.0,CC/C=C\CCCCCO,XJHRZBIBSSVCEL-ARJAWSKDSA-N
101010.0,CCCC1CCOC(S1)C,GKGOLPMYJJXRGD-UHFFFAOYSA-N
5281516.0,CC(=CCC/C(=C/C/C=C(\C)/C=C)/C)C,CXENHBSYCFFKJS-VDQVFBMKSA-N
5365049.0,CC/C=C\CCOC(=O)CC,LGTLDEUQCOJGFP-WAYWQWQTSA-N
23670838.0,CCCCCCCCC1=CC=C(C=C1)S(=O)(=O)[O-].[Na+],ASJUTVUXOMPOQH-UHFFFAOYSA-M
35785.0,CCC(=O)C1CC(CC=C1C)C(C)C,DZSVIVLGBJKQAP-UHFFFAOYSA-N
31227.0,CC(C)CCOCC1=CC=CC=C1,RXXCIBALSKQCAE-UHFFFAOYSA-N
6436730.0,CN(CCN(C1=CC=CC=N1)CC2=CC=CS2)C.CN(CCN(C1=CC=CC=N1)CC2=CC=CS2)C.C(=C/C(=O)O)\C(=O)O.C(=C/C(=O)O)\C(=O)O.C(=C/C(=O)O)\C(=O)O,OLGIEIJNOQGBSS-VQYXCCSOSA-N
70763.0,C1CCC(CC1)CCCO,CLYAQFSQLQTVNO-UHFFFAOYSA-N
10958189.0,CC1=CC=C(C=C1)C(C)NC(=O)[C@H](C(C)C)NC(=O)OC(C)C,NWUWYYSKZYIQAE-WMCAAGNKSA-N
3321360.0,CC1CCCC(=O)C1=O,JDXJKLGWPNXSHL-UHFFFAOYSA-N
641298.0,COC1=CC=CC=C1/C=C/C=O,KKVZAVRSVHUSPL-GQCTYLIASA-N
78640.0,CC(=O)CC(C)(C)C1CCCCC1,OAFJAALOFJVHMK-UHFFFAOYSA-N
23679813.0,CC(C)C1=CC=C(C=C1)S(=O)(=O)[O-].[Na+],QEKATQBVVAZOAY-UHFFFAOYSA-M
91410.0,CCCCCCCCCCCCCCCCCC(=O)OCCCCCCCCCCCCCC(C)C,LGEZTMRIZWCDLW-UHFFFAOYSA-N
76262.0,CCCCCCCC[Si](OCC)(OCC)OCC,MSRJTTSHWYDFIU-UHFFFAOYSA-N
12837.0,C1CCC(CC1)C(=O)C2=CC=CC=C2,BMFYCFSWWDXEPB-UHFFFAOYSA-N
