DTXSID,BLA_PRIMARY,BLA_VIABILITY,MDAKB2_PRIMARY,MDAKB2_VIABILITY,INTERPRETATION
DTXSID0020020,Inconclusive,Inactive,Inconclusive,Inactive,Missing or unavailable data
DTXSID0020022,Active,Inactive,Inactive,Inactive,BLA active only
DTXSID0020024,Inactive,Inactive,Inconclusive,Inactive,Missing or unavailable data
DTXSID0020070,Inactive,Inactive,Inconclusive,Inconclusive,Missing or unavailable data
DTXSID0020072,Inactive,Inactive,Active,Inconclusive,MDA-kb2 active only
DTXSID0020074,Inactive,Inactive,Inconclusive,Inactive,Missing or unavailable data
DTXSID0020076,Inactive,Inactive,Inconclusive,Inactive,Missing or unavailable data
DTXSID0020101,Inconclusive,Inactive,Active,Inactive,Missing or unavailable data
DTXSID0020103,Active,Inactive,,,Missing or unavailable data
DTXSID0020105,Inconclusive,Inactive,Inactive,Inactive,Missing or unavailable data
DTXSID0020107,Inactive,Inconclusive,Inconclusive,Inactive,Missing or unavailable data
DTXSID0020151,Inactive,Inconclusive,Inconclusive,Inactive,Missing or unavailable data
DTXSID0020153,Inconclusive,Inactive,Inconclusive,Inactive,Missing or unavailable data
DTXSID0020155,Active,Active,Active,Inactive,Possible BLA viability interference
DTXSID0020157,Inactive,Inactive,Inconclusive,Inactive,Missing or unavailable data
DTXSID0020232,Active,Inactive,Active,Active,Possible MDA-kb2 viability interference
DTXSID0020236,Inactive,Inactive,Inactive,Inactive,Inactive in both primary assays
DTXSID0020238,Inactive,Inconclusive,Inconclusive,Inactive,Missing or unavailable data
DTXSID0020280,Inconclusive,Inconclusive,Inactive,Inactive,Missing or unavailable data
DTXSID0020282,Inactive,Inactive,Inconclusive,Inactive,Missing or unavailable data
DTXSID0020284,Active,Active,Active,Active,Possible BLA viability interference
DTXSID0020286,Inconclusive,Inconclusive,Inactive,Inactive,Missing or unavailable data
DTXSID0020288,Inactive,Inconclusive,Inactive,Inactive,Inactive in both primary assays
DTXSID0020311,Inactive,Inconclusive,Inconclusive,Inactive,Missing or unavailable data
DTXSID0020315,Inconclusive,Inconclusive,Inconclusive,Inactive,Missing or unavailable data
DTXSID0020319,Active,Active,Active,Active,Possible BLA viability interference
DTXSID0020361,Inactive,Inactive,Inactive,Inconclusive,Inactive in both primary assays
DTXSID0020363,Inactive,Inactive,Inconclusive,Inactive,Missing or unavailable data
DTXSID0020365,Inactive,Inactive,Active,Inactive,MDA-kb2 active only
DTXSID0020367,Inactive,Inconclusive,Inconclusive,Inactive,Missing or unavailable data
DTXSID0020369,Inactive,Inactive,Inactive,Inactive,Inactive in both primary assays
DTXSID0020440,Inconclusive,Inactive,Inconclusive,Inactive,Missing or unavailable data
DTXSID0020442,Inactive,Inconclusive,Inconclusive,Inactive,Missing or unavailable data
DTXSID0020444,Inactive,Inactive,Inconclusive,Inactive,Missing or unavailable data
DTXSID0020446,Inactive,Inactive,Active,Inactive,MDA-kb2 active only
DTXSID0020448,Inconclusive,Inconclusive,Inconclusive,Inactive,Missing or unavailable data
DTXSID0020494,Inactive,Inconclusive,Inconclusive,Inactive,Missing or unavailable data
DTXSID0020498,Inactive,Inactive,Inactive,Inactive,Inactive in both primary assays
DTXSID0020523,Active,Inactive,Active,Active,Possible MDA-kb2 viability interference
DTXSID0020527,Inactive,Inactive,Inactive,Inactive,Inactive in both primary assays
DTXSID0020529,Inconclusive,Inactive,Inconclusive,Inactive,Missing or unavailable data
DTXSID0020573,Active,Active,Inconclusive,Inactive,Possible BLA viability interference
DTXSID0020575,Inactive,Inconclusive,Inactive,Inactive,Inactive in both primary assays
DTXSID0020577,Inactive,Inactive,Inactive,Inactive,Inactive in both primary assays
DTXSID0020602,Inconclusive,Inactive,Inactive,Inactive,Missing or unavailable data
DTXSID0020604,Inconclusive,Inactive,Inconclusive,Inactive,Missing or unavailable data
DTXSID0020606,Inactive,Inactive,Inconclusive,Inactive,Missing or unavailable data
DTXSID0020650,Inactive,Inactive,Inactive,Inactive,Inactive in both primary assays
DTXSID0020652,Inactive,Inconclusive,Inconclusive,Inactive,Missing or unavailable data
DTXSID0020654,Inactive,Inactive,Inactive,Inactive,Inactive in both primary assays
DTXSID0020656,Inactive,Inactive,Inconclusive,Inactive,Missing or unavailable data
DTXSID0020733,Inactive,Inactive,Inconclusive,Inactive,Missing or unavailable data
DTXSID0020737,Inactive,Inactive,Inconclusive,Inactive,Missing or unavailable data
DTXSID0020789,Inconclusive,Inactive,Inconclusive,Inactive,Missing or unavailable data
DTXSID0020810,Inconclusive,Active,Inconclusive,Inactive,Missing or unavailable data
DTXSID0020814,Active,Inactive,Active,Inactive,Both primary assays active - no viability interference detected
DTXSID0020818,Inconclusive,Inconclusive,Inconclusive,Inactive,Missing or unavailable data
DTXSID0020862,Inactive,Inactive,Inconclusive,Inactive,Missing or unavailable data
DTXSID0020868,Inactive,Inactive,Inconclusive,Inactive,Missing or unavailable data
DTXSID0020941,Inactive,Inactive,Inactive,Inactive,Inactive in both primary assays
DTXSID0020943,Inactive,Inactive,Inactive,Inactive,Inactive in both primary assays
DTXSID0021040,Inconclusive,Inactive,Inconclusive,Inactive,Missing or unavailable data
DTXSID0021094,Inconclusive,Inconclusive,Inactive,Inactive,Missing or unavailable data
DTXSID0021096,Active,Inactive,Inactive,Inactive,BLA active only
DTXSID0021121,Inactive,Inactive,Active,Inactive,MDA-kb2 active only
DTXSID0021123,Inconclusive,Inconclusive,Inactive,Inactive,Missing or unavailable data
DTXSID0021125,Active,Inactive,Inactive,Inactive,BLA active only
DTXSID0021127,Inactive,Inactive,Active,Active,Possible MDA-kb2 viability interference
DTXSID0021129,Inactive,Inactive,Inactive,Inactive,Inactive in both primary assays
DTXSID0021175,Inactive,Inactive,Inconclusive,Inactive,Missing or unavailable data
DTXSID0021179,Inconclusive,Inconclusive,Inactive,Inactive,Missing or unavailable data
DTXSID0021206,Inactive,Inconclusive,Inactive,Inactive,Inactive in both primary assays
DTXSID0021254,Inconclusive,Inconclusive,Inactive,Inactive,Missing or unavailable data
DTXSID0021256,Inactive,Inactive,Inactive,Active,Inactive in both primary assays
DTXSID0021258,Inconclusive,Inconclusive,Inconclusive,Inactive,Missing or unavailable data
DTXSID0021331,Inactive,Active,Active,Inactive,MDA-kb2 active only
DTXSID0021333,Active,Active,Active,Active,Possible BLA viability interference
DTXSID0021335,,,Inconclusive,Inactive,Missing or unavailable data
DTXSID0021337,Inactive,Inactive,Inconclusive,Inactive,Missing or unavailable data
DTXSID0021339,Inactive,Inactive,Inactive,Inactive,Inactive in both primary assays
DTXSID0021381,Inactive,Inactive,Inconclusive,Inactive,Missing or unavailable data
DTXSID0021383,Inactive,Inconclusive,Inconclusive,Inactive,Missing or unavailable data
DTXSID0021385,Active,Active,Active,Active,Possible BLA viability interference
DTXSID0021387,Inactive,Inconclusive,Inconclusive,Inactive,Missing or unavailable data
DTXSID0021389,Inactive,Inactive,Inactive,Inactive,Inactive in both primary assays
DTXSID0021410,Inconclusive,Inactive,Inconclusive,Inactive,Missing or unavailable data
DTXSID0021414,Inactive,Inactive,Inconclusive,Inactive,Missing or unavailable data
DTXSID0021418,Inactive,Inactive,Inconclusive,Inactive,Missing or unavailable data
DTXSID0021460,Active,Active,Active,Active,Possible BLA viability interference
DTXSID0021462,Inactive,Inactive,Active,Active,Possible MDA-kb2 viability interference
DTXSID0021464,Active,Active,Active,Active,Possible BLA viability interference
DTXSID0021543,Inactive,Inactive,Inconclusive,Inactive,Missing or unavailable data
DTXSID0021545,Inactive,Inactive,Inconclusive,Inactive,Missing or unavailable data
DTXSID0021547,Inactive,Inactive,Inactive,Inactive,Inactive in both primary assays
DTXSID0021597,Inactive,Inconclusive,Inactive,Inactive,Inactive in both primary assays
DTXSID0021599,Inactive,Inactive,Inconclusive,Inactive,Missing or unavailable data
DTXSID0021620,Inconclusive,Inactive,Inconclusive,Inactive,Missing or unavailable data
DTXSID0021626,Inactive,Inactive,Inactive,Inactive,Inactive in both primary assays
DTXSID0021628,,,Inactive,Inactive,Missing or unavailable data
DTXSID0021672,Inactive,Inconclusive,Inconclusive,Inactive,Missing or unavailable data
DTXSID0021709,Inactive,Inconclusive,Inconclusive,Inactive,Missing or unavailable data
DTXSID0021751,Inactive,Inactive,Inconclusive,Inactive,Missing or unavailable data
DTXSID0021757,Inconclusive,Inconclusive,Inconclusive,Inactive,Missing or unavailable data
DTXSID0021759,Inactive,Inactive,Inconclusive,Inconclusive,Missing or unavailable data
DTXSID0021832,Inconclusive,Inactive,Inactive,Inactive,Missing or unavailable data
DTXSID0021834,Active,Inactive,Inconclusive,Active,Missing or unavailable data
DTXSID0021836,,,Active,Active,Possible MDA-kb2 viability interference
DTXSID0021886,Inactive,Inactive,Inconclusive,Inactive,Missing or unavailable data
DTXSID0021888,Inactive,Inactive,Inactive,Inactive,Inactive in both primary assays
DTXSID0021915,Inactive,Inactive,Inconclusive,Inconclusive,Missing or unavailable data
DTXSID0021917,Inactive,Inconclusive,Inactive,Inactive,Inactive in both primary assays
DTXSID0021961,Inactive,Inactive,Inactive,Inactive,Inactive in both primary assays
DTXSID0021963,,,Active,Inactive,Missing or unavailable data
DTXSID0021965,Inactive,Inactive,Inconclusive,Inactive,Missing or unavailable data
DTXSID0021969,Inactive,Inconclusive,Inconclusive,Inactive,Missing or unavailable data
DTXSID0022010,Inactive,Inactive,Inconclusive,Inactive,Missing or unavailable data
DTXSID0022012,,,Inactive,Inactive,Missing or unavailable data
DTXSID0022014,Inactive,Inactive,Inactive,Inactive,Inactive in both primary assays
DTXSID0022016,Inactive,Inactive,Inconclusive,Inactive,Missing or unavailable data
DTXSID0022018,Inconclusive,Inconclusive,Inactive,Inactive,Missing or unavailable data
DTXSID0022060,Inactive,Inconclusive,Inactive,Inactive,Inactive in both primary assays
DTXSID0022062,Inactive,Inconclusive,Inconclusive,Inactive,Missing or unavailable data
DTXSID0022191,Inactive,Inactive,Inconclusive,Inactive,Missing or unavailable data
DTXSID0022193,Inconclusive,Inactive,Inactive,Inactive,Missing or unavailable data
DTXSID0022220,Active,Active,Active,Active,Possible BLA viability interference
DTXSID0022301,Active,Inactive,Inactive,Inactive,BLA active only
DTXSID0022305,Inactive,Inconclusive,Inactive,Inactive,Inactive in both primary assays
DTXSID0022307,Inconclusive,Inactive,Inactive,Inactive,Missing or unavailable data
DTXSID0022353,Active,Inactive,Active,Inactive,Both primary assays active - no viability interference detected
DTXSID0022432,Inactive,Inactive,Inconclusive,Inactive,Missing or unavailable data
DTXSID0022436,Inconclusive,Inactive,Inconclusive,Inactive,Missing or unavailable data
DTXSID0022480,Inactive,Inconclusive,Inactive,Inactive,Inactive in both primary assays
DTXSID0022519,Inconclusive,Inconclusive,Inconclusive,Inconclusive,Missing or unavailable data
DTXSID0022563,Active,Inactive,Inconclusive,Inactive,Missing or unavailable data
DTXSID0022565,Inactive,Inactive,,,Missing or unavailable data
DTXSID0022569,Active,Inactive,,,Missing or unavailable data
DTXSID0022640,Inactive,Inactive,Inconclusive,Inactive,Missing or unavailable data
DTXSID0022644,Inactive,Inconclusive,Inactive,Inactive,Inactive in both primary assays
DTXSID0022646,,,Inconclusive,Inactive,Missing or unavailable data
DTXSID0022690,Inactive,Inactive,Inactive,Inactive,Inactive in both primary assays
DTXSID0022692,Active,Inactive,,,Missing or unavailable data
DTXSID0022721,Active,Inactive,,,Missing or unavailable data
DTXSID0022725,Inactive,Inconclusive,Inconclusive,Inactive,Missing or unavailable data
DTXSID0022727,Inactive,Inactive,,,Missing or unavailable data
DTXSID0022777,Active,Active,Inactive,Inactive,Possible BLA viability interference
DTXSID0022800,Inactive,Inconclusive,Inconclusive,Inactive,Missing or unavailable data
DTXSID0022808,Inactive,Active,Active,Active,Possible MDA-kb2 viability interference
DTXSID0022850,,,Inactive,Inactive,Missing or unavailable data
DTXSID0022854,,,Inactive,Inconclusive,Missing or unavailable data
DTXSID0022858,Active,Inactive,Inconclusive,Inactive,Missing or unavailable data
DTXSID0022933,Active,Active,Inconclusive,Inactive,Possible BLA viability interference
DTXSID0022935,Inactive,Inactive,Inactive,Inactive,Inactive in both primary assays
DTXSID0022981,,,Inconclusive,Inactive,Missing or unavailable data
DTXSID0023030,Inactive,Inactive,Inactive,Inactive,Inactive in both primary assays
DTXSID0023032,Inactive,Inactive,,,Missing or unavailable data
DTXSID0023036,Active,Inactive,Inactive,Inactive,BLA active only
DTXSID0023038,Inactive,Inactive,Inconclusive,Inactive,Missing or unavailable data
DTXSID0023084,Inactive,Inactive,,,Missing or unavailable data
DTXSID0023088,Inactive,Inactive,,,Missing or unavailable data
DTXSID0023113,Inconclusive,Inactive,Inconclusive,Inactive,Missing or unavailable data
DTXSID0023163,Inactive,Inconclusive,Inactive,Inactive,Inactive in both primary assays
DTXSID0023169,Inconclusive,Inactive,Inconclusive,Inactive,Missing or unavailable data
DTXSID0023240,Inconclusive,Inactive,Inconclusive,Inactive,Missing or unavailable data
DTXSID0023244,Inactive,Inactive,Inactive,Inactive,Inactive in both primary assays
DTXSID0023292,Inactive,Inactive,Inactive,Inactive,Inactive in both primary assays
DTXSID0023294,Active,Active,,,Possible BLA viability interference
DTXSID0023296,Active,Active,Active,Active,Possible BLA viability interference
DTXSID0023298,Inactive,Inactive,Inconclusive,Inactive,Missing or unavailable data
DTXSID0023323,Inactive,Inactive,Inactive,Inactive,Inactive in both primary assays
DTXSID0023325,Inactive,Inactive,,,Missing or unavailable data
DTXSID0023329,Inactive,Inactive,Inactive,Inactive,Inactive in both primary assays
DTXSID0023371,Active,Inactive,Active,Inactive,Both primary assays active - no viability interference detected
DTXSID0023373,Active,Inactive,Active,Inactive,Both primary assays active - no viability interference detected
DTXSID0023377,Inconclusive,Inactive,Inactive,Inactive,Missing or unavailable data
DTXSID0023458,Inconclusive,Inactive,Active,Inactive,Missing or unavailable data
DTXSID0023533,Inactive,Inconclusive,,,Missing or unavailable data
DTXSID0023581,Inconclusive,Inactive,Inactive,Inactive,Missing or unavailable data
DTXSID0023587,Inactive,Inactive,Inactive,Inactive,Inactive in both primary assays
DTXSID0023589,Inconclusive,Inactive,,,Missing or unavailable data
DTXSID0023612,Inconclusive,Inconclusive,Inconclusive,Inactive,Missing or unavailable data
DTXSID0023616,Inactive,Inactive,Inconclusive,Inactive,Missing or unavailable data
DTXSID0023618,Inconclusive,Inactive,Inconclusive,Inactive,Missing or unavailable data
DTXSID0023660,Inactive,Inactive,Inactive,Inactive,Inactive in both primary assays
DTXSID0023743,Inactive,Inactive,,,Missing or unavailable data
DTXSID0023745,Inactive,Inactive,Inactive,Inactive,Inactive in both primary assays
DTXSID0023747,Inactive,Inactive,Inactive,Inactive,Inactive in both primary assays
DTXSID0023749,Inconclusive,Inactive,Inconclusive,Inactive,Missing or unavailable data
DTXSID0023826,Inactive,Inactive,Inconclusive,Inactive,Missing or unavailable data
DTXSID0023870,Inactive,Inactive,Inconclusive,Inactive,Missing or unavailable data
DTXSID0023878,Inconclusive,Inconclusive,Inactive,Inactive,Missing or unavailable data
DTXSID0023901,Inactive,Inactive,Inactive,Inactive,Inactive in both primary assays
DTXSID0023907,Inconclusive,Inactive,Inactive,Inactive,Missing or unavailable data
DTXSID0023909,Inconclusive,Inconclusive,Active,Inactive,Missing or unavailable data
DTXSID0023951,Active,Inactive,Inactive,Inactive,BLA active only
DTXSID0023955,,,Inactive,Inactive,Missing or unavailable data
DTXSID0024000,Inactive,Inactive,Inactive,Inactive,Inactive in both primary assays
DTXSID0024002,Active,Inactive,Active,Active,Possible MDA-kb2 viability interference
DTXSID0024052,Inactive,Inconclusive,Inactive,Inactive,Inactive in both primary assays
DTXSID0024183,Inactive,Inconclusive,Inactive,Inactive,Inactive in both primary assays
DTXSID0024185,Inconclusive,Inconclusive,Inconclusive,Inactive,Missing or unavailable data
DTXSID0024216,Inconclusive,Inconclusive,Inactive,Inactive,Missing or unavailable data
DTXSID0024266,Inactive,Inactive,Active,Inconclusive,MDA-kb2 active only
DTXSID0024341,Inconclusive,Inactive,Inconclusive,Inactive,Missing or unavailable data
DTXSID0024345,Inconclusive,Inconclusive,Inactive,Inactive,Missing or unavailable data
DTXSID0024395,Inactive,Inactive,Inactive,Inactive,Inactive in both primary assays
DTXSID0024397,Inconclusive,Inconclusive,Inconclusive,Inactive,Missing or unavailable data
DTXSID0024399,Inactive,Inactive,Inactive,Inactive,Inactive in both primary assays
DTXSID0024470,Inactive,Inconclusive,Inconclusive,Inactive,Missing or unavailable data
DTXSID0024474,Inactive,Inactive,Inconclusive,Inactive,Missing or unavailable data
DTXSID0024478,Inactive,Inactive,Inconclusive,Inactive,Missing or unavailable data
DTXSID0024501,Inactive,Inactive,Inconclusive,Inactive,Missing or unavailable data
DTXSID0024503,Inactive,Inactive,Inconclusive,Inactive,Missing or unavailable data
DTXSID0024505,Inactive,Inconclusive,Inconclusive,Inactive,Missing or unavailable data
DTXSID0024507,Inactive,Inactive,Inactive,Inactive,Inactive in both primary assays
DTXSID0024509,Inactive,Inconclusive,Inconclusive,Inactive,Missing or unavailable data
DTXSID0024553,Inactive,Inactive,Inconclusive,Inactive,Missing or unavailable data
DTXSID0024555,Inactive,Inconclusive,Inconclusive,Inactive,Missing or unavailable data
DTXSID0024559,Active,Inactive,Inconclusive,Active,Missing or unavailable data
DTXSID0024638,Inactive,Inactive,Inactive,Inactive,Inactive in both primary assays
DTXSID0024715,Inactive,Inactive,Inactive,Inactive,Inactive in both primary assays
DTXSID0024761,Inactive,Inactive,Inactive,Inactive,Inactive in both primary assays
DTXSID0024840,Active,Inactive,Inconclusive,Inactive,Missing or unavailable data
DTXSID0024890,Inactive,Inconclusive,Inactive,Inactive,Inactive in both primary assays
DTXSID0024896,Inactive,Inactive,Inconclusive,Inactive,Missing or unavailable data
DTXSID0024921,Inconclusive,Inconclusive,Inactive,Active,Missing or unavailable data
DTXSID0024923,Inactive,Inconclusive,Inactive,Inactive,Inactive in both primary assays
DTXSID0024971,Inactive,Inconclusive,Inactive,Inactive,Inactive in both primary assays
DTXSID0024977,Inconclusive,Inconclusive,Inconclusive,Inactive,Missing or unavailable data
DTXSID0024979,Inconclusive,Inactive,Inconclusive,Inactive,Missing or unavailable data
DTXSID0025070,Inconclusive,Inactive,Inconclusive,Inactive,Missing or unavailable data
DTXSID0025074,Inactive,Inactive,Inactive,Inactive,Inactive in both primary assays
DTXSID0025076,Active,Active,Active,Active,Possible BLA viability interference
DTXSID0025078,Inactive,Inconclusive,Inactive,Inconclusive,Inactive in both primary assays
DTXSID0025101,Inconclusive,Inconclusive,Inactive,Inactive,Missing or unavailable data
DTXSID0025234,Active,Inconclusive,Inactive,Active,BLA active only
DTXSID0025286,Inactive,Inactive,Inconclusive,Inactive,Missing or unavailable data
DTXSID0025315,Inactive,Inconclusive,Active,Inactive,MDA-kb2 active only
DTXSID0025361,Inconclusive,Inactive,Inconclusive,Inactive,Missing or unavailable data
DTXSID0025363,Inactive,Inactive,Inconclusive,Inactive,Missing or unavailable data
DTXSID0025367,Inactive,Inactive,Inactive,Inactive,Inactive in both primary assays
DTXSID0025440,Active,Active,Inactive,Inactive,Possible BLA viability interference
DTXSID0025492,Inconclusive,Inconclusive,Inactive,Inactive,Missing or unavailable data
DTXSID0025494,Inactive,Inactive,Inactive,Inactive,Inactive in both primary assays
DTXSID0025523,Inactive,Inconclusive,Inactive,Inactive,Inactive in both primary assays
DTXSID0025527,Active,Inactive,Inconclusive,Inactive,Missing or unavailable data
DTXSID0025571,Inactive,Inconclusive,Inconclusive,Inactive,Missing or unavailable data
DTXSID0025577,Inconclusive,Inconclusive,Inactive,Inactive,Missing or unavailable data
DTXSID0025600,Active,Active,Active,Active,Possible BLA viability interference
DTXSID0025604,Inconclusive,Inconclusive,Inactive,Inactive,Missing or unavailable data
DTXSID0025654,Inconclusive,Inactive,Active,Inactive,Missing or unavailable data
DTXSID0025733,Inconclusive,Inconclusive,Inactive,Inactive,Missing or unavailable data
DTXSID0025737,Inconclusive,Inactive,Inactive,Inactive,Missing or unavailable data
DTXSID0025789,Inactive,Inactive,Active,Active,Possible MDA-kb2 viability interference
DTXSID0025812,Active,Inactive,Inactive,Inactive,BLA active only
DTXSID0025814,Inactive,Inactive,Inactive,Inactive,Inactive in both primary assays
DTXSID0025816,Inconclusive,Inactive,Inactive,Inactive,Missing or unavailable data
DTXSID0025818,Inactive,Inactive,Inactive,Inactive,Inactive in both primary assays
DTXSID0025862,Inactive,Inconclusive,Inactive,Inactive,Inactive in both primary assays
DTXSID0025864,Active,Active,Inactive,Inactive,Possible BLA viability interference
DTXSID0025866,Inactive,Inactive,Inactive,Inactive,Inactive in both primary assays
DTXSID0025991,Inactive,Inconclusive,Inconclusive,Active,Missing or unavailable data
DTXSID0025997,Active,Active,Active,Inactive,Possible BLA viability interference
DTXSID0026040,Active,Active,Active,Active,Possible BLA viability interference
DTXSID0026044,Inactive,Inconclusive,,,Missing or unavailable data
DTXSID0026098,Inactive,Inactive,Active,Inactive,MDA-kb2 active only
DTXSID0026125,Inconclusive,Inactive,Inconclusive,Inactive,Missing or unavailable data
DTXSID0026171,Inconclusive,Inactive,Inconclusive,Inactive,Missing or unavailable data
DTXSID0026173,Inconclusive,Inactive,,,Missing or unavailable data
DTXSID0026175,Inactive,Inconclusive,Inconclusive,Inactive,Missing or unavailable data
DTXSID0026202,Inactive,Inactive,Active,Inactive,MDA-kb2 active only
DTXSID0026204,Inactive,Inconclusive,Inactive,Inactive,Inactive in both primary assays
DTXSID0026208,Active,Active,Active,Inactive,Possible BLA viability interference
DTXSID0026252,Inactive,Inconclusive,Inactive,Inactive,Inactive in both primary assays
DTXSID0026258,Inactive,Inconclusive,Inconclusive,Inactive,Missing or unavailable data
DTXSID0026339,Inactive,Inactive,Inconclusive,Inactive,Missing or unavailable data
DTXSID0026418,Inactive,Inconclusive,Inactive,Inactive,Inactive in both primary assays
DTXSID0026547,Inactive,Inconclusive,Inactive,Inactive,Inactive in both primary assays
DTXSID0026549,Inactive,Inactive,Inconclusive,Inactive,Missing or unavailable data
DTXSID0026676,Active,Inactive,Active,Inactive,Both primary assays active - no viability interference detected
DTXSID0026701,Inactive,Inactive,Inactive,Inactive,Inactive in both primary assays
DTXSID0026830,Inactive,Inactive,Inactive,Inactive,Inactive in both primary assays
DTXSID0026838,Inconclusive,Inactive,Inconclusive,Inactive,Missing or unavailable data
DTXSID0026880,Inactive,Inconclusive,Inactive,Inactive,Inactive in both primary assays
DTXSID0026882,Inactive,Inconclusive,Inactive,Inactive,Inactive in both primary assays
DTXSID0026888,Inconclusive,Inactive,Inactive,Inactive,Missing or unavailable data
DTXSID0026913,Inactive,Inactive,Inactive,Inactive,Inactive in both primary assays
DTXSID0026915,Inactive,Inconclusive,Inconclusive,Inactive,Missing or unavailable data
DTXSID0026961,Inconclusive,Inconclusive,Inactive,Inactive,Missing or unavailable data
DTXSID0026967,Inactive,Inactive,Inactive,Inactive,Inactive in both primary assays
DTXSID0027014,Inconclusive,Inactive,Inactive,Inactive,Missing or unavailable data
DTXSID0027066,Inconclusive,Inconclusive,Inconclusive,Inactive,Missing or unavailable data
DTXSID0027143,Active,Active,Inactive,Inactive,Possible BLA viability interference
DTXSID0027149,Inactive,Inconclusive,Inactive,Inactive,Inactive in both primary assays
DTXSID0027191,Inconclusive,Inconclusive,Inconclusive,Inconclusive,Missing or unavailable data
DTXSID0027195,Inactive,Inactive,Inactive,Inactive,Inactive in both primary assays
DTXSID0027197,Inactive,Inconclusive,Inactive,Inactive,Inactive in both primary assays
DTXSID0027222,Inconclusive,Inactive,Inactive,Inactive,Missing or unavailable data
DTXSID0027228,Inconclusive,Inconclusive,Inactive,Inactive,Missing or unavailable data
DTXSID0027270,Inactive,Inactive,Inconclusive,Inactive,Missing or unavailable data
DTXSID0027301,Inconclusive,Inactive,Inactive,Inactive,Missing or unavailable data
DTXSID0027309,Inconclusive,Inactive,Inconclusive,Inactive,Missing or unavailable data
DTXSID0027432,Inconclusive,Inconclusive,Inconclusive,Inactive,Missing or unavailable data
DTXSID0027436,Inconclusive,Inconclusive,Inactive,Inactive,Missing or unavailable data
DTXSID0027438,Inactive,Inactive,Inactive,Inactive,Inactive in both primary assays
DTXSID0027486,Inactive,Inactive,Inconclusive,Inactive,Missing or unavailable data
DTXSID0027513,Inconclusive,Inactive,Inactive,Inactive,Missing or unavailable data
DTXSID0027515,Inconclusive,Inactive,Inactive,Inactive,Missing or unavailable data
DTXSID0027561,Inconclusive,Inconclusive,Inconclusive,Inactive,Missing or unavailable data
DTXSID0027565,Inactive,Inactive,Inconclusive,Inactive,Missing or unavailable data
DTXSID0027567,Inconclusive,Inactive,Inconclusive,Inactive,Missing or unavailable data
DTXSID0027640,Inactive,Inactive,Inactive,Inactive,Inactive in both primary assays
DTXSID0027721,Active,Inactive,Inactive,Inactive,BLA active only
DTXSID0027729,Inactive,Inactive,Inactive,Inactive,Inactive in both primary assays
DTXSID0027771,Active,Active,Inactive,Inactive,Possible BLA viability interference
DTXSID0027773,Active,Active,Active,Active,Possible BLA viability interference
DTXSID0027802,Inactive,Inactive,Inactive,Inactive,Inactive in both primary assays
DTXSID0027804,Inactive,Inactive,Inconclusive,Inactive,Missing or unavailable data
DTXSID0027806,Inconclusive,Inconclusive,Inconclusive,Inactive,Missing or unavailable data
DTXSID0027852,Inconclusive,Inactive,Inactive,Inactive,Missing or unavailable data
DTXSID0027856,Inconclusive,Inactive,Inactive,Inactive,Missing or unavailable data
DTXSID0027858,Inactive,Inactive,Inconclusive,Inconclusive,Missing or unavailable data
DTXSID0027933,Inactive,Inactive,Inconclusive,Inactive,Missing or unavailable data
DTXSID0027981,Inconclusive,Inactive,Inactive,Inactive,Missing or unavailable data
DTXSID0027983,Inconclusive,Inactive,Active,Inactive,Missing or unavailable data
DTXSID0028030,Inactive,Inactive,Inconclusive,Inactive,Missing or unavailable data
DTXSID0028038,Active,Active,Active,Active,Possible BLA viability interference
DTXSID0028323,,,Inconclusive,Inactive,Missing or unavailable data
DTXSID0028618,,,Inactive,Inactive,Missing or unavailable data
DTXSID0028666,Active,Inactive,Inconclusive,Inactive,Missing or unavailable data
DTXSID0029133,Inactive,Inconclusive,Inactive,Inactive,Inactive in both primary assays
DTXSID0029187,Inactive,Inactive,Inactive,Inactive,Inactive in both primary assays
DTXSID0029189,Inactive,Inactive,Inactive,Inactive,Inactive in both primary assays
DTXSID0029210,Inactive,Inconclusive,Inactive,Inactive,Inactive in both primary assays
DTXSID0029214,Inconclusive,Inactive,Inactive,Inactive,Missing or unavailable data
DTXSID0029218,Inactive,Inactive,Inconclusive,Inactive,Missing or unavailable data
DTXSID0029260,Inconclusive,Inactive,Inconclusive,Inactive,Missing or unavailable data
DTXSID0029262,Inactive,Inactive,Inactive,Inconclusive,Inactive in both primary assays
DTXSID0029474,Inactive,Inactive,Inconclusive,Inactive,Missing or unavailable data
DTXSID0029559,Inactive,Inactive,Inconclusive,Inactive,Missing or unavailable data
DTXSID0029688,Inactive,Inactive,Inactive,Inactive,Inactive in both primary assays
DTXSID0029761,Inconclusive,Inconclusive,Inconclusive,Inactive,Missing or unavailable data
DTXSID0029848,Inactive,Inconclusive,Inactive,Inactive,Inactive in both primary assays
DTXSID0030162,Inactive,Inconclusive,Inactive,Inactive,Inactive in both primary assays
DTXSID0030588,Inactive,Inconclusive,Inconclusive,Inactive,Missing or unavailable data
DTXSID0032029,Inactive,Inactive,Inactive,Inactive,Inactive in both primary assays
DTXSID0032077,Inactive,Inactive,Inconclusive,Inactive,Missing or unavailable data
DTXSID0032314,,,Inconclusive,Inactive,Missing or unavailable data
DTXSID0032316,Inconclusive,Inactive,Active,Inconclusive,Missing or unavailable data
DTXSID0032493,Inactive,Inactive,Active,Inactive,MDA-kb2 active only
DTXSID0032497,Inactive,Inactive,Inactive,Inactive,Inactive in both primary assays
DTXSID0032520,Active,Active,Active,Active,Possible BLA viability interference
DTXSID0032572,Active,Inactive,Active,Inactive,Both primary assays active - no viability interference detected
DTXSID0032578,Inconclusive,Active,Active,Active,Possible MDA-kb2 viability interference
DTXSID0032601,Inactive,Inactive,Inactive,Inactive,Inactive in both primary assays
DTXSID0032605,Inactive,Inactive,Inactive,Inactive,Inactive in both primary assays
DTXSID0032651,Active,Inactive,Active,Inactive,Both primary assays active - no viability interference detected
DTXSID0032655,Inactive,Inactive,Active,Inactive,MDA-kb2 active only
DTXSID0032811,Inactive,Inconclusive,Inconclusive,Inactive,Missing or unavailable data
DTXSID0032813,Inactive,Inconclusive,Inconclusive,Inactive,Missing or unavailable data
DTXSID0032869,Inactive,Inactive,Inconclusive,Inactive,Missing or unavailable data
DTXSID0032998,Inactive,Inactive,Inactive,Inactive,Inactive in both primary assays
DTXSID0033047,Inactive,Inactive,Inactive,Inactive,Inactive in both primary assays
DTXSID0033332,Inactive,Inactive,Inactive,Inactive,Inactive in both primary assays
DTXSID0033334,Inactive,Inactive,Inconclusive,Inactive,Missing or unavailable data
DTXSID0033382,Active,Active,Active,Active,Possible BLA viability interference
DTXSID0033469,Inactive,Inactive,Inconclusive,Inactive,Missing or unavailable data
DTXSID0033673,Inconclusive,Inactive,Inactive,Inactive,Missing or unavailable data
DTXSID0033754,Inactive,Inactive,Inactive,Inactive,Inactive in both primary assays
DTXSID0033960,Inconclusive,Inconclusive,Active,Active,Possible MDA-kb2 viability interference
DTXSID0034192,Active,Inactive,Inconclusive,Inactive,Missing or unavailable data
DTXSID0034223,Active,Active,Active,Active,Possible BLA viability interference
DTXSID0034227,Inconclusive,Inactive,Inconclusive,Inactive,Missing or unavailable data
DTXSID0034229,Inconclusive,Inactive,Inactive,Inactive,Missing or unavailable data
DTXSID0034300,Inactive,Inactive,Inactive,Inactive,Inactive in both primary assays
DTXSID0034518,Inactive,Inactive,Inconclusive,Inactive,Missing or unavailable data
DTXSID0034566,Active,Active,Active,Active,Possible BLA viability interference
DTXSID0034695,Inactive,Inactive,Inactive,Inactive,Inactive in both primary assays
DTXSID0034722,Inactive,Inactive,Inconclusive,Inactive,Missing or unavailable data
DTXSID0034776,Inactive,Inactive,Active,Inactive,MDA-kb2 active only
DTXSID0034803,Inactive,Inactive,Inconclusive,Inactive,Missing or unavailable data
DTXSID0034851,,,Active,Inactive,Missing or unavailable data
DTXSID0034855,Active,Inactive,Inactive,Inconclusive,BLA active only
DTXSID0034930,Inactive,Inactive,Inconclusive,Inactive,Missing or unavailable data
DTXSID0034936,Inactive,Inactive,Inactive,Inconclusive,Inactive in both primary assays
DTXSID0035160,Inactive,Inactive,Inactive,Inactive,Inactive in both primary assays
DTXSID0035748,Inconclusive,Inactive,Active,Inactive,Missing or unavailable data
DTXSID0035790,,,Inconclusive,Inactive,Missing or unavailable data
DTXSID0036508,Inactive,Inactive,Inconclusive,Inactive,Missing or unavailable data
DTXSID0036760,Inactive,Inactive,,,Missing or unavailable data
DTXSID0037023,Inactive,Inactive,Inconclusive,Inconclusive,Missing or unavailable data
DTXSID0037231,Inactive,Inactive,Inconclusive,Inconclusive,Missing or unavailable data
DTXSID0037235,Inactive,Inconclusive,,,Missing or unavailable data
DTXSID0037237,Inactive,Inactive,Inactive,Inactive,Inactive in both primary assays
DTXSID0037493,Inconclusive,Inactive,Inactive,Inactive,Missing or unavailable data
DTXSID0037495,Inconclusive,Inconclusive,Inconclusive,Inactive,Missing or unavailable data
DTXSID0037522,Active,Active,Active,Inactive,Possible BLA viability interference
DTXSID0037570,Active,Inactive,Inactive,Inactive,BLA active only
DTXSID0037576,Inactive,Inconclusive,Inactive,Inactive,Inactive in both primary assays
DTXSID0037730,Active,Active,Active,Active,Possible BLA viability interference
DTXSID0037734,Inactive,Inactive,Inactive,Inactive,Inactive in both primary assays
DTXSID0038700,Inactive,Inconclusive,Inactive,Active,Inactive in both primary assays
DTXSID0038756,Inconclusive,Inconclusive,Inactive,Inactive,Missing or unavailable data
DTXSID0038831,Inconclusive,Inconclusive,Inactive,Inactive,Missing or unavailable data
DTXSID0038839,,,Inactive,Inactive,Missing or unavailable data
DTXSID0038881,Inactive,Active,Inactive,Active,Inactive in both primary assays
DTXSID0038887,Active,Inactive,Inactive,Inconclusive,BLA active only
DTXSID0039223,Inconclusive,Inconclusive,Inconclusive,Inactive,Missing or unavailable data
DTXSID0039227,Active,Inactive,Active,Inconclusive,Missing or unavailable data
DTXSID0039229,Inactive,Inactive,,,Missing or unavailable data
DTXSID0040127,Inconclusive,Inactive,Inactive,Inactive,Missing or unavailable data
DTXSID0040129,Inconclusive,Inactive,,,Missing or unavailable data
DTXSID0040208,Inactive,Inactive,Inconclusive,Active,Missing or unavailable data
DTXSID0040464,Active,Inactive,Inactive,Inactive,BLA active only
DTXSID0040547,Active,Active,,,Possible BLA viability interference
DTXSID0040599,Active,Inactive,,,Missing or unavailable data
DTXSID0040620,Inconclusive,Inconclusive,,,Missing or unavailable data
DTXSID0040622,Inconclusive,Inconclusive,,,Missing or unavailable data
DTXSID0040672,Active,Inactive,Inconclusive,Inactive,Missing or unavailable data
DTXSID0040674,Active,Inactive,Inconclusive,Inactive,Missing or unavailable data
DTXSID0040676,Inactive,Inconclusive,Inconclusive,Inactive,Missing or unavailable data
DTXSID0040678,Active,Inactive,Active,Inactive,Both primary assays active - no viability interference detected
DTXSID0040701,Inactive,Inactive,Inconclusive,Inconclusive,Missing or unavailable data
DTXSID0040703,Inconclusive,Inactive,Inactive,Inactive,Missing or unavailable data
DTXSID0040705,Inactive,Inactive,Inconclusive,Inconclusive,Missing or unavailable data
DTXSID0040707,Inactive,Inconclusive,Inactive,Inactive,Inactive in both primary assays
DTXSID0040751,Inactive,Inactive,Inconclusive,Inactive,Missing or unavailable data
DTXSID0040757,Active,Inactive,Inconclusive,Inactive,Missing or unavailable data
DTXSID0040965,Inactive,Inactive,,,Missing or unavailable data
DTXSID0041141,Inactive,Inconclusive,Inactive,Inactive,Inactive in both primary assays
DTXSID0041197,Inactive,Inactive,Inactive,Inactive,Inactive in both primary assays
DTXSID0041220,Inactive,Inactive,Inactive,Inactive,Inactive in both primary assays
DTXSID0041224,Inactive,Inactive,Inactive,Inactive,Inactive in both primary assays
DTXSID0041270,Inconclusive,Inactive,Inactive,Inactive,Missing or unavailable data
DTXSID0041274,Active,Active,Active,Active,Possible BLA viability interference
DTXSID0041357,Active,Active,Active,Active,Possible BLA viability interference
DTXSID0041359,Inactive,Inactive,Inactive,Inactive,Inactive in both primary assays
DTXSID0041436,Inactive,Inactive,Inconclusive,Inactive,Missing or unavailable data
DTXSID0041484,Inactive,Inactive,Inconclusive,Inactive,Missing or unavailable data
DTXSID0041513,Inactive,Inactive,Inactive,Inactive,Inactive in both primary assays
DTXSID0041517,Inactive,Inconclusive,Inactive,Inactive,Inactive in both primary assays
DTXSID0041519,Inactive,Inconclusive,Inactive,Inactive,Inactive in both primary assays
DTXSID0041567,Inactive,Inactive,Inconclusive,Inactive,Missing or unavailable data
DTXSID0041646,Inactive,Inconclusive,Inactive,Active,Inactive in both primary assays
DTXSID0041692,Inactive,Inconclusive,Inconclusive,Inactive,Missing or unavailable data
DTXSID0041698,Inconclusive,Inactive,Inactive,Inactive,Missing or unavailable data
DTXSID0041721,Inactive,Inactive,Inconclusive,Active,Missing or unavailable data
DTXSID0041850,Inactive,Inactive,Active,Active,Possible MDA-kb2 viability interference
DTXSID0041852,Inactive,Inactive,Inactive,Inactive,Inactive in both primary assays
DTXSID0041981,Inconclusive,Inactive,Inconclusive,Inactive,Missing or unavailable data
DTXSID0041983,Active,Inactive,Inactive,Inactive,BLA active only
DTXSID0041985,Active,Active,Active,Active,Possible BLA viability interference
DTXSID0041987,Active,Inactive,Active,Inactive,Both primary assays active - no viability interference detected
DTXSID0042038,Inconclusive,Inactive,Inconclusive,Inactive,Missing or unavailable data
DTXSID0042080,Active,Inactive,Inconclusive,Inactive,Missing or unavailable data
DTXSID0042084,Inactive,Inactive,Inconclusive,Inactive,Missing or unavailable data
DTXSID0042086,Active,Inactive,Active,Inactive,Both primary assays active - no viability interference detected
DTXSID0042117,Inactive,Inactive,Inactive,Inactive,Inactive in both primary assays
DTXSID0042167,Inconclusive,Inactive,Inconclusive,Inactive,Missing or unavailable data
DTXSID0042169,Active,Inactive,Inactive,Inactive,BLA active only
DTXSID0042242,Inactive,Inconclusive,Inactive,Inactive,Inactive in both primary assays
DTXSID0042244,Inactive,Inconclusive,,,Missing or unavailable data
DTXSID0042248,Active,Active,Active,Active,Possible BLA viability interference
DTXSID0042325,Inactive,Inconclusive,Inconclusive,Inactive,Missing or unavailable data
DTXSID0042327,Inconclusive,Inactive,Inactive,Inactive,Missing or unavailable data
DTXSID0042379,Inactive,Inactive,Inconclusive,Inconclusive,Missing or unavailable data
DTXSID0042400,Inconclusive,Inactive,Inactive,Inactive,Missing or unavailable data
DTXSID0042406,Inconclusive,Inconclusive,Inconclusive,Inactive,Missing or unavailable data
DTXSID0042454,Inactive,Inactive,Inconclusive,Inactive,Missing or unavailable data
DTXSID0042583,Inactive,Inactive,Inactive,Inactive,Inactive in both primary assays
DTXSID0042612,Inactive,Inactive,,,Missing or unavailable data
DTXSID0042614,Inactive,Inactive,Inactive,Inconclusive,Inactive in both primary assays
DTXSID0042618,Inactive,Inactive,,,Missing or unavailable data
DTXSID0042668,Inactive,Inconclusive,,,Missing or unavailable data
DTXSID0043761,Inactive,Inactive,Active,Inactive,MDA-kb2 active only
DTXSID0043763,Inactive,Inactive,,,Missing or unavailable data
DTXSID0043765,Active,Active,Inconclusive,Inactive,Possible BLA viability interference
DTXSID0043848,,,Inconclusive,Inactive,Missing or unavailable data
DTXSID0043892,Inactive,Inconclusive,Inactive,Inactive,Inactive in both primary assays
DTXSID0043896,Inactive,Inconclusive,Inconclusive,Inactive,Missing or unavailable data
DTXSID0044024,Inactive,Inactive,,,Missing or unavailable data
DTXSID0044107,Inactive,Inactive,Inactive,Inactive,Inactive in both primary assays
DTXSID0044236,Inactive,Inactive,Inactive,Inactive,Inactive in both primary assays
DTXSID0044280,Inactive,Inactive,Inactive,Inactive,Inactive in both primary assays
DTXSID0044288,Inactive,Inactive,,,Missing or unavailable data
DTXSID0044313,Inactive,Inconclusive,Inactive,Inconclusive,Inactive in both primary assays
DTXSID0044315,Inactive,Inconclusive,Inactive,Inactive,Inactive in both primary assays
DTXSID0044317,Inactive,Inactive,Inactive,Inactive,Inactive in both primary assays
DTXSID0044361,Inconclusive,Inconclusive,Inactive,Inactive,Missing or unavailable data
DTXSID0044363,Inactive,Inconclusive,Inconclusive,Inactive,Missing or unavailable data
DTXSID0044365,Inactive,Inconclusive,Inconclusive,Inactive,Missing or unavailable data
DTXSID0044367,Active,Active,Active,Active,Possible BLA viability interference
DTXSID0044369,Inconclusive,Inactive,Inactive,Inactive,Missing or unavailable data
DTXSID0044440,Inactive,Inactive,Inactive,Inactive,Inactive in both primary assays
DTXSID0044446,Inactive,Inconclusive,Inconclusive,Inactive,Missing or unavailable data
DTXSID0044448,Inconclusive,Inconclusive,Inactive,Inactive,Missing or unavailable data
DTXSID0044490,Inactive,Inconclusive,Inactive,Inactive,Inactive in both primary assays
DTXSID0044494,Inconclusive,Inconclusive,Inconclusive,Inactive,Missing or unavailable data
DTXSID0044496,Inactive,Inconclusive,Inconclusive,Inactive,Missing or unavailable data
DTXSID0044498,Inconclusive,Inconclusive,Inactive,Inactive,Missing or unavailable data
DTXSID0044521,Inconclusive,Inactive,Inactive,Inactive,Missing or unavailable data
DTXSID0044523,Inconclusive,Inconclusive,Inactive,Inactive,Missing or unavailable data
DTXSID0044525,Active,Active,Active,Active,Possible BLA viability interference
DTXSID0044527,Inconclusive,Inactive,Inactive,Inactive,Missing or unavailable data
DTXSID0044571,Inactive,Inactive,Inactive,Inactive,Inactive in both primary assays
DTXSID0044573,Inconclusive,Inactive,Inactive,Inactive,Missing or unavailable data
DTXSID0044575,Inactive,Inactive,Active,Inactive,MDA-kb2 active only
DTXSID0044577,Inactive,Inconclusive,Inconclusive,Inactive,Missing or unavailable data
DTXSID0044600,Inconclusive,Inconclusive,Inconclusive,Inactive,Missing or unavailable data
DTXSID0044604,Inconclusive,Inactive,Inactive,Inactive,Missing or unavailable data
DTXSID0044606,Inactive,Inactive,Inconclusive,Inactive,Missing or unavailable data
DTXSID0044650,Inconclusive,Inactive,Inactive,Inactive,Missing or unavailable data
DTXSID0044654,Inconclusive,Inconclusive,Inactive,Inactive,Missing or unavailable data
DTXSID0044656,Inconclusive,Inconclusive,Inconclusive,Inactive,Missing or unavailable data
DTXSID0044658,Active,Active,Active,Inactive,Possible BLA viability interference
DTXSID0044731,Inactive,Inactive,Inactive,Inactive,Inactive in both primary assays
DTXSID0044733,Inactive,Inconclusive,Inconclusive,Inactive,Missing or unavailable data
DTXSID0044735,Inconclusive,Inactive,Inconclusive,Inactive,Missing or unavailable data
DTXSID0044737,Inactive,Inactive,Inactive,Inactive,Inactive in both primary assays
DTXSID0044781,Active,Active,Active,Active,Possible BLA viability interference
DTXSID0044783,Inactive,Inconclusive,Inactive,Inactive,Inactive in both primary assays
DTXSID0044785,Inactive,Inactive,Inactive,Inactive,Inactive in both primary assays
DTXSID0044787,Inactive,Inactive,Inactive,Inactive,Inactive in both primary assays
DTXSID0044810,Inactive,Inconclusive,Inactive,Inactive,Inactive in both primary assays
DTXSID0044812,Inactive,Inconclusive,Inconclusive,Inactive,Missing or unavailable data
DTXSID0044816,Inactive,Inconclusive,Inactive,Inactive,Inactive in both primary assays
DTXSID0044818,Inactive,Inactive,Inactive,Inactive,Inactive in both primary assays
DTXSID0044860,Inactive,Inactive,Inactive,Inactive,Inactive in both primary assays
DTXSID0044862,Inactive,Inactive,Inconclusive,Inconclusive,Missing or unavailable data
DTXSID0044868,Inactive,Inactive,Inconclusive,Inactive,Missing or unavailable data
DTXSID0044941,Inactive,Inconclusive,Active,Inactive,MDA-kb2 active only
DTXSID0044943,,,Inactive,Inconclusive,Missing or unavailable data
DTXSID0044945,Inconclusive,Inconclusive,Inactive,Inactive,Missing or unavailable data
DTXSID0044947,Inactive,Inconclusive,Inconclusive,Inactive,Missing or unavailable data
DTXSID0044949,Inactive,Inactive,Inactive,Inactive,Inactive in both primary assays
DTXSID0044993,Inactive,Inactive,Active,Inactive,MDA-kb2 active only
DTXSID0044995,Active,Inactive,Active,Inactive,Both primary assays active - no viability interference detected
DTXSID0044997,Inactive,Active,Inactive,Inactive,Inactive in both primary assays
DTXSID0044999,Inactive,Inconclusive,Inactive,Inactive,Inactive in both primary assays
DTXSID0045090,Active,Inactive,Inconclusive,Inactive,Missing or unavailable data
DTXSID0045094,Inactive,Inconclusive,,,Missing or unavailable data
DTXSID0045096,Inactive,Inactive,,,Missing or unavailable data
DTXSID0045125,Active,Inactive,Active,Inactive,Both primary assays active - no viability interference detected
DTXSID0045127,Inactive,Inconclusive,Inactive,Inactive,Inactive in both primary assays
DTXSID0045171,Inactive,Inconclusive,Inactive,Inactive,Inactive in both primary assays
DTXSID0045173,Active,Active,Active,Active,Possible BLA viability interference
DTXSID0045175,Inactive,Inconclusive,Inactive,Inactive,Inactive in both primary assays
DTXSID0045179,Inconclusive,Inconclusive,Inconclusive,Inactive,Missing or unavailable data
DTXSID0045202,Inactive,Inactive,Inactive,Inactive,Inactive in both primary assays
DTXSID0045204,Active,Active,Active,Active,Possible BLA viability interference
DTXSID0045206,Inactive,Inactive,Inactive,Inactive,Inactive in both primary assays
DTXSID0045208,Active,Inactive,Inactive,Inactive,BLA active only
DTXSID0045250,Inactive,Inconclusive,,,Missing or unavailable data
DTXSID0045252,Inactive,Inactive,Inactive,Inactive,Inactive in both primary assays
DTXSID0045254,Inconclusive,Inactive,Inconclusive,Inactive,Missing or unavailable data
DTXSID0045383,Inactive,Inactive,Inactive,Inactive,Inactive in both primary assays
DTXSID0045385,Inconclusive,Inconclusive,,,Missing or unavailable data
DTXSID0045389,Inactive,Inactive,Inactive,Inactive,Inactive in both primary assays
DTXSID0045410,Active,Inactive,Inconclusive,Inactive,Missing or unavailable data
DTXSID0045412,Inconclusive,Inactive,Inconclusive,Inactive,Missing or unavailable data
DTXSID0045414,Inactive,Inconclusive,,,Missing or unavailable data
DTXSID0045416,Inactive,Inactive,Inactive,Inactive,Inactive in both primary assays
DTXSID0045460,Inactive,Inactive,,,Missing or unavailable data
DTXSID0045462,Inconclusive,Inconclusive,Inconclusive,Inactive,Missing or unavailable data
DTXSID0045464,Inconclusive,Inactive,Inactive,Inactive,Missing or unavailable data
DTXSID0045466,Inactive,Inactive,Inconclusive,Inactive,Missing or unavailable data
DTXSID0045468,Inconclusive,Inactive,,,Missing or unavailable data
DTXSID0045543,Inconclusive,Inactive,Inactive,Inactive,Missing or unavailable data
DTXSID0045545,Inactive,Inconclusive,,,Missing or unavailable data
DTXSID0045547,Inconclusive,Inconclusive,Inactive,Inactive,Missing or unavailable data
DTXSID0045591,Inactive,Inconclusive,Inactive,Inactive,Inactive in both primary assays
DTXSID0045595,Inconclusive,Inconclusive,Inactive,Inactive,Missing or unavailable data
DTXSID0045597,Inactive,Inconclusive,Inconclusive,Inactive,Missing or unavailable data
DTXSID0045599,Inconclusive,Inconclusive,,,Missing or unavailable data
DTXSID0045624,Inactive,Inconclusive,Inconclusive,Inactive,Missing or unavailable data
DTXSID0045626,Inconclusive,Inactive,Inconclusive,Inactive,Missing or unavailable data
DTXSID0045670,Inactive,Inconclusive,Inconclusive,Inactive,Missing or unavailable data
DTXSID0045674,Inactive,Inconclusive,Inactive,Inactive,Inactive in both primary assays
DTXSID0045676,Inactive,Inactive,Active,Inactive,MDA-kb2 active only
DTXSID0045678,Active,Active,,,Possible BLA viability interference
DTXSID0045701,Inconclusive,Inactive,Inconclusive,Inactive,Missing or unavailable data
DTXSID0045703,Inactive,Inconclusive,Inactive,Inactive,Inactive in both primary assays
DTXSID0045705,Inactive,Inconclusive,Inactive,Inactive,Inactive in both primary assays
DTXSID0045707,Inactive,Inconclusive,Inactive,Inactive,Inactive in both primary assays
DTXSID0045709,Inconclusive,Inactive,Inconclusive,Inactive,Missing or unavailable data
DTXSID0045751,Inconclusive,Inactive,,,Missing or unavailable data
DTXSID0045753,Inconclusive,Inconclusive,Inactive,Inactive,Missing or unavailable data
DTXSID0045755,Inactive,Inactive,,,Missing or unavailable data
DTXSID0045757,Active,Active,,,Possible BLA viability interference
DTXSID0045759,Inactive,Inactive,,,Missing or unavailable data
DTXSID0045830,Inconclusive,Inconclusive,,,Missing or unavailable data
DTXSID0045832,Inactive,Inconclusive,Inconclusive,Inactive,Missing or unavailable data
DTXSID0045836,Inactive,Inconclusive,Inactive,Inactive,Inactive in both primary assays
DTXSID0045838,Inactive,Inconclusive,Inconclusive,Inactive,Missing or unavailable data
DTXSID0045880,Inconclusive,Inactive,Inconclusive,Inactive,Missing or unavailable data
DTXSID0045886,Inactive,Inactive,Active,Inactive,MDA-kb2 active only
DTXSID0045888,Inactive,Inconclusive,Inactive,Inactive,Inactive in both primary assays
DTXSID0045961,Inconclusive,Inconclusive,,,Missing or unavailable data
DTXSID0045963,Inconclusive,Inactive,Inconclusive,Inactive,Missing or unavailable data
DTXSID0045965,Inactive,Inactive,,,Missing or unavailable data
DTXSID0045967,Inconclusive,Inactive,,,Missing or unavailable data
DTXSID0045969,Inactive,Inactive,,,Missing or unavailable data
DTXSID0046010,Active,Active,,,Possible BLA viability interference
DTXSID0046012,Inactive,Inactive,,,Missing or unavailable data
DTXSID0046016,Inactive,Inactive,Inconclusive,Inactive,Missing or unavailable data
DTXSID0046060,Inactive,Inactive,Inconclusive,Inactive,Missing or unavailable data
DTXSID0046062,Inactive,Inactive,,,Missing or unavailable data
DTXSID0046064,Inconclusive,Inactive,,,Missing or unavailable data
DTXSID0046066,Inconclusive,Inconclusive,Inconclusive,Inactive,Missing or unavailable data
DTXSID0046143,Inconclusive,Inconclusive,,,Missing or unavailable data
DTXSID0046145,Inconclusive,Inactive,Inactive,Inactive,Missing or unavailable data
DTXSID0046147,Inconclusive,Inactive,Inconclusive,Inactive,Missing or unavailable data
DTXSID0046191,Inactive,Inconclusive,,,Missing or unavailable data
DTXSID0046193,Inactive,Inactive,Inconclusive,Inactive,Missing or unavailable data
DTXSID0046195,Inactive,Inactive,Inactive,Inactive,Inactive in both primary assays
DTXSID0046197,Inactive,Inactive,,,Missing or unavailable data
DTXSID0046199,Inactive,Inactive,,,Missing or unavailable data
DTXSID0046220,Active,Inactive,,,Missing or unavailable data
DTXSID0046222,Inactive,Inactive,Active,Active,Possible MDA-kb2 viability interference
DTXSID0046224,Inconclusive,Inactive,,,Missing or unavailable data
DTXSID0046226,Inactive,Inconclusive,Inconclusive,Active,Missing or unavailable data
DTXSID0046228,Inactive,Inactive,,,Missing or unavailable data
DTXSID0046270,Inconclusive,Inactive,Inactive,Inactive,Missing or unavailable data
DTXSID0046272,Active,Active,Active,Inactive,Possible BLA viability interference
DTXSID0046274,Inconclusive,Inactive,Inactive,Inconclusive,Missing or unavailable data
DTXSID0046276,Inconclusive,Inactive,Inconclusive,Inactive,Missing or unavailable data
DTXSID0046305,Active,Inactive,Active,Inactive,Both primary assays active - no viability interference detected
DTXSID0046307,Inconclusive,Inactive,Active,Inactive,Missing or unavailable data
DTXSID0046309,Active,Active,Active,Inactive,Possible BLA viability interference
DTXSID0046351,Inconclusive,Inconclusive,Inconclusive,Inactive,Missing or unavailable data
DTXSID0046353,Inactive,Inactive,,,Missing or unavailable data
DTXSID0046357,Inactive,Inactive,Inactive,Inactive,Inactive in both primary assays
DTXSID0046430,Inactive,Inactive,Inconclusive,Inactive,Missing or unavailable data
DTXSID0046432,Inconclusive,Inactive,Inconclusive,Inactive,Missing or unavailable data
DTXSID0046434,Inactive,Inactive,Inactive,Inactive,Inactive in both primary assays
DTXSID0046438,Inconclusive,Inactive,,,Missing or unavailable data
DTXSID0046480,Inactive,Inactive,Inactive,Inactive,Inactive in both primary assays
DTXSID0046482,Inactive,Inconclusive,Inactive,Inactive,Inactive in both primary assays
DTXSID0046484,Inactive,Inactive,Inactive,Inactive,Inactive in both primary assays
DTXSID0046486,Inconclusive,Inconclusive,Inactive,Inactive,Missing or unavailable data
DTXSID0046488,Active,Inactive,Inconclusive,Inactive,Missing or unavailable data
DTXSID0046511,Inactive,Inconclusive,Inconclusive,Inactive,Missing or unavailable data
DTXSID0046513,Inconclusive,Inactive,Inconclusive,Inactive,Missing or unavailable data
DTXSID0046517,Inactive,Inactive,,,Missing or unavailable data
DTXSID0046561,Inconclusive,Inactive,Inactive,Inactive,Missing or unavailable data
DTXSID0046563,Inconclusive,Inactive,Inactive,Inactive,Missing or unavailable data
DTXSID0046565,Active,Inactive,Inconclusive,Inactive,Missing or unavailable data
DTXSID0046567,Inactive,Inactive,Inconclusive,Inactive,Missing or unavailable data
DTXSID0046569,Inconclusive,Inactive,Inconclusive,Inconclusive,Missing or unavailable data
DTXSID0046640,Inactive,Inconclusive,Inconclusive,Inactive,Missing or unavailable data
DTXSID0046642,Inactive,Inconclusive,,,Missing or unavailable data
DTXSID0046644,Inactive,Inconclusive,Inconclusive,Inactive,Missing or unavailable data
DTXSID0046646,Inconclusive,Inconclusive,,,Missing or unavailable data
DTXSID0046648,Active,Inconclusive,Active,Inactive,Missing or unavailable data
DTXSID0046690,Active,Active,Inactive,Inactive,Possible BLA viability interference
DTXSID0046692,Inconclusive,Inconclusive,Inconclusive,Inactive,Missing or unavailable data
DTXSID0046694,Inactive,Inactive,,,Missing or unavailable data
DTXSID0046696,Inactive,Inconclusive,Inactive,Inactive,Inactive in both primary assays
DTXSID0046698,Inconclusive,Inactive,Inconclusive,Inactive,Missing or unavailable data
DTXSID0046721,Inactive,Inactive,Inactive,Inactive,Inactive in both primary assays
DTXSID0046723,Active,Inconclusive,,,Missing or unavailable data
DTXSID0046725,Inconclusive,Inactive,Inconclusive,Inactive,Missing or unavailable data
DTXSID0046727,Inconclusive,Inconclusive,Inactive,Inactive,Missing or unavailable data
DTXSID0046729,Inactive,Inactive,,,Missing or unavailable data
DTXSID0046773,Inactive,Inactive,,,Missing or unavailable data
DTXSID0046777,Inconclusive,Inconclusive,,,Missing or unavailable data
DTXSID0046779,Inactive,Inactive,,,Missing or unavailable data
DTXSID0046800,Inactive,Inconclusive,,,Missing or unavailable data
DTXSID0046804,Active,Inactive,Inconclusive,Inactive,Missing or unavailable data
DTXSID0046806,Inconclusive,Inactive,,,Missing or unavailable data
DTXSID0046808,Active,Active,,,Possible BLA viability interference
DTXSID0046850,Inactive,Inactive,Inactive,Inactive,Inactive in both primary assays
DTXSID0046852,Active,Inactive,,,Missing or unavailable data
DTXSID0046856,Inconclusive,Inactive,,,Missing or unavailable data
DTXSID0046858,Active,Active,,,Possible BLA viability interference
DTXSID0046989,Inconclusive,Inconclusive,Inactive,Inactive,Missing or unavailable data
DTXSID0047030,Inconclusive,Inconclusive,Inactive,Inactive,Missing or unavailable data
DTXSID0047032,Inconclusive,Inconclusive,Inactive,Inactive,Missing or unavailable data
DTXSID0047034,Inconclusive,Inactive,Inactive,Inactive,Missing or unavailable data
DTXSID0047036,Inactive,Inactive,Inactive,Inactive,Inactive in both primary assays
DTXSID0047038,Inconclusive,Inactive,Inactive,Inactive,Missing or unavailable data
DTXSID0047080,Inconclusive,Inactive,Inconclusive,Inactive,Missing or unavailable data
DTXSID0047082,Inconclusive,Inconclusive,Inconclusive,Inactive,Missing or unavailable data
DTXSID0047084,Inconclusive,Inconclusive,Inconclusive,Inactive,Missing or unavailable data
DTXSID0047086,Inactive,Inconclusive,Inconclusive,Inactive,Missing or unavailable data
DTXSID0047088,Inconclusive,Inactive,Inactive,Inactive,Missing or unavailable data
DTXSID0047111,Active,Active,Active,Inactive,Possible BLA viability interference
DTXSID0047113,Inconclusive,Inactive,Inactive,Inactive,Missing or unavailable data
DTXSID0047115,Inactive,Inactive,Inconclusive,Inactive,Missing or unavailable data
DTXSID0047117,Inactive,Inactive,Inactive,Inactive,Inactive in both primary assays
DTXSID0047161,Inactive,Inactive,Inactive,Inactive,Inactive in both primary assays
DTXSID0047163,Inactive,Inactive,Inactive,Inactive,Inactive in both primary assays
DTXSID0047165,Inconclusive,Inactive,Inconclusive,Inactive,Missing or unavailable data
DTXSID0047167,Inconclusive,Inactive,Inactive,Inactive,Missing or unavailable data
DTXSID0047169,Inconclusive,Inactive,Inactive,Inconclusive,Missing or unavailable data
DTXSID0047242,Active,Active,Inactive,Inactive,Possible BLA viability interference
DTXSID0047244,Inactive,Inactive,Inconclusive,Inactive,Missing or unavailable data
DTXSID0047246,Active,Active,Active,Active,Possible BLA viability interference
DTXSID0047248,Inactive,Inactive,Inconclusive,Inactive,Missing or unavailable data
DTXSID0047290,Active,Inactive,Active,Inactive,Both primary assays active - no viability interference detected
DTXSID0047292,Inconclusive,Inactive,Inactive,Inactive,Missing or unavailable data
DTXSID0047294,Active,Inactive,Inactive,Inactive,BLA active only
DTXSID0047296,Inactive,Inactive,Inactive,Inactive,Inactive in both primary assays
DTXSID0047325,Inactive,Active,Inactive,Inactive,Inactive in both primary assays
DTXSID0047327,Inconclusive,Inactive,Inactive,Inactive,Missing or unavailable data
DTXSID0047371,Active,Active,Inactive,Active,Possible BLA viability interference
DTXSID0047375,Inactive,Inconclusive,Inconclusive,Inactive,Missing or unavailable data
DTXSID0047377,Active,Active,Active,Active,Possible BLA viability interference
DTXSID0047379,Active,Active,Active,Inactive,Possible BLA viability interference
DTXSID0047400,,,Inactive,Inactive,Missing or unavailable data
DTXSID0047404,Inconclusive,Inactive,Inactive,Inactive,Missing or unavailable data
DTXSID0047406,Inactive,Inconclusive,Inactive,Inactive,Inactive in both primary assays
DTXSID0047408,Inconclusive,Inactive,Inactive,Inactive,Missing or unavailable data
DTXSID0047450,Inactive,Inactive,Inconclusive,Inactive,Missing or unavailable data
DTXSID0047454,Inconclusive,Inconclusive,Inconclusive,Inactive,Missing or unavailable data
DTXSID0047456,Inactive,Inconclusive,Inactive,Inactive,Inactive in both primary assays
DTXSID0047533,Inactive,Inactive,Inactive,Inactive,Inactive in both primary assays
DTXSID0047535,Inactive,Inconclusive,Inconclusive,Inactive,Missing or unavailable data
DTXSID0047537,Inactive,Inactive,Inconclusive,Inactive,Missing or unavailable data
DTXSID0047539,Inconclusive,Inactive,Inactive,Inactive,Missing or unavailable data
DTXSID0047581,Inconclusive,Inconclusive,Inactive,Inactive,Missing or unavailable data
DTXSID0047585,Inactive,Inconclusive,Inconclusive,Inactive,Missing or unavailable data
DTXSID0047587,Inactive,Inactive,Inconclusive,Inactive,Missing or unavailable data
DTXSID0047589,Inactive,Inconclusive,Inactive,Inactive,Inactive in both primary assays
DTXSID0047610,Inconclusive,Inactive,Inactive,Inactive,Missing or unavailable data
DTXSID0047614,Inactive,Inconclusive,Inactive,Inactive,Inactive in both primary assays
DTXSID0047618,Inconclusive,Inactive,Inconclusive,Inactive,Missing or unavailable data
DTXSID0047660,Inconclusive,Inconclusive,Inactive,Inactive,Missing or unavailable data
DTXSID0047662,Inactive,Inactive,Inconclusive,Inactive,Missing or unavailable data
DTXSID0047741,Inconclusive,Inactive,Active,Inactive,Missing or unavailable data
DTXSID0047745,Inactive,Inactive,Inconclusive,Inactive,Missing or unavailable data
DTXSID0047749,,,Inconclusive,Inactive,Missing or unavailable data
DTXSID0047797,Active,Active,Active,Active,Possible BLA viability interference
DTXSID0047799,Inconclusive,Inactive,Inconclusive,Inactive,Missing or unavailable data
DTXSID0047820,Inactive,Inactive,,,Missing or unavailable data
DTXSID0047822,Inactive,Inactive,Inconclusive,Inactive,Missing or unavailable data
DTXSID0047828,Inconclusive,Inactive,Inactive,Inactive,Missing or unavailable data
DTXSID0047870,Inactive,Inactive,Inactive,Inactive,Inactive in both primary assays
DTXSID0047872,Inactive,Inactive,Inactive,Inactive,Inactive in both primary assays
DTXSID0047874,Active,Inactive,Active,Inactive,Both primary assays active - no viability interference detected
DTXSID0047876,Active,Inactive,Inconclusive,Inactive,Missing or unavailable data
DTXSID0047878,Inconclusive,Inactive,Inactive,Inconclusive,Missing or unavailable data
DTXSID0047901,Inactive,Inactive,Inconclusive,Inactive,Missing or unavailable data
DTXSID0047903,Inactive,Inactive,Inactive,Inactive,Inactive in both primary assays
DTXSID0047905,Inconclusive,Inactive,Inactive,Inactive,Missing or unavailable data
DTXSID0047907,Inactive,Inactive,Inconclusive,Inactive,Missing or unavailable data
DTXSID0047909,Inactive,Inactive,Inconclusive,Inactive,Missing or unavailable data
DTXSID0047951,Inactive,Active,Active,Active,Possible MDA-kb2 viability interference
DTXSID0047953,Active,Active,Active,Active,Possible BLA viability interference
DTXSID0047955,Active,Active,Active,Active,Possible BLA viability interference
DTXSID0047957,Active,Inactive,Active,Inactive,Both primary assays active - no viability interference detected
DTXSID0047959,Inactive,Inactive,Active,Inactive,MDA-kb2 active only
DTXSID0048181,Inactive,Inactive,Inconclusive,Inactive,Missing or unavailable data
DTXSID0048183,Inactive,Inactive,Active,Inactive,MDA-kb2 active only
DTXSID0048185,Active,Active,Active,Active,Possible BLA viability interference
DTXSID0048187,Inactive,Inactive,Inconclusive,Inactive,Missing or unavailable data
DTXSID0048189,Active,Active,Active,Active,Possible BLA viability interference
DTXSID0048210,Inconclusive,Inconclusive,Inconclusive,Inactive,Missing or unavailable data
DTXSID0048349,Inactive,Inconclusive,,,Missing or unavailable data
DTXSID0048505,Active,Active,Active,Active,Possible BLA viability interference
DTXSID0048507,Active,Inactive,Inactive,Inactive,BLA active only
DTXSID0048509,Inconclusive,Inactive,Inactive,Inactive,Missing or unavailable data
DTXSID0048630,Inactive,Inactive,,,Missing or unavailable data
DTXSID0048632,Inactive,Inactive,Active,Active,Possible MDA-kb2 viability interference
DTXSID0048634,Inactive,Inconclusive,,,Missing or unavailable data
DTXSID0048636,Inactive,Inactive,Inactive,Inactive,Inactive in both primary assays
DTXSID0048638,Inactive,Inactive,Inactive,Inactive,Inactive in both primary assays
DTXSID0048680,Inconclusive,Inactive,Inactive,Inactive,Missing or unavailable data
DTXSID0048682,Inactive,Inactive,,,Missing or unavailable data
DTXSID0048684,Active,Active,Active,Active,Possible BLA viability interference
DTXSID0048686,Inactive,Inactive,Inconclusive,Inactive,Missing or unavailable data
DTXSID0048688,Active,Inactive,,,Missing or unavailable data
DTXSID0048711,Inactive,Inactive,,,Missing or unavailable data
DTXSID0048713,Inconclusive,Inactive,Inconclusive,Inactive,Missing or unavailable data
DTXSID0048715,Inactive,Inactive,,,Missing or unavailable data
DTXSID0048717,Inactive,Inactive,Inconclusive,Inactive,Missing or unavailable data
DTXSID0048719,Inactive,Inactive,,,Missing or unavailable data
DTXSID0048761,Inactive,Inactive,,,Missing or unavailable data
DTXSID0048763,Inactive,Inconclusive,,,Missing or unavailable data
DTXSID0048765,Inconclusive,Inactive,,,Missing or unavailable data
DTXSID0048767,Inconclusive,Inactive,,,Missing or unavailable data
DTXSID0048769,Inactive,Inactive,,,Missing or unavailable data
DTXSID0048840,Inactive,Inactive,Inactive,Inactive,Inactive in both primary assays
DTXSID0048842,Active,Inactive,Active,Inactive,Both primary assays active - no viability interference detected
DTXSID0048844,Inconclusive,Inconclusive,Inactive,Inactive,Missing or unavailable data
DTXSID0048846,Active,Active,Active,Active,Possible BLA viability interference
DTXSID0048848,Inconclusive,Inactive,Inactive,Inactive,Missing or unavailable data
DTXSID0048890,Inactive,Inactive,Inactive,Inactive,Inactive in both primary assays
DTXSID0048892,Inactive,Inconclusive,Inconclusive,Inactive,Missing or unavailable data
DTXSID0048894,Inactive,Inactive,Inconclusive,Inactive,Missing or unavailable data
DTXSID0048896,Inactive,Inactive,Inactive,Inactive,Inactive in both primary assays
DTXSID0048898,Inactive,Inactive,Inconclusive,Inactive,Missing or unavailable data
DTXSID0048921,Inactive,Inactive,Inactive,Inactive,Inactive in both primary assays
DTXSID0048923,Inactive,Inactive,,,Missing or unavailable data
DTXSID0048925,Inconclusive,Inactive,,,Missing or unavailable data
DTXSID0048927,Inactive,Inactive,Inconclusive,Inactive,Missing or unavailable data
DTXSID0048929,Inactive,Inactive,Inactive,Inactive,Inactive in both primary assays
DTXSID0048971,Inconclusive,Inactive,,,Missing or unavailable data
DTXSID0048973,Inactive,Inconclusive,,,Missing or unavailable data
DTXSID0048975,Inactive,Inconclusive,Inconclusive,Inconclusive,Missing or unavailable data
DTXSID0048977,Active,Active,,,Possible BLA viability interference
DTXSID0048979,Inconclusive,Inactive,,,Missing or unavailable data
DTXSID0049020,Inactive,Inactive,,,Missing or unavailable data
DTXSID0049022,Inactive,Inactive,Inconclusive,Inactive,Missing or unavailable data
DTXSID0049024,Inconclusive,Inactive,,,Missing or unavailable data
DTXSID0049026,Inactive,Inactive,,,Missing or unavailable data
DTXSID0049028,Inactive,Inactive,,,Missing or unavailable data
DTXSID0049070,Active,Inactive,,,Missing or unavailable data
DTXSID0049072,Inconclusive,Inactive,,,Missing or unavailable data
DTXSID0049074,Active,Active,,,Possible BLA viability interference
DTXSID0049076,Inactive,Inactive,Inactive,Inactive,Inactive in both primary assays
DTXSID0049078,Inactive,Inactive,Inconclusive,Inactive,Missing or unavailable data
DTXSID0049230,Inactive,Inactive,Active,Inactive,MDA-kb2 active only
DTXSID0049232,Inactive,Inactive,Inactive,Inactive,Inactive in both primary assays
DTXSID0049234,Inconclusive,Inactive,Inactive,Inactive,Missing or unavailable data
DTXSID0049236,Inactive,Inactive,Inactive,Inactive,Inactive in both primary assays
DTXSID0049238,Active,Active,Active,Active,Possible BLA viability interference
DTXSID0049280,Inactive,Inactive,Inactive,Inactive,Inactive in both primary assays
DTXSID0049282,Inconclusive,Inactive,Inactive,Inactive,Missing or unavailable data
DTXSID0049284,Inactive,Inconclusive,Inconclusive,Inactive,Missing or unavailable data
DTXSID0049286,Inconclusive,Inactive,Inconclusive,Inactive,Missing or unavailable data
DTXSID0049288,Inconclusive,Inactive,Inconclusive,Inactive,Missing or unavailable data
DTXSID0049311,Inactive,Inactive,Inactive,Inactive,Inactive in both primary assays
DTXSID0049313,Inactive,Inactive,Inactive,Inactive,Inactive in both primary assays
DTXSID0049315,Active,Inactive,Active,Inactive,Both primary assays active - no viability interference detected
DTXSID0049317,Inactive,Inactive,Inactive,Inactive,Inactive in both primary assays
DTXSID0049319,Inactive,Active,Inconclusive,Inactive,Missing or unavailable data
DTXSID0049361,Inactive,Inconclusive,Inactive,Inactive,Inactive in both primary assays
DTXSID0049363,Inactive,Inconclusive,Inactive,Inactive,Inactive in both primary assays
DTXSID0049365,Inactive,Inactive,Inconclusive,Inactive,Missing or unavailable data
DTXSID0049367,Inconclusive,Inactive,Inconclusive,Inactive,Missing or unavailable data
DTXSID0049369,Inactive,Inconclusive,Inconclusive,Inactive,Missing or unavailable data
DTXSID0049446,Inactive,Inactive,Inactive,Inactive,Inactive in both primary assays
DTXSID0049448,Inactive,Inconclusive,Inactive,Inactive,Inactive in both primary assays
DTXSID0049490,Inactive,Inactive,Inconclusive,Inactive,Missing or unavailable data
DTXSID0049492,Inactive,Inconclusive,Inconclusive,Inconclusive,Missing or unavailable data
DTXSID0049494,Inactive,Inactive,Inconclusive,Inactive,Missing or unavailable data
DTXSID0049496,Active,Inactive,Inconclusive,Inactive,Missing or unavailable data
DTXSID0049498,Inactive,Inconclusive,Inconclusive,Inactive,Missing or unavailable data
DTXSID0049521,Inconclusive,Inconclusive,Inactive,Inactive,Missing or unavailable data
DTXSID0049523,Inactive,Inconclusive,Inactive,Inactive,Inactive in both primary assays
DTXSID0049525,Inactive,Inconclusive,Inactive,Inactive,Inactive in both primary assays
DTXSID0049527,Inconclusive,Inactive,Inactive,Inactive,Missing or unavailable data
DTXSID0049529,Inactive,Inactive,Inactive,Inactive,Inactive in both primary assays
DTXSID0050423,Inactive,Inactive,Inactive,Inactive,Inactive in both primary assays
DTXSID0050425,Inactive,Inactive,,,Missing or unavailable data
DTXSID0051447,,,Inconclusive,Inactive,Missing or unavailable data
DTXSID0051493,,,Inactive,Inactive,Missing or unavailable data
DTXSID0051497,,,Inactive,Inactive,Missing or unavailable data
DTXSID0051499,,,Inactive,Inactive,Missing or unavailable data
DTXSID0051570,,,Inconclusive,Inconclusive,Missing or unavailable data
DTXSID0051574,,,Inactive,Inactive,Missing or unavailable data
DTXSID0051732,,,Inactive,Inactive,Missing or unavailable data
DTXSID0051736,,,Inactive,Inactive,Missing or unavailable data
DTXSID0051738,,,Inconclusive,Inactive,Missing or unavailable data
DTXSID0051782,,,Inconclusive,Inactive,Missing or unavailable data
DTXSID0051863,,,Inconclusive,Inactive,Missing or unavailable data
DTXSID0051944,,,Inconclusive,Inactive,Missing or unavailable data
DTXSID0051996,,,Active,Inactive,Missing or unavailable data
DTXSID0052043,,,Inactive,Inactive,Missing or unavailable data
DTXSID0052124,,,Inconclusive,Inactive,Missing or unavailable data
DTXSID0052463,,,Active,Inactive,Missing or unavailable data
DTXSID0052542,,,Inconclusive,Inactive,Missing or unavailable data
DTXSID0052590,,,Inactive,Inactive,Missing or unavailable data
DTXSID0052594,,,Inconclusive,Inactive,Missing or unavailable data
DTXSID0052596,,,Inactive,Inactive,Missing or unavailable data
DTXSID0052598,,,Inconclusive,Inactive,Missing or unavailable data
DTXSID0052621,,,Inactive,Inactive,Missing or unavailable data
DTXSID0052629,,,Inconclusive,Inactive,Missing or unavailable data
DTXSID0052833,,,Inconclusive,Inactive,Missing or unavailable data
DTXSID0052837,,,Inconclusive,Inactive,Missing or unavailable data
DTXSID0052839,,,Inactive,Inactive,Missing or unavailable data
DTXSID0057621,,,Inactive,Inactive,Missing or unavailable data
DTXSID0057623,,,Active,Inactive,Missing or unavailable data
DTXSID0057625,,,Inconclusive,Active,Missing or unavailable data
DTXSID0057627,,,Active,Active,Possible MDA-kb2 viability interference
DTXSID0057629,,,Inactive,Inactive,Missing or unavailable data
DTXSID0057671,,,Inconclusive,Inactive,Missing or unavailable data
DTXSID0057673,,,Inactive,Inactive,Missing or unavailable data
DTXSID0057677,,,Inconclusive,Inconclusive,Missing or unavailable data
DTXSID0057679,,,Inconclusive,Inactive,Missing or unavailable data
DTXSID0057700,,,Inactive,Inactive,Missing or unavailable data
DTXSID0057702,,,Active,Inactive,Missing or unavailable data
DTXSID0057704,,,Inactive,Inactive,Missing or unavailable data
DTXSID0057706,,,Inactive,Inconclusive,Missing or unavailable data
DTXSID0057708,,,Inconclusive,Inactive,Missing or unavailable data
DTXSID0057750,,,Inconclusive,Inactive,Missing or unavailable data
DTXSID0057752,,,Inconclusive,Inactive,Missing or unavailable data
DTXSID0057754,,,Inconclusive,Inactive,Missing or unavailable data
DTXSID0057756,,,Inactive,Inactive,Missing or unavailable data
DTXSID0057758,,,Inactive,Inconclusive,Missing or unavailable data
DTXSID0057831,,,Active,Inactive,Missing or unavailable data
DTXSID0057833,,,Inconclusive,Inconclusive,Missing or unavailable data
DTXSID0057835,,,Inactive,Inactive,Missing or unavailable data
DTXSID0057837,,,Inactive,Inactive,Missing or unavailable data
DTXSID0057839,,,Inactive,Inactive,Missing or unavailable data
DTXSID1020015,Inactive,Inactive,Inactive,Inactive,Inactive in both primary assays
DTXSID1020063,Inactive,Inactive,Inactive,Active,Inactive in both primary assays
DTXSID1020069,Active,Active,Active,Active,Possible BLA viability interference
DTXSID1020140,Inconclusive,Inconclusive,Inactive,Inactive,Missing or unavailable data
DTXSID1020142,Inactive,Inconclusive,Inconclusive,Inactive,Missing or unavailable data
DTXSID1020144,Inactive,Inactive,Inconclusive,Inactive,Missing or unavailable data
DTXSID1020146,Inconclusive,Inconclusive,Inactive,Inactive,Missing or unavailable data
DTXSID1020148,Inconclusive,Inactive,Inconclusive,Inactive,Missing or unavailable data
DTXSID1020190,Inactive,Inactive,Inactive,Inactive,Inactive in both primary assays
DTXSID1020194,Inconclusive,Inactive,Inconclusive,Inactive,Missing or unavailable data
DTXSID1020198,Inactive,Inconclusive,Inactive,Inactive,Inactive in both primary assays
DTXSID1020221,Inactive,Inconclusive,Inactive,Inactive,Inactive in both primary assays
DTXSID1020223,Inactive,Inactive,Inactive,Inactive,Inactive in both primary assays
DTXSID1020275,Active,Inactive,Active,Inactive,Both primary assays active - no viability interference detected
DTXSID1020279,Inactive,Inactive,Inactive,Inactive,Inactive in both primary assays
DTXSID1020300,Inconclusive,Inconclusive,Inconclusive,Inactive,Missing or unavailable data
DTXSID1020306,Inactive,Inconclusive,Inconclusive,Inconclusive,Missing or unavailable data
DTXSID1020308,Inactive,Inactive,Inactive,Inconclusive,Inactive in both primary assays
DTXSID1020350,Inconclusive,Inactive,Active,Inactive,Missing or unavailable data
DTXSID1020352,Inactive,Active,Inconclusive,Inactive,Missing or unavailable data
DTXSID1020354,Inactive,Inactive,Inactive,Inactive,Inactive in both primary assays
DTXSID1020358,Inactive,Inactive,Inactive,Inactive,Inactive in both primary assays
DTXSID1020431,Inconclusive,Inconclusive,Inactive,Inactive,Missing or unavailable data
DTXSID1020433,Active,Active,Active,Inactive,Possible BLA viability interference
DTXSID1020437,Inactive,Inconclusive,Inconclusive,Inactive,Missing or unavailable data
DTXSID1020439,Inactive,Inactive,Inactive,Inactive,Inactive in both primary assays
DTXSID1020483,Inactive,Inconclusive,Inconclusive,Inactive,Missing or unavailable data
DTXSID1020485,Active,Inactive,Active,Inactive,Both primary assays active - no viability interference detected
DTXSID1020510,Active,Active,Active,Inactive,Possible BLA viability interference
DTXSID1020512,Inactive,Inactive,Inactive,Inactive,Inactive in both primary assays
DTXSID1020516,Inconclusive,Inactive,Inactive,Inactive,Missing or unavailable data
DTXSID1020560,Active,Active,Active,Inactive,Possible BLA viability interference
DTXSID1020562,Inactive,Inconclusive,Inactive,Inactive,Inactive in both primary assays
DTXSID1020566,Inactive,Inactive,Inactive,Inactive,Inactive in both primary assays
DTXSID1020647,Inactive,Inconclusive,Inactive,Inactive,Inactive in both primary assays
DTXSID1020697,Inactive,Inactive,Active,Inactive,MDA-kb2 active only
DTXSID1020699,Inactive,Inactive,Active,Inactive,MDA-kb2 active only
DTXSID1020728,Inactive,Inactive,Inactive,Inactive,Inactive in both primary assays
DTXSID1020770,Active,Active,Active,Active,Possible BLA viability interference
DTXSID1020778,Inactive,Inconclusive,Inactive,Inactive,Inactive in both primary assays
DTXSID1020803,Inactive,Inactive,Inactive,Inactive,Inactive in both primary assays
DTXSID1020805,Inactive,Inconclusive,Inconclusive,Inactive,Missing or unavailable data
DTXSID1020807,Active,Active,Inactive,Inactive,Possible BLA viability interference
DTXSID1020809,Inconclusive,Inactive,Inconclusive,Inactive,Missing or unavailable data
DTXSID1020855,Inactive,Inactive,Inactive,Active,Inactive in both primary assays
DTXSID1020857,Inactive,Inactive,Inactive,Inactive,Inactive in both primary assays
DTXSID1020859,Inactive,Inactive,Inconclusive,Inactive,Missing or unavailable data
DTXSID1020930,Inconclusive,Inconclusive,Inactive,Inactive,Missing or unavailable data
DTXSID1020932,Inactive,Inconclusive,Inconclusive,Inactive,Missing or unavailable data
DTXSID1020980,Inactive,Inconclusive,Inconclusive,Inactive,Missing or unavailable data
DTXSID1020982,Active,Active,Inactive,Inactive,Possible BLA viability interference
DTXSID1020984,Inactive,Inconclusive,Inactive,Inactive,Inactive in both primary assays
DTXSID1021031,Active,Active,Active,Active,Possible BLA viability interference
DTXSID1021039,Inconclusive,Inactive,Inconclusive,Inactive,Missing or unavailable data
DTXSID1021081,Inconclusive,Inactive,Inconclusive,Active,Missing or unavailable data
DTXSID1021087,Inactive,Inactive,Active,Inactive,MDA-kb2 active only
DTXSID1021089,Inactive,Inactive,Inactive,Inactive,Inactive in both primary assays
DTXSID1021114,Active,Active,Active,Active,Possible BLA viability interference
DTXSID1021116,Inactive,Inconclusive,Inconclusive,Inactive,Missing or unavailable data
DTXSID1021118,Active,Inactive,Inconclusive,Active,Missing or unavailable data
DTXSID1021160,Inactive,Inactive,Inactive,Inactive,Inactive in both primary assays
DTXSID1021162,Inconclusive,Inactive,Inactive,Inactive,Missing or unavailable data
DTXSID1021164,Inactive,Inconclusive,Inactive,Inactive,Inactive in both primary assays
DTXSID1021166,Inactive,Inactive,Inactive,Inconclusive,Inactive in both primary assays
DTXSID1021168,Active,Active,Active,Inactive,Possible BLA viability interference
DTXSID1021241,Inactive,Inactive,Inactive,Inactive,Inactive in both primary assays
DTXSID1021243,Active,Active,Active,Active,Possible BLA viability interference
DTXSID1021247,Active,Active,Active,Active,Possible BLA viability interference
DTXSID1021291,Inconclusive,Inactive,Inconclusive,Inactive,Missing or unavailable data
DTXSID1021299,Inactive,Inactive,Active,Inactive,MDA-kb2 active only
DTXSID1021320,Active,Active,Active,Inactive,Possible BLA viability interference
DTXSID1021322,Active,Active,Active,Active,Possible BLA viability interference
DTXSID1021328,Inconclusive,Inactive,Inconclusive,Inactive,Missing or unavailable data
DTXSID1021372,Active,Inactive,Inconclusive,Inactive,Missing or unavailable data
DTXSID1021374,Inactive,Inconclusive,Inconclusive,Inactive,Missing or unavailable data
DTXSID1021378,Inactive,Inactive,Inconclusive,Inactive,Missing or unavailable data
DTXSID1021403,Inactive,Inactive,Inactive,Inconclusive,Inactive in both primary assays
DTXSID1021405,Inactive,Inactive,Inconclusive,Inactive,Missing or unavailable data
DTXSID1021409,Active,Active,Active,Active,Possible BLA viability interference
DTXSID1021455,Inactive,Inactive,Inactive,Active,Inactive in both primary assays
DTXSID1021530,Inactive,Inactive,Inactive,Inactive,Inactive in both primary assays
DTXSID1021584,Inconclusive,Inactive,Inconclusive,Inactive,Missing or unavailable data
DTXSID1021586,Inactive,Inconclusive,Inactive,Inactive,Inactive in both primary assays
DTXSID1021615,Inactive,Inconclusive,Inconclusive,Inactive,Missing or unavailable data
DTXSID1021617,Inconclusive,Inactive,Active,Inactive,Missing or unavailable data
DTXSID1021619,Inconclusive,Inactive,Inactive,Inactive,Missing or unavailable data
DTXSID1021665,Inactive,Inactive,Inconclusive,Inactive,Missing or unavailable data
DTXSID1021667,Active,Active,Active,Active,Possible BLA viability interference
DTXSID1021740,Inactive,Inconclusive,Inconclusive,Inactive,Missing or unavailable data
DTXSID1021744,Inactive,Inactive,Inactive,Inactive,Inactive in both primary assays
DTXSID1021790,Inactive,Inactive,Inactive,Inactive,Inactive in both primary assays
DTXSID1021792,Inactive,Inactive,Inactive,Inactive,Inactive in both primary assays
DTXSID1021798,Inconclusive,Inactive,Inactive,Inactive,Missing or unavailable data
DTXSID1021821,Inconclusive,Inactive,Inactive,Inactive,Missing or unavailable data
DTXSID1021823,Inactive,Inactive,Inactive,Inactive,Inactive in both primary assays
DTXSID1021827,Inactive,Inactive,Inconclusive,Inconclusive,Missing or unavailable data
DTXSID1021871,Inactive,Inconclusive,Inconclusive,Inactive,Missing or unavailable data
DTXSID1021873,Inconclusive,Inactive,Inconclusive,Inactive,Missing or unavailable data
DTXSID1021877,Inconclusive,Inactive,Inactive,Inactive,Missing or unavailable data
DTXSID1021879,Inactive,Inconclusive,Inconclusive,Inactive,Missing or unavailable data
DTXSID1021902,Inactive,Inactive,Inconclusive,Inactive,Missing or unavailable data
DTXSID1021904,Inactive,Inactive,Inactive,Inactive,Inactive in both primary assays
DTXSID1021952,Active,Inactive,Inactive,Inactive,BLA active only
DTXSID1021956,Inactive,Inconclusive,Inconclusive,Inactive,Missing or unavailable data
DTXSID1021958,Inconclusive,Inconclusive,Inactive,Inconclusive,Missing or unavailable data
DTXSID1022001,Inactive,Inactive,Inactive,Inactive,Inactive in both primary assays
DTXSID1022003,,,Inactive,Inactive,Missing or unavailable data
DTXSID1022007,Inactive,Inactive,Inactive,Inactive,Inactive in both primary assays
DTXSID1022009,Inconclusive,Inactive,Inconclusive,Inactive,Missing or unavailable data
DTXSID1022051,Inactive,Inconclusive,Inactive,Inactive,Inactive in both primary assays
DTXSID1022053,Active,Active,Active,Active,Possible BLA viability interference
DTXSID1022055,Inconclusive,Inactive,Inactive,Inactive,Missing or unavailable data
DTXSID1022057,Inactive,Inactive,Inactive,Inactive,Inactive in both primary assays
DTXSID1022130,Inactive,Inactive,Inconclusive,Inactive,Missing or unavailable data
DTXSID1022138,Inactive,Inactive,Inactive,Inactive,Inactive in both primary assays
DTXSID1022180,Inconclusive,Inconclusive,Inconclusive,Inactive,Missing or unavailable data
DTXSID1022186,Inconclusive,Inconclusive,Inconclusive,Inactive,Missing or unavailable data
DTXSID1022188,Inactive,Inconclusive,Inactive,Inactive,Inactive in both primary assays
DTXSID1022217,Inactive,Inactive,Inactive,Inactive,Inactive in both primary assays
DTXSID1022265,Active,Inactive,Active,Inactive,Both primary assays active - no viability interference detected
DTXSID1022267,Inactive,Inconclusive,Active,Inactive,MDA-kb2 active only
DTXSID1022394,Active,Inactive,Inconclusive,Inactive,Missing or unavailable data
DTXSID1022396,Active,Inactive,Inconclusive,Inactive,Missing or unavailable data
DTXSID1022421,Inactive,Inactive,Inconclusive,Inactive,Missing or unavailable data
DTXSID1022425,Active,Inconclusive,Active,Inactive,Missing or unavailable data
DTXSID1022479,Inactive,Inactive,Inactive,Inactive,Inactive in both primary assays
DTXSID1022508,Active,Active,Active,Active,Possible BLA viability interference
DTXSID1022556,Inconclusive,Inactive,Inconclusive,Inactive,Missing or unavailable data
DTXSID1022558,Inconclusive,Inactive,Inactive,Inactive,Missing or unavailable data
DTXSID1022635,Active,Inactive,Inconclusive,Inactive,Missing or unavailable data
DTXSID1022681,Inactive,Inactive,Active,Inactive,MDA-kb2 active only
DTXSID1022683,,,Inactive,Inactive,Missing or unavailable data
DTXSID1022685,Inconclusive,Inconclusive,,,Missing or unavailable data
DTXSID1022687,Active,Inactive,,,Missing or unavailable data
DTXSID1022718,Inactive,Inconclusive,Inconclusive,Inactive,Missing or unavailable data
DTXSID1022760,Inactive,Inactive,,,Missing or unavailable data
DTXSID1022762,Inactive,Inconclusive,,,Missing or unavailable data
DTXSID1022764,Inactive,Inactive,Inconclusive,Inactive,Missing or unavailable data
DTXSID1022766,Inconclusive,Inactive,,,Missing or unavailable data
DTXSID1022768,Inconclusive,Inconclusive,,,Missing or unavailable data
DTXSID1022843,Active,Active,Active,Active,Possible BLA viability interference
DTXSID1022847,Inactive,Inactive,,,Missing or unavailable data
DTXSID1022897,Active,Active,Inconclusive,Inactive,Possible BLA viability interference
DTXSID1022922,Active,Inactive,,,Missing or unavailable data
DTXSID1022926,Inactive,Active,Inactive,Inactive,Inactive in both primary assays
DTXSID1022974,Active,Inactive,Active,Inactive,Both primary assays active - no viability interference detected
DTXSID1022978,Inconclusive,Inconclusive,Inconclusive,Inactive,Missing or unavailable data
DTXSID1023021,Active,Inactive,Inactive,Inactive,BLA active only
DTXSID1023027,Inactive,Inactive,,,Missing or unavailable data
DTXSID1023071,Inactive,Inactive,Inactive,Inactive,Inactive in both primary assays
DTXSID1023102,Inactive,Inconclusive,Inconclusive,Inactive,Missing or unavailable data
DTXSID1023150,Active,Inactive,Inactive,Inactive,BLA active only
DTXSID1023158,Inconclusive,Inactive,Inconclusive,Inactive,Missing or unavailable data
DTXSID1023231,Inactive,Inactive,Inactive,Inactive,Inactive in both primary assays
DTXSID1023235,Inactive,Inconclusive,Inconclusive,Inactive,Missing or unavailable data
DTXSID1023239,,,Inconclusive,Inactive,Missing or unavailable data
DTXSID1023281,Inactive,Inconclusive,,,Missing or unavailable data
DTXSID1023283,Inconclusive,Inconclusive,Inconclusive,Inactive,Missing or unavailable data
DTXSID1023310,Inactive,Inconclusive,,,Missing or unavailable data
DTXSID1023314,Inconclusive,Inconclusive,Inconclusive,Inactive,Missing or unavailable data
DTXSID1023316,Inconclusive,Inconclusive,,,Missing or unavailable data
DTXSID1023362,Inactive,Inactive,Inconclusive,Inactive,Missing or unavailable data
DTXSID1023364,Inactive,Inactive,Inconclusive,Inactive,Missing or unavailable data
DTXSID1023368,Inactive,Inactive,Inconclusive,Inconclusive,Missing or unavailable data
DTXSID1023441,Inactive,Inactive,Active,Inactive,MDA-kb2 active only
DTXSID1023495,Inactive,Inactive,Inconclusive,Inactive,Missing or unavailable data
DTXSID1023497,Inconclusive,Inactive,Inconclusive,Inactive,Missing or unavailable data
DTXSID1023526,Inactive,Inconclusive,,,Missing or unavailable data
DTXSID1023572,Inconclusive,Inactive,Inactive,Inactive,Missing or unavailable data
DTXSID1023576,Inactive,Inactive,,,Missing or unavailable data
DTXSID1023603,Inconclusive,Inactive,Inactive,Inactive,Missing or unavailable data
DTXSID1023605,Active,Inconclusive,Inactive,Inactive,BLA active only
DTXSID1023607,Inactive,Inactive,Inactive,Inactive,Inactive in both primary assays
DTXSID1023609,Inactive,Inactive,Inactive,Inconclusive,Inactive in both primary assays
DTXSID1023730,Inactive,Inconclusive,Inactive,Inactive,Inactive in both primary assays
DTXSID1023734,Inactive,Inconclusive,,,Missing or unavailable data
DTXSID1023736,Inactive,Inactive,Inactive,Inactive,Inactive in both primary assays
DTXSID1023786,Inconclusive,Inconclusive,Inactive,Inactive,Missing or unavailable data
DTXSID1023815,Inconclusive,Inconclusive,Inactive,Inactive,Missing or unavailable data
DTXSID1023817,Inactive,Inactive,Active,Active,Possible MDA-kb2 viability interference
DTXSID1023819,Inactive,Inactive,Inactive,Inactive,Inactive in both primary assays
DTXSID1023869,Inactive,Inactive,Inactive,Inactive,Inactive in both primary assays
DTXSID1023990,Inactive,Inactive,Inactive,Inactive,Inactive in both primary assays
DTXSID1023996,Inconclusive,Inconclusive,Inactive,Inactive,Missing or unavailable data
DTXSID1023998,Inactive,Inactive,Inactive,Inactive,Inactive in both primary assays
DTXSID1024045,Inactive,Inactive,Inactive,Inactive,Inactive in both primary assays
DTXSID1024049,Inconclusive,Inactive,Inactive,Inactive,Missing or unavailable data
DTXSID1024091,Inconclusive,Inactive,Inactive,Inactive,Missing or unavailable data
DTXSID1024097,Inactive,Inactive,Inactive,Inactive,Inactive in both primary assays
DTXSID1024124,Inactive,Inactive,Inactive,Inactive,Inactive in both primary assays
DTXSID1024126,Active,Active,Active,Inactive,Possible BLA viability interference
DTXSID1024128,Inactive,Inconclusive,Inconclusive,Inactive,Missing or unavailable data
DTXSID1024170,Inconclusive,Inactive,Inconclusive,Inactive,Missing or unavailable data
DTXSID1024174,Inactive,Inactive,Inactive,Inactive,Inactive in both primary assays
DTXSID1024176,Inconclusive,Inconclusive,Inactive,Inactive,Missing or unavailable data
DTXSID1024209,Active,Active,Active,Inactive,Possible BLA viability interference
DTXSID1024255,Inactive,Inactive,Inconclusive,Inactive,Missing or unavailable data
DTXSID1024259,Active,Active,Active,Inactive,Possible BLA viability interference
DTXSID1024334,Active,Active,Inactive,Inactive,Possible BLA viability interference
DTXSID1024338,Inactive,Inconclusive,Inactive,Inactive,Inactive in both primary assays
DTXSID1024413,Inactive,Inactive,Inconclusive,Inactive,Missing or unavailable data
DTXSID1024463,Inactive,Inactive,Inconclusive,Inactive,Missing or unavailable data
DTXSID1024465,Inconclusive,Inactive,Inconclusive,Inactive,Missing or unavailable data
DTXSID1024467,Inconclusive,Inconclusive,Inactive,Inactive,Missing or unavailable data
DTXSID1024598,Inactive,Inactive,Inactive,Inactive,Inactive in both primary assays
DTXSID1024621,Inactive,Inactive,Inactive,Inactive,Inactive in both primary assays
DTXSID1024625,Inactive,Inactive,Active,Inactive,MDA-kb2 active only
DTXSID1024629,Inconclusive,Inactive,Inactive,Inactive,Missing or unavailable data
DTXSID1024702,Inactive,Inactive,Inactive,Inactive,Inactive in both primary assays
DTXSID1024704,Inconclusive,Inactive,Inconclusive,Inactive,Missing or unavailable data
DTXSID1024831,Inconclusive,Inactive,Inconclusive,Inactive,Missing or unavailable data
DTXSID1024835,Inactive,Inactive,Active,Inactive,MDA-kb2 active only
DTXSID1024837,,,Inactive,Inactive,Missing or unavailable data
DTXSID1024881,Inconclusive,Inconclusive,Inconclusive,Inactive,Missing or unavailable data
DTXSID1024885,Active,Inactive,Active,Inactive,Both primary assays active - no viability interference detected
DTXSID1024887,Inactive,Inactive,Active,Inactive,MDA-kb2 active only
DTXSID1024912,Inconclusive,Inconclusive,Inconclusive,Inactive,Missing or unavailable data
DTXSID1024916,Inconclusive,Inconclusive,Inactive,Inactive,Missing or unavailable data
DTXSID1024918,Inactive,Inactive,Inconclusive,Inactive,Missing or unavailable data
DTXSID1024966,Inconclusive,Inconclusive,Inactive,Inactive,Missing or unavailable data
DTXSID1025013,Inconclusive,Inconclusive,Active,Active,Possible MDA-kb2 viability interference
DTXSID1025017,Inactive,Inactive,Active,Inactive,MDA-kb2 active only
DTXSID1025063,Inactive,Inconclusive,Inconclusive,Inactive,Missing or unavailable data
DTXSID1025065,Inconclusive,Active,Active,Active,Possible MDA-kb2 viability interference
DTXSID1025148,Inactive,Inactive,Inactive,Inactive,Inactive in both primary assays
DTXSID1025221,Inactive,Inactive,Inactive,Inactive,Inactive in both primary assays
DTXSID1025271,Inactive,Inactive,Inactive,Inactive,Inactive in both primary assays
DTXSID1025279,Inactive,Inactive,Inactive,Inactive,Inactive in both primary assays
DTXSID1025300,Inactive,Inactive,Inactive,Inactive,Inactive in both primary assays
DTXSID1025302,Inactive,Inconclusive,Inactive,Inconclusive,Inactive in both primary assays
DTXSID1025304,Inactive,Inactive,Inactive,Inactive,Inactive in both primary assays
DTXSID1025306,Inactive,Inactive,Inactive,Inactive,Inactive in both primary assays
DTXSID1025308,Inactive,Inconclusive,Inactive,Inactive,Inactive in both primary assays
DTXSID1025431,Active,Inactive,Active,Inactive,Both primary assays active - no viability interference detected
DTXSID1025433,,,Inconclusive,Inactive,Missing or unavailable data
DTXSID1025437,Inactive,Inactive,Inconclusive,Inactive,Missing or unavailable data
DTXSID1025481,Inactive,Inconclusive,Inactive,Inactive,Inactive in both primary assays
DTXSID1025483,Inconclusive,Inactive,Inconclusive,Inactive,Missing or unavailable data
DTXSID1025485,Active,Active,Active,Active,Possible BLA viability interference
DTXSID1025512,,,Active,Active,Possible MDA-kb2 viability interference
DTXSID1025560,Inactive,Inconclusive,Active,Inactive,MDA-kb2 active only
DTXSID1025641,Inactive,Inconclusive,Inconclusive,Inactive,Missing or unavailable data
DTXSID1025649,Inactive,Inactive,Active,Inactive,MDA-kb2 active only
DTXSID1025693,Inconclusive,Inactive,Inactive,Inactive,Missing or unavailable data
DTXSID1025722,Inconclusive,Inconclusive,Inactive,Inactive,Missing or unavailable data
DTXSID1025724,Inactive,Inactive,Inactive,Inactive,Inactive in both primary assays
DTXSID1025726,Inconclusive,Inactive,Inactive,Inactive,Missing or unavailable data
DTXSID1025770,Inactive,Inconclusive,Inactive,Active,Inactive in both primary assays
DTXSID1025774,Inactive,Inactive,Inactive,Inactive,Inactive in both primary assays
DTXSID1025776,Inactive,Inactive,Inactive,Inactive,Inactive in both primary assays
DTXSID1025805,Active,Active,Active,Active,Possible BLA viability interference
DTXSID1025807,Inactive,Inactive,Inconclusive,Inactive,Missing or unavailable data
DTXSID1025809,Inactive,Inactive,Inactive,Inactive,Inactive in both primary assays
DTXSID1025851,Inactive,Inactive,Inconclusive,Inactive,Missing or unavailable data
DTXSID1025853,Inactive,Inconclusive,,,Missing or unavailable data
DTXSID1025857,Active,Active,Active,Active,Possible BLA viability interference
DTXSID1025930,Active,Inactive,Active,Active,Possible MDA-kb2 viability interference
DTXSID1025934,Inactive,Inactive,Inconclusive,Inactive,Missing or unavailable data
DTXSID1026031,Inactive,Inactive,Inactive,Inactive,Inactive in both primary assays
DTXSID1026033,Inactive,Inconclusive,Inactive,Inactive,Inactive in both primary assays
DTXSID1026035,Active,Active,Inactive,Inactive,Possible BLA viability interference
DTXSID1026081,Active,Active,Inactive,Inactive,Possible BLA viability interference
DTXSID1026083,Inactive,Inactive,Inactive,Inactive,Inactive in both primary assays
DTXSID1026089,Inconclusive,Inconclusive,Inconclusive,Inactive,Missing or unavailable data
DTXSID1026112,Inconclusive,Inactive,Inactive,Inactive,Missing or unavailable data
DTXSID1026118,Inactive,Inconclusive,Inactive,Inactive,Inactive in both primary assays
DTXSID1026164,Inactive,Inactive,Inconclusive,Inactive,Missing or unavailable data
DTXSID1026241,Inactive,Inconclusive,Inactive,Inactive,Inactive in both primary assays
DTXSID1026293,Inactive,Inactive,Inactive,Inactive,Inactive in both primary assays
DTXSID1026457,Inactive,Inconclusive,Inactive,Inactive,Inactive in both primary assays
DTXSID1026536,Inactive,Inconclusive,Inactive,Inactive,Inactive in both primary assays
DTXSID1026615,Inactive,Inconclusive,Inconclusive,Inactive,Missing or unavailable data
DTXSID1026619,Inconclusive,Inactive,Inconclusive,Inactive,Missing or unavailable data
DTXSID1026661,Inactive,Inconclusive,Inactive,Inconclusive,Inactive in both primary assays
DTXSID1026665,Inconclusive,Inactive,Inactive,Inactive,Missing or unavailable data
DTXSID1026667,Inactive,Inactive,Inconclusive,Inactive,Missing or unavailable data
DTXSID1026740,Inactive,Inactive,Inconclusive,Inactive,Missing or unavailable data
DTXSID1026792,Inactive,Inactive,Inactive,Inactive,Inactive in both primary assays
DTXSID1026796,Inconclusive,Inconclusive,Inconclusive,Inactive,Missing or unavailable data
DTXSID1026879,Inconclusive,Inactive,Inconclusive,Inactive,Missing or unavailable data
DTXSID1026900,Active,Active,Active,Active,Possible BLA viability interference
DTXSID1026902,Active,Active,Active,Active,Possible BLA viability interference
DTXSID1026904,Inconclusive,Inactive,Inactive,Inactive,Missing or unavailable data
DTXSID1026906,Inconclusive,Inconclusive,Inactive,Inactive,Missing or unavailable data
DTXSID1026908,Inactive,Inactive,Inconclusive,Inactive,Missing or unavailable data
DTXSID1026954,Inactive,Inconclusive,Inactive,Inactive,Inactive in both primary assays
DTXSID1027007,Inactive,Inactive,Inconclusive,Inactive,Missing or unavailable data
DTXSID1027134,Active,Inactive,Inactive,Inactive,BLA active only
DTXSID1027184,Inactive,Inconclusive,Inactive,Inactive,Inactive in both primary assays
DTXSID1027186,Inconclusive,Inconclusive,Inconclusive,Inactive,Missing or unavailable data
DTXSID1027188,Inactive,Inconclusive,Inactive,Inactive,Inactive in both primary assays
DTXSID1027211,Inactive,Inconclusive,Inactive,Inactive,Inactive in both primary assays
DTXSID1027219,Inactive,Inactive,Inconclusive,Inactive,Missing or unavailable data
DTXSID1027263,Inconclusive,Inconclusive,Inactive,Inactive,Missing or unavailable data
DTXSID1027265,Inconclusive,Inactive,Inactive,Inactive,Missing or unavailable data
DTXSID1027267,Inactive,Inconclusive,Inconclusive,Inactive,Missing or unavailable data
DTXSID1027269,Inactive,Inactive,Inconclusive,Inactive,Missing or unavailable data
DTXSID1027342,Inconclusive,Inactive,Inactive,Inactive,Missing or unavailable data
DTXSID1027344,Inactive,Inactive,Inactive,Inconclusive,Inactive in both primary assays
DTXSID1027346,Inconclusive,Inconclusive,Inconclusive,Inconclusive,Missing or unavailable data
DTXSID1027390,Inactive,Inactive,Inactive,Inactive,Inactive in both primary assays
DTXSID1027394,Inactive,Inactive,Inactive,Inactive,Inactive in both primary assays
DTXSID1027396,Inconclusive,Inconclusive,,,Missing or unavailable data
DTXSID1027425,Inactive,Inactive,Inactive,Inactive,Inactive in both primary assays
DTXSID1027427,Inactive,Inactive,Inactive,Inactive,Inactive in both primary assays
DTXSID1027429,Inactive,Inactive,Inactive,Inactive,Inactive in both primary assays
DTXSID1027471,Inactive,Inactive,Inactive,Inactive,Inactive in both primary assays
DTXSID1027479,Inactive,Inactive,Active,Inactive,MDA-kb2 active only
DTXSID1027500,Inactive,Inactive,Inactive,Inactive,Inactive in both primary assays
DTXSID1027502,Inconclusive,Inactive,Inactive,Inactive,Missing or unavailable data
DTXSID1027504,Inactive,Inactive,Inactive,Inactive,Inactive in both primary assays
DTXSID1027506,Inactive,Inactive,Inactive,Inactive,Inactive in both primary assays
DTXSID1027550,Inactive,Inconclusive,Inconclusive,Inactive,Missing or unavailable data
DTXSID1027556,Inactive,Inconclusive,Inactive,Inactive,Inactive in both primary assays
DTXSID1027558,Inconclusive,Inconclusive,Inactive,Inactive,Missing or unavailable data
DTXSID1027633,Inconclusive,Inactive,Inactive,Inactive,Missing or unavailable data
DTXSID1027635,Inactive,Inactive,Inconclusive,Inactive,Missing or unavailable data
DTXSID1027639,Inactive,Inactive,Inactive,Inactive,Inactive in both primary assays
DTXSID1027714,Active,Active,Active,Active,Possible BLA viability interference
DTXSID1027716,Inactive,Inactive,Inconclusive,Inactive,Missing or unavailable data
DTXSID1027764,Inactive,Inactive,Inactive,Inactive,Inactive in both primary assays
DTXSID1027768,Inactive,Inconclusive,Inconclusive,Inactive,Missing or unavailable data
DTXSID1027841,Inactive,Inconclusive,Inactive,Inconclusive,Inactive in both primary assays
DTXSID1027891,Inactive,Inactive,Inactive,Inactive,Inactive in both primary assays
DTXSID1027899,Inconclusive,Inactive,Inactive,Inactive,Missing or unavailable data
DTXSID1027920,Inconclusive,Inactive,Inconclusive,Inactive,Missing or unavailable data
DTXSID1027924,Inactive,Inactive,Inactive,Inactive,Inactive in both primary assays
DTXSID1027926,Active,Active,Active,Inactive,Possible BLA viability interference
DTXSID1027928,Inconclusive,Inactive,Inactive,Inactive,Missing or unavailable data
DTXSID1027970,Inactive,Inactive,Inconclusive,Inactive,Missing or unavailable data
DTXSID1027974,Inconclusive,Inconclusive,Inconclusive,Inactive,Missing or unavailable data
DTXSID1027978,Inactive,Inactive,Inactive,Inactive,Inactive in both primary assays
DTXSID1029120,Active,Inactive,Active,Inactive,Both primary assays active - no viability interference detected
DTXSID1029122,Inconclusive,Inconclusive,Inactive,Inactive,Missing or unavailable data
DTXSID1029124,Inactive,Inactive,Inconclusive,Inactive,Missing or unavailable data
DTXSID1029128,Inconclusive,Inactive,Inactive,Inactive,Missing or unavailable data
DTXSID1029170,Inactive,Inactive,Inconclusive,Inactive,Missing or unavailable data
DTXSID1029201,Inactive,Inactive,Inactive,Inactive,Inactive in both primary assays
DTXSID1029203,Inactive,Inactive,Inconclusive,Inactive,Missing or unavailable data
DTXSID1029207,Inactive,Inactive,Inconclusive,Inconclusive,Missing or unavailable data
DTXSID1029251,Inactive,Inconclusive,Inconclusive,Inactive,Missing or unavailable data
DTXSID1029255,Inactive,Inconclusive,Inconclusive,Inactive,Missing or unavailable data
DTXSID1029338,Inactive,Inactive,Inconclusive,Inactive,Missing or unavailable data
DTXSID1029629,Inconclusive,Inactive,Inactive,Inactive,Missing or unavailable data
DTXSID1029671,Inconclusive,Inconclusive,Inactive,Inactive,Missing or unavailable data
DTXSID1029677,Inconclusive,Inconclusive,Inconclusive,Inactive,Missing or unavailable data
DTXSID1029679,Inconclusive,Inactive,Inconclusive,Inactive,Missing or unavailable data
DTXSID1029889,Inactive,Inactive,Inactive,Active,Inactive in both primary assays
DTXSID1029910,Inconclusive,Inactive,Inconclusive,Inactive,Missing or unavailable data
DTXSID1030317,Inactive,Inactive,Inconclusive,Inactive,Missing or unavailable data
DTXSID1030319,Inactive,Inactive,Active,Inactive,MDA-kb2 active only
DTXSID1030604,Inactive,Inactive,Inconclusive,Inactive,Missing or unavailable data
DTXSID1030606,Inactive,Inactive,Inconclusive,Inactive,Missing or unavailable data
DTXSID1031096,Inactive,Inactive,,,Missing or unavailable data
DTXSID1031460,Inactive,Inconclusive,Inconclusive,Inactive,Missing or unavailable data
DTXSID1031462,Inactive,Inactive,Inactive,Inactive,Inactive in both primary assays
DTXSID1031591,Inconclusive,Inactive,Inactive,Inactive,Missing or unavailable data
DTXSID1031626,Inconclusive,Inconclusive,Inactive,Inactive,Missing or unavailable data
DTXSID1032278,Active,Inactive,Active,Inactive,Both primary assays active - no viability interference detected
DTXSID1032303,Inactive,Inconclusive,Inconclusive,Inconclusive,Missing or unavailable data
DTXSID1032305,,,Inconclusive,Inactive,Missing or unavailable data
DTXSID1032309,Inactive,Inconclusive,Inactive,Inconclusive,Inactive in both primary assays
DTXSID1032355,Inactive,Inactive,Active,Inconclusive,MDA-kb2 active only
DTXSID1032359,Active,Inactive,Active,Inactive,Both primary assays active - no viability interference detected
DTXSID1032482,Inactive,Inactive,Inactive,Inactive,Inactive in both primary assays
DTXSID1032484,Inactive,Inconclusive,Inconclusive,Inactive,Missing or unavailable data
DTXSID1032488,Inactive,Inactive,Inactive,Inactive,Inactive in both primary assays
DTXSID1032511,Inconclusive,Inactive,Inconclusive,Inactive,Missing or unavailable data
DTXSID1032513,Inactive,Inconclusive,Inconclusive,Inactive,Missing or unavailable data
DTXSID1032519,Inactive,Inconclusive,Active,Inactive,MDA-kb2 active only
DTXSID1032569,Inactive,Inactive,Inconclusive,Inactive,Missing or unavailable data
DTXSID1032640,Inactive,Inactive,Inactive,Inconclusive,Inactive in both primary assays
DTXSID1032642,,,Inconclusive,Inactive,Missing or unavailable data
DTXSID1032646,Inactive,Inactive,Inconclusive,Inactive,Missing or unavailable data
DTXSID1032648,Active,Inactive,Active,Inactive,Both primary assays active - no viability interference detected
DTXSID1032690,Active,Inactive,Active,Inactive,Both primary assays active - no viability interference detected
DTXSID1033161,Inconclusive,Inactive,Inactive,Inactive,Missing or unavailable data
DTXSID1033163,Active,Inactive,Inconclusive,Active,Missing or unavailable data
DTXSID1033371,Inactive,Inconclusive,Inconclusive,Inactive,Missing or unavailable data
DTXSID1033402,Inactive,Inactive,Inconclusive,Inactive,Missing or unavailable data
DTXSID1033539,Active,Inactive,Active,Inactive,Both primary assays active - no viability interference detected
DTXSID1033664,Active,Active,Inconclusive,Inactive,Possible BLA viability interference
DTXSID1033876,Inactive,Inconclusive,Inactive,Inactive,Inactive in both primary assays
DTXSID1034181,Active,Active,Inactive,Inactive,Possible BLA viability interference
DTXSID1034187,Inactive,Inactive,Active,Active,Possible MDA-kb2 viability interference
DTXSID1034210,Active,Active,Active,Active,Possible BLA viability interference
DTXSID1034212,Inactive,Inactive,Inactive,Inactive,Inactive in both primary assays
DTXSID1034214,Active,Inactive,,,Missing or unavailable data
DTXSID1034260,Inactive,Inactive,Inactive,Inactive,Inactive in both primary assays
DTXSID1034266,Inactive,Inconclusive,,,Missing or unavailable data
DTXSID1034501,,,Inactive,Inactive,Missing or unavailable data
DTXSID1034503,Active,Inactive,Inactive,Inactive,BLA active only
DTXSID1034634,Active,Active,Active,Active,Possible BLA viability interference
DTXSID1034769,Inactive,Inactive,Inactive,Inactive,Inactive in both primary assays
DTXSID1034844,Inactive,Inconclusive,Inactive,Inactive,Inactive in both primary assays
DTXSID1034929,Inactive,Inconclusive,Inactive,Inactive,Inactive in both primary assays
DTXSID1034973,Inactive,Inactive,Inactive,Inactive,Inactive in both primary assays
DTXSID1035286,Inactive,Inactive,Inactive,Inactive,Inactive in both primary assays
DTXSID1035288,Active,Inactive,Inactive,Inactive,BLA active only
DTXSID1035783,Active,Inactive,Inactive,Inactive,BLA active only
DTXSID1036541,Inactive,Inactive,Active,Inconclusive,MDA-kb2 active only
DTXSID1036545,,,Active,Inactive,Missing or unavailable data
DTXSID1037197,Inconclusive,Inactive,Inactive,Inactive,Missing or unavailable data
DTXSID1037224,Inconclusive,Active,Inactive,Inactive,Missing or unavailable data
DTXSID1037272,Inconclusive,Inconclusive,Inconclusive,Inactive,Missing or unavailable data
DTXSID1037303,Active,Inactive,Inactive,Inactive,BLA active only
DTXSID1037511,Inactive,Inactive,Inactive,Inactive,Inactive in both primary assays
DTXSID1037515,Active,Inactive,Active,Inactive,Both primary assays active - no viability interference detected
DTXSID1037565,Active,Inactive,Inactive,Inactive,BLA active only
DTXSID1037567,,,Inconclusive,Inactive,Missing or unavailable data
DTXSID1037696,Inactive,Inconclusive,Inactive,Inactive,Inactive in both primary assays
DTXSID1037806,Inactive,Inactive,Inactive,Inactive,Inactive in both primary assays
DTXSID1038298,Inactive,Inactive,Active,Inactive,MDA-kb2 active only
DTXSID1038321,Inactive,Inconclusive,Inconclusive,Inactive,Missing or unavailable data
DTXSID1038666,Active,Inactive,Inactive,Inactive,BLA active only
DTXSID1038743,,,Inconclusive,Inactive,Missing or unavailable data
DTXSID1038795,Inconclusive,Inactive,Inconclusive,Inactive,Missing or unavailable data
DTXSID1038822,Inactive,Inactive,Inactive,Inactive,Inactive in both primary assays
DTXSID1038824,Inconclusive,Inactive,Inconclusive,Inactive,Missing or unavailable data
DTXSID1038876,Inactive,Inactive,Inconclusive,Inactive,Missing or unavailable data
DTXSID1039719,Inconclusive,Inactive,Inconclusive,Inactive,Missing or unavailable data
DTXSID1040110,Inactive,Inconclusive,Inconclusive,Inactive,Missing or unavailable data
DTXSID1040112,Inactive,Inconclusive,Inactive,Inactive,Inactive in both primary assays
DTXSID1040114,Inactive,Inconclusive,Inactive,Inactive,Inactive in both primary assays
DTXSID1040164,,,Inconclusive,Inactive,Missing or unavailable data
DTXSID1040243,Active,Active,Active,Active,Possible BLA viability interference
DTXSID1040245,Inactive,Inconclusive,Inactive,Inactive,Inactive in both primary assays
DTXSID1040295,Inactive,Inactive,Inactive,Inactive,Inactive in both primary assays
DTXSID1040320,Active,Active,Active,Inactive,Possible BLA viability interference
DTXSID1040324,Inconclusive,Inactive,Inactive,Inactive,Missing or unavailable data
DTXSID1040326,Active,Active,Active,Active,Possible BLA viability interference
DTXSID1040372,Active,Inactive,Active,Inactive,Both primary assays active - no viability interference detected
DTXSID1040459,Inconclusive,Inactive,,,Missing or unavailable data
DTXSID1040611,Active,Active,Active,Active,Possible BLA viability interference
DTXSID1040617,Inactive,Inconclusive,,,Missing or unavailable data
DTXSID1040619,Inconclusive,Inconclusive,Inactive,Inactive,Missing or unavailable data
DTXSID1040661,Inactive,Inactive,Inconclusive,Inactive,Missing or unavailable data
DTXSID1040667,Inconclusive,Inconclusive,,,Missing or unavailable data
DTXSID1040740,Inactive,Active,Active,Inactive,MDA-kb2 active only
DTXSID1040742,Inconclusive,Inactive,Inconclusive,Inactive,Missing or unavailable data
DTXSID1040792,Inactive,Inactive,Inactive,Inactive,Inactive in both primary assays
DTXSID1040794,Inconclusive,Inactive,Inactive,Inactive,Missing or unavailable data
DTXSID1041132,Inactive,Inconclusive,Active,Inactive,MDA-kb2 active only
DTXSID1041180,Inactive,Inconclusive,Inconclusive,Inconclusive,Missing or unavailable data
DTXSID1041184,Inactive,Inactive,Inactive,Inactive,Inactive in both primary assays
DTXSID1041188,Active,Active,Active,Active,Possible BLA viability interference
DTXSID1041217,Inactive,Inactive,Inactive,Inconclusive,Inactive in both primary assays
DTXSID1041261,Inactive,Inconclusive,Inactive,Inactive,Inactive in both primary assays
DTXSID1041263,Inactive,Inactive,Inconclusive,Inactive,Missing or unavailable data
DTXSID1041265,Inactive,Inactive,Inconclusive,Inactive,Missing or unavailable data
DTXSID1041267,Inconclusive,Inactive,Inactive,Inactive,Missing or unavailable data
DTXSID1041269,Inactive,Inactive,Inactive,Inactive,Inactive in both primary assays
DTXSID1041346,Inactive,Inactive,Inactive,Inactive,Inactive in both primary assays
DTXSID1041396,Inconclusive,Inconclusive,Inactive,Inactive,Missing or unavailable data
DTXSID1041421,Active,Inactive,Inactive,Inactive,BLA active only
DTXSID1041423,Inactive,Inconclusive,Inconclusive,Inactive,Missing or unavailable data
DTXSID1041425,Inconclusive,Inconclusive,Inactive,Inactive,Missing or unavailable data
DTXSID1041502,Inactive,Active,Active,Active,Possible MDA-kb2 viability interference
DTXSID1041506,Inactive,Inactive,Active,Inactive,MDA-kb2 active only
DTXSID1041508,Inconclusive,Inconclusive,Inactive,Inconclusive,Missing or unavailable data
DTXSID1041550,Inconclusive,Inconclusive,Inconclusive,Inactive,Missing or unavailable data
DTXSID1041639,Inactive,Inconclusive,Inactive,Inactive,Inactive in both primary assays
DTXSID1041681,Inactive,Active,Active,Active,Possible MDA-kb2 viability interference
DTXSID1041683,Active,Inactive,Active,Inactive,Both primary assays active - no viability interference detected
DTXSID1041689,Inactive,Inactive,,,Missing or unavailable data
DTXSID1041847,Inactive,Inactive,Inconclusive,Inconclusive,Missing or unavailable data
DTXSID1041891,Inactive,Inactive,Inactive,Inactive,Inactive in both primary assays
DTXSID1041897,Active,Active,Active,Active,Possible BLA viability interference
DTXSID1041920,Inconclusive,Inactive,Inconclusive,Inactive,Missing or unavailable data
DTXSID1041970,Inactive,Inconclusive,Inconclusive,Inactive,Missing or unavailable data
DTXSID1041978,Active,Active,Active,Active,Possible BLA viability interference
DTXSID1042077,Inactive,Inactive,Inconclusive,Inactive,Missing or unavailable data
DTXSID1042154,Active,Inactive,Active,Active,Possible MDA-kb2 viability interference
DTXSID1042281,Inactive,Inconclusive,Inactive,Inactive,Inactive in both primary assays
DTXSID1042285,Inconclusive,Inactive,Inactive,Inactive,Missing or unavailable data
DTXSID1042360,Inactive,Inactive,Inactive,Inactive,Inactive in both primary assays
DTXSID1042364,Inconclusive,Inconclusive,Inactive,Inactive,Missing or unavailable data
DTXSID1042441,Inactive,Inactive,Inactive,Inactive,Inactive in both primary assays
DTXSID1042443,,,Inactive,Inactive,Missing or unavailable data
DTXSID1042445,,,Inactive,Inactive,Missing or unavailable data
DTXSID1042491,Active,Inactive,Inactive,Inactive,BLA active only
DTXSID1042499,Active,Active,Active,Active,Possible BLA viability interference
DTXSID1042570,Active,Active,Active,Active,Possible BLA viability interference
DTXSID1042574,Inactive,Inactive,Inactive,Inactive,Inactive in both primary assays
DTXSID1043839,,,Inactive,Inactive,Missing or unavailable data
DTXSID1043881,Inactive,Inactive,Inactive,Inactive,Inactive in both primary assays
DTXSID1043910,,,Inconclusive,Inactive,Missing or unavailable data
DTXSID1044196,Inactive,Inactive,Active,Inactive,MDA-kb2 active only
DTXSID1044198,,,Inactive,Inactive,Missing or unavailable data
DTXSID1044221,Active,Active,Inactive,Inactive,Possible BLA viability interference
DTXSID1044223,Inactive,Inconclusive,Active,Inactive,MDA-kb2 active only
DTXSID1044227,Inactive,Inconclusive,Inactive,Inactive,Inactive in both primary assays
DTXSID1044352,Inactive,Inactive,Inconclusive,Inactive,Missing or unavailable data
DTXSID1044354,Inactive,Inconclusive,Inconclusive,Inactive,Missing or unavailable data
DTXSID1044356,Inactive,Inconclusive,Inactive,Inactive,Inactive in both primary assays
DTXSID1044431,Inactive,Inconclusive,Inconclusive,Inactive,Missing or unavailable data
DTXSID1044433,Inconclusive,Inconclusive,Inactive,Inactive,Missing or unavailable data
DTXSID1044435,Inactive,Inactive,Inactive,Inactive,Inactive in both primary assays
DTXSID1044437,Inconclusive,Inactive,Inactive,Inactive,Missing or unavailable data
DTXSID1044439,Inconclusive,Inactive,Inconclusive,Inactive,Missing or unavailable data
DTXSID1044481,Active,Active,Active,Inactive,Possible BLA viability interference
DTXSID1044485,Inconclusive,Inactive,Inactive,Inactive,Missing or unavailable data
DTXSID1044487,Active,Active,Active,Active,Possible BLA viability interference
DTXSID1044489,Inconclusive,Inactive,Inactive,Inactive,Missing or unavailable data
DTXSID1044514,Inactive,Inactive,Inactive,Inactive,Inactive in both primary assays
DTXSID1044518,Inactive,Inactive,Inactive,Inactive,Inactive in both primary assays
DTXSID1044560,Active,Active,Active,Active,Possible BLA viability interference
DTXSID1044564,Inactive,Inconclusive,Inconclusive,Inactive,Missing or unavailable data
DTXSID1044568,Inactive,Inactive,Inactive,Inactive,Inactive in both primary assays
DTXSID1044643,Inactive,Inactive,Inconclusive,Inactive,Missing or unavailable data
DTXSID1044645,Inactive,Inactive,Inconclusive,Inactive,Missing or unavailable data
DTXSID1044647,Inconclusive,Inconclusive,Inconclusive,Inactive,Missing or unavailable data
DTXSID1044691,Inactive,Inactive,Inconclusive,Inconclusive,Missing or unavailable data
DTXSID1044693,Inactive,Inconclusive,Inactive,Inactive,Inactive in both primary assays
DTXSID1044697,Inconclusive,Inactive,Inactive,Inactive,Missing or unavailable data
DTXSID1044720,Inactive,Inactive,Inconclusive,Inactive,Missing or unavailable data
DTXSID1044722,Inconclusive,Inactive,Inactive,Inactive,Missing or unavailable data
DTXSID1044724,Inactive,Inactive,Inactive,Inactive,Inactive in both primary assays
DTXSID1044728,Inactive,Inactive,Inconclusive,Inactive,Missing or unavailable data
DTXSID1044770,Inconclusive,Inactive,Inactive,Inactive,Missing or unavailable data
DTXSID1044772,Inconclusive,Inconclusive,Inactive,Inactive,Missing or unavailable data
DTXSID1044774,Inactive,Inactive,Inactive,Inactive,Inactive in both primary assays
DTXSID1044776,Inconclusive,Inactive,Inconclusive,Inactive,Missing or unavailable data
DTXSID1044801,Active,Active,Active,Inactive,Possible BLA viability interference
DTXSID1044805,Inactive,Inactive,Inactive,Inactive,Inactive in both primary assays
DTXSID1044807,Inconclusive,Inconclusive,Inactive,Inactive,Missing or unavailable data
DTXSID1044809,Inactive,Inconclusive,Inconclusive,Inconclusive,Missing or unavailable data
DTXSID1044851,Active,Active,Inconclusive,Inactive,Possible BLA viability interference
DTXSID1044853,Inactive,Inactive,Inconclusive,Inactive,Missing or unavailable data
DTXSID1044857,Active,Inactive,Inactive,Inactive,BLA active only
DTXSID1044859,Inactive,Inactive,Inactive,Inconclusive,Inactive in both primary assays
DTXSID1044930,Inactive,Inactive,Inactive,Inactive,Inactive in both primary assays
DTXSID1044932,Inactive,Inactive,Inactive,Inactive,Inactive in both primary assays
DTXSID1044934,Inactive,Inactive,Inconclusive,Inactive,Missing or unavailable data
DTXSID1044936,Active,Active,Active,Active,Possible BLA viability interference
DTXSID1044938,Inactive,Inactive,Inactive,Inactive,Inactive in both primary assays
DTXSID1044980,Inconclusive,Inconclusive,Inactive,Inactive,Missing or unavailable data
DTXSID1044982,Active,Inactive,Active,Inactive,Both primary assays active - no viability interference detected
DTXSID1044986,Inactive,Inactive,Inconclusive,Inactive,Missing or unavailable data
DTXSID1045033,Inactive,Inactive,,,Missing or unavailable data
DTXSID1045081,Active,Active,Inactive,Inconclusive,Possible BLA viability interference
DTXSID1045083,Inconclusive,Inactive,Inactive,Inactive,Missing or unavailable data
DTXSID1045085,Active,Active,Active,Active,Possible BLA viability interference
DTXSID1045089,Inconclusive,Inconclusive,Inconclusive,Inactive,Missing or unavailable data
DTXSID1045110,Active,Active,,,Possible BLA viability interference
DTXSID1045112,Inconclusive,Inactive,,,Missing or unavailable data
DTXSID1045114,Inactive,Inconclusive,,,Missing or unavailable data
DTXSID1045116,Active,Inactive,Active,Inactive,Both primary assays active - no viability interference detected
DTXSID1045118,Inactive,Inactive,Inconclusive,Inactive,Missing or unavailable data
DTXSID1045160,Inactive,Inactive,,,Missing or unavailable data
DTXSID1045162,Inconclusive,Inconclusive,Inactive,Inactive,Missing or unavailable data
DTXSID1045164,Inactive,Inactive,Inactive,Inactive,Inactive in both primary assays
DTXSID1045166,Inconclusive,Inactive,Inconclusive,Inactive,Missing or unavailable data
DTXSID1045168,Inconclusive,Inactive,,,Missing or unavailable data
DTXSID1045245,Inactive,Inconclusive,Inconclusive,Inactive,Missing or unavailable data
DTXSID1045291,Active,Inactive,Active,Active,Possible MDA-kb2 viability interference
DTXSID1045293,Inconclusive,Inactive,Inactive,Inactive,Missing or unavailable data
DTXSID1045297,Inactive,Inactive,Active,Active,Possible MDA-kb2 viability interference
DTXSID1045320,Inconclusive,Inconclusive,Inconclusive,Inactive,Missing or unavailable data
DTXSID1045322,Inactive,Inactive,,,Missing or unavailable data
DTXSID1045324,Inactive,Inconclusive,Inactive,Inactive,Inactive in both primary assays
DTXSID1045326,Active,Active,Active,Active,Possible BLA viability interference
DTXSID1045328,Inactive,Inactive,Inconclusive,Inactive,Missing or unavailable data
DTXSID1045370,Inconclusive,Inconclusive,Inactive,Inactive,Missing or unavailable data
DTXSID1045372,Inconclusive,Inactive,Inactive,Inactive,Missing or unavailable data
DTXSID1045376,Inconclusive,Inactive,Inactive,Inactive,Missing or unavailable data
DTXSID1045405,Inactive,Inactive,Inactive,Inactive,Inactive in both primary assays
DTXSID1045407,Inconclusive,Inactive,Inconclusive,Inactive,Missing or unavailable data
DTXSID1045409,Inactive,Inactive,Inactive,Inactive,Inactive in both primary assays
DTXSID1045453,Inconclusive,Inactive,,,Missing or unavailable data
DTXSID1045459,Inconclusive,Inactive,Inactive,Inactive,Missing or unavailable data
DTXSID1045530,Inactive,Inactive,Inactive,Inactive,Inactive in both primary assays
DTXSID1045534,Inactive,Inactive,Inconclusive,Inactive,Missing or unavailable data
DTXSID1045536,Inactive,Inactive,Inactive,Inactive,Inactive in both primary assays
DTXSID1045538,Inconclusive,Inconclusive,Inactive,Inactive,Missing or unavailable data
DTXSID1045580,Inconclusive,Inactive,Inconclusive,Inactive,Missing or unavailable data
DTXSID1045582,Inconclusive,Inconclusive,,,Missing or unavailable data
DTXSID1045584,Inactive,Inactive,Inconclusive,Inactive,Missing or unavailable data
DTXSID1045586,Inactive,Inactive,,,Missing or unavailable data
DTXSID1045588,Inactive,Inconclusive,Inconclusive,Inactive,Missing or unavailable data
DTXSID1045611,Inactive,Inactive,Inconclusive,Inactive,Missing or unavailable data
DTXSID1045615,Inconclusive,Inactive,Active,Inactive,Missing or unavailable data
DTXSID1045619,Inconclusive,Inactive,Inconclusive,Inactive,Missing or unavailable data
DTXSID1045661,Inconclusive,Inactive,Inactive,Inactive,Missing or unavailable data
DTXSID1045663,Inactive,Inactive,Active,Active,Possible MDA-kb2 viability interference
DTXSID1045665,Inactive,Inactive,,,Missing or unavailable data
DTXSID1045669,Inactive,Inconclusive,Inactive,Inactive,Inactive in both primary assays
DTXSID1045740,Inactive,Inactive,,,Missing or unavailable data
DTXSID1045742,Inconclusive,Inactive,Inconclusive,Inactive,Missing or unavailable data
DTXSID1045744,Inactive,Inconclusive,Active,Active,Possible MDA-kb2 viability interference
DTXSID1045746,Inactive,Inactive,Inactive,Inactive,Inactive in both primary assays
DTXSID1045748,Inactive,Inactive,Inconclusive,Inactive,Missing or unavailable data
DTXSID1045790,Inconclusive,Inactive,Inactive,Inactive,Missing or unavailable data
DTXSID1045792,Inactive,Active,Inactive,Active,Inactive in both primary assays
DTXSID1045794,Inconclusive,Inactive,Inconclusive,Inactive,Missing or unavailable data
DTXSID1045796,Inconclusive,Inconclusive,,,Missing or unavailable data
DTXSID1045798,Active,Active,Active,Active,Possible BLA viability interference
DTXSID1045825,Inconclusive,Inconclusive,Inactive,Inactive,Missing or unavailable data
DTXSID1045871,Inactive,Inconclusive,Inconclusive,Inactive,Missing or unavailable data
DTXSID1045873,Inactive,Inactive,,,Missing or unavailable data
DTXSID1045877,Inactive,Inconclusive,,,Missing or unavailable data
DTXSID1045879,Inconclusive,Inactive,Inconclusive,Inactive,Missing or unavailable data
DTXSID1045900,Inconclusive,Inactive,,,Missing or unavailable data
DTXSID1045902,Active,Active,,,Possible BLA viability interference
DTXSID1045904,Inactive,Inactive,,,Missing or unavailable data
DTXSID1045906,Inconclusive,Inconclusive,Inconclusive,Inactive,Missing or unavailable data
DTXSID1045950,Inactive,Inconclusive,,,Missing or unavailable data
DTXSID1045952,Active,Inactive,Active,Inconclusive,Missing or unavailable data
DTXSID1045954,Inactive,Inactive,,,Missing or unavailable data
DTXSID1045956,Inactive,Inactive,,,Missing or unavailable data
DTXSID1045958,Inactive,Inactive,Active,Active,Possible MDA-kb2 viability interference
DTXSID1046003,Inconclusive,Inactive,Inactive,Inactive,Missing or unavailable data
DTXSID1046007,Inactive,Inconclusive,Inconclusive,Inconclusive,Missing or unavailable data
DTXSID1046009,Inconclusive,Inactive,,,Missing or unavailable data
DTXSID1046051,Inactive,Inactive,Inactive,Inactive,Inactive in both primary assays
DTXSID1046055,Inactive,Inactive,,,Missing or unavailable data
DTXSID1046059,Inactive,Inactive,,,Missing or unavailable data
DTXSID1046130,Inactive,Inconclusive,Inactive,Inactive,Inactive in both primary assays
DTXSID1046132,Inactive,Inconclusive,Inconclusive,Inconclusive,Missing or unavailable data
DTXSID1046134,Inactive,Inactive,Active,Inactive,MDA-kb2 active only
DTXSID1046136,Inactive,Inactive,Inactive,Inactive,Inactive in both primary assays
DTXSID1046138,Inactive,Inactive,,,Missing or unavailable data
DTXSID1046180,Inactive,Inactive,Inconclusive,Inactive,Missing or unavailable data
DTXSID1046182,Inconclusive,Inactive,,,Missing or unavailable data
DTXSID1046184,Inactive,Inactive,,,Missing or unavailable data
DTXSID1046186,Inactive,Inactive,,,Missing or unavailable data
DTXSID1046188,Inconclusive,Inactive,Inconclusive,Inactive,Missing or unavailable data
DTXSID1046211,Inactive,Inactive,,,Missing or unavailable data
DTXSID1046213,Active,Active,,,Possible BLA viability interference
DTXSID1046215,Inactive,Inconclusive,Inconclusive,Inactive,Missing or unavailable data
DTXSID1046217,Inactive,Inactive,,,Missing or unavailable data
DTXSID1046261,Inactive,Inactive,,,Missing or unavailable data
DTXSID1046263,Inconclusive,Inconclusive,Inconclusive,Inactive,Missing or unavailable data
DTXSID1046265,Inconclusive,Inactive,,,Missing or unavailable data
DTXSID1046267,Inactive,Inactive,Active,Inactive,MDA-kb2 active only
DTXSID1046269,Inconclusive,Inactive,,,Missing or unavailable data
DTXSID1046342,Inactive,Inactive,,,Missing or unavailable data
DTXSID1046344,Inactive,Inconclusive,Inactive,Inactive,Inactive in both primary assays
DTXSID1046346,Inactive,Inactive,,,Missing or unavailable data
DTXSID1046348,Inconclusive,Inconclusive,Inconclusive,Inactive,Missing or unavailable data
DTXSID1046390,Active,Inactive,Inconclusive,Inactive,Missing or unavailable data
DTXSID1046392,Inactive,Inactive,Inconclusive,Inactive,Missing or unavailable data
DTXSID1046394,Inconclusive,Inconclusive,Inactive,Inactive,Missing or unavailable data
DTXSID1046396,Inactive,Inactive,Inconclusive,Inconclusive,Missing or unavailable data
DTXSID1046398,Inactive,Inactive,Inactive,Inactive,Inactive in both primary assays
DTXSID1046421,Active,Inactive,Inactive,Inactive,BLA active only
DTXSID1046423,Inactive,Inactive,Inactive,Inactive,Inactive in both primary assays
DTXSID1046425,Inactive,Inconclusive,Inactive,Inactive,Inactive in both primary assays
DTXSID1046427,Active,Active,Active,Active,Possible BLA viability interference
DTXSID1046429,Inactive,Inactive,Active,Inactive,MDA-kb2 active only
DTXSID1046471,Inactive,Inconclusive,,,Missing or unavailable data
DTXSID1046475,Inactive,Inconclusive,Inconclusive,Inactive,Missing or unavailable data
DTXSID1046477,Inconclusive,Inconclusive,,,Missing or unavailable data
DTXSID1046479,Inconclusive,Inconclusive,,,Missing or unavailable data
DTXSID1046500,Inconclusive,Inactive,,,Missing or unavailable data
DTXSID1046502,Inconclusive,Inactive,Inactive,Inactive,Missing or unavailable data
DTXSID1046504,Inactive,Inactive,Active,Inactive,MDA-kb2 active only
DTXSID1046506,Inconclusive,Inactive,Inactive,Inactive,Missing or unavailable data
DTXSID1046508,Active,Inactive,,,Missing or unavailable data
DTXSID1046550,Inconclusive,Inactive,Inconclusive,Inactive,Missing or unavailable data
DTXSID1046552,Inactive,Inconclusive,,,Missing or unavailable data
DTXSID1046556,Inconclusive,Inconclusive,,,Missing or unavailable data
DTXSID1046558,Inactive,Inactive,Inactive,Inconclusive,Inactive in both primary assays
DTXSID1046631,Inactive,Inactive,Inactive,Inactive,Inactive in both primary assays
DTXSID1046633,Active,Inactive,Inactive,Inactive,BLA active only
DTXSID1046637,Inconclusive,Inactive,,,Missing or unavailable data
DTXSID1046639,Inactive,Inactive,Inactive,Inactive,Inactive in both primary assays
DTXSID1046681,Inconclusive,Inactive,Inconclusive,Inconclusive,Missing or unavailable data
DTXSID1046683,Active,Active,,,Possible BLA viability interference
DTXSID1046685,Inconclusive,Inconclusive,Inactive,Inactive,Missing or unavailable data
DTXSID1046687,Inactive,Inconclusive,Inconclusive,Inactive,Missing or unavailable data
DTXSID1046689,Inactive,Inconclusive,Inactive,Inactive,Inactive in both primary assays
DTXSID1046710,Inactive,Inactive,,,Missing or unavailable data
DTXSID1046712,Inactive,Inactive,,,Missing or unavailable data
DTXSID1046714,Inactive,Inconclusive,Inactive,Inactive,Inactive in both primary assays
DTXSID1046716,Inactive,Inactive,,,Missing or unavailable data
DTXSID1046760,Inactive,Inactive,,,Missing or unavailable data
DTXSID1046764,Active,Inactive,,,Missing or unavailable data
DTXSID1046766,Inconclusive,Inactive,,,Missing or unavailable data
DTXSID1046768,Inactive,Inconclusive,Inconclusive,Inactive,Missing or unavailable data
DTXSID1046841,Inactive,Inactive,,,Missing or unavailable data
DTXSID1046843,Active,Active,,,Possible BLA viability interference
DTXSID1046845,Inactive,Inactive,,,Missing or unavailable data
DTXSID1046847,Inconclusive,Inactive,Inactive,Inactive,Missing or unavailable data
DTXSID1046849,Inactive,Inactive,,,Missing or unavailable data
DTXSID1046891,Inactive,Inconclusive,Inactive,Inactive,Inactive in both primary assays
DTXSID1046895,Inconclusive,Inconclusive,,,Missing or unavailable data
DTXSID1046920,Active,Inactive,,,Missing or unavailable data
DTXSID1046922,Active,Inactive,Inactive,Inactive,BLA active only
DTXSID1046924,Inactive,Inactive,,,Missing or unavailable data
DTXSID1046926,Inactive,Inconclusive,,,Missing or unavailable data
DTXSID1046970,Active,Active,Active,Inactive,Possible BLA viability interference
DTXSID1046974,Inactive,Inactive,Inactive,Inactive,Inactive in both primary assays
DTXSID1046976,Inconclusive,Inactive,Active,Inactive,Missing or unavailable data
DTXSID1046978,Active,Inactive,Active,Inactive,Both primary assays active - no viability interference detected
DTXSID1047027,Active,Inactive,Inactive,Inactive,BLA active only
DTXSID1047029,Inconclusive,Inconclusive,Inconclusive,Inactive,Missing or unavailable data
DTXSID1047071,Inactive,Inactive,Inactive,Inactive,Inactive in both primary assays
DTXSID1047075,Inconclusive,Inactive,Inconclusive,Inactive,Missing or unavailable data
DTXSID1047102,Active,Active,Active,Active,Possible BLA viability interference
DTXSID1047104,Active,Inactive,Inactive,Inactive,BLA active only
DTXSID1047106,Inactive,Inconclusive,Inactive,Inactive,Inactive in both primary assays
DTXSID1047108,Inconclusive,Inconclusive,Inactive,Inactive,Missing or unavailable data
DTXSID1047150,Inactive,Inactive,Inconclusive,Inactive,Missing or unavailable data
DTXSID1047152,Inconclusive,Inconclusive,Inactive,Inactive,Missing or unavailable data
DTXSID1047156,Inactive,Inactive,Inactive,Inactive,Inactive in both primary assays
DTXSID1047158,Inactive,Inconclusive,Inactive,Inactive,Inactive in both primary assays
DTXSID1047239,Inactive,Inconclusive,Inconclusive,Inactive,Missing or unavailable data
DTXSID1047281,Active,Inactive,Inconclusive,Inactive,Missing or unavailable data
DTXSID1047283,Active,Inactive,Inactive,Inactive,BLA active only
DTXSID1047285,Inconclusive,Inconclusive,Inconclusive,Inactive,Missing or unavailable data
DTXSID1047287,Inconclusive,Inactive,Inconclusive,Inactive,Missing or unavailable data
DTXSID1047289,Inactive,Inactive,Inconclusive,Inactive,Missing or unavailable data
DTXSID1047310,Active,Active,Inactive,Inactive,Possible BLA viability interference
DTXSID1047312,Active,Inactive,Inconclusive,Inactive,Missing or unavailable data
DTXSID1047316,Active,Inactive,Inactive,Inactive,BLA active only
DTXSID1047318,Active,Inactive,Inconclusive,Inactive,Missing or unavailable data
DTXSID1047360,Inactive,Inactive,Inactive,Inactive,Inactive in both primary assays
DTXSID1047362,Active,Active,Inconclusive,Inactive,Possible BLA viability interference
DTXSID1047364,Active,Inactive,Active,Active,Possible MDA-kb2 viability interference
DTXSID1047366,Active,Active,Active,Active,Possible BLA viability interference
DTXSID1047368,Inactive,Active,Inactive,Inactive,Inactive in both primary assays
DTXSID1047443,Inactive,Inconclusive,Inactive,Inactive,Inactive in both primary assays
DTXSID1047447,Inactive,Inactive,Inactive,Inactive,Inactive in both primary assays
DTXSID1047491,Inactive,Inactive,Inconclusive,Inactive,Missing or unavailable data
DTXSID1047493,Inactive,Inactive,Inconclusive,Inconclusive,Missing or unavailable data
DTXSID1047497,Active,Inactive,Inconclusive,Inactive,Missing or unavailable data
DTXSID1047520,,,Inconclusive,Inactive,Missing or unavailable data
DTXSID1047524,Inactive,Inactive,Inconclusive,Inactive,Missing or unavailable data
DTXSID1047526,Inactive,Inactive,Inconclusive,Inactive,Missing or unavailable data
DTXSID1047528,Inactive,Inactive,Inconclusive,Inactive,Missing or unavailable data
DTXSID1047570,Inactive,Inactive,Inactive,Inactive,Inactive in both primary assays
DTXSID1047574,Inactive,Inactive,Inconclusive,Inactive,Missing or unavailable data
DTXSID1047576,Inconclusive,Inactive,Inactive,Inactive,Missing or unavailable data
DTXSID1047578,Inactive,Inactive,Inconclusive,Inactive,Missing or unavailable data
DTXSID1047601,Inconclusive,Inactive,Inconclusive,Inactive,Missing or unavailable data
DTXSID1047603,Inconclusive,Inconclusive,Inactive,Inactive,Missing or unavailable data
DTXSID1047605,Inactive,Inactive,Inconclusive,Inactive,Missing or unavailable data
DTXSID1047607,,,Inactive,Inactive,Missing or unavailable data
DTXSID1047609,Inconclusive,Inconclusive,Inactive,Inactive,Missing or unavailable data
DTXSID1047651,Inactive,Inactive,Inactive,Inactive,Inactive in both primary assays
DTXSID1047655,Inactive,Inactive,Inactive,Inactive,Inactive in both primary assays
DTXSID1047657,Inactive,Inactive,Inconclusive,Inactive,Missing or unavailable data
DTXSID1047659,Inactive,Inconclusive,Inactive,Inactive,Inactive in both primary assays
DTXSID1047730,Active,Inactive,Inactive,Inactive,BLA active only
DTXSID1047780,Inactive,Inactive,Inactive,Inactive,Inactive in both primary assays
DTXSID1047782,Inactive,Inactive,Inactive,Inactive,Inactive in both primary assays
DTXSID1047784,Inconclusive,Inconclusive,Inconclusive,Inactive,Missing or unavailable data
DTXSID1047786,Inconclusive,Inactive,Inactive,Inactive,Missing or unavailable data
DTXSID1047788,Inactive,Inactive,Inconclusive,Inconclusive,Missing or unavailable data
DTXSID1047811,Inactive,Inactive,Inactive,Inactive,Inactive in both primary assays
DTXSID1047813,Inconclusive,Inactive,Inactive,Inactive,Missing or unavailable data
DTXSID1047815,Inactive,Inactive,Inactive,Inactive,Inactive in both primary assays
DTXSID1047817,Active,Active,Inactive,Inactive,Possible BLA viability interference
DTXSID1047819,Active,Active,Active,Active,Possible BLA viability interference
DTXSID1047869,Inactive,Inactive,Active,Active,Possible MDA-kb2 viability interference
DTXSID1047940,Inconclusive,Inactive,Inconclusive,Inactive,Missing or unavailable data
DTXSID1047942,Inconclusive,Inconclusive,Inconclusive,Inactive,Missing or unavailable data
DTXSID1047944,Active,Active,Active,Active,Possible BLA viability interference
DTXSID1047946,Active,Active,Active,Active,Possible BLA viability interference
DTXSID1047948,Inactive,Active,Active,Active,Possible MDA-kb2 viability interference
DTXSID1048122,Active,Active,Active,Active,Possible BLA viability interference
DTXSID1048170,Active,Active,Active,Inactive,Possible BLA viability interference
DTXSID1048172,Active,Active,Active,Inactive,Possible BLA viability interference
DTXSID1048174,Active,Inactive,Active,Active,Possible MDA-kb2 viability interference
DTXSID1048176,Inactive,Inactive,Inactive,Inactive,Inactive in both primary assays
DTXSID1048178,Inactive,Inactive,Inactive,Inactive,Inactive in both primary assays
DTXSID1048201,Inconclusive,Inactive,Inconclusive,Inactive,Missing or unavailable data
DTXSID1048203,Inactive,Inactive,Inactive,Inactive,Inactive in both primary assays
DTXSID1048207,Inconclusive,Inconclusive,Inactive,Inactive,Missing or unavailable data
DTXSID1048209,Inactive,Inactive,Inactive,Inactive,Inactive in both primary assays
DTXSID1048259,Inactive,Inconclusive,,,Missing or unavailable data
DTXSID1048590,Inactive,Inactive,Inconclusive,Inactive,Missing or unavailable data
DTXSID1048592,Inconclusive,Inconclusive,Inactive,Inactive,Missing or unavailable data
DTXSID1048594,Inactive,Inactive,,,Missing or unavailable data
DTXSID1048596,Active,Inactive,Inactive,Inactive,BLA active only
DTXSID1048598,Inconclusive,Inactive,Inconclusive,Inactive,Missing or unavailable data
DTXSID1048621,Inconclusive,Inconclusive,,,Missing or unavailable data
DTXSID1048623,Active,Inactive,Active,Inactive,Both primary assays active - no viability interference detected
DTXSID1048625,Inactive,Inconclusive,,,Missing or unavailable data
DTXSID1048627,Inactive,Inactive,Inactive,Inactive,Inactive in both primary assays
DTXSID1048629,Inactive,Inactive,,,Missing or unavailable data
DTXSID1048671,Inactive,Inactive,Inactive,Inactive,Inactive in both primary assays
DTXSID1048675,Inconclusive,Inactive,,,Missing or unavailable data
DTXSID1048677,Inactive,Inactive,,,Missing or unavailable data
DTXSID1048679,Inconclusive,Inactive,Inconclusive,Inconclusive,Missing or unavailable data
DTXSID1048700,Active,Active,,,Possible BLA viability interference
DTXSID1048702,Inactive,Inactive,,,Missing or unavailable data
DTXSID1048704,Inconclusive,Inactive,Inconclusive,Inactive,Missing or unavailable data
DTXSID1048706,Inactive,Inactive,Inconclusive,Inactive,Missing or unavailable data
DTXSID1048708,Active,Inactive,,,Missing or unavailable data
DTXSID1048750,Inactive,Inconclusive,,,Missing or unavailable data
DTXSID1048752,Active,Active,,,Possible BLA viability interference
DTXSID1048754,Inactive,Inactive,,,Missing or unavailable data
DTXSID1048756,Inconclusive,Inactive,,,Missing or unavailable data
DTXSID1048758,Inactive,Inconclusive,,,Missing or unavailable data
DTXSID1048831,Inactive,Inactive,Inactive,Inactive,Inactive in both primary assays
DTXSID1048833,Inactive,Inactive,Inactive,Inconclusive,Inactive in both primary assays
DTXSID1048835,Inconclusive,Inactive,Inactive,Inactive,Missing or unavailable data
DTXSID1048837,Inconclusive,Inactive,Inconclusive,Inactive,Missing or unavailable data
DTXSID1048839,Inactive,Inactive,Active,Inactive,MDA-kb2 active only
DTXSID1048881,Inactive,Inactive,,,Missing or unavailable data
DTXSID1048883,Inactive,Inactive,Inactive,Inactive,Inactive in both primary assays
DTXSID1048885,Inactive,Inconclusive,,,Missing or unavailable data
DTXSID1048887,Inactive,Inactive,,,Missing or unavailable data
DTXSID1048889,Inactive,Inactive,,,Missing or unavailable data
DTXSID1048910,Inactive,Inactive,Inactive,Inactive,Inactive in both primary assays
DTXSID1048912,Inactive,Inconclusive,Inactive,Inactive,Inactive in both primary assays
DTXSID1048914,Inconclusive,Inactive,Inactive,Inactive,Missing or unavailable data
DTXSID1048916,Inactive,Inactive,Inactive,Inactive,Inactive in both primary assays
DTXSID1048918,Inactive,Inactive,Inactive,Inactive,Inactive in both primary assays
DTXSID1048960,Inactive,Inconclusive,Inactive,Inactive,Inactive in both primary assays
DTXSID1048962,Inactive,Inactive,,,Missing or unavailable data
DTXSID1048964,Inactive,Inactive,,,Missing or unavailable data
DTXSID1048966,Inconclusive,Inconclusive,,,Missing or unavailable data
DTXSID1048968,Inactive,Inactive,,,Missing or unavailable data
DTXSID1049011,Inactive,Inconclusive,,,Missing or unavailable data
DTXSID1049013,Active,Active,,,Possible BLA viability interference
DTXSID1049015,Active,Active,Inconclusive,Inactive,Possible BLA viability interference
DTXSID1049017,Inconclusive,Inconclusive,,,Missing or unavailable data
DTXSID1049019,Inactive,Inactive,,,Missing or unavailable data
DTXSID1049061,Inactive,Inconclusive,,,Missing or unavailable data
DTXSID1049063,Inconclusive,Inactive,,,Missing or unavailable data
DTXSID1049065,Active,Active,Active,Active,Possible BLA viability interference
DTXSID1049067,Inactive,Inactive,Active,Inactive,MDA-kb2 active only
DTXSID1049069,Inconclusive,Inconclusive,Inactive,Inactive,Missing or unavailable data
DTXSID1049221,Inconclusive,Inactive,Active,Inactive,Missing or unavailable data
DTXSID1049223,Active,Inactive,Inactive,Inconclusive,BLA active only
DTXSID1049225,Inactive,Inactive,Inactive,Inactive,Inactive in both primary assays
DTXSID1049227,Inactive,Inactive,Inactive,Inactive,Inactive in both primary assays
DTXSID1049229,Active,Active,Active,Active,Possible BLA viability interference
DTXSID1049271,Inactive,Inactive,Active,Inactive,MDA-kb2 active only
DTXSID1049273,Active,Inactive,Active,Inactive,Both primary assays active - no viability interference detected
DTXSID1049275,Inactive,Inconclusive,Inactive,Inactive,Inactive in both primary assays
DTXSID1049277,Inactive,Inactive,Inconclusive,Inactive,Missing or unavailable data
DTXSID1049279,Inactive,Inactive,Inactive,Inactive,Inactive in both primary assays
DTXSID1049300,Inactive,Inactive,Inconclusive,Inactive,Missing or unavailable data
DTXSID1049302,Inactive,Inactive,Inactive,Inactive,Inactive in both primary assays
DTXSID1049304,Active,Active,Active,Active,Possible BLA viability interference
DTXSID1049306,Inactive,Inconclusive,Active,Active,Possible MDA-kb2 viability interference
DTXSID1049308,Inactive,Inactive,Inactive,Inactive,Inactive in both primary assays
DTXSID1049350,Inactive,Inactive,Inconclusive,Inactive,Missing or unavailable data
DTXSID1049352,Active,Active,Active,Active,Possible BLA viability interference
DTXSID1049354,Inactive,Inactive,Inconclusive,Inactive,Missing or unavailable data
DTXSID1049356,Inactive,Inactive,Inactive,Inactive,Inactive in both primary assays
DTXSID1049358,Inactive,Inactive,Inconclusive,Inactive,Missing or unavailable data
DTXSID1049431,Inactive,Inactive,Inactive,Inactive,Inactive in both primary assays
DTXSID1049433,Inactive,Inconclusive,Inactive,Inactive,Inactive in both primary assays
DTXSID1049481,Inactive,Inactive,Inconclusive,Inactive,Missing or unavailable data
DTXSID1049483,Inactive,Inconclusive,Inactive,Inactive,Inactive in both primary assays
DTXSID1049485,Inactive,Inconclusive,Inactive,Inactive,Inactive in both primary assays
DTXSID1049487,Inactive,Inconclusive,Inactive,Inconclusive,Inactive in both primary assays
DTXSID1049489,Inconclusive,Inconclusive,Inconclusive,Inactive,Missing or unavailable data
DTXSID1049510,Active,Inactive,Inconclusive,Inactive,Missing or unavailable data
DTXSID1049512,Inactive,Inactive,Inconclusive,Inactive,Missing or unavailable data
DTXSID1049514,Inactive,Inactive,Inactive,Inactive,Inactive in both primary assays
DTXSID1049516,Inactive,Inactive,Inactive,Inactive,Inactive in both primary assays
DTXSID1049518,Inactive,Inactive,Inconclusive,Inactive,Missing or unavailable data
DTXSID1049560,Inactive,Inactive,Inconclusive,Inactive,Missing or unavailable data
DTXSID1049562,Inconclusive,Inactive,Inconclusive,Inactive,Missing or unavailable data
DTXSID1049697,,,Active,Inactive,Missing or unavailable data
DTXSID1051690,,,Inactive,Inactive,Missing or unavailable data
DTXSID1051771,,,Inconclusive,Inconclusive,Missing or unavailable data
DTXSID1051779,,,Inactive,Inactive,Missing or unavailable data
DTXSID1051808,,,Active,Active,Possible MDA-kb2 viability interference
DTXSID1051850,,,Inconclusive,Inactive,Missing or unavailable data
DTXSID1051856,,,Inconclusive,Inactive,Missing or unavailable data
DTXSID1051939,,,Active,Inactive,Missing or unavailable data
DTXSID1052294,,,Inactive,Inactive,Missing or unavailable data
DTXSID1052298,,,Inactive,Inactive,Missing or unavailable data
DTXSID1052539,,,Inconclusive,Inactive,Missing or unavailable data
DTXSID1052585,,,Active,Inactive,Missing or unavailable data
DTXSID1052587,,,Inconclusive,Inactive,Missing or unavailable data
DTXSID1052610,,,Inconclusive,Inactive,Missing or unavailable data
DTXSID1057610,,,Inactive,Inactive,Missing or unavailable data
DTXSID1057612,,,Inactive,Inactive,Missing or unavailable data
DTXSID1057614,,,Inactive,Inactive,Missing or unavailable data
DTXSID1057616,,,Inactive,Inactive,Missing or unavailable data
DTXSID1057618,,,Inactive,Inactive,Missing or unavailable data
DTXSID1057660,,,Inconclusive,Inconclusive,Missing or unavailable data
DTXSID1057662,,,Active,Inactive,Missing or unavailable data
DTXSID1057664,,,Inactive,Inactive,Missing or unavailable data
DTXSID1057666,,,Inactive,Inactive,Missing or unavailable data
DTXSID1057668,,,Inactive,Inactive,Missing or unavailable data
DTXSID1057741,,,Inactive,Inactive,Missing or unavailable data
DTXSID1057743,,,Inactive,Inactive,Missing or unavailable data
DTXSID1057745,,,Inactive,Inconclusive,Missing or unavailable data
DTXSID1057747,,,Inconclusive,Inactive,Missing or unavailable data
DTXSID1057749,,,Active,Active,Possible MDA-kb2 viability interference
DTXSID1057791,,,Inactive,Inactive,Missing or unavailable data
DTXSID1057793,,,Inconclusive,Inactive,Missing or unavailable data
DTXSID1057795,,,Inactive,Inactive,Missing or unavailable data
DTXSID1057797,,,Active,Inactive,Missing or unavailable data
DTXSID1057799,,,Inconclusive,Inconclusive,Missing or unavailable data
DTXSID1057820,,,Inactive,Inactive,Missing or unavailable data
DTXSID1057822,,,Inconclusive,Inactive,Missing or unavailable data
DTXSID1057824,,,Inconclusive,Inactive,Missing or unavailable data
DTXSID1057826,,,Inactive,Inactive,Missing or unavailable data
DTXSID1057828,,,Inconclusive,Inactive,Missing or unavailable data
DTXSID2020006,Inactive,Inconclusive,Inactive,Inactive,Inactive in both primary assays
DTXSID2020054,Active,Active,Active,Inactive,Possible BLA viability interference
DTXSID2020058,Active,Active,Active,Active,Possible BLA viability interference
DTXSID2020131,Inconclusive,Inconclusive,Inactive,Inactive,Missing or unavailable data
DTXSID2020137,Inactive,Inactive,Inactive,Inactive,Inactive in both primary assays
DTXSID2020139,Inconclusive,Inactive,Active,Inactive,Missing or unavailable data
DTXSID2020181,Inconclusive,Inactive,Inactive,Inactive,Missing or unavailable data
DTXSID2020189,Inconclusive,Active,Active,Active,Possible MDA-kb2 viability interference
DTXSID2020210,Inactive,Inactive,Inactive,Inactive,Inactive in both primary assays
DTXSID2020212,Active,Active,Inactive,Inactive,Possible BLA viability interference
DTXSID2020216,Inactive,Inactive,Inactive,Inactive,Inactive in both primary assays
DTXSID2020260,Inconclusive,Inactive,Inconclusive,Inactive,Missing or unavailable data
DTXSID2020262,Inconclusive,Inactive,Inactive,Inactive,Missing or unavailable data
DTXSID2020266,Active,Active,Active,Active,Possible BLA viability interference
DTXSID2020268,Inconclusive,Inactive,Inconclusive,Inconclusive,Missing or unavailable data
DTXSID2020341,Inactive,Inconclusive,Inactive,Inactive,Inactive in both primary assays
DTXSID2020345,Active,Active,Active,Active,Possible BLA viability interference
DTXSID2020347,Inconclusive,Inconclusive,Inconclusive,Inconclusive,Missing or unavailable data
DTXSID2020349,Inactive,Inconclusive,Inactive,Inactive,Inactive in both primary assays
DTXSID2020391,Inactive,Inactive,Inactive,Inactive,Inactive in both primary assays
DTXSID2020399,Inactive,Inactive,Inconclusive,Active,Missing or unavailable data
DTXSID2020420,Active,Inactive,Inactive,Inactive,BLA active only
DTXSID2020424,Active,Active,Active,Inactive,Possible BLA viability interference
DTXSID2020426,Active,Inactive,Active,Inactive,Both primary assays active - no viability interference detected
DTXSID2020428,Inactive,Inconclusive,Inconclusive,Inactive,Missing or unavailable data
DTXSID2020470,Active,Active,Active,Inactive,Possible BLA viability interference
DTXSID2020474,Inconclusive,Inactive,Inactive,Inactive,Missing or unavailable data
DTXSID2020478,Active,Inactive,Inconclusive,Inactive,Missing or unavailable data
DTXSID2020501,Inactive,Inactive,Inactive,Active,Inactive in both primary assays
DTXSID2020505,Inactive,Inactive,Inactive,Inactive,Inactive in both primary assays
DTXSID2020507,Inactive,Inconclusive,Inactive,Inactive,Inactive in both primary assays
DTXSID2020509,Inconclusive,Inactive,Inactive,Inactive,Missing or unavailable data
DTXSID2020557,Inconclusive,Inconclusive,Inconclusive,Inactive,Missing or unavailable data
DTXSID2020634,Inactive,Inactive,Inactive,Inactive,Inactive in both primary assays
DTXSID2020636,Active,Inactive,Inconclusive,Inactive,Missing or unavailable data
DTXSID2020680,Inactive,Inactive,Inconclusive,Inactive,Missing or unavailable data
DTXSID2020682,Inactive,Inactive,Inactive,Inactive,Inactive in both primary assays
DTXSID2020684,Active,Active,Active,Inactive,Possible BLA viability interference
DTXSID2020686,Inconclusive,Inactive,Inactive,Inactive,Missing or unavailable data
DTXSID2020688,Inconclusive,Inactive,Inactive,Inactive,Missing or unavailable data
DTXSID2020713,Inactive,Inactive,Inconclusive,Inconclusive,Missing or unavailable data
DTXSID2020717,Active,Inactive,Active,Inactive,Both primary assays active - no viability interference detected
DTXSID2020761,Inactive,Inactive,Inactive,Inactive,Inactive in both primary assays
DTXSID2020767,Inactive,Inactive,Inconclusive,Inactive,Missing or unavailable data
DTXSID2020844,Inactive,Inactive,Inactive,Inactive,Inactive in both primary assays
DTXSID2020846,Inactive,Inactive,Active,Inactive,MDA-kb2 active only
DTXSID2020890,Inactive,Inconclusive,Inconclusive,Inconclusive,Missing or unavailable data
DTXSID2020892,Inactive,Inconclusive,Inactive,Inactive,Inactive in both primary assays
DTXSID2020894,Active,Inactive,Inconclusive,Active,Missing or unavailable data
DTXSID2020898,Inactive,Inactive,Active,Inactive,MDA-kb2 active only
DTXSID2020921,Inactive,Inconclusive,Inactive,Inactive,Inactive in both primary assays
DTXSID2020923,Inactive,Inactive,Inactive,Inactive,Inactive in both primary assays
DTXSID2020927,Inactive,Inconclusive,Inactive,Inconclusive,Inactive in both primary assays
DTXSID2020929,Inactive,Inconclusive,Inactive,Inactive,Inactive in both primary assays
DTXSID2020971,Inactive,Inconclusive,Active,Inactive,MDA-kb2 active only
DTXSID2020977,Inactive,Inconclusive,Inactive,Inactive,Inactive in both primary assays
DTXSID2021022,Inconclusive,Inconclusive,Inactive,Inactive,Missing or unavailable data
DTXSID2021026,Inactive,Inconclusive,Inactive,Inactive,Inactive in both primary assays
DTXSID2021028,Inconclusive,Inconclusive,Inconclusive,Inactive,Missing or unavailable data
DTXSID2021070,Inactive,Inactive,Active,Inactive,MDA-kb2 active only
DTXSID2021103,Inactive,Inactive,Inactive,Inactive,Inactive in both primary assays
DTXSID2021105,Inactive,Inactive,Active,Active,Possible MDA-kb2 viability interference
DTXSID2021151,Inconclusive,Inactive,Inactive,Inactive,Missing or unavailable data
DTXSID2021159,Inconclusive,Inactive,Inconclusive,Inactive,Missing or unavailable data
DTXSID2021232,Inactive,Inactive,Inactive,Inactive,Inactive in both primary assays
DTXSID2021234,Inconclusive,Inactive,Inactive,Active,Missing or unavailable data
DTXSID2021236,Inactive,Inactive,Inactive,Active,Inactive in both primary assays
DTXSID2021238,Inactive,Inactive,Inactive,Inactive,Inactive in both primary assays
DTXSID2021282,Inactive,Inconclusive,Inactive,Inactive,Inactive in both primary assays
DTXSID2021284,Inactive,Inactive,Inconclusive,Inactive,Missing or unavailable data
DTXSID2021286,Inactive,Inactive,Inactive,Inactive,Inactive in both primary assays
DTXSID2021288,Inactive,Inconclusive,Inconclusive,Inactive,Missing or unavailable data
DTXSID2021311,Inconclusive,Inconclusive,Inactive,Inactive,Missing or unavailable data
DTXSID2021315,Inactive,Inactive,Inconclusive,Inactive,Missing or unavailable data
DTXSID2021317,Inactive,Inconclusive,Inactive,Inactive,Inactive in both primary assays
DTXSID2021319,Inactive,Inactive,Inactive,Inconclusive,Inactive in both primary assays
DTXSID2021363,Inactive,Inactive,Active,Inactive,MDA-kb2 active only
DTXSID2021365,Inactive,Inactive,Inconclusive,Inactive,Missing or unavailable data
DTXSID2021367,Active,Active,Active,Active,Possible BLA viability interference
DTXSID2021440,Inconclusive,Inconclusive,Inconclusive,Inactive,Missing or unavailable data
DTXSID2021442,Inactive,Inactive,Inconclusive,Inconclusive,Missing or unavailable data
DTXSID2021446,Inactive,Inactive,Inactive,Inactive,Inactive in both primary assays
DTXSID2021448,Inconclusive,Inconclusive,Inactive,Inactive,Missing or unavailable data
DTXSID2021492,Inactive,Inactive,Inconclusive,Inactive,Missing or unavailable data
DTXSID2021496,Inconclusive,Inactive,Inactive,Inactive,Missing or unavailable data
DTXSID2021498,Inactive,Inactive,Inactive,Inactive,Inactive in both primary assays
DTXSID2021575,Inactive,Inactive,Inactive,Inactive,Inactive in both primary assays
DTXSID2021577,Inconclusive,Inactive,Active,Active,Possible MDA-kb2 viability interference
DTXSID2021600,Inactive,Inactive,Inconclusive,Inconclusive,Missing or unavailable data
DTXSID2021602,Inactive,Inactive,Inconclusive,Inconclusive,Missing or unavailable data
DTXSID2021604,Inconclusive,Inactive,Inconclusive,Inactive,Missing or unavailable data
DTXSID2021608,Inconclusive,Inactive,Inconclusive,Inactive,Missing or unavailable data
DTXSID2021650,Inactive,Inactive,Inconclusive,Inactive,Missing or unavailable data
DTXSID2021652,Inconclusive,Inconclusive,Inconclusive,Inconclusive,Missing or unavailable data
DTXSID2021654,Inconclusive,Inconclusive,Inactive,Inactive,Missing or unavailable data
DTXSID2021656,Inactive,Inconclusive,Inconclusive,Inactive,Missing or unavailable data
DTXSID2021658,Inconclusive,Inactive,Inactive,Inactive,Missing or unavailable data
DTXSID2021731,Inactive,Inactive,Inconclusive,Inactive,Missing or unavailable data
DTXSID2021735,Inactive,Inactive,Inconclusive,Inactive,Missing or unavailable data
DTXSID2021739,Inconclusive,Inactive,Inconclusive,Inactive,Missing or unavailable data
DTXSID2021781,Inactive,Inactive,Inactive,Inactive,Inactive in both primary assays
DTXSID2021789,Inactive,Inactive,Inactive,Inactive,Inactive in both primary assays
DTXSID2021810,Inconclusive,Inconclusive,Inactive,Inactive,Missing or unavailable data
DTXSID2021816,Inconclusive,Inconclusive,Inconclusive,Inactive,Missing or unavailable data
DTXSID2021818,Inconclusive,Inactive,Inconclusive,Inactive,Missing or unavailable data
DTXSID2021860,Inactive,Inconclusive,Inconclusive,Inactive,Missing or unavailable data
DTXSID2021864,Inconclusive,Inactive,Inconclusive,Inactive,Missing or unavailable data
DTXSID2021866,Inconclusive,Inconclusive,Inconclusive,Inactive,Missing or unavailable data
DTXSID2021868,Inactive,Inconclusive,Inactive,Inactive,Inactive in both primary assays
DTXSID2021941,Inactive,Inconclusive,Inactive,Inactive,Inactive in both primary assays
DTXSID2021943,Inconclusive,Inconclusive,Inactive,Inactive,Missing or unavailable data
DTXSID2021947,Inactive,Inactive,Inconclusive,Inactive,Missing or unavailable data
DTXSID2021949,Inconclusive,Inactive,Inactive,Inactive,Missing or unavailable data
DTXSID2021993,Inactive,Inactive,Inactive,Inactive,Inactive in both primary assays
DTXSID2021995,Inconclusive,Inconclusive,Inactive,Inactive,Missing or unavailable data
DTXSID2021997,Inconclusive,Inconclusive,Inactive,Inactive,Missing or unavailable data
DTXSID2022048,Active,Inactive,Active,Inactive,Both primary assays active - no viability interference detected
DTXSID2022090,Inactive,Inactive,Inconclusive,Inactive,Missing or unavailable data
DTXSID2022096,Inconclusive,Inactive,Inactive,Inactive,Missing or unavailable data
DTXSID2022121,Inactive,Inactive,Inactive,Inactive,Inactive in both primary assays
DTXSID2022123,Inconclusive,Inconclusive,Inconclusive,Inactive,Missing or unavailable data
DTXSID2022125,,,Inactive,Inactive,Missing or unavailable data
DTXSID2022127,Active,Inactive,Active,Inactive,Both primary assays active - no viability interference detected
DTXSID2022171,Inactive,Inconclusive,Inconclusive,Inactive,Missing or unavailable data
DTXSID2022179,Inactive,Inconclusive,Active,Active,Possible MDA-kb2 viability interference
DTXSID2022254,Inactive,Inactive,Inactive,Inactive,Inactive in both primary assays
DTXSID2022256,Inconclusive,Inactive,Active,Inactive,Missing or unavailable data
DTXSID2022331,Inactive,Inactive,Inactive,Inactive,Inactive in both primary assays
DTXSID2022333,,,Inactive,Inactive,Missing or unavailable data
DTXSID2022381,Active,Inactive,Active,Inactive,Both primary assays active - no viability interference detected
DTXSID2022462,,,Active,Inactive,Missing or unavailable data
DTXSID2022541,Inactive,Inactive,Inactive,Inactive,Inactive in both primary assays
DTXSID2022543,Inactive,Inconclusive,Inactive,Inactive,Inactive in both primary assays
DTXSID2022549,Inconclusive,Inconclusive,Inactive,Inactive,Missing or unavailable data
DTXSID2022593,Inactive,Inactive,Inconclusive,Inactive,Missing or unavailable data
DTXSID2022595,Inactive,Inactive,Inconclusive,Inactive,Missing or unavailable data
DTXSID2022624,Inactive,Inconclusive,,,Missing or unavailable data
DTXSID2022626,Inconclusive,Inactive,,,Missing or unavailable data
DTXSID2022628,Inactive,Inconclusive,Inconclusive,Inactive,Missing or unavailable data
DTXSID2022672,Active,Inactive,,,Missing or unavailable data
DTXSID2022674,Inactive,Inconclusive,Inconclusive,Inactive,Missing or unavailable data
DTXSID2022676,Inactive,Inactive,Inactive,Inactive,Inactive in both primary assays
DTXSID2022678,Active,Inactive,Active,Inactive,Both primary assays active - no viability interference detected
DTXSID2022707,Inactive,Inconclusive,Inactive,Inactive,Inactive in both primary assays
DTXSID2022751,Inactive,Inconclusive,,,Missing or unavailable data
DTXSID2022753,Inconclusive,Inconclusive,Inconclusive,Inactive,Missing or unavailable data
DTXSID2022880,Active,Inactive,Active,Inactive,Both primary assays active - no viability interference detected
DTXSID2022886,Inactive,Inconclusive,Inactive,Inactive,Inactive in both primary assays
DTXSID2022888,Inconclusive,Inactive,Inconclusive,Inactive,Missing or unavailable data
DTXSID2022915,Inconclusive,Inactive,,,Missing or unavailable data
DTXSID2022967,Inactive,Inactive,Inactive,Inactive,Inactive in both primary assays
DTXSID2023010,,,Inconclusive,Inactive,Missing or unavailable data
DTXSID2023016,Active,Inconclusive,Inconclusive,Inactive,Missing or unavailable data
DTXSID2023064,Inactive,Inconclusive,Inconclusive,Inactive,Missing or unavailable data
DTXSID2023068,Inactive,Active,Active,Active,Possible MDA-kb2 viability interference
DTXSID2023143,Inconclusive,Inconclusive,Inconclusive,Inactive,Missing or unavailable data
DTXSID2023145,Inactive,Inactive,,,Missing or unavailable data
DTXSID2023149,Inconclusive,Inactive,,,Missing or unavailable data
DTXSID2023193,Inconclusive,Inactive,Inactive,Inactive,Missing or unavailable data
DTXSID2023195,Inactive,Inactive,Inconclusive,Inactive,Missing or unavailable data
DTXSID2023197,Active,Active,,,Possible BLA viability interference
DTXSID2023222,Inactive,Inconclusive,Inconclusive,Inactive,Missing or unavailable data
DTXSID2023224,Inactive,Inactive,Active,Active,Possible MDA-kb2 viability interference
DTXSID2023270,Inactive,Inconclusive,Inactive,Inactive,Inactive in both primary assays
DTXSID2023276,Inactive,Inactive,Inconclusive,Inactive,Missing or unavailable data
DTXSID2023303,Inactive,Inactive,,,Missing or unavailable data
DTXSID2023307,Active,Inactive,Inconclusive,Inactive,Missing or unavailable data
DTXSID2023309,,,Inconclusive,Inactive,Missing or unavailable data
DTXSID2023353,Inactive,Inactive,Inconclusive,Inactive,Missing or unavailable data
DTXSID2023430,Inactive,Inconclusive,Inconclusive,Inactive,Missing or unavailable data
DTXSID2023434,Active,Inactive,Inactive,Inactive,BLA active only
DTXSID2023436,Inactive,Inactive,,,Missing or unavailable data
DTXSID2023480,Inactive,Inconclusive,Inactive,Inactive,Inactive in both primary assays
DTXSID2023488,Inconclusive,Inactive,Inactive,Inactive,Missing or unavailable data
DTXSID2023519,Inactive,Inactive,Inactive,Inactive,Inactive in both primary assays
DTXSID2023565,Inconclusive,Inconclusive,,,Missing or unavailable data
DTXSID2023567,Inactive,Inactive,,,Missing or unavailable data
DTXSID2023569,Inconclusive,Inactive,Inactive,Inactive,Missing or unavailable data
DTXSID2023640,Inactive,Inactive,Inactive,Inactive,Inactive in both primary assays
DTXSID2023642,Active,Inactive,Active,Active,Possible MDA-kb2 viability interference
DTXSID2023644,Inconclusive,Inactive,,,Missing or unavailable data
DTXSID2023690,Inactive,Inactive,Inactive,Inactive,Inactive in both primary assays
DTXSID2023692,Inactive,Inactive,,,Missing or unavailable data
DTXSID2023721,Inconclusive,Inactive,,,Missing or unavailable data
DTXSID2023723,Inactive,Inconclusive,Inconclusive,Inactive,Missing or unavailable data
DTXSID2023725,Inactive,Inactive,Inconclusive,Inactive,Missing or unavailable data
DTXSID2023727,Inactive,Inactive,Inconclusive,Inactive,Missing or unavailable data
DTXSID2023729,Inactive,Inactive,,,Missing or unavailable data
DTXSID2023771,Inactive,Inconclusive,Inconclusive,Inactive,Missing or unavailable data
DTXSID2023775,Inactive,Inactive,Inconclusive,Inactive,Missing or unavailable data
DTXSID2023937,Inactive,Inconclusive,Inconclusive,Inactive,Missing or unavailable data
DTXSID2024030,Inactive,Inactive,Inactive,Inactive,Inactive in both primary assays
DTXSID2024038,Inactive,Inconclusive,Inactive,Inactive,Inactive in both primary assays
DTXSID2024086,Active,Inactive,Active,Inactive,Both primary assays active - no viability interference detected
DTXSID2024113,Inactive,Inactive,Active,Inactive,MDA-kb2 active only
DTXSID2024163,Active,Inactive,Active,Inactive,Both primary assays active - no viability interference detected
DTXSID2024242,Inactive,Inactive,Inactive,Inactive,Inactive in both primary assays
DTXSID2024246,Inactive,Inactive,Active,Inactive,MDA-kb2 active only
DTXSID2024452,Inconclusive,Inactive,Inconclusive,Inactive,Missing or unavailable data
DTXSID2024454,Inactive,Inactive,Inconclusive,Inactive,Missing or unavailable data
DTXSID2024458,Inconclusive,Inactive,Active,Inconclusive,Missing or unavailable data
DTXSID2024585,Inactive,Inactive,Active,Inactive,MDA-kb2 active only
DTXSID2024589,Inconclusive,Inactive,Inactive,Inactive,Missing or unavailable data
DTXSID2024616,Inconclusive,Inactive,Inactive,Inactive,Missing or unavailable data
DTXSID2024660,Inconclusive,Inactive,Inconclusive,Inactive,Missing or unavailable data
DTXSID2024662,Inconclusive,Inactive,Inactive,Inactive,Missing or unavailable data
DTXSID2024664,Inconclusive,Inactive,Inconclusive,Inactive,Missing or unavailable data
DTXSID2024666,Inactive,Inconclusive,Inconclusive,Inactive,Missing or unavailable data
DTXSID2024747,Inactive,Inactive,Inactive,Inactive,Inactive in both primary assays
DTXSID2024791,Inactive,Inconclusive,Inactive,Inactive,Inactive in both primary assays
DTXSID2024793,Inactive,Inactive,Inactive,Inactive,Inactive in both primary assays
DTXSID2024797,Inactive,Inconclusive,Inactive,Inactive,Inactive in both primary assays
DTXSID2024799,Inactive,Inactive,Inconclusive,Inactive,Missing or unavailable data
DTXSID2024822,Inactive,Inactive,Inactive,Inactive,Inactive in both primary assays
DTXSID2024824,Inactive,Inactive,Inconclusive,Inactive,Missing or unavailable data
DTXSID2024878,Inconclusive,Inconclusive,Inactive,Inactive,Missing or unavailable data
DTXSID2024953,Inconclusive,Inactive,Inconclusive,Inactive,Missing or unavailable data
DTXSID2024955,Inactive,Inactive,Inactive,Inactive,Inactive in both primary assays
DTXSID2025004,Inconclusive,Inconclusive,Inactive,Inactive,Missing or unavailable data
DTXSID2025006,Active,Active,Active,Inactive,Possible BLA viability interference
DTXSID2025050,Inactive,Inactive,Inactive,Inactive,Inactive in both primary assays
DTXSID2025058,Active,Active,Active,Active,Possible BLA viability interference
DTXSID2025133,Inactive,Inactive,Inconclusive,Inactive,Missing or unavailable data
DTXSID2025135,Inactive,Inconclusive,Inconclusive,Inactive,Missing or unavailable data
DTXSID2025137,Inconclusive,Inactive,Inactive,Inactive,Missing or unavailable data
DTXSID2025139,Active,Active,Active,Active,Possible BLA viability interference
DTXSID2025183,Inactive,Inactive,Inconclusive,Inactive,Missing or unavailable data
DTXSID2025185,Inactive,Inconclusive,Inactive,Inactive,Inactive in both primary assays
DTXSID2025210,,,Inconclusive,Inactive,Missing or unavailable data
DTXSID2025216,Inconclusive,Inactive,Inactive,Inactive,Missing or unavailable data
DTXSID2025264,,,Inconclusive,Inactive,Missing or unavailable data
DTXSID2025345,Inconclusive,Inconclusive,Inconclusive,Inactive,Missing or unavailable data
DTXSID2025347,Inactive,Inactive,Inconclusive,Inactive,Missing or unavailable data
DTXSID2025391,Inconclusive,Inactive,Inactive,Inactive,Missing or unavailable data
DTXSID2025395,Inactive,Inactive,Inactive,Inactive,Inactive in both primary assays
DTXSID2025422,Inconclusive,Inconclusive,Inconclusive,Inactive,Missing or unavailable data
DTXSID2025424,Inactive,Inactive,Inconclusive,Inactive,Missing or unavailable data
DTXSID2025474,Inactive,Inactive,Inconclusive,Inactive,Missing or unavailable data
DTXSID2025478,Inactive,Inconclusive,Inconclusive,Inactive,Missing or unavailable data
DTXSID2025501,Inconclusive,Inconclusive,Inconclusive,Inactive,Missing or unavailable data
DTXSID2025503,Inconclusive,Inactive,Inactive,Inactive,Missing or unavailable data
DTXSID2025505,Inactive,Inactive,Inconclusive,Inactive,Missing or unavailable data
DTXSID2025551,Inactive,Inactive,Active,Inactive,MDA-kb2 active only
DTXSID2025557,Inconclusive,Inconclusive,Inconclusive,Inactive,Missing or unavailable data
DTXSID2025632,Inactive,Inconclusive,Inactive,Inactive,Inactive in both primary assays
DTXSID2025634,Inactive,Inactive,Active,Inactive,MDA-kb2 active only
DTXSID2025680,Active,Inactive,Inactive,Inactive,BLA active only
DTXSID2025688,Inactive,Inconclusive,Inconclusive,Inconclusive,Missing or unavailable data
DTXSID2025715,Inactive,Inactive,Inactive,Inactive,Inactive in both primary assays
DTXSID2025761,Inactive,Inconclusive,Inactive,Inconclusive,Inactive in both primary assays
DTXSID2025763,Inactive,Inactive,Inactive,Inactive,Inactive in both primary assays
DTXSID2025765,Inactive,Inactive,Inactive,Inactive,Inactive in both primary assays
DTXSID2025840,Inactive,Inactive,Inactive,Inactive,Inactive in both primary assays
DTXSID2025842,Active,Active,Active,Active,Possible BLA viability interference
DTXSID2025846,Inactive,Inactive,Inconclusive,Inactive,Missing or unavailable data
DTXSID2025892,Active,Active,Active,Inactive,Possible BLA viability interference
DTXSID2025896,Inactive,Inactive,Inactive,Inactive,Inactive in both primary assays
DTXSID2025925,Inactive,Inactive,Inactive,Inconclusive,Inactive in both primary assays
DTXSID2025975,Inactive,Inconclusive,Inactive,Inactive,Inactive in both primary assays
DTXSID2025977,Inactive,Inactive,Inactive,Inactive,Inactive in both primary assays
DTXSID2026022,Inactive,Inactive,Inconclusive,Inactive,Missing or unavailable data
DTXSID2026074,Inactive,Inactive,Inconclusive,Inactive,Missing or unavailable data
DTXSID2026076,Active,Active,Inactive,Inactive,Possible BLA viability interference
DTXSID2026101,Active,Active,Active,Active,Possible BLA viability interference
DTXSID2026107,Active,Active,Active,Active,Possible BLA viability interference
DTXSID2026151,Inconclusive,Inactive,Inconclusive,Inactive,Missing or unavailable data
DTXSID2026157,Inconclusive,Inactive,Inactive,Inactive,Missing or unavailable data
DTXSID2026232,Inactive,Inactive,Inactive,Inactive,Inactive in both primary assays
DTXSID2026238,Inactive,Inconclusive,Inactive,Inactive,Inactive in both primary assays
DTXSID2026444,Inactive,Inconclusive,Inconclusive,Inactive,Missing or unavailable data
DTXSID2026446,Inactive,Inactive,Inactive,Inactive,Inactive in both primary assays
DTXSID2026448,Inactive,Inactive,Inactive,Inactive,Inactive in both primary assays
DTXSID2026494,Inactive,Inactive,Inconclusive,Inactive,Missing or unavailable data
DTXSID2026496,Inconclusive,Inconclusive,Inactive,Inactive,Missing or unavailable data
DTXSID2026523,Inconclusive,Inconclusive,Inconclusive,Inconclusive,Missing or unavailable data
DTXSID2026525,Inactive,Inactive,Inactive,Inactive,Inactive in both primary assays
DTXSID2026527,Inconclusive,Inactive,Inconclusive,Inactive,Missing or unavailable data
DTXSID2026529,Inactive,Inactive,Inactive,Inactive,Inactive in both primary assays
DTXSID2026573,Active,Active,Active,Active,Possible BLA viability interference
DTXSID2026600,Inconclusive,Inconclusive,Inactive,Inactive,Missing or unavailable data
DTXSID2026602,Inactive,Active,Active,Active,Possible MDA-kb2 viability interference
DTXSID2026606,Inconclusive,Inactive,Inactive,Inactive,Missing or unavailable data
DTXSID2026608,Inactive,Inactive,Inactive,Inactive,Inactive in both primary assays
DTXSID2026652,Inconclusive,Inactive,Inconclusive,Inactive,Missing or unavailable data
DTXSID2026739,Inactive,Inactive,Inconclusive,Inactive,Missing or unavailable data
DTXSID2026781,Inactive,Inactive,Inactive,Inactive,Inactive in both primary assays
DTXSID2026783,Inactive,Inconclusive,Inactive,Inactive,Inactive in both primary assays
DTXSID2026789,Inconclusive,Inactive,Inconclusive,Inactive,Missing or unavailable data
DTXSID2026864,Inactive,Inactive,Inactive,Inactive,Inactive in both primary assays
DTXSID2026941,Inactive,Inconclusive,Inconclusive,Inactive,Missing or unavailable data
DTXSID2026943,Inconclusive,Inactive,Inconclusive,Inactive,Missing or unavailable data
DTXSID2026991,Inconclusive,Inconclusive,Inactive,Inactive,Missing or unavailable data
DTXSID2026997,Inactive,Inactive,Inconclusive,Inconclusive,Missing or unavailable data
DTXSID2027044,Inactive,Inactive,Inconclusive,Inactive,Missing or unavailable data
DTXSID2027048,Inactive,Inactive,Inconclusive,Inactive,Missing or unavailable data
DTXSID2027092,Inactive,Inconclusive,Inconclusive,Inactive,Missing or unavailable data
DTXSID2027094,Inactive,Inactive,Inactive,Inactive,Inactive in both primary assays
DTXSID2027096,Inconclusive,Inactive,Inconclusive,Inactive,Missing or unavailable data
DTXSID2027098,Inconclusive,Inactive,Inconclusive,Inactive,Missing or unavailable data
DTXSID2027175,Inconclusive,Inconclusive,Inactive,Inactive,Missing or unavailable data
DTXSID2027200,Inactive,Inactive,Inactive,Inactive,Inactive in both primary assays
DTXSID2027204,Inconclusive,Inconclusive,Inactive,Inactive,Missing or unavailable data
DTXSID2027206,Inconclusive,Inactive,Inconclusive,Inactive,Missing or unavailable data
DTXSID2027254,Inconclusive,Inactive,Inconclusive,Inactive,Missing or unavailable data
DTXSID2027258,Active,Active,Inconclusive,Inactive,Possible BLA viability interference
DTXSID2027333,Inactive,Inactive,Inconclusive,Inactive,Missing or unavailable data
DTXSID2027381,Inactive,Inactive,,,Missing or unavailable data
DTXSID2027412,Inactive,Inactive,Inactive,Inactive,Inactive in both primary assays
DTXSID2027414,Inactive,Inactive,Inactive,Inconclusive,Inactive in both primary assays
DTXSID2027416,Inactive,Inactive,Inconclusive,Inactive,Missing or unavailable data
DTXSID2027418,Inactive,Inconclusive,Inconclusive,Inactive,Missing or unavailable data
DTXSID2027462,Inactive,Inactive,Inactive,Inactive,Inactive in both primary assays
DTXSID2027466,Inconclusive,Inactive,Inactive,Inactive,Missing or unavailable data
DTXSID2027543,Inactive,Inactive,Inactive,Inactive,Inactive in both primary assays
DTXSID2027591,Inactive,Inactive,Inactive,Inactive,Inactive in both primary assays
DTXSID2027593,Inconclusive,Inactive,Inconclusive,Inactive,Missing or unavailable data
DTXSID2027595,Inconclusive,Inconclusive,Inactive,Inactive,Missing or unavailable data
DTXSID2027599,Inconclusive,Inactive,Inconclusive,Inactive,Missing or unavailable data
DTXSID2027620,Inconclusive,Inactive,Inconclusive,Inactive,Missing or unavailable data
DTXSID2027624,Inactive,Inactive,Inconclusive,Inconclusive,Missing or unavailable data
DTXSID2027759,Inconclusive,Inactive,Inactive,Inactive,Missing or unavailable data
DTXSID2027830,Inactive,Inactive,Inconclusive,Inactive,Missing or unavailable data
DTXSID2027832,Inactive,Inactive,Inconclusive,Inactive,Missing or unavailable data
DTXSID2027834,Inconclusive,Inactive,Inconclusive,Inactive,Missing or unavailable data
DTXSID2027884,Inactive,Inactive,Inconclusive,Inactive,Missing or unavailable data
DTXSID2027886,Inactive,Inconclusive,Inactive,Inactive,Inactive in both primary assays
DTXSID2027963,Inconclusive,Inconclusive,Inactive,Inactive,Missing or unavailable data
DTXSID2028010,Inconclusive,Inactive,Inconclusive,Inactive,Missing or unavailable data
DTXSID2028016,Inconclusive,Inactive,Inconclusive,Inactive,Missing or unavailable data
DTXSID2028723,Inactive,Inactive,Inconclusive,Inactive,Missing or unavailable data
DTXSID2028985,Inactive,Inactive,Inconclusive,Inactive,Missing or unavailable data
DTXSID2029117,Active,Inactive,Inconclusive,Inactive,Missing or unavailable data
DTXSID2029167,Inactive,Inactive,Inactive,Inactive,Inactive in both primary assays
DTXSID2029169,Inactive,Inconclusive,Inconclusive,Inactive,Missing or unavailable data
DTXSID2029240,Inactive,Inactive,Inactive,Inactive,Inactive in both primary assays
DTXSID2029242,Inconclusive,Inconclusive,Inactive,Inactive,Missing or unavailable data
DTXSID2029244,Inactive,Inactive,Inconclusive,Inactive,Missing or unavailable data
DTXSID2029246,Inactive,Inactive,Inconclusive,Inactive,Missing or unavailable data
DTXSID2029290,Inconclusive,Inconclusive,Inactive,Inactive,Missing or unavailable data
DTXSID2029298,Inactive,Inactive,Inactive,Inactive,Inactive in both primary assays
DTXSID2029325,Inactive,Inactive,Inactive,Inactive,Inactive in both primary assays
DTXSID2029327,Inactive,Inactive,Inactive,Inactive,Inactive in both primary assays
DTXSID2029329,Inactive,Inconclusive,Inactive,Inactive,Inactive in both primary assays
DTXSID2029612,Inactive,Inconclusive,Inconclusive,Inactive,Missing or unavailable data
DTXSID2029616,Inactive,Inactive,Inconclusive,Inactive,Missing or unavailable data
DTXSID2029662,Active,Inactive,Active,Inactive,Both primary assays active - no viability interference detected
DTXSID2029668,Inactive,Inactive,Inconclusive,Inactive,Missing or unavailable data
DTXSID2029874,Inconclusive,Inactive,Active,Inactive,Missing or unavailable data
DTXSID2030695,Inactive,Inactive,Inactive,Inactive,Inactive in both primary assays
DTXSID2030857,Inactive,Inactive,Inconclusive,Inactive,Missing or unavailable data
DTXSID2031089,Inactive,Inactive,Active,Active,Possible MDA-kb2 viability interference
DTXSID2031374,,,Inconclusive,Inactive,Missing or unavailable data
DTXSID2031532,Inconclusive,Inactive,Inactive,Inactive,Missing or unavailable data
DTXSID2031956,Inactive,Inactive,Inconclusive,Inactive,Missing or unavailable data
DTXSID2032005,Active,Inactive,Active,Active,Possible MDA-kb2 viability interference
DTXSID2032180,Inactive,Inactive,Inactive,Inactive,Inactive in both primary assays
DTXSID2032342,,,Inactive,Inactive,Missing or unavailable data
DTXSID2032344,Inactive,Inactive,Inactive,Inactive,Inactive in both primary assays
DTXSID2032348,Active,Active,Active,Inactive,Possible BLA viability interference
DTXSID2032390,Active,Inactive,Active,Inactive,Both primary assays active - no viability interference detected
DTXSID2032392,Inactive,Inactive,Inconclusive,Inactive,Missing or unavailable data
DTXSID2032398,Active,Active,Active,Inactive,Possible BLA viability interference
DTXSID2032421,Inconclusive,Inactive,Inconclusive,Inactive,Missing or unavailable data
DTXSID2032500,Active,Active,Active,Active,Possible BLA viability interference
DTXSID2032550,Active,Active,Active,Active,Possible BLA viability interference
DTXSID2032552,Active,Inactive,Inactive,Inactive,BLA active only
DTXSID2032554,Inactive,Inactive,Inactive,Inactive,Inactive in both primary assays
DTXSID2032556,Inactive,Inactive,Inconclusive,Inactive,Missing or unavailable data
DTXSID2032558,Active,Active,Active,Active,Possible BLA viability interference
DTXSID2032631,Inconclusive,Inconclusive,Inactive,Inactive,Missing or unavailable data
DTXSID2032637,Inactive,Inconclusive,Inconclusive,Inactive,Missing or unavailable data
DTXSID2032639,Inactive,Inactive,Inconclusive,Inactive,Missing or unavailable data
DTXSID2032683,Active,Inconclusive,Inactive,Inactive,BLA active only
DTXSID2032891,Inactive,Inactive,Inactive,Inactive,Inactive in both primary assays
DTXSID2033281,Active,Active,Inconclusive,Inactive,Possible BLA viability interference
DTXSID2033314,Active,Inactive,Inactive,Inactive,BLA active only
DTXSID2033445,Inconclusive,Inconclusive,Inactive,Inactive,Missing or unavailable data
DTXSID2033447,Inactive,Inconclusive,Inactive,Inactive,Inactive in both primary assays
DTXSID2033493,Inactive,Inactive,Inactive,Inactive,Inactive in both primary assays
DTXSID2033736,Active,Active,Active,Active,Possible BLA viability interference
DTXSID2033863,Inactive,Inactive,Inconclusive,Inactive,Missing or unavailable data
DTXSID2034091,Inactive,Inactive,Inconclusive,Inconclusive,Missing or unavailable data
DTXSID2034095,Inactive,Inactive,Active,Active,Possible MDA-kb2 viability interference
DTXSID2034255,Inactive,Inactive,Inactive,Inactive,Inactive in both primary assays
DTXSID2034259,,,Active,Inactive,Missing or unavailable data
DTXSID2034338,Inactive,Inactive,Inactive,Inactive,Inactive in both primary assays
DTXSID2034382,Inactive,Inactive,Inactive,Inactive,Inactive in both primary assays
DTXSID2034465,Inactive,Inactive,Inactive,Inactive,Inactive in both primary assays
DTXSID2034540,Inactive,Inactive,Inconclusive,Inconclusive,Missing or unavailable data
DTXSID2034542,,,Inactive,Inactive,Missing or unavailable data
DTXSID2034590,Active,Active,Active,Active,Possible BLA viability interference
DTXSID2034598,Active,Inactive,Inactive,Inactive,BLA active only
DTXSID2034625,Active,Active,Active,Active,Possible BLA viability interference
DTXSID2034627,Inconclusive,Inconclusive,Inconclusive,Inactive,Missing or unavailable data
DTXSID2034673,Inconclusive,Inactive,Inactive,Inactive,Missing or unavailable data
DTXSID2034700,Inconclusive,Inconclusive,Inactive,Inactive,Missing or unavailable data
DTXSID2034833,Inconclusive,Inactive,Inactive,Inconclusive,Missing or unavailable data
DTXSID2034881,Active,Inactive,Active,Inactive,Both primary assays active - no viability interference detected
DTXSID2034885,Inconclusive,Inconclusive,Inactive,Inactive,Missing or unavailable data
DTXSID2034962,Inactive,Inactive,Inconclusive,Inactive,Missing or unavailable data
DTXSID2034968,Inconclusive,Inactive,Inactive,Inactive,Missing or unavailable data
DTXSID2035013,Inactive,Inconclusive,Inactive,Inactive,Inactive in both primary assays
DTXSID2035481,Inactive,Inconclusive,Inactive,Inactive,Inactive in both primary assays
DTXSID2036112,Active,Active,Active,Active,Possible BLA viability interference
DTXSID2036299,Inconclusive,Inactive,Inactive,Inactive,Missing or unavailable data
DTXSID2036409,Inactive,Inactive,,,Missing or unavailable data
DTXSID2036588,Active,Active,Active,Active,Possible BLA viability interference
DTXSID2036827,Inactive,Inactive,Inconclusive,Inactive,Missing or unavailable data
DTXSID2037186,Active,Active,,,Possible BLA viability interference
DTXSID2037502,,,Active,Inactive,Missing or unavailable data
DTXSID2037508,Inactive,Inactive,Inactive,Inactive,Inactive in both primary assays
DTXSID2037712,Active,Inactive,Active,Inactive,Both primary assays active - no viability interference detected
DTXSID2037714,Active,Inactive,Inactive,Inactive,BLA active only
DTXSID2038732,Inactive,Inactive,Inactive,Inactive,Inactive in both primary assays
DTXSID2038788,Inactive,Inconclusive,Inconclusive,Inactive,Missing or unavailable data
DTXSID2038813,Inactive,Inactive,Inactive,Inactive,Inactive in both primary assays
DTXSID2039336,Active,Inactive,Active,Inactive,Both primary assays active - no viability interference detected
DTXSID2040151,Inconclusive,Inactive,Inconclusive,Inactive,Missing or unavailable data
DTXSID2040234,Inactive,Inconclusive,Inactive,Inactive,Inactive in both primary assays
DTXSID2040236,Inactive,Inconclusive,Inactive,Inactive,Inactive in both primary assays
DTXSID2040284,Inconclusive,Inconclusive,Inconclusive,Inactive,Missing or unavailable data
DTXSID2040361,Inactive,Inactive,Inconclusive,Inconclusive,Missing or unavailable data
DTXSID2040363,Active,Active,Active,Active,Possible BLA viability interference
DTXSID2040525,Inactive,Inactive,,,Missing or unavailable data
DTXSID2040579,Active,Active,,,Possible BLA viability interference
DTXSID2040608,Inactive,Inactive,Inactive,Inconclusive,Inactive in both primary assays
DTXSID2040652,Active,Active,Inactive,Inactive,Possible BLA viability interference
DTXSID2040656,Inactive,Inactive,Inconclusive,Inactive,Missing or unavailable data
DTXSID2040731,Inactive,Inactive,Inactive,Inactive,Inactive in both primary assays
DTXSID2040733,,,Active,Active,Possible MDA-kb2 viability interference
DTXSID2040735,Inconclusive,Inactive,Inconclusive,Inactive,Missing or unavailable data
DTXSID2040739,Inconclusive,Inconclusive,Inactive,Inactive,Missing or unavailable data
DTXSID2040783,Inactive,Inconclusive,,,Missing or unavailable data
DTXSID2040787,Active,Active,Active,Active,Possible BLA viability interference
DTXSID2040945,Inactive,Inactive,,,Missing or unavailable data
DTXSID2041046,Inactive,Inactive,,,Missing or unavailable data
DTXSID2041125,Inconclusive,Inconclusive,Inactive,Inactive,Missing or unavailable data
DTXSID2041200,Inactive,Inactive,Inactive,Inactive,Inactive in both primary assays
DTXSID2041206,Inconclusive,Inactive,Inconclusive,Inactive,Missing or unavailable data
DTXSID2041208,Active,Inactive,Inactive,Inactive,BLA active only
DTXSID2041250,Inactive,Inactive,Inactive,Inactive,Inactive in both primary assays
DTXSID2041252,Inactive,Inactive,Inactive,Active,Inactive in both primary assays
DTXSID2041256,Inconclusive,Inactive,Inconclusive,Inactive,Missing or unavailable data
DTXSID2041389,Inconclusive,Inactive,Inactive,Inactive,Missing or unavailable data
DTXSID2041412,Inconclusive,Inactive,Inconclusive,Inactive,Missing or unavailable data
DTXSID2041416,Inconclusive,Inactive,Inconclusive,Inactive,Missing or unavailable data
DTXSID2041418,Inconclusive,Inactive,Inactive,Inactive,Missing or unavailable data
DTXSID2041460,Inactive,Inactive,Inactive,Inconclusive,Inactive in both primary assays
DTXSID2041464,Inactive,Inactive,Inactive,Inactive,Inactive in both primary assays
DTXSID2041468,Inactive,Inconclusive,Inactive,Inactive,Inactive in both primary assays
DTXSID2041541,Inconclusive,Inconclusive,Inactive,Inactive,Missing or unavailable data
DTXSID2041545,Inconclusive,Inconclusive,Inactive,Inactive,Missing or unavailable data
DTXSID2041547,Inactive,Inactive,Inactive,Inactive,Inactive in both primary assays
DTXSID2041622,Active,Inactive,Inactive,Inactive,BLA active only
DTXSID2041626,Inconclusive,Inconclusive,Inconclusive,Inactive,Missing or unavailable data
DTXSID2041672,Inactive,Inactive,Inactive,Inactive,Inactive in both primary assays
DTXSID2041674,,,Inactive,Inactive,Missing or unavailable data
DTXSID2041703,Inconclusive,Inconclusive,Inconclusive,Inactive,Missing or unavailable data
DTXSID2041709,Inconclusive,Inconclusive,Inactive,Active,Missing or unavailable data
DTXSID2041759,Active,Active,Active,Active,Possible BLA viability interference
DTXSID2041880,Inactive,Inconclusive,Inactive,Inconclusive,Inactive in both primary assays
DTXSID2041884,Active,Active,Active,Inactive,Possible BLA viability interference
DTXSID2041886,Inconclusive,Inactive,Inactive,Inactive,Missing or unavailable data
DTXSID2041913,Active,Inactive,Active,Inactive,Both primary assays active - no viability interference detected
DTXSID2041917,Inactive,Inactive,Inactive,Inactive,Inactive in both primary assays
DTXSID2042014,Inactive,Inconclusive,Inactive,Inactive,Inactive in both primary assays
DTXSID2042060,Inconclusive,Inconclusive,Inactive,Inactive,Missing or unavailable data
DTXSID2042062,Inconclusive,Inconclusive,Inactive,Inactive,Missing or unavailable data
DTXSID2042143,Inconclusive,Inactive,Inactive,Inactive,Missing or unavailable data
DTXSID2042145,Inactive,Inactive,Inactive,Inactive,Inactive in both primary assays
DTXSID2042149,Inactive,Inactive,Inactive,Inactive,Inactive in both primary assays
DTXSID2042191,Inconclusive,Active,Inactive,Inactive,Missing or unavailable data
DTXSID2042195,Inactive,Inactive,Inconclusive,Inconclusive,Missing or unavailable data
DTXSID2042199,Inactive,Inactive,Inconclusive,Inactive,Missing or unavailable data
DTXSID2042220,Inactive,Inactive,Inactive,Inactive,Inactive in both primary assays
DTXSID2042224,Active,Active,,,Possible BLA viability interference
DTXSID2042276,Inconclusive,Inconclusive,Inconclusive,Inactive,Missing or unavailable data
DTXSID2042436,Inactive,Inconclusive,Inactive,Inactive,Inactive in both primary assays
DTXSID2042517,,,Inactive,Inactive,Missing or unavailable data
DTXSID2043747,,,Inactive,Inactive,Missing or unavailable data
DTXSID2043874,Inactive,Inconclusive,Inconclusive,Inactive,Missing or unavailable data
DTXSID2043903,,,Active,Inactive,Missing or unavailable data
DTXSID2043909,Inconclusive,Inactive,,,Missing or unavailable data
DTXSID2044000,Active,Active,Active,Active,Possible BLA viability interference
DTXSID2044002,Inactive,Active,Inconclusive,Inactive,Missing or unavailable data
DTXSID2044131,Inconclusive,Inactive,Inconclusive,Inactive,Missing or unavailable data
DTXSID2044137,Inconclusive,Inconclusive,Inactive,Inactive,Missing or unavailable data
DTXSID2044210,Inactive,Inactive,Inconclusive,Inactive,Missing or unavailable data
DTXSID2044214,Inactive,Inactive,,,Missing or unavailable data
DTXSID2044218,Inconclusive,Inactive,Inactive,Inactive,Missing or unavailable data
DTXSID2044266,Inconclusive,Inactive,Active,Inactive,Missing or unavailable data
DTXSID2044268,Inconclusive,Inactive,Inconclusive,Inactive,Missing or unavailable data
DTXSID2044347,Inactive,Inconclusive,Inactive,Inactive,Inactive in both primary assays
DTXSID2044391,Inactive,Inconclusive,Inactive,Inactive,Inactive in both primary assays
DTXSID2044393,Inactive,Inactive,Inactive,Inactive,Inactive in both primary assays
DTXSID2044395,Inactive,Inactive,Inactive,Inactive,Inactive in both primary assays
DTXSID2044397,Inactive,Inactive,Inconclusive,Inactive,Missing or unavailable data
DTXSID2044399,Inconclusive,Inactive,Inactive,Inactive,Missing or unavailable data
DTXSID2044420,Inconclusive,Inconclusive,Inactive,Active,Missing or unavailable data
DTXSID2044422,,,Inactive,Inactive,Missing or unavailable data
DTXSID2044424,Inconclusive,Inconclusive,Inconclusive,Inactive,Missing or unavailable data
DTXSID2044428,Inactive,Inconclusive,Inactive,Inactive,Inactive in both primary assays
DTXSID2044470,Inactive,Inactive,Inconclusive,Inconclusive,Missing or unavailable data
DTXSID2044472,Inconclusive,Inactive,Inactive,Inactive,Missing or unavailable data
DTXSID2044474,Inactive,Inactive,,,Missing or unavailable data
DTXSID2044476,,,Inactive,Inactive,Missing or unavailable data
DTXSID2044503,Inactive,Inconclusive,Active,Inactive,MDA-kb2 active only
DTXSID2044507,Active,Active,Active,Active,Possible BLA viability interference
DTXSID2044509,Active,Inconclusive,Inactive,Inactive,BLA active only
DTXSID2044553,Inconclusive,Inactive,Inactive,Inactive,Missing or unavailable data
DTXSID2044559,Inactive,Inactive,Inactive,Inactive,Inactive in both primary assays
DTXSID2044632,Inactive,Inactive,Inactive,Inactive,Inactive in both primary assays
DTXSID2044638,Inconclusive,Inconclusive,Inconclusive,Inactive,Missing or unavailable data
DTXSID2044680,Inactive,Inactive,Inactive,Inactive,Inactive in both primary assays
DTXSID2044682,Inactive,Inactive,Inactive,Inactive,Inactive in both primary assays
DTXSID2044684,Inactive,Inactive,Inconclusive,Inactive,Missing or unavailable data
DTXSID2044686,Inactive,Inactive,Inconclusive,Inactive,Missing or unavailable data
DTXSID2044713,Inactive,Inconclusive,Inactive,Active,Inactive in both primary assays
DTXSID2044715,Inactive,Inconclusive,Inactive,Inactive,Inactive in both primary assays
DTXSID2044717,,,Inactive,Inactive,Missing or unavailable data
DTXSID2044719,Inactive,Inactive,Active,Inactive,MDA-kb2 active only
DTXSID2044763,Inactive,Inactive,Inconclusive,Inactive,Missing or unavailable data
DTXSID2044765,Inactive,Inactive,Inactive,Inactive,Inactive in both primary assays
DTXSID2044767,Inactive,Inconclusive,Inconclusive,Inactive,Missing or unavailable data
DTXSID2044769,Inactive,Inactive,Inactive,Inactive,Inactive in both primary assays
DTXSID2044840,Inactive,Inactive,Inactive,Inactive,Inactive in both primary assays
DTXSID2044842,Inconclusive,Inactive,Inactive,Inactive,Missing or unavailable data
DTXSID2044844,Inactive,Inactive,Inactive,Inactive,Inactive in both primary assays
DTXSID2044846,Active,Active,Active,Inactive,Possible BLA viability interference
DTXSID2044848,Inconclusive,Inconclusive,Inconclusive,Inactive,Missing or unavailable data
DTXSID2044890,Active,Inconclusive,Active,Inactive,Missing or unavailable data
DTXSID2044892,Inconclusive,Inconclusive,Inactive,Inactive,Missing or unavailable data
DTXSID2044894,Inconclusive,Inactive,Inactive,Active,Missing or unavailable data
DTXSID2044896,Inactive,Inactive,Inactive,Inactive,Inactive in both primary assays
DTXSID2044898,Inconclusive,Inconclusive,Inactive,Inactive,Missing or unavailable data
DTXSID2044921,Inconclusive,Inconclusive,Inconclusive,Inactive,Missing or unavailable data
DTXSID2044923,Active,Inactive,Active,Active,Possible MDA-kb2 viability interference
DTXSID2044925,Inactive,Inactive,Inactive,Inactive,Inactive in both primary assays
DTXSID2044927,Inactive,Inconclusive,Inactive,Inactive,Inactive in both primary assays
DTXSID2044929,Inconclusive,Inactive,Inactive,Inactive,Missing or unavailable data
DTXSID2044971,Active,Active,Active,Inactive,Possible BLA viability interference
DTXSID2044973,Inactive,Inconclusive,Inactive,Inactive,Inactive in both primary assays
DTXSID2044975,Inconclusive,Inconclusive,Inconclusive,Inactive,Missing or unavailable data
DTXSID2044979,Inactive,Inactive,Inactive,Inactive,Inactive in both primary assays
DTXSID2045072,Inconclusive,Inactive,Inconclusive,Inactive,Missing or unavailable data
DTXSID2045076,Inactive,Inconclusive,Inactive,Inactive,Inactive in both primary assays
DTXSID2045078,Inactive,Inactive,,,Missing or unavailable data
DTXSID2045101,Inactive,Inactive,,,Missing or unavailable data
DTXSID2045103,Inconclusive,Inactive,,,Missing or unavailable data
DTXSID2045105,Inactive,Inactive,Active,Inactive,MDA-kb2 active only
DTXSID2045107,Inconclusive,Inactive,Inconclusive,Inactive,Missing or unavailable data
DTXSID2045109,Active,Active,,,Possible BLA viability interference
DTXSID2045151,Inactive,Inactive,Inactive,Inactive,Inactive in both primary assays
DTXSID2045153,Inactive,Inconclusive,Inconclusive,Inactive,Missing or unavailable data
DTXSID2045157,Inconclusive,Inconclusive,Inactive,Inconclusive,Missing or unavailable data
DTXSID2045232,Inactive,Inconclusive,Inactive,Inactive,Inactive in both primary assays
DTXSID2045236,Inactive,Inactive,,,Missing or unavailable data
DTXSID2045238,Inconclusive,Inactive,Inconclusive,Inactive,Missing or unavailable data
DTXSID2045280,Inactive,Inactive,Inactive,Inactive,Inactive in both primary assays
DTXSID2045315,Inconclusive,Inconclusive,Active,Inactive,Missing or unavailable data
DTXSID2045361,Inactive,Inactive,Inactive,Inactive,Inactive in both primary assays
DTXSID2045365,Inactive,Inactive,Inconclusive,Inactive,Missing or unavailable data
DTXSID2045367,Inactive,Inactive,,,Missing or unavailable data
DTXSID2045440,Inactive,Inactive,Inconclusive,Inconclusive,Missing or unavailable data
DTXSID2045442,Inactive,Inconclusive,,,Missing or unavailable data
DTXSID2045444,Inconclusive,Inactive,Inactive,Inactive,Missing or unavailable data
DTXSID2045448,Inactive,Inactive,Active,Inactive,MDA-kb2 active only
DTXSID2045490,Inactive,Inactive,Active,Inactive,MDA-kb2 active only
DTXSID2045492,Inconclusive,Inactive,Inconclusive,Inactive,Missing or unavailable data
DTXSID2045494,Inconclusive,Inactive,,,Missing or unavailable data
DTXSID2045496,Inactive,Inactive,Inactive,Inactive,Inactive in both primary assays
DTXSID2045498,Active,Active,,,Possible BLA viability interference
DTXSID2045521,Inconclusive,Inactive,Inactive,Inactive,Missing or unavailable data
DTXSID2045523,Inconclusive,Inactive,Inconclusive,Inactive,Missing or unavailable data
DTXSID2045527,Inactive,Inactive,Inconclusive,Inactive,Missing or unavailable data
DTXSID2045529,Inactive,Inactive,,,Missing or unavailable data
DTXSID2045571,Inactive,Inactive,,,Missing or unavailable data
DTXSID2045573,Active,Inactive,,,Missing or unavailable data
DTXSID2045575,Inactive,Inconclusive,Inactive,Inactive,Inactive in both primary assays
DTXSID2045579,Inactive,Inactive,,,Missing or unavailable data
DTXSID2045600,Inactive,Inactive,Inactive,Inactive,Inactive in both primary assays
DTXSID2045602,Inactive,Inactive,,,Missing or unavailable data
DTXSID2045604,Inconclusive,Inconclusive,,,Missing or unavailable data
DTXSID2045606,Inactive,Inactive,,,Missing or unavailable data
DTXSID2045608,Inconclusive,Inactive,,,Missing or unavailable data
DTXSID2045650,Inconclusive,Inconclusive,,,Missing or unavailable data
DTXSID2045652,Inactive,Inactive,Inconclusive,Inactive,Missing or unavailable data
DTXSID2045654,Active,Inactive,Inconclusive,Inconclusive,Missing or unavailable data
DTXSID2045656,Inactive,Inactive,Inactive,Inactive,Inactive in both primary assays
DTXSID2045658,Inactive,Inactive,,,Missing or unavailable data
DTXSID2045735,Inconclusive,Inconclusive,Inactive,Active,Missing or unavailable data
DTXSID2045781,Active,Inactive,Active,Active,Possible MDA-kb2 viability interference
DTXSID2045783,Inconclusive,Inactive,Inactive,Inactive,Missing or unavailable data
DTXSID2045785,Inactive,Inactive,,,Missing or unavailable data
DTXSID2045787,Inactive,Inconclusive,,,Missing or unavailable data
DTXSID2045789,Inconclusive,Inactive,,,Missing or unavailable data
DTXSID2045810,Inconclusive,Inactive,Inactive,Inactive,Missing or unavailable data
DTXSID2045812,Inconclusive,Inconclusive,Inactive,Inactive,Missing or unavailable data
DTXSID2045814,Inactive,Inactive,,,Missing or unavailable data
DTXSID2045860,Active,Active,Active,Active,Possible BLA viability interference
DTXSID2045862,Inactive,Inactive,Inactive,Inactive,Inactive in both primary assays
DTXSID2045864,Inactive,Inactive,Inconclusive,Inactive,Missing or unavailable data
DTXSID2045868,Inactive,Inconclusive,Inactive,Inactive,Inactive in both primary assays
DTXSID2045941,Inconclusive,Inactive,Inactive,Inactive,Missing or unavailable data
DTXSID2045943,Active,Inactive,Active,Active,Possible MDA-kb2 viability interference
DTXSID2045945,Inconclusive,Inactive,Inactive,Inactive,Missing or unavailable data
DTXSID2045993,Inconclusive,Inactive,Inconclusive,Inactive,Missing or unavailable data
DTXSID2046042,Inactive,Inconclusive,Inactive,Inconclusive,Inactive in both primary assays
DTXSID2046090,Inactive,Inactive,Inconclusive,Inactive,Missing or unavailable data
DTXSID2046092,Active,Inactive,Inactive,Inactive,BLA active only
DTXSID2046094,Active,Inactive,Active,Inconclusive,Missing or unavailable data
DTXSID2046096,Inconclusive,Inactive,Inactive,Inactive,Missing or unavailable data
DTXSID2046121,Inconclusive,Inactive,,,Missing or unavailable data
DTXSID2046123,Inactive,Inactive,Active,Inactive,MDA-kb2 active only
DTXSID2046127,Active,Inactive,Inactive,Inactive,BLA active only
DTXSID2046171,Inactive,Inconclusive,,,Missing or unavailable data
DTXSID2046173,Inactive,Inconclusive,,,Missing or unavailable data
DTXSID2046175,Inactive,Inactive,,,Missing or unavailable data
DTXSID2046177,Inactive,Inactive,,,Missing or unavailable data
DTXSID2046179,Inconclusive,Inactive,Inactive,Inactive,Missing or unavailable data
DTXSID2046200,Inactive,Inactive,Inactive,Inconclusive,Inactive in both primary assays
DTXSID2046202,Inactive,Inactive,,,Missing or unavailable data
DTXSID2046206,Inactive,Inactive,,,Missing or unavailable data
DTXSID2046208,Active,Inactive,,,Missing or unavailable data
DTXSID2046250,Inconclusive,Inconclusive,,,Missing or unavailable data
DTXSID2046252,Inconclusive,Inactive,,,Missing or unavailable data
DTXSID2046254,Inactive,Inactive,,,Missing or unavailable data
DTXSID2046256,Inconclusive,Inconclusive,,,Missing or unavailable data
DTXSID2046258,Inactive,Inactive,,,Missing or unavailable data
DTXSID2046383,Inconclusive,Inactive,Inactive,Inactive,Missing or unavailable data
DTXSID2046385,Inconclusive,Inactive,Active,Inactive,Missing or unavailable data
DTXSID2046389,Inconclusive,Inconclusive,Inconclusive,Inactive,Missing or unavailable data
DTXSID2046410,Inconclusive,Inactive,Inconclusive,Inactive,Missing or unavailable data
DTXSID2046412,Inconclusive,Inactive,Inactive,Inactive,Missing or unavailable data
DTXSID2046414,Inactive,Inactive,Inactive,Inactive,Inactive in both primary assays
DTXSID2046418,Inconclusive,Inconclusive,Inconclusive,Inactive,Missing or unavailable data
DTXSID2046460,Active,Inactive,Inconclusive,Inactive,Missing or unavailable data
DTXSID2046462,Inactive,Inactive,,,Missing or unavailable data
DTXSID2046464,Inactive,Inactive,Inactive,Inactive,Inactive in both primary assays
DTXSID2046468,Inactive,Inactive,Inconclusive,Inactive,Missing or unavailable data
DTXSID2046541,Inactive,Inactive,Inconclusive,Inactive,Missing or unavailable data
DTXSID2046543,Inactive,Inactive,Inactive,Inactive,Inactive in both primary assays
DTXSID2046545,Active,Active,Active,Active,Possible BLA viability interference
DTXSID2046549,Inconclusive,Inactive,,,Missing or unavailable data
DTXSID2046591,Active,Active,Active,Active,Possible BLA viability interference
DTXSID2046593,Inconclusive,Inactive,,,Missing or unavailable data
DTXSID2046597,Inactive,Inactive,,,Missing or unavailable data
DTXSID2046599,Inconclusive,Inactive,Inconclusive,Inactive,Missing or unavailable data
DTXSID2046624,Active,Inactive,,,Missing or unavailable data
DTXSID2046626,Inactive,Inactive,,,Missing or unavailable data
DTXSID2046628,Inactive,Inactive,Inconclusive,Inactive,Missing or unavailable data
DTXSID2046670,Active,Inactive,Inconclusive,Inactive,Missing or unavailable data
DTXSID2046674,Inconclusive,Inactive,,,Missing or unavailable data
DTXSID2046678,Inactive,Inconclusive,Inactive,Inactive,Inactive in both primary assays
DTXSID2046701,Inactive,Inactive,,,Missing or unavailable data
DTXSID2046703,Inactive,Inconclusive,,,Missing or unavailable data
DTXSID2046705,Inactive,Inactive,Inactive,Inactive,Inactive in both primary assays
DTXSID2046707,Active,Active,,,Possible BLA viability interference
DTXSID2046709,Inactive,Inconclusive,,,Missing or unavailable data
DTXSID2046751,Active,Active,,,Possible BLA viability interference
DTXSID2046755,Active,Inactive,Active,Active,Possible MDA-kb2 viability interference
DTXSID2046757,Inactive,Inactive,,,Missing or unavailable data
DTXSID2046759,Inconclusive,Inactive,,,Missing or unavailable data
DTXSID2046830,Inconclusive,Inconclusive,,,Missing or unavailable data
DTXSID2046832,Inactive,Inactive,,,Missing or unavailable data
DTXSID2046834,Active,Active,,,Possible BLA viability interference
DTXSID2046836,Inconclusive,Inactive,,,Missing or unavailable data
DTXSID2046880,Active,Inactive,,,Missing or unavailable data
DTXSID2046882,Inactive,Inactive,Inactive,Inactive,Inactive in both primary assays
DTXSID2046886,Inactive,Inactive,,,Missing or unavailable data
DTXSID2046888,Inconclusive,Inactive,Inactive,Inactive,Missing or unavailable data
DTXSID2046911,Inactive,Inconclusive,Inconclusive,Inactive,Missing or unavailable data
DTXSID2046913,Inactive,Inactive,,,Missing or unavailable data
DTXSID2046915,Inconclusive,Inconclusive,,,Missing or unavailable data
DTXSID2046919,Active,Inconclusive,Active,Inactive,Missing or unavailable data
DTXSID2047060,Inactive,Inconclusive,Inactive,Inactive,Inactive in both primary assays
DTXSID2047062,Inconclusive,Inactive,Inactive,Inactive,Missing or unavailable data
DTXSID2047064,Inconclusive,Inactive,Inactive,Inactive,Missing or unavailable data
DTXSID2047066,Inactive,Inactive,Inconclusive,Inactive,Missing or unavailable data
DTXSID2047068,Inactive,Inactive,Inactive,Inactive,Inactive in both primary assays
DTXSID2047141,Inactive,Inactive,Inactive,Inactive,Inactive in both primary assays
DTXSID2047145,Inactive,Inconclusive,Inconclusive,Inactive,Missing or unavailable data
DTXSID2047149,Inactive,Inactive,Inactive,Inactive,Inactive in both primary assays
DTXSID2047191,Inactive,Inactive,Inactive,Inactive,Inactive in both primary assays
DTXSID2047193,Inactive,Inactive,Inconclusive,Inactive,Missing or unavailable data
DTXSID2047195,Inconclusive,Inconclusive,Inconclusive,Inactive,Missing or unavailable data
DTXSID2047197,Inconclusive,Inactive,Inactive,Inactive,Missing or unavailable data
DTXSID2047199,Inconclusive,Inconclusive,Inactive,Inactive,Missing or unavailable data
DTXSID2047222,,,Inactive,Inactive,Missing or unavailable data
DTXSID2047270,Inactive,Inactive,Active,Inactive,MDA-kb2 active only
DTXSID2047272,Active,Active,Active,Active,Possible BLA viability interference
DTXSID2047274,Inconclusive,Inactive,Inactive,Inactive,Missing or unavailable data
DTXSID2047276,Inactive,Inactive,Inconclusive,Inactive,Missing or unavailable data
DTXSID2047278,Active,Inactive,Inactive,Inactive,BLA active only
DTXSID2047301,Inconclusive,Inactive,Inactive,Inactive,Missing or unavailable data
DTXSID2047303,Active,Inactive,Active,Inactive,Both primary assays active - no viability interference detected
DTXSID2047305,Inconclusive,Inconclusive,Inactive,Inactive,Missing or unavailable data
DTXSID2047307,Inactive,Inactive,Inactive,Inactive,Inactive in both primary assays
DTXSID2047309,Inactive,Inactive,Inactive,Inconclusive,Inactive in both primary assays
DTXSID2047351,Active,Active,Active,Active,Possible BLA viability interference
DTXSID2047353,Active,Active,Active,Active,Possible BLA viability interference
DTXSID2047355,Active,Inactive,Inactive,Inactive,BLA active only
DTXSID2047357,Active,Active,Active,Inactive,Possible BLA viability interference
DTXSID2047359,Inactive,Inactive,Inactive,Inactive,Inactive in both primary assays
DTXSID2047434,Inactive,Inactive,Inconclusive,Inactive,Missing or unavailable data
DTXSID2047436,Inconclusive,Inactive,Inconclusive,Inactive,Missing or unavailable data
DTXSID2047484,Inactive,Inactive,Inactive,Inactive,Inactive in both primary assays
DTXSID2047486,Inconclusive,Inconclusive,Inconclusive,Inactive,Missing or unavailable data
DTXSID2047511,Inactive,Inactive,Inconclusive,Inactive,Missing or unavailable data
DTXSID2047517,Inactive,Inactive,Inconclusive,Inactive,Missing or unavailable data
DTXSID2047519,Inconclusive,Inconclusive,Inconclusive,Inactive,Missing or unavailable data
DTXSID2047565,Inactive,Inactive,Inactive,Inactive,Inactive in both primary assays
DTXSID2047567,Inactive,Inactive,Inactive,Inactive,Inactive in both primary assays
DTXSID2047569,Active,Inactive,Active,Inactive,Both primary assays active - no viability interference detected
DTXSID2047642,Inconclusive,Inactive,Inconclusive,Inactive,Missing or unavailable data
DTXSID2047644,Inconclusive,Inactive,Inactive,Inactive,Missing or unavailable data
DTXSID2047646,Inactive,Inactive,Inconclusive,Inactive,Missing or unavailable data
DTXSID2047648,Inconclusive,Inactive,Inconclusive,Inactive,Missing or unavailable data
DTXSID2047694,Inconclusive,Inactive,Inactive,Inactive,Missing or unavailable data
DTXSID2047696,Inactive,Inactive,Inactive,Inactive,Inactive in both primary assays
DTXSID2047721,Inconclusive,Inactive,Inconclusive,Inactive,Missing or unavailable data
DTXSID2047723,Inactive,Inactive,Inconclusive,Inactive,Missing or unavailable data
DTXSID2047725,Inactive,Inactive,Active,Inactive,MDA-kb2 active only
DTXSID2047727,,,Inconclusive,Inactive,Missing or unavailable data
DTXSID2047773,Inconclusive,Inactive,Inactive,Inactive,Missing or unavailable data
DTXSID2047775,Inactive,Inconclusive,Inactive,Inactive,Inactive in both primary assays
DTXSID2047777,Inactive,Inconclusive,Inactive,Inactive,Inactive in both primary assays
DTXSID2047779,Inactive,Inactive,Active,Active,Possible MDA-kb2 viability interference
DTXSID2047800,Inactive,Inactive,,,Missing or unavailable data
DTXSID2047802,Inactive,Inconclusive,,,Missing or unavailable data
DTXSID2047804,Inactive,Inconclusive,Inactive,Inactive,Inactive in both primary assays
DTXSID2047806,Inconclusive,Inconclusive,Inactive,Inactive,Missing or unavailable data
DTXSID2047850,Inconclusive,Inactive,,,Missing or unavailable data
DTXSID2047852,Active,Active,,,Possible BLA viability interference
DTXSID2047856,Inconclusive,Inactive,Inconclusive,Inactive,Missing or unavailable data
DTXSID2047858,Inconclusive,Inactive,Inconclusive,Inactive,Missing or unavailable data
DTXSID2047931,Inactive,Inactive,Inactive,Inactive,Inactive in both primary assays
DTXSID2047933,Inactive,Inactive,Inconclusive,Inactive,Missing or unavailable data
DTXSID2047935,Active,Active,Active,Inactive,Possible BLA viability interference
DTXSID2047937,Inconclusive,Inactive,Inactive,Inactive,Missing or unavailable data
DTXSID2047939,Inactive,Inactive,Inactive,Inactive,Inactive in both primary assays
DTXSID2048161,Inactive,Inactive,Active,Active,Possible MDA-kb2 viability interference
DTXSID2048167,Inconclusive,Inactive,Inactive,Inactive,Missing or unavailable data
DTXSID2048169,Active,Active,,,Possible BLA viability interference
DTXSID2048379,Inactive,Inactive,Inconclusive,Inactive,Missing or unavailable data
DTXSID2048581,Inconclusive,Inactive,Inactive,Inactive,Missing or unavailable data
DTXSID2048583,Inactive,Inactive,,,Missing or unavailable data
DTXSID2048585,Inconclusive,Inactive,,,Missing or unavailable data
DTXSID2048587,Inactive,Inactive,,,Missing or unavailable data
DTXSID2048589,Inactive,Inactive,,,Missing or unavailable data
DTXSID2048610,Inactive,Inactive,,,Missing or unavailable data
DTXSID2048612,Inconclusive,Inactive,,,Missing or unavailable data
DTXSID2048614,Active,Inactive,,,Missing or unavailable data
DTXSID2048616,Inactive,Inactive,Inconclusive,Inactive,Missing or unavailable data
DTXSID2048618,Inactive,Inconclusive,Inconclusive,Inactive,Missing or unavailable data
DTXSID2048660,Inactive,Inactive,Inconclusive,Inactive,Missing or unavailable data
DTXSID2048662,Inactive,Inactive,Inactive,Inactive,Inactive in both primary assays
DTXSID2048664,Active,Inactive,,,Missing or unavailable data
DTXSID2048666,Inconclusive,Inactive,Inactive,Inactive,Missing or unavailable data
DTXSID2048668,Inactive,Inconclusive,,,Missing or unavailable data
DTXSID2048741,Inactive,Inconclusive,,,Missing or unavailable data
DTXSID2048743,Inactive,Inconclusive,,,Missing or unavailable data
DTXSID2048745,Inactive,Inactive,Inactive,Inactive,Inactive in both primary assays
DTXSID2048747,Inconclusive,Inactive,,,Missing or unavailable data
DTXSID2048749,Inactive,Inactive,,,Missing or unavailable data
DTXSID2048791,Inactive,Inactive,Inactive,Inactive,Inactive in both primary assays
DTXSID2048793,Inactive,Inactive,Inactive,Inactive,Inactive in both primary assays
DTXSID2048795,Inactive,Inactive,Inconclusive,Inactive,Missing or unavailable data
DTXSID2048797,Inactive,Inconclusive,Active,Active,Possible MDA-kb2 viability interference
DTXSID2048799,Inactive,Inactive,Inconclusive,Inactive,Missing or unavailable data
DTXSID2048820,Inactive,Inactive,Inactive,Inactive,Inactive in both primary assays
DTXSID2048822,Inactive,Inactive,Inactive,Inconclusive,Inactive in both primary assays
DTXSID2048824,Inconclusive,Inactive,,,Missing or unavailable data
DTXSID2048826,Inactive,Inconclusive,Inactive,Inactive,Inactive in both primary assays
DTXSID2048828,Inactive,Inactive,Inconclusive,Inactive,Missing or unavailable data
DTXSID2048870,Inconclusive,Inactive,Inactive,Inactive,Missing or unavailable data
DTXSID2048872,Inactive,Inactive,Inconclusive,Inactive,Missing or unavailable data
DTXSID2048874,Inactive,Inactive,,,Missing or unavailable data
DTXSID2048876,Inconclusive,Inactive,,,Missing or unavailable data
DTXSID2048878,Active,Inactive,,,Missing or unavailable data
DTXSID2048901,Inactive,Inactive,Inactive,Inactive,Inactive in both primary assays
DTXSID2048903,Inactive,Inactive,,,Missing or unavailable data
DTXSID2048905,Active,Active,Active,Active,Possible BLA viability interference
DTXSID2048907,Inactive,Inconclusive,Inconclusive,Inactive,Missing or unavailable data
DTXSID2048909,Inconclusive,Inactive,,,Missing or unavailable data
DTXSID2048953,Active,Inactive,,,Missing or unavailable data
DTXSID2048955,Active,Inactive,,,Missing or unavailable data
DTXSID2048957,Inactive,Inactive,Inconclusive,Inactive,Missing or unavailable data
DTXSID2048959,Inactive,Inactive,Inconclusive,Inactive,Missing or unavailable data
DTXSID2049000,Active,Inactive,,,Missing or unavailable data
DTXSID2049002,Inactive,Inconclusive,Inactive,Inactive,Inactive in both primary assays
DTXSID2049004,Inactive,Inconclusive,,,Missing or unavailable data
DTXSID2049006,Active,Inactive,Inconclusive,Inactive,Missing or unavailable data
DTXSID2049008,Inactive,Inactive,,,Missing or unavailable data
DTXSID2049050,Active,Inactive,Active,Inactive,Both primary assays active - no viability interference detected
DTXSID2049052,Inactive,Inconclusive,Inactive,Inactive,Inactive in both primary assays
DTXSID2049054,Active,Inconclusive,,,Missing or unavailable data
DTXSID2049056,Inactive,Inactive,,,Missing or unavailable data
DTXSID2049058,Inactive,Inactive,,,Missing or unavailable data
DTXSID2049135,Inactive,Inactive,Inactive,Inactive,Inactive in both primary assays
DTXSID2049210,Active,Active,Active,Inactive,Possible BLA viability interference
DTXSID2049212,Inactive,Inactive,Inconclusive,Inactive,Missing or unavailable data
DTXSID2049214,Inactive,Inactive,Inactive,Inactive,Inactive in both primary assays
DTXSID2049216,Active,Inactive,Inactive,Inactive,BLA active only
DTXSID2049218,Inactive,Inactive,Inactive,Inactive,Inactive in both primary assays
DTXSID2049260,Active,Inactive,Active,Inconclusive,Missing or unavailable data
DTXSID2049262,Active,Active,Active,Inactive,Possible BLA viability interference
DTXSID2049264,Inactive,Inconclusive,Inconclusive,Inactive,Missing or unavailable data
DTXSID2049266,Inactive,Inactive,Inconclusive,Inactive,Missing or unavailable data
DTXSID2049268,Inactive,Inactive,Inactive,Inactive,Inactive in both primary assays
DTXSID2049341,Inactive,Inactive,Inconclusive,Inactive,Missing or unavailable data
DTXSID2049343,Inactive,Inactive,Inconclusive,Inactive,Missing or unavailable data
DTXSID2049345,Inactive,Inactive,Inactive,Inactive,Inactive in both primary assays
DTXSID2049347,Inactive,Inconclusive,Inactive,Inactive,Inactive in both primary assays
DTXSID2049349,Inactive,Inactive,Inactive,Inactive,Inactive in both primary assays
DTXSID2049391,Active,Active,Active,Active,Possible BLA viability interference
DTXSID2049393,Inactive,Inactive,Active,Inactive,MDA-kb2 active only
DTXSID2049395,Inactive,Inactive,Inconclusive,Inactive,Missing or unavailable data
DTXSID2049397,Inactive,Inconclusive,Inactive,Inactive,Inactive in both primary assays
DTXSID2049399,Inconclusive,Inconclusive,Inactive,Inactive,Missing or unavailable data
DTXSID2049420,Inactive,Inactive,Inactive,Inactive,Inactive in both primary assays
DTXSID2049422,Inactive,Inactive,Inconclusive,Inactive,Missing or unavailable data
DTXSID2049424,Inactive,Inactive,Inactive,Inactive,Inactive in both primary assays
DTXSID2049426,Inactive,Inactive,Inactive,Inactive,Inactive in both primary assays
DTXSID2049428,Inactive,Inactive,Inconclusive,Inactive,Missing or unavailable data
DTXSID2049470,Inactive,Inactive,Inconclusive,Inactive,Missing or unavailable data
DTXSID2049472,Inactive,Inactive,Inconclusive,Inactive,Missing or unavailable data
DTXSID2049474,Inactive,Inactive,Inconclusive,Inactive,Missing or unavailable data
DTXSID2049476,Inconclusive,Inconclusive,Inactive,Inactive,Missing or unavailable data
DTXSID2049478,Inactive,Inactive,Inconclusive,Inactive,Missing or unavailable data
DTXSID2049501,Inactive,Inactive,Inconclusive,Inactive,Missing or unavailable data
DTXSID2049503,Inactive,Inactive,Inconclusive,Inactive,Missing or unavailable data
DTXSID2049505,Inconclusive,Inactive,Inconclusive,Inactive,Missing or unavailable data
DTXSID2049507,Active,Inactive,Inconclusive,Inactive,Missing or unavailable data
DTXSID2049509,Active,Inactive,Inconclusive,Inactive,Missing or unavailable data
DTXSID2049551,Active,Inactive,Active,Inactive,Both primary assays active - no viability interference detected
DTXSID2049553,Active,Inactive,Inconclusive,Inactive,Missing or unavailable data
DTXSID2049555,Active,Inactive,Active,Inactive,Both primary assays active - no viability interference detected
DTXSID2049557,Inactive,Inactive,Inconclusive,Inactive,Missing or unavailable data
DTXSID2049559,Active,Inactive,Inconclusive,Inactive,Missing or unavailable data
DTXSID2050403,,,Inactive,Inactive,Missing or unavailable data
DTXSID2051477,,,Inconclusive,Inactive,Missing or unavailable data
DTXSID2051631,,,Inactive,Inactive,Missing or unavailable data
DTXSID2051687,,,Inactive,Inactive,Missing or unavailable data
DTXSID2051716,,,Inconclusive,Inactive,Missing or unavailable data
DTXSID2051764,,,Inactive,Inactive,Missing or unavailable data
DTXSID2051895,,,Inconclusive,Inactive,Missing or unavailable data
DTXSID2052281,,,Inconclusive,Inactive,Missing or unavailable data
DTXSID2052283,,,Inactive,Inactive,Missing or unavailable data
DTXSID2052289,,,Inactive,Inactive,Missing or unavailable data
DTXSID2052310,,,Inactive,Inactive,Missing or unavailable data
DTXSID2052447,,,Inactive,Inactive,Missing or unavailable data
DTXSID2052574,,,Active,Inactive,Missing or unavailable data
DTXSID2052603,,,Inactive,Inconclusive,Missing or unavailable data
DTXSID2052607,,,Inconclusive,Inactive,Missing or unavailable data
DTXSID2057601,,,Inconclusive,Inactive,Missing or unavailable data
DTXSID2057603,,,Inconclusive,Inactive,Missing or unavailable data
DTXSID2057607,,,Inconclusive,Inactive,Missing or unavailable data
DTXSID2057609,,,Inactive,Inactive,Missing or unavailable data
DTXSID2057651,,,Active,Inactive,Missing or unavailable data
DTXSID2057653,,,Inactive,Inactive,Missing or unavailable data
DTXSID2057655,,,Inconclusive,Inactive,Missing or unavailable data
DTXSID2057657,,,Inactive,Inactive,Missing or unavailable data
DTXSID2057659,,,Inactive,Inactive,Missing or unavailable data
DTXSID2057730,,,Active,Inactive,Missing or unavailable data
DTXSID2057732,,,Active,Inactive,Missing or unavailable data
DTXSID2057734,,,Inactive,Inactive,Missing or unavailable data
DTXSID2057736,,,Inactive,Inactive,Missing or unavailable data
DTXSID2057738,,,Inconclusive,Inactive,Missing or unavailable data
DTXSID2057780,,,Inactive,Inactive,Missing or unavailable data
DTXSID2057782,,,Inconclusive,Inactive,Missing or unavailable data
DTXSID2057784,,,Inconclusive,Inactive,Missing or unavailable data
DTXSID2057786,,,Inactive,Inactive,Missing or unavailable data
DTXSID2057788,,,Inactive,Inactive,Missing or unavailable data
DTXSID2057811,,,Inconclusive,Inactive,Missing or unavailable data
DTXSID2057813,,,Inactive,Inactive,Missing or unavailable data
DTXSID2057815,,,Inactive,Inactive,Missing or unavailable data
DTXSID2057817,,,Inconclusive,Inactive,Missing or unavailable data
DTXSID2057819,,,Inconclusive,Inactive,Missing or unavailable data
DTXSID3020043,Inconclusive,Inactive,Inconclusive,Inactive,Missing or unavailable data
DTXSID3020047,Inactive,Inactive,Inconclusive,Inactive,Missing or unavailable data
DTXSID3020091,Inactive,Inactive,Inconclusive,Inactive,Missing or unavailable data
DTXSID3020093,Inactive,Inactive,Inactive,Inactive,Inactive in both primary assays
DTXSID3020095,Inactive,Inactive,Inactive,Inactive,Inactive in both primary assays
DTXSID3020097,Inactive,Inconclusive,Inconclusive,Inactive,Missing or unavailable data
DTXSID3020099,Active,Active,Active,Active,Possible BLA viability interference
DTXSID3020120,Active,Inactive,Active,Active,Possible MDA-kb2 viability interference
DTXSID3020122,Inactive,Inactive,Active,Inactive,MDA-kb2 active only
DTXSID3020128,Inactive,Inconclusive,Inactive,Inactive,Inactive in both primary assays
DTXSID3020205,Inactive,Inactive,Inactive,Inactive,Inactive in both primary assays
DTXSID3020207,Active,Inconclusive,Inactive,Inactive,BLA active only
DTXSID3020209,Inactive,Inactive,Inactive,Inactive,Inactive in both primary assays
DTXSID3020253,Inconclusive,Inactive,,,Missing or unavailable data
DTXSID3020257,Inconclusive,Inactive,Inconclusive,Inactive,Missing or unavailable data
DTXSID3020330,Active,Inactive,Inconclusive,Inactive,Missing or unavailable data
DTXSID3020332,Inactive,Inactive,Inconclusive,Inactive,Missing or unavailable data
DTXSID3020336,Inactive,Inconclusive,Inactive,Inactive,Inactive in both primary assays
DTXSID3020380,Inactive,Inconclusive,Active,Inactive,MDA-kb2 active only
DTXSID3020384,Inactive,Inactive,Inconclusive,Inactive,Missing or unavailable data
DTXSID3020413,Inactive,Inactive,Inactive,Inactive,Inactive in both primary assays
DTXSID3020415,Inconclusive,Inactive,Inconclusive,Inactive,Missing or unavailable data
DTXSID3020419,Active,Inactive,Active,Active,Possible MDA-kb2 viability interference
DTXSID3020463,Inactive,Inactive,Inconclusive,Inactive,Missing or unavailable data
DTXSID3020465,Active,Active,Active,Inactive,Possible BLA viability interference
DTXSID3020469,Inconclusive,Inconclusive,,,Missing or unavailable data
DTXSID3020540,Inactive,Inactive,Inactive,Inactive,Inactive in both primary assays
DTXSID3020546,Inactive,Inactive,Inconclusive,Inactive,Missing or unavailable data
DTXSID3020548,Inconclusive,Inactive,Active,Inactive,Missing or unavailable data
DTXSID3020596,Inconclusive,Inactive,Inactive,Inactive,Missing or unavailable data
DTXSID3020598,Inactive,Inactive,Inconclusive,Inactive,Missing or unavailable data
DTXSID3020621,Inactive,Inactive,Inconclusive,Inactive,Missing or unavailable data
DTXSID3020625,Inactive,Inactive,Active,Inactive,MDA-kb2 active only
DTXSID3020627,Inconclusive,Inactive,Inactive,Inactive,Missing or unavailable data
DTXSID3020629,Inactive,Inactive,Active,Inactive,MDA-kb2 active only
DTXSID3020671,Inconclusive,Inactive,Inactive,Inactive,Missing or unavailable data
DTXSID3020673,Inactive,Active,Active,Active,Possible MDA-kb2 viability interference
DTXSID3020679,Inactive,Active,Active,Inactive,MDA-kb2 active only
DTXSID3020700,Inactive,Inactive,,,Missing or unavailable data
DTXSID3020704,Inactive,Inactive,Inactive,Active,Inactive in both primary assays
DTXSID3020706,Active,Active,Active,Active,Possible BLA viability interference
DTXSID3020708,Inconclusive,Inactive,Inconclusive,Inactive,Missing or unavailable data
DTXSID3020750,Inactive,Inconclusive,Inactive,Inactive,Inactive in both primary assays
DTXSID3020752,Inconclusive,Inconclusive,Inconclusive,Inactive,Missing or unavailable data
DTXSID3020756,Inconclusive,Inactive,Inconclusive,Inactive,Missing or unavailable data
DTXSID3020833,Inactive,Inactive,Inconclusive,Inactive,Missing or unavailable data
DTXSID3020835,Inconclusive,Inconclusive,Inconclusive,Inactive,Missing or unavailable data
DTXSID3020881,,,Inconclusive,Inactive,Missing or unavailable data
DTXSID3020887,Inconclusive,Inactive,Inactive,Inactive,Missing or unavailable data
DTXSID3020889,Inactive,Inactive,Inactive,Inactive,Inactive in both primary assays
DTXSID3020910,Inactive,Inactive,Inactive,Inactive,Inactive in both primary assays
DTXSID3020912,Inactive,Inactive,Inactive,Inactive,Inactive in both primary assays
DTXSID3020914,Inconclusive,Inconclusive,Inactive,Inactive,Missing or unavailable data
DTXSID3020916,Inactive,Inactive,Inactive,Inactive,Inactive in both primary assays
DTXSID3020918,Inconclusive,Inactive,Inactive,Inactive,Missing or unavailable data
DTXSID3020960,Active,Inactive,Active,Inactive,Both primary assays active - no viability interference detected
DTXSID3020962,Inactive,Inactive,Inactive,Inactive,Inactive in both primary assays
DTXSID3020964,Inconclusive,Inconclusive,Inactive,Inactive,Missing or unavailable data
DTXSID3020966,Inactive,Inactive,Inactive,Inactive,Inactive in both primary assays
DTXSID3021065,Inconclusive,Inconclusive,Inactive,Inactive,Missing or unavailable data
DTXSID3021069,Active,Inactive,,,Missing or unavailable data
DTXSID3021140,Inactive,Inactive,Inconclusive,Inactive,Missing or unavailable data
DTXSID3021142,Inconclusive,Inconclusive,Inconclusive,Inactive,Missing or unavailable data
DTXSID3021144,Inactive,Inactive,Inconclusive,Inactive,Missing or unavailable data
DTXSID3021148,Inactive,Inconclusive,Inactive,Inactive,Inactive in both primary assays
DTXSID3021190,Inactive,Inactive,Inconclusive,Inactive,Missing or unavailable data
DTXSID3021192,Active,Active,Active,Inactive,Possible BLA viability interference
DTXSID3021196,Inconclusive,Inactive,Inconclusive,Inactive,Missing or unavailable data
DTXSID3021198,Inactive,Inactive,Active,Inactive,MDA-kb2 active only
DTXSID3021221,Inactive,Inactive,Inactive,Inactive,Inactive in both primary assays
DTXSID3021223,Inactive,Inconclusive,Inactive,Inconclusive,Inactive in both primary assays
DTXSID3021275,Active,Active,Active,Active,Possible BLA viability interference
DTXSID3021277,Inconclusive,Inactive,Inconclusive,Inactive,Missing or unavailable data
DTXSID3021304,Inconclusive,Inconclusive,Inactive,Inactive,Missing or unavailable data
DTXSID3021354,Inconclusive,Inactive,Inactive,Inactive,Missing or unavailable data
DTXSID3021356,Inactive,Inconclusive,Inactive,Inactive,Inactive in both primary assays
DTXSID3021358,Inactive,Inactive,Inconclusive,Inactive,Missing or unavailable data
DTXSID3021431,Inconclusive,Inconclusive,Inconclusive,Inactive,Missing or unavailable data
DTXSID3021437,Inactive,Inactive,Inconclusive,Inactive,Missing or unavailable data
DTXSID3021483,Inactive,Inconclusive,Inactive,Inactive,Inactive in both primary assays
DTXSID3021485,Inactive,Inactive,Inconclusive,Inactive,Missing or unavailable data
DTXSID3021487,Inconclusive,Inactive,Inactive,Inactive,Missing or unavailable data
DTXSID3021516,Inactive,Inconclusive,Inactive,Inactive,Inactive in both primary assays
DTXSID3021518,Inactive,Inconclusive,Inconclusive,Inactive,Missing or unavailable data
DTXSID3021562,Active,Inactive,Inactive,Inactive,BLA active only
DTXSID3021641,Inactive,Inconclusive,Inactive,Inactive,Inactive in both primary assays
DTXSID3021643,Inactive,Inactive,Inactive,Inactive,Inactive in both primary assays
DTXSID3021645,Inactive,Inactive,Inconclusive,Inactive,Missing or unavailable data
DTXSID3021647,Inactive,Inactive,Inactive,Inactive,Inactive in both primary assays
DTXSID3021726,Inconclusive,Inconclusive,Inconclusive,Inactive,Missing or unavailable data
DTXSID3021770,Active,Inactive,Active,Inactive,Both primary assays active - no viability interference detected
DTXSID3021772,Inactive,Inconclusive,Inconclusive,Inactive,Missing or unavailable data
DTXSID3021774,Inconclusive,Inconclusive,Inactive,Inactive,Missing or unavailable data
DTXSID3021778,Active,Inactive,Active,Inactive,Both primary assays active - no viability interference detected
DTXSID3021801,Inconclusive,Inactive,Inactive,Inactive,Missing or unavailable data
DTXSID3021803,Inactive,Inconclusive,Inconclusive,Inactive,Missing or unavailable data
DTXSID3021805,Inactive,Inactive,Inconclusive,Inactive,Missing or unavailable data
DTXSID3021807,Inconclusive,Inconclusive,Inactive,Inactive,Missing or unavailable data
DTXSID3021851,Inactive,Inactive,Inactive,Inactive,Inactive in both primary assays
DTXSID3021853,Inconclusive,Inactive,Inactive,Inactive,Missing or unavailable data
DTXSID3021930,Inconclusive,Inactive,Inactive,Inactive,Missing or unavailable data
DTXSID3021932,Inconclusive,Inactive,Inactive,Inactive,Missing or unavailable data
DTXSID3021936,Inactive,Inconclusive,Inactive,Inactive,Inactive in both primary assays
DTXSID3021938,Inconclusive,Inconclusive,Inactive,Inactive,Missing or unavailable data
DTXSID3021980,Inconclusive,Inconclusive,Inactive,Inconclusive,Missing or unavailable data
DTXSID3021982,Inconclusive,Inactive,Inconclusive,Inactive,Missing or unavailable data
DTXSID3021984,Inconclusive,Inactive,Inactive,Inactive,Missing or unavailable data
DTXSID3021986,Inactive,Inactive,Inactive,Inactive,Inactive in both primary assays
DTXSID3021988,Inactive,Inconclusive,Inactive,Inactive,Inactive in both primary assays
DTXSID3022035,Inconclusive,Inactive,Inconclusive,Inactive,Missing or unavailable data
DTXSID3022085,,,Inconclusive,Inactive,Missing or unavailable data
DTXSID3022089,Inactive,Inactive,Inconclusive,Inactive,Missing or unavailable data
DTXSID3022160,Active,Active,Active,Active,Possible BLA viability interference
DTXSID3022162,Active,Active,Active,Inactive,Possible BLA viability interference
DTXSID3022164,Inconclusive,Inconclusive,Inactive,Inconclusive,Missing or unavailable data
DTXSID3022247,Inconclusive,Inactive,Inactive,Inactive,Missing or unavailable data
DTXSID3022320,Inactive,Inconclusive,Active,Inactive,MDA-kb2 active only
DTXSID3022326,Inactive,Inconclusive,Inactive,Inactive,Inactive in both primary assays
DTXSID3022370,Active,Inactive,Active,Inactive,Both primary assays active - no viability interference detected
DTXSID3022401,Inconclusive,Inconclusive,,,Missing or unavailable data
DTXSID3022403,Inactive,Inactive,Active,Inactive,MDA-kb2 active only
DTXSID3022405,Inactive,Inconclusive,Active,Inconclusive,MDA-kb2 active only
DTXSID3022409,Active,Inactive,Inactive,Inactive,BLA active only
DTXSID3022455,Inactive,Inactive,Inactive,Inactive,Inactive in both primary assays
DTXSID3022536,Active,Active,Active,Inactive,Possible BLA viability interference
DTXSID3022582,Inactive,Inactive,Inactive,Inactive,Inactive in both primary assays
DTXSID3022584,Inconclusive,Inconclusive,Inactive,Inactive,Missing or unavailable data
DTXSID3022586,Inconclusive,Inactive,Inactive,Inconclusive,Missing or unavailable data
DTXSID3022588,Inactive,Inactive,Inactive,Inactive,Inactive in both primary assays
DTXSID3022611,Inactive,Inactive,Inconclusive,Inactive,Missing or unavailable data
DTXSID3022617,Inconclusive,Inconclusive,Inconclusive,Inactive,Missing or unavailable data
DTXSID3022663,Inconclusive,Inconclusive,Active,Active,Possible MDA-kb2 viability interference
DTXSID3022667,Inactive,Inactive,Inconclusive,Inactive,Missing or unavailable data
DTXSID3022742,Active,Active,,,Possible BLA viability interference
DTXSID3022748,Inconclusive,Inactive,Inactive,Inactive,Missing or unavailable data
DTXSID3022796,Active,Inactive,,,Missing or unavailable data
DTXSID3022798,Inactive,Inconclusive,Inconclusive,Inactive,Missing or unavailable data
DTXSID3022821,Inactive,Inactive,Active,Inactive,MDA-kb2 active only
DTXSID3022825,Inactive,Inactive,Active,Inactive,MDA-kb2 active only
DTXSID3022829,Inactive,Inactive,Inactive,Inactive,Inactive in both primary assays
DTXSID3022871,Inactive,Inactive,Inactive,Inactive,Inactive in both primary assays
DTXSID3022873,Active,Inactive,,,Missing or unavailable data
DTXSID3022875,Inconclusive,Inactive,,,Missing or unavailable data
DTXSID3022877,Inactive,Inconclusive,Inconclusive,Inactive,Missing or unavailable data
DTXSID3022902,Active,Inactive,,,Missing or unavailable data
DTXSID3022904,Active,Inactive,Inconclusive,Inactive,Missing or unavailable data
DTXSID3022906,Inconclusive,Inactive,Inactive,Inactive,Missing or unavailable data
DTXSID3022950,Inconclusive,Inconclusive,Inactive,Inactive,Missing or unavailable data
DTXSID3022956,Inactive,Inactive,Active,Active,Possible MDA-kb2 viability interference
DTXSID3022958,Active,Inactive,Inactive,Inactive,BLA active only
DTXSID3023001,Active,Inactive,,,Missing or unavailable data
DTXSID3023005,Inactive,Inconclusive,,,Missing or unavailable data
DTXSID3023007,Inactive,Inconclusive,Inactive,Inactive,Inactive in both primary assays
DTXSID3023051,Active,Inactive,Active,Inactive,Both primary assays active - no viability interference detected
DTXSID3023057,Inactive,Inactive,Inactive,Inactive,Inactive in both primary assays
DTXSID3023059,Inconclusive,Inactive,Inconclusive,Inactive,Missing or unavailable data
DTXSID3023132,Inconclusive,Inactive,Inactive,Inactive,Missing or unavailable data
DTXSID3023180,Inactive,Inactive,Active,Inconclusive,MDA-kb2 active only
DTXSID3023188,Inconclusive,Inactive,Inactive,Inactive,Missing or unavailable data
DTXSID3023219,Inactive,Inactive,,,Missing or unavailable data
DTXSID3023261,Inconclusive,Inconclusive,Inconclusive,Inactive,Missing or unavailable data
DTXSID3023265,Inactive,Inactive,Inactive,Inactive,Inactive in both primary assays
DTXSID3023269,Inactive,Inactive,Inactive,Inactive,Inactive in both primary assays
DTXSID3023340,Active,Active,Inactive,Inactive,Possible BLA viability interference
DTXSID3023342,Inconclusive,Inconclusive,Inconclusive,Inactive,Missing or unavailable data
DTXSID3023398,Inactive,Inactive,,,Missing or unavailable data
DTXSID3023425,Active,Active,Active,Active,Possible BLA viability interference
DTXSID3023427,Inactive,Inactive,Inconclusive,Inactive,Missing or unavailable data
DTXSID3023471,Inactive,Inactive,Inconclusive,Inactive,Missing or unavailable data
DTXSID3023479,Inconclusive,Inconclusive,Inconclusive,Inactive,Missing or unavailable data
DTXSID3023502,Inconclusive,Inactive,Inconclusive,Inactive,Missing or unavailable data
DTXSID3023508,Inactive,Inactive,Active,Inactive,MDA-kb2 active only
DTXSID3023550,Active,Active,Active,Active,Possible BLA viability interference
DTXSID3023552,Inactive,Inactive,,,Missing or unavailable data
DTXSID3023554,Inactive,Inactive,,,Missing or unavailable data
DTXSID3023556,Inactive,Inactive,Inactive,Inactive,Inactive in both primary assays
DTXSID3023681,Inactive,Inactive,,,Missing or unavailable data
DTXSID3023685,Inactive,Inactive,Active,Active,Possible MDA-kb2 viability interference
DTXSID3023687,Inconclusive,Inactive,Inconclusive,Inactive,Missing or unavailable data
DTXSID3023712,Inactive,Inactive,Inactive,Inactive,Inactive in both primary assays
DTXSID3023716,Inactive,Inactive,Active,Inactive,MDA-kb2 active only
DTXSID3023718,Inconclusive,Inactive,Inactive,Inactive,Missing or unavailable data
DTXSID3023764,Inconclusive,Inactive,Inactive,Inactive,Missing or unavailable data
DTXSID3023845,Inconclusive,Inactive,Inconclusive,Inactive,Missing or unavailable data
DTXSID3023897,Inactive,Inactive,Active,Inactive,MDA-kb2 active only
DTXSID3023899,Inactive,Inactive,Inactive,Inactive,Inactive in both primary assays
DTXSID3023974,Inactive,Inactive,Inconclusive,Inactive,Missing or unavailable data
DTXSID3024077,Inconclusive,Inconclusive,Inactive,Inactive,Missing or unavailable data
DTXSID3024100,Inconclusive,Inactive,Inconclusive,Inactive,Missing or unavailable data
DTXSID3024102,Inactive,Inactive,Active,Inactive,MDA-kb2 active only
DTXSID3024104,Inconclusive,Inactive,Active,Inactive,Missing or unavailable data
DTXSID3024108,Active,Inactive,Active,Inactive,Both primary assays active - no viability interference detected
DTXSID3024152,Inactive,Inactive,Inactive,Inconclusive,Inactive in both primary assays
DTXSID3024154,Inactive,Inactive,Inconclusive,Inactive,Missing or unavailable data
DTXSID3024235,Active,Active,Active,Inactive,Possible BLA viability interference
DTXSID3024239,Active,Active,Active,Inactive,Possible BLA viability interference
DTXSID3024287,Inconclusive,Inactive,Inactive,Inactive,Missing or unavailable data
DTXSID3024289,Inconclusive,Inactive,Active,Inactive,Missing or unavailable data
DTXSID3024316,Inactive,Inactive,Inactive,Inactive,Inactive in both primary assays
DTXSID3024318,Active,Inactive,Inactive,Inactive,BLA active only
DTXSID3024362,Inactive,Inconclusive,Inactive,Inactive,Inactive in both primary assays
DTXSID3024364,Inconclusive,Inactive,,,Missing or unavailable data
DTXSID3024366,Inactive,Inactive,Inactive,Inactive,Inactive in both primary assays
DTXSID3024368,Inactive,Inactive,Inactive,Inactive,Inactive in both primary assays
DTXSID3024441,Inactive,Inconclusive,Inactive,Inconclusive,Inactive in both primary assays
DTXSID3024447,Inconclusive,Inconclusive,Inactive,Inactive,Missing or unavailable data
DTXSID3024449,Active,Inactive,Inactive,Inconclusive,BLA active only
DTXSID3024491,Active,Inactive,Active,Inactive,Both primary assays active - no viability interference detected
DTXSID3024497,Inactive,Inconclusive,Inconclusive,Inactive,Missing or unavailable data
DTXSID3024499,Active,Inactive,Inconclusive,Inactive,Missing or unavailable data
DTXSID3024522,Inactive,Inactive,Inconclusive,Inactive,Missing or unavailable data
DTXSID3024528,Inactive,Inconclusive,Inconclusive,Inactive,Missing or unavailable data
DTXSID3024574,Inactive,Inconclusive,Inconclusive,Inactive,Missing or unavailable data
DTXSID3024603,Active,Inactive,Inactive,Inactive,BLA active only
DTXSID3024657,Inactive,Inactive,Inactive,Inactive,Inactive in both primary assays
DTXSID3024659,Inconclusive,Inactive,Inactive,Inactive,Missing or unavailable data
DTXSID3024736,Inactive,Inconclusive,Inconclusive,Inactive,Missing or unavailable data
DTXSID3024738,Inconclusive,Inactive,Inconclusive,Inactive,Missing or unavailable data
DTXSID3024780,,,Active,Inactive,Missing or unavailable data
DTXSID3024786,Inactive,Inconclusive,Inactive,Inactive,Inactive in both primary assays
DTXSID3024815,Inconclusive,Inactive,Inactive,Inactive,Missing or unavailable data
DTXSID3024861,Active,Inactive,Inactive,Inactive,BLA active only
DTXSID3024869,Inactive,Inactive,Inactive,Inconclusive,Inactive in both primary assays
DTXSID3024940,Inactive,Inconclusive,Inactive,Inactive,Inactive in both primary assays
DTXSID3024942,Inactive,Inactive,Inconclusive,Inconclusive,Missing or unavailable data
DTXSID3024944,Active,Active,Active,Inactive,Possible BLA viability interference
DTXSID3024994,Inactive,Inconclusive,Inactive,Inactive,Inactive in both primary assays
DTXSID3024998,Inconclusive,Inactive,Inconclusive,Inactive,Missing or unavailable data
DTXSID3025041,Inconclusive,Inconclusive,Inactive,Inactive,Missing or unavailable data
DTXSID3025045,Active,Active,Active,Active,Possible BLA viability interference
DTXSID3025047,Inactive,Inconclusive,Inactive,Inactive,Inactive in both primary assays
DTXSID3025049,Inactive,Inactive,Inactive,Inactive,Inactive in both primary assays
DTXSID3025091,Active,Inactive,Active,Inactive,Both primary assays active - no viability interference detected
DTXSID3025093,Active,Inactive,Inconclusive,Inactive,Missing or unavailable data
DTXSID3025122,Inconclusive,Inactive,Inactive,Inactive,Missing or unavailable data
DTXSID3025170,,,Inconclusive,Inactive,Missing or unavailable data
DTXSID3025178,Inactive,Inactive,Active,Inactive,MDA-kb2 active only
DTXSID3025203,Active,Active,Active,Active,Possible BLA viability interference
DTXSID3025209,Active,Inactive,Active,Active,Possible MDA-kb2 viability interference
DTXSID3025253,Active,Inactive,Active,Active,Possible MDA-kb2 viability interference
DTXSID3025257,Active,Inactive,Active,Inactive,Both primary assays active - no viability interference detected
DTXSID3025330,Inactive,Inconclusive,Inactive,Inactive,Inactive in both primary assays
DTXSID3025332,Inactive,Inactive,Inconclusive,Inactive,Missing or unavailable data
DTXSID3025338,Inactive,Inactive,Inconclusive,Inactive,Missing or unavailable data
DTXSID3025461,Inactive,Inconclusive,Active,Active,Possible MDA-kb2 viability interference
DTXSID3025465,Inactive,Inactive,Inactive,Inactive,Inactive in both primary assays
DTXSID3025469,Inactive,Inconclusive,Inconclusive,Inactive,Missing or unavailable data
DTXSID3025540,Active,Active,Active,Active,Possible BLA viability interference
DTXSID3025542,Inactive,Inconclusive,Inconclusive,Inactive,Missing or unavailable data
DTXSID3025548,Inactive,Inactive,,,Missing or unavailable data
DTXSID3025590,Inconclusive,Inactive,Inactive,Inactive,Missing or unavailable data
DTXSID3025629,Active,Inactive,Active,Active,Possible MDA-kb2 viability interference
DTXSID3025671,Inactive,Inactive,Inactive,Inactive,Inactive in both primary assays
DTXSID3025706,Inactive,Inactive,Inactive,Inactive,Inactive in both primary assays
DTXSID3025758,Inconclusive,Inconclusive,Inactive,Inconclusive,Missing or unavailable data
DTXSID3025839,Inactive,Inconclusive,Inactive,Inactive,Inactive in both primary assays
DTXSID3025881,Inactive,Inactive,Inconclusive,Inactive,Missing or unavailable data
DTXSID3025889,Inactive,Inactive,Inconclusive,Inactive,Missing or unavailable data
DTXSID3026065,Inactive,Active,Active,Active,Possible MDA-kb2 viability interference
DTXSID3026067,Inconclusive,Inactive,Inactive,Inactive,Missing or unavailable data
DTXSID3026148,Inactive,Inactive,Inconclusive,Inactive,Missing or unavailable data
DTXSID3026190,Inactive,Inactive,Active,Active,Possible MDA-kb2 viability interference
DTXSID3026223,Inconclusive,Inactive,Inactive,Inactive,Missing or unavailable data
DTXSID3026275,Inactive,Inactive,Inactive,Inactive,Inactive in both primary assays
DTXSID3026279,Inactive,Inactive,Inactive,Inactive,Inactive in both primary assays
DTXSID3026302,Inactive,Inactive,Inconclusive,Inactive,Missing or unavailable data
DTXSID3026304,Inactive,Inactive,Inconclusive,Inactive,Missing or unavailable data
DTXSID3026306,Inconclusive,Inconclusive,Inconclusive,Inactive,Missing or unavailable data
DTXSID3026308,Inactive,Inactive,Inactive,Inactive,Inactive in both primary assays
DTXSID3026512,Inactive,Inactive,Inconclusive,Inactive,Missing or unavailable data
DTXSID3026514,Inactive,Inconclusive,Inconclusive,Inactive,Missing or unavailable data
DTXSID3026516,Inconclusive,Inactive,Inactive,Inactive,Missing or unavailable data
DTXSID3026560,Inactive,Inactive,Inconclusive,Inactive,Missing or unavailable data
DTXSID3026562,Inactive,Inconclusive,Inactive,Inactive,Inactive in both primary assays
DTXSID3026564,Inactive,Inactive,Inactive,Inactive,Inactive in both primary assays
DTXSID3026566,Inconclusive,Inconclusive,Inactive,Inactive,Missing or unavailable data
DTXSID3026641,Inactive,Inactive,Inactive,Inactive,Inactive in both primary assays
DTXSID3026645,Inconclusive,Inactive,Inconclusive,Inactive,Missing or unavailable data
DTXSID3026647,Inconclusive,Inactive,Inactive,Inactive,Missing or unavailable data
DTXSID3026691,Inactive,Inactive,Inconclusive,Inactive,Missing or unavailable data
DTXSID3026697,Inactive,Inactive,Active,Active,Possible MDA-kb2 viability interference
DTXSID3026724,Inactive,Inactive,Inconclusive,Inactive,Missing or unavailable data
DTXSID3026726,Inconclusive,Inactive,Inconclusive,Inactive,Missing or unavailable data
DTXSID3026728,Inconclusive,Inconclusive,Inactive,Inactive,Missing or unavailable data
DTXSID3026851,Inconclusive,Inactive,Inactive,Inactive,Missing or unavailable data
DTXSID3026932,Inactive,Inactive,Inconclusive,Inactive,Missing or unavailable data
DTXSID3026984,Inactive,Inactive,Inconclusive,Inactive,Missing or unavailable data
DTXSID3027037,Inactive,Inactive,Inconclusive,Inactive,Missing or unavailable data
DTXSID3027039,Inconclusive,Inactive,Inactive,Inactive,Missing or unavailable data
DTXSID3027085,Inactive,Inactive,Inactive,Inactive,Inactive in both primary assays
DTXSID3027116,Inactive,Inactive,Active,Inactive,MDA-kb2 active only
DTXSID3027241,Inconclusive,Inactive,Inactive,Inactive,Missing or unavailable data
DTXSID3027247,Inconclusive,Inconclusive,Inactive,Inactive,Missing or unavailable data
DTXSID3027249,Inactive,Inactive,Inconclusive,Inactive,Missing or unavailable data
DTXSID3027291,Inactive,Inactive,Inactive,Inactive,Inactive in both primary assays
DTXSID3027293,Inactive,Inactive,Inconclusive,Inconclusive,Missing or unavailable data
DTXSID3027295,Inactive,Inconclusive,Inconclusive,Inactive,Missing or unavailable data
DTXSID3027297,Inconclusive,Inconclusive,Inactive,Inactive,Missing or unavailable data
DTXSID3027320,Inactive,Inactive,Inconclusive,Active,Missing or unavailable data
DTXSID3027322,Inactive,Inconclusive,Inconclusive,Inactive,Missing or unavailable data
DTXSID3027328,Inconclusive,Inconclusive,Inconclusive,Inactive,Missing or unavailable data
DTXSID3027370,Inactive,Inactive,Inactive,Inactive,Inactive in both primary assays
DTXSID3027401,Inactive,Inactive,Inactive,Inactive,Inactive in both primary assays
DTXSID3027403,Active,Active,Active,Active,Possible BLA viability interference
DTXSID3027405,Inconclusive,Inactive,Inconclusive,Inactive,Missing or unavailable data
DTXSID3027407,Inconclusive,Inactive,Inconclusive,Inactive,Missing or unavailable data
DTXSID3027530,Inactive,Inactive,Inactive,Inconclusive,Inactive in both primary assays
DTXSID3027534,Inconclusive,Inconclusive,Inconclusive,Inactive,Missing or unavailable data
DTXSID3027536,Inconclusive,Inactive,Inconclusive,Inactive,Missing or unavailable data
DTXSID3027580,Inactive,Inactive,Inconclusive,Inactive,Missing or unavailable data
DTXSID3027584,Inconclusive,Inconclusive,Inactive,Inactive,Missing or unavailable data
DTXSID3027586,Inconclusive,Inactive,Inactive,Inactive,Missing or unavailable data
DTXSID3027588,Inconclusive,Inactive,Inactive,Active,Missing or unavailable data
DTXSID3027615,Inactive,Inconclusive,Inactive,Inactive,Inactive in both primary assays
DTXSID3027617,Inactive,Inactive,Inconclusive,Inconclusive,Missing or unavailable data
DTXSID3027740,Active,Inactive,Inconclusive,Inactive,Missing or unavailable data
DTXSID3027790,Inconclusive,Inactive,Inactive,Inactive,Missing or unavailable data
DTXSID3027792,Inactive,Inactive,Inconclusive,Inconclusive,Missing or unavailable data
DTXSID3027798,Inactive,Inactive,Inactive,Inactive,Inactive in both primary assays
DTXSID3027823,Inactive,Inactive,Inactive,Inactive,Inactive in both primary assays
DTXSID3027829,Inconclusive,Inactive,Inconclusive,Inactive,Missing or unavailable data
DTXSID3027875,Inactive,Inactive,Inactive,Inactive,Inactive in both primary assays
DTXSID3027877,Inactive,Inactive,Inactive,Inactive,Inactive in both primary assays
DTXSID3027902,Inconclusive,Inactive,Inconclusive,Inactive,Missing or unavailable data
DTXSID3027950,Active,Active,Active,Active,Possible BLA viability interference
DTXSID3028001,Inconclusive,Inactive,Inactive,Inactive,Missing or unavailable data
DTXSID3028005,Inactive,Inactive,Inactive,Inactive,Inactive in both primary assays
DTXSID3029108,Inactive,Inactive,Inactive,Inactive,Inactive in both primary assays
DTXSID3029150,Inactive,Inactive,Inconclusive,Inactive,Missing or unavailable data
DTXSID3029152,Inconclusive,Inconclusive,Inactive,Inactive,Missing or unavailable data
DTXSID3029154,Inconclusive,Inactive,Inactive,Inactive,Missing or unavailable data
DTXSID3029158,Inconclusive,Inconclusive,Inactive,Inactive,Missing or unavailable data
DTXSID3029231,Inactive,Inactive,Inactive,Inactive,Inactive in both primary assays
DTXSID3029233,Inconclusive,Inconclusive,Inconclusive,Inactive,Missing or unavailable data
DTXSID3029235,Inactive,Inactive,Inactive,Inactive,Inactive in both primary assays
DTXSID3029237,Inactive,Inactive,Inactive,Inactive,Inactive in both primary assays
DTXSID3029281,Inconclusive,Inconclusive,Inactive,Inactive,Missing or unavailable data
DTXSID3029283,Inactive,Inactive,Inactive,Inactive,Inactive in both primary assays
DTXSID3029287,Inactive,Inactive,Inconclusive,Inactive,Missing or unavailable data
DTXSID3029289,Inactive,Inconclusive,Inactive,Inactive,Inactive in both primary assays
DTXSID3029310,Inactive,Inactive,Inconclusive,Inactive,Missing or unavailable data
DTXSID3029312,Inactive,Inactive,Inconclusive,Inactive,Missing or unavailable data
DTXSID3029362,Active,Active,Active,Active,Possible BLA viability interference
DTXSID3029364,Inactive,Inactive,Inconclusive,Inactive,Missing or unavailable data
DTXSID3029572,Active,Inactive,Active,Inactive,Both primary assays active - no viability interference detected
DTXSID3029607,Inactive,Inactive,Inactive,Inactive,Inactive in both primary assays
DTXSID3029651,Inactive,Inactive,Inconclusive,Inactive,Missing or unavailable data
DTXSID3029653,Inconclusive,Inactive,Inconclusive,Inactive,Missing or unavailable data
DTXSID3029655,Inconclusive,Inactive,Inconclusive,Inactive,Missing or unavailable data
DTXSID3029815,Inactive,Inactive,Inactive,Inactive,Inactive in both primary assays
DTXSID3029869,Inconclusive,Inactive,Inconclusive,Inactive,Missing or unavailable data
DTXSID3030056,Active,Inactive,Active,Inconclusive,Missing or unavailable data
DTXSID3030189,Inactive,Inconclusive,Inactive,Inactive,Inactive in both primary assays
DTXSID3030428,Inactive,Inactive,Inconclusive,Inactive,Missing or unavailable data
DTXSID3030636,Active,Active,Active,Active,Possible BLA viability interference
DTXSID3031444,Inconclusive,Inconclusive,Inconclusive,Inactive,Missing or unavailable data
DTXSID3031492,Inconclusive,Inactive,Inconclusive,Inactive,Missing or unavailable data
DTXSID3031521,Inactive,Inconclusive,Inactive,Inactive,Inactive in both primary assays
DTXSID3031860,Inconclusive,Inactive,Inactive,Inactive,Missing or unavailable data
DTXSID3031862,Inactive,Inconclusive,Inconclusive,Inactive,Missing or unavailable data
DTXSID3031864,Inactive,Inactive,Inactive,Inactive,Inactive in both primary assays
DTXSID3032129,Inactive,Inconclusive,Inactive,Inactive,Inactive in both primary assays
DTXSID3032331,,,Active,Active,Possible MDA-kb2 viability interference
DTXSID3032337,Inactive,Inconclusive,Inactive,Inactive,Inactive in both primary assays
DTXSID3032389,Active,Inactive,Inactive,Inactive,BLA active only
DTXSID3032412,Inconclusive,Inactive,Inconclusive,Inactive,Missing or unavailable data
DTXSID3032416,Active,Inactive,Inactive,Inactive,BLA active only
DTXSID3032464,Active,Inactive,Inactive,Inconclusive,BLA active only
DTXSID3032541,,,Active,Active,Possible MDA-kb2 viability interference
DTXSID3032547,Inconclusive,Inactive,Inactive,Inactive,Missing or unavailable data
DTXSID3032549,Active,Inactive,Active,Inactive,Both primary assays active - no viability interference detected
DTXSID3032591,Inactive,Inconclusive,Inactive,Inactive,Inactive in both primary assays
DTXSID3032620,Inactive,Inconclusive,Inconclusive,Inactive,Missing or unavailable data
DTXSID3032622,Inactive,Inactive,Inconclusive,Inactive,Missing or unavailable data
DTXSID3032624,Inactive,Inconclusive,Inactive,Inactive,Inactive in both primary assays
DTXSID3032626,,,Active,Inactive,Missing or unavailable data
DTXSID3032628,Active,Inactive,Inconclusive,Inactive,Missing or unavailable data
DTXSID3032670,,,Inconclusive,Inactive,Missing or unavailable data
DTXSID3032751,Active,Active,Active,Active,Possible BLA viability interference
DTXSID3032759,Inactive,Inactive,Inactive,Inactive,Inactive in both primary assays
DTXSID3032832,Inconclusive,Inactive,Inconclusive,Inactive,Missing or unavailable data
DTXSID3033276,Inactive,Inconclusive,Inconclusive,Inactive,Missing or unavailable data
DTXSID3033307,Active,Active,Active,Active,Possible BLA viability interference
DTXSID3033511,Inconclusive,Inconclusive,Inactive,Inactive,Missing or unavailable data
DTXSID3033519,Inactive,Inactive,Inconclusive,Inactive,Missing or unavailable data
DTXSID3033983,Inactive,Inconclusive,Inconclusive,Inactive,Missing or unavailable data
DTXSID3033989,Inactive,Inactive,Inconclusive,Inactive,Missing or unavailable data
DTXSID3034113,Inactive,Inactive,Inconclusive,Inactive,Missing or unavailable data
DTXSID3034165,Active,Inactive,Active,Inactive,Both primary assays active - no viability interference detected
DTXSID3034402,Active,Inactive,Active,Inactive,Both primary assays active - no viability interference detected
DTXSID3034456,Inactive,Inactive,Active,Inactive,MDA-kb2 active only
DTXSID3034458,,,Inconclusive,Inactive,Missing or unavailable data
DTXSID3034531,Inactive,Inactive,Inconclusive,Inactive,Missing or unavailable data
DTXSID3034583,Inconclusive,Inconclusive,Active,Inactive,Missing or unavailable data
DTXSID3034612,Active,Inactive,Inactive,Inactive,BLA active only
DTXSID3034614,Inactive,Inactive,Inactive,Inactive,Inactive in both primary assays
DTXSID3034618,Inactive,Inactive,Inconclusive,Inactive,Missing or unavailable data
DTXSID3034662,Inactive,Inactive,Active,Inactive,MDA-kb2 active only
DTXSID3034664,Inactive,Inconclusive,Inactive,Inactive,Inactive in both primary assays
DTXSID3034872,Inactive,Inactive,Inactive,Inactive,Inactive in both primary assays
DTXSID3034903,Inconclusive,Inconclusive,Inactive,Inactive,Missing or unavailable data
DTXSID3034957,Inactive,Inactive,Inconclusive,Inactive,Missing or unavailable data
DTXSID3035214,Inactive,Inconclusive,Inconclusive,Inactive,Missing or unavailable data
DTXSID3035266,Inconclusive,Inactive,Inconclusive,Inactive,Missing or unavailable data
DTXSID3035341,Inconclusive,Inactive,Inactive,Inconclusive,Missing or unavailable data
DTXSID3036105,Inactive,Inactive,Inconclusive,Inconclusive,Missing or unavailable data
DTXSID3036286,Inactive,Inactive,Inactive,Inconclusive,Inactive in both primary assays
DTXSID3036288,Inconclusive,Inactive,Inactive,Inactive,Missing or unavailable data
DTXSID3036496,Active,Inconclusive,Inconclusive,Inactive,Missing or unavailable data
DTXSID3036525,,,Inactive,Inactive,Missing or unavailable data
DTXSID3036999,Inactive,Inactive,,,Missing or unavailable data
DTXSID3037044,Inconclusive,Inactive,,,Missing or unavailable data
DTXSID3037094,Active,Active,Active,Active,Possible BLA viability interference
DTXSID3037208,Inactive,Inconclusive,Inactive,Inactive,Inactive in both primary assays
DTXSID3037250,Inactive,Inactive,Inactive,Active,Inactive in both primary assays
DTXSID3037541,Active,Active,Active,Active,Possible BLA viability interference
DTXSID3037545,Inactive,Inconclusive,Inactive,Inactive,Inactive in both primary assays
DTXSID3037626,Inactive,Inactive,Inactive,Inactive,Inactive in both primary assays
DTXSID3037672,Inconclusive,Inactive,,,Missing or unavailable data
DTXSID3037707,Inactive,Inactive,Inactive,Inactive,Inactive in both primary assays
DTXSID3037709,Inconclusive,Inconclusive,Inconclusive,Inactive,Missing or unavailable data
DTXSID3037757,Active,Inactive,Inconclusive,Inactive,Missing or unavailable data
DTXSID3038694,Inactive,Inconclusive,Inconclusive,Inactive,Missing or unavailable data
DTXSID3038696,Inconclusive,Inconclusive,Inactive,Inactive,Missing or unavailable data
DTXSID3038725,Inactive,Inactive,Inconclusive,Inactive,Missing or unavailable data
DTXSID3038771,,,Inconclusive,Inactive,Missing or unavailable data
DTXSID3038800,Inconclusive,Inactive,Inconclusive,Inactive,Missing or unavailable data
DTXSID3038808,Inactive,Inactive,Inactive,Inconclusive,Inactive in both primary assays
DTXSID3038852,Inactive,Inactive,Inactive,Inactive,Inactive in both primary assays
DTXSID3038939,Inactive,Inactive,Active,Inactive,MDA-kb2 active only
DTXSID3039240,Active,Inactive,Active,Active,Possible MDA-kb2 viability interference
DTXSID3039242,Inactive,Inactive,Inconclusive,Inactive,Missing or unavailable data
DTXSID3040271,Inconclusive,Inactive,Inactive,Inactive,Missing or unavailable data
DTXSID3040279,Inactive,Inactive,Active,Inactive,MDA-kb2 active only
DTXSID3040300,,,Inactive,Inactive,Missing or unavailable data
DTXSID3040352,Active,Active,Active,Active,Possible BLA viability interference
DTXSID3040643,Inconclusive,Inactive,Inactive,Inactive,Missing or unavailable data
DTXSID3040647,Inactive,Inactive,Inactive,Inactive,Inactive in both primary assays
DTXSID3040691,Inactive,Inconclusive,Inactive,Inactive,Inactive in both primary assays
DTXSID3040693,Inconclusive,Inactive,Inactive,Inactive,Missing or unavailable data
DTXSID3040697,Inactive,Inconclusive,Inactive,Inactive,Inactive in both primary assays
DTXSID3040699,Inactive,Inactive,Inactive,Inactive,Inactive in both primary assays
DTXSID3040720,Active,Inactive,Inactive,Inconclusive,BLA active only
DTXSID3040722,Inactive,Inactive,Inactive,Inactive,Inactive in both primary assays
DTXSID3040724,Inconclusive,Inconclusive,Inactive,Inactive,Missing or unavailable data
DTXSID3040726,Inactive,Inactive,Inconclusive,Inactive,Missing or unavailable data
DTXSID3040728,Inactive,Inconclusive,Inconclusive,Inactive,Missing or unavailable data
DTXSID3040770,Inactive,Inactive,Active,Inactive,MDA-kb2 active only
DTXSID3040774,Inconclusive,Inactive,Inactive,Inactive,Missing or unavailable data
DTXSID3040776,Inactive,Inactive,Inactive,Inactive,Inactive in both primary assays
DTXSID3040801,,,Inactive,Inactive,Missing or unavailable data
DTXSID3040980,Active,Active,Active,Active,Possible BLA viability interference
DTXSID3041085,Inconclusive,Inconclusive,Inconclusive,Inactive,Missing or unavailable data
DTXSID3041247,Active,Inactive,Inconclusive,Inactive,Missing or unavailable data
DTXSID3041293,Inconclusive,Inactive,Inactive,Inactive,Missing or unavailable data
DTXSID3041299,Inactive,Inactive,Inactive,Inactive,Inactive in both primary assays
DTXSID3041328,Inconclusive,Inconclusive,Inactive,Inactive,Missing or unavailable data
DTXSID3041370,Inactive,Inconclusive,Inconclusive,Inactive,Missing or unavailable data
DTXSID3041372,Inactive,Inactive,Inactive,Inactive,Inactive in both primary assays
DTXSID3041376,Inconclusive,Inconclusive,Inactive,Inactive,Missing or unavailable data
DTXSID3041403,Inactive,Inconclusive,Inactive,Inactive,Inactive in both primary assays
DTXSID3041405,Inconclusive,Inactive,Inconclusive,Inactive,Missing or unavailable data
DTXSID3041409,Active,Active,Active,Active,Possible BLA viability interference
DTXSID3041451,Inconclusive,Inactive,Inactive,Inactive,Missing or unavailable data
DTXSID3041530,Inactive,Inactive,Inactive,Inactive,Inactive in both primary assays
DTXSID3041580,Inactive,Inconclusive,Inactive,Inconclusive,Inactive in both primary assays
DTXSID3041611,Inactive,Inactive,Inactive,Inactive,Inactive in both primary assays
DTXSID3041613,Inactive,Inconclusive,Active,Inactive,MDA-kb2 active only
DTXSID3041615,Inactive,Inactive,Inactive,Inactive,Inactive in both primary assays
DTXSID3041617,Active,Active,Active,Active,Possible BLA viability interference
DTXSID3041619,Active,Inactive,Active,Inactive,Both primary assays active - no viability interference detected
DTXSID3041661,Inconclusive,Inactive,Inconclusive,Inactive,Missing or unavailable data
DTXSID3041663,Inactive,Inactive,Inconclusive,Inconclusive,Missing or unavailable data
DTXSID3041665,Active,Active,Active,Active,Possible BLA viability interference
DTXSID3041744,,,Inactive,Active,Missing or unavailable data
DTXSID3041790,Inactive,Inactive,Inconclusive,Inactive,Missing or unavailable data
DTXSID3041794,Active,Inactive,Inactive,Inactive,BLA active only
DTXSID3041827,Active,Inactive,Active,Inactive,Both primary assays active - no viability interference detected
DTXSID3041873,Inactive,Inconclusive,Inactive,Inactive,Inactive in both primary assays
DTXSID3041877,Inconclusive,Inconclusive,Inactive,Inactive,Missing or unavailable data
DTXSID3041954,Inactive,Inconclusive,Inconclusive,Inactive,Missing or unavailable data
DTXSID3042007,Inactive,Inactive,Inactive,Inactive,Inactive in both primary assays
DTXSID3042051,Inactive,Inactive,Inactive,Inactive,Inactive in both primary assays
DTXSID3042053,Inactive,Inactive,Inactive,Inactive,Inactive in both primary assays
DTXSID3042059,Inconclusive,Inactive,Inconclusive,Inactive,Missing or unavailable data
DTXSID3042130,Active,Inactive,Inactive,Inactive,BLA active only
DTXSID3042180,Active,Inactive,Active,Inactive,Both primary assays active - no viability interference detected
DTXSID3042188,Inactive,Inconclusive,Inactive,Inactive,Inactive in both primary assays
DTXSID3042215,Active,Inactive,Inactive,Inactive,BLA active only
DTXSID3042219,Inactive,Inactive,Inconclusive,Inactive,Missing or unavailable data
DTXSID3042261,Active,Inactive,Active,Inactive,Both primary assays active - no viability interference detected
DTXSID3042263,Inactive,Inactive,Inactive,Inactive,Inactive in both primary assays
DTXSID3042269,Inactive,Inactive,Inactive,Inactive,Inactive in both primary assays
DTXSID3042390,Active,Active,Active,Active,Possible BLA viability interference
DTXSID3042394,Inconclusive,Inactive,Inactive,Inactive,Missing or unavailable data
DTXSID3042423,Inactive,Inactive,Inactive,Inactive,Inactive in both primary assays
DTXSID3042477,Inactive,Inactive,Active,Inconclusive,MDA-kb2 active only
DTXSID3042500,Active,Active,Active,Active,Possible BLA viability interference
DTXSID3042508,Inactive,Inactive,,,Missing or unavailable data
DTXSID3042631,Inactive,Active,,,Missing or unavailable data
DTXSID3042633,Active,Active,Active,Active,Possible BLA viability interference
DTXSID3042681,Active,Inactive,,,Missing or unavailable data
DTXSID3043734,Inactive,Inconclusive,,,Missing or unavailable data
DTXSID3043782,Inactive,Inactive,Inactive,Inactive,Inactive in both primary assays
DTXSID3044124,Inconclusive,Inactive,Inactive,Inactive,Missing or unavailable data
DTXSID3044128,,,Inconclusive,Inactive,Missing or unavailable data
DTXSID3044201,Active,Active,Inactive,Inactive,Possible BLA viability interference
DTXSID3044203,Inactive,Inactive,Inactive,Inactive,Inactive in both primary assays
DTXSID3044205,Inactive,Inactive,Inconclusive,Inactive,Missing or unavailable data
DTXSID3044251,Inactive,Inconclusive,Inactive,Inactive,Inactive in both primary assays
DTXSID3044332,Inactive,Inactive,Inactive,Inactive,Inactive in both primary assays
DTXSID3044334,Inconclusive,Inactive,Inconclusive,Inactive,Missing or unavailable data
DTXSID3044338,,,Active,Inactive,Missing or unavailable data
DTXSID3044380,Inactive,Inconclusive,Inactive,Inactive,Inactive in both primary assays
DTXSID3044382,Inconclusive,Inconclusive,Inconclusive,Inactive,Missing or unavailable data
DTXSID3044384,Inactive,Inactive,Inconclusive,Inactive,Missing or unavailable data
DTXSID3044388,Inactive,Inconclusive,Inconclusive,Inactive,Missing or unavailable data
DTXSID3044411,Inconclusive,Inactive,Inactive,Inactive,Missing or unavailable data
DTXSID3044413,Inactive,Inconclusive,Inconclusive,Inactive,Missing or unavailable data
DTXSID3044415,,,Active,Active,Possible MDA-kb2 viability interference
DTXSID3044461,,,Inconclusive,Inactive,Missing or unavailable data
DTXSID3044463,Inconclusive,Inactive,Inactive,Inconclusive,Missing or unavailable data
DTXSID3044465,Inactive,Inconclusive,Inconclusive,Inactive,Missing or unavailable data
DTXSID3044469,Inconclusive,Inconclusive,Inactive,Inconclusive,Missing or unavailable data
DTXSID3044542,Inactive,Inactive,Inactive,Inactive,Inactive in both primary assays
DTXSID3044544,Active,Active,Active,Active,Possible BLA viability interference
DTXSID3044590,Active,Inactive,Active,Active,Possible MDA-kb2 viability interference
DTXSID3044598,Inactive,Inactive,Inconclusive,Inactive,Missing or unavailable data
DTXSID3044621,Inactive,Inactive,Inactive,Inactive,Inactive in both primary assays
DTXSID3044623,Inconclusive,Inactive,Inconclusive,Inactive,Missing or unavailable data
DTXSID3044625,Inactive,Inactive,Inactive,Inactive,Inactive in both primary assays
DTXSID3044627,Active,Active,Inactive,Inactive,Possible BLA viability interference
DTXSID3044629,Inactive,Inconclusive,Inactive,Inactive,Inactive in both primary assays
DTXSID3044679,Inactive,Inconclusive,Inactive,Inactive,Inactive in both primary assays
DTXSID3044700,,,Inconclusive,Inactive,Missing or unavailable data
DTXSID3044702,Inconclusive,Inconclusive,Active,Inactive,Missing or unavailable data
DTXSID3044704,Inactive,Inactive,Active,Active,Possible MDA-kb2 viability interference
DTXSID3044706,Inconclusive,Inactive,Inactive,Inactive,Missing or unavailable data
DTXSID3044750,Inconclusive,Inconclusive,Inactive,Inactive,Missing or unavailable data
DTXSID3044752,Inactive,Inconclusive,Inactive,Inactive,Inactive in both primary assays
DTXSID3044754,Inactive,Inactive,Inconclusive,Inactive,Missing or unavailable data
DTXSID3044756,Inactive,Inactive,Inconclusive,Inconclusive,Missing or unavailable data
DTXSID3044758,Active,Active,Inconclusive,Inactive,Possible BLA viability interference
DTXSID3044831,Inconclusive,Inconclusive,Inconclusive,Inactive,Missing or unavailable data
DTXSID3044833,Inactive,Inactive,Inactive,Inactive,Inactive in both primary assays
DTXSID3044835,Active,Inactive,Active,Inactive,Both primary assays active - no viability interference detected
DTXSID3044837,Inactive,Inactive,Inactive,Inactive,Inactive in both primary assays
DTXSID3044839,Inactive,Inconclusive,Inactive,Inactive,Inactive in both primary assays
DTXSID3044881,Inconclusive,Inactive,Inconclusive,Inactive,Missing or unavailable data
DTXSID3044883,Inconclusive,Inconclusive,Inactive,Inactive,Missing or unavailable data
DTXSID3044887,Inactive,Inactive,Inactive,Inactive,Inactive in both primary assays
DTXSID3044889,,,Active,Inactive,Missing or unavailable data
DTXSID3044910,Active,Active,Active,Inactive,Possible BLA viability interference
DTXSID3044914,Inconclusive,Inconclusive,Inconclusive,Inactive,Missing or unavailable data
DTXSID3044916,Inactive,Inconclusive,Inconclusive,Inactive,Missing or unavailable data
DTXSID3044918,Inconclusive,Inactive,Inactive,Inactive,Missing or unavailable data
DTXSID3044960,Active,Inactive,Inactive,Inactive,BLA active only
DTXSID3044962,Inactive,Inactive,Inactive,Inactive,Inactive in both primary assays
DTXSID3044966,Active,Active,Active,Inactive,Possible BLA viability interference
DTXSID3045140,Inactive,Inactive,Inactive,Inactive,Inactive in both primary assays
DTXSID3045144,Active,Active,,,Possible BLA viability interference
DTXSID3045190,Inconclusive,Inactive,Inactive,Inactive,Missing or unavailable data
DTXSID3045192,Active,Inactive,Inconclusive,Inactive,Missing or unavailable data
DTXSID3045194,Inactive,Inactive,Inconclusive,Inactive,Missing or unavailable data
DTXSID3045196,Inactive,Inactive,Inactive,Inactive,Inactive in both primary assays
DTXSID3045198,Inactive,Inactive,Inactive,Inactive,Inactive in both primary assays
DTXSID3045221,Inconclusive,Inactive,Inactive,Inactive,Missing or unavailable data
DTXSID3045223,Inactive,Inactive,Inconclusive,Inactive,Missing or unavailable data
DTXSID3045225,Inactive,Inactive,,,Missing or unavailable data
DTXSID3045227,Inconclusive,Inactive,Active,Inactive,Missing or unavailable data
DTXSID3045229,Inactive,Inactive,Inconclusive,Inactive,Missing or unavailable data
DTXSID3045271,Inactive,Inactive,Inactive,Inactive,Inactive in both primary assays
DTXSID3045300,Inconclusive,Inactive,Inconclusive,Inactive,Missing or unavailable data
DTXSID3045304,Inconclusive,Inactive,Inconclusive,Inactive,Missing or unavailable data
DTXSID3045306,Inactive,Inactive,Inconclusive,Inactive,Missing or unavailable data
DTXSID3045350,Inactive,Inconclusive,,,Missing or unavailable data
DTXSID3045352,Inconclusive,Inconclusive,,,Missing or unavailable data
DTXSID3045354,Inconclusive,Inconclusive,,,Missing or unavailable data
DTXSID3045356,Inactive,Inactive,,,Missing or unavailable data
DTXSID3045433,Inactive,Inactive,Inconclusive,Inactive,Missing or unavailable data
DTXSID3045435,Inactive,Inactive,Active,Inactive,MDA-kb2 active only
DTXSID3045437,Inconclusive,Inactive,Inactive,Inconclusive,Missing or unavailable data
DTXSID3045439,Inactive,Inconclusive,,,Missing or unavailable data
DTXSID3045485,Inactive,Inactive,Inactive,Inactive,Inactive in both primary assays
DTXSID3045514,Inactive,Inconclusive,Active,Inactive,MDA-kb2 active only
DTXSID3045560,Inactive,Inactive,Active,Inactive,MDA-kb2 active only
DTXSID3045562,Inactive,Inconclusive,Inactive,Inactive,Inactive in both primary assays
DTXSID3045566,Inconclusive,Inactive,,,Missing or unavailable data
DTXSID3045568,Inconclusive,Inactive,,,Missing or unavailable data
DTXSID3045645,Active,Inactive,Inconclusive,Inactive,Missing or unavailable data
DTXSID3045647,Inactive,Inactive,Inconclusive,Inconclusive,Missing or unavailable data
DTXSID3045649,Inconclusive,Inconclusive,Inconclusive,Inactive,Missing or unavailable data
DTXSID3045691,Inconclusive,Inactive,,,Missing or unavailable data
DTXSID3045693,Inactive,Inactive,,,Missing or unavailable data
DTXSID3045695,Inactive,Inconclusive,Inactive,Inactive,Inactive in both primary assays
DTXSID3045697,Inactive,Inactive,Inactive,Inactive,Inactive in both primary assays
DTXSID3045699,Active,Inactive,,,Missing or unavailable data
DTXSID3045770,Inconclusive,Inconclusive,Inconclusive,Inactive,Missing or unavailable data
DTXSID3045772,Inactive,Inconclusive,,,Missing or unavailable data
DTXSID3045774,Inactive,Inactive,,,Missing or unavailable data
DTXSID3045776,Inactive,Inconclusive,Inactive,Inactive,Inactive in both primary assays
DTXSID3045778,Inactive,Inactive,Inactive,Inactive,Inactive in both primary assays
DTXSID3045803,Inconclusive,Inconclusive,,,Missing or unavailable data
DTXSID3045805,Inconclusive,Inconclusive,Inconclusive,Inactive,Missing or unavailable data
DTXSID3045807,Active,Active,Inactive,Inactive,Possible BLA viability interference
DTXSID3045809,Inactive,Inactive,,,Missing or unavailable data
DTXSID3045851,Inconclusive,Inconclusive,Inactive,Inactive,Missing or unavailable data
DTXSID3045855,Inconclusive,Inactive,,,Missing or unavailable data
DTXSID3045857,Inactive,Inconclusive,Inconclusive,Inactive,Missing or unavailable data
DTXSID3045859,Inactive,Inactive,Inactive,Inactive,Inactive in both primary assays
DTXSID3045930,Inactive,Inactive,Active,Inactive,MDA-kb2 active only
DTXSID3045934,Inactive,Inactive,Inconclusive,Inactive,Missing or unavailable data
DTXSID3045938,Inactive,Inactive,,,Missing or unavailable data
DTXSID3045980,Active,Inactive,,,Missing or unavailable data
DTXSID3045984,Inactive,Inconclusive,,,Missing or unavailable data
DTXSID3045988,Inactive,Inactive,,,Missing or unavailable data
DTXSID3046081,Inconclusive,Inconclusive,Inactive,Inactive,Missing or unavailable data
DTXSID3046083,Inactive,Inactive,Active,Active,Possible MDA-kb2 viability interference
DTXSID3046085,Inactive,Inactive,,,Missing or unavailable data
DTXSID3046110,Inactive,Inactive,Inactive,Inactive,Inactive in both primary assays
DTXSID3046112,Active,Active,,,Possible BLA viability interference
DTXSID3046114,Inconclusive,Inactive,Inconclusive,Inactive,Missing or unavailable data
DTXSID3046116,Inconclusive,Inactive,,,Missing or unavailable data
DTXSID3046118,Inconclusive,Inactive,,,Missing or unavailable data
DTXSID3046160,Inconclusive,Inconclusive,,,Missing or unavailable data
DTXSID3046162,Inconclusive,Inactive,Inconclusive,Inactive,Missing or unavailable data
DTXSID3046164,Inactive,Inactive,,,Missing or unavailable data
DTXSID3046166,Inactive,Inactive,,,Missing or unavailable data
DTXSID3046168,Inconclusive,Inconclusive,,,Missing or unavailable data
DTXSID3046241,Inconclusive,Inactive,,,Missing or unavailable data
DTXSID3046243,Inactive,Inactive,,,Missing or unavailable data
DTXSID3046245,Inactive,Inconclusive,,,Missing or unavailable data
DTXSID3046247,Inactive,Inactive,,,Missing or unavailable data
DTXSID3046249,Inactive,Inactive,,,Missing or unavailable data
DTXSID3046291,Inactive,Inconclusive,,,Missing or unavailable data
DTXSID3046295,Inconclusive,Inactive,Inactive,Inactive,Missing or unavailable data
DTXSID3046297,Inactive,Inactive,Inactive,Inactive,Inactive in both primary assays
DTXSID3046299,Inactive,Inconclusive,Inconclusive,Inactive,Missing or unavailable data
DTXSID3046320,Inactive,Inactive,Inactive,Inactive,Inactive in both primary assays
DTXSID3046322,Active,Inactive,,,Missing or unavailable data
DTXSID3046324,Inconclusive,Inactive,Inactive,Inactive,Missing or unavailable data
DTXSID3046326,Inactive,Inactive,Inactive,Inactive,Inactive in both primary assays
DTXSID3046401,Active,Active,Active,Active,Possible BLA viability interference
DTXSID3046403,Inconclusive,Inconclusive,Inactive,Inactive,Missing or unavailable data
DTXSID3046405,Inactive,Inconclusive,Active,Inactive,MDA-kb2 active only
DTXSID3046407,Inactive,Inactive,,,Missing or unavailable data
DTXSID3046409,Inactive,Inactive,Inconclusive,Inactive,Missing or unavailable data
DTXSID3046451,Inconclusive,Inconclusive,Inactive,Inactive,Missing or unavailable data
DTXSID3046453,Active,Inactive,Active,Inactive,Both primary assays active - no viability interference detected
DTXSID3046455,Inactive,Inconclusive,,,Missing or unavailable data
DTXSID3046457,Inactive,Inactive,Inactive,Inactive,Inactive in both primary assays
DTXSID3046459,Inconclusive,Inconclusive,Inactive,Inactive,Missing or unavailable data
DTXSID3046530,Inconclusive,Inactive,,,Missing or unavailable data
DTXSID3046532,Inconclusive,Inactive,,,Missing or unavailable data
DTXSID3046534,Inactive,Inactive,Inactive,Inactive,Inactive in both primary assays
DTXSID3046536,Inactive,Inactive,Inconclusive,Inactive,Missing or unavailable data
DTXSID3046538,Inconclusive,Inconclusive,,,Missing or unavailable data
DTXSID3046580,Inactive,Inactive,Inconclusive,Inconclusive,Missing or unavailable data
DTXSID3046584,Inconclusive,Inactive,Inactive,Inactive,Missing or unavailable data
DTXSID3046586,Inconclusive,Inactive,,,Missing or unavailable data
DTXSID3046588,Inactive,Inactive,,,Missing or unavailable data
DTXSID3046613,Inconclusive,Inactive,,,Missing or unavailable data
DTXSID3046615,Inactive,Inconclusive,,,Missing or unavailable data
DTXSID3046617,Inactive,Inactive,,,Missing or unavailable data
DTXSID3046619,Active,Active,Active,Inactive,Possible BLA viability interference
DTXSID3046663,Inconclusive,Inactive,Inactive,Inactive,Missing or unavailable data
DTXSID3046665,Active,Inactive,Active,Inactive,Both primary assays active - no viability interference detected
DTXSID3046740,Inactive,Inconclusive,Inactive,Inactive,Inactive in both primary assays
DTXSID3046742,Inactive,Inconclusive,Inconclusive,Inactive,Missing or unavailable data
DTXSID3046744,Inactive,Inactive,Inactive,Inactive,Inactive in both primary assays
DTXSID3046748,Inactive,Inconclusive,Inactive,Inactive,Inactive in both primary assays
DTXSID3046790,Inconclusive,Inconclusive,,,Missing or unavailable data
DTXSID3046792,Active,Active,Active,Active,Possible BLA viability interference
DTXSID3046796,Inconclusive,Inactive,,,Missing or unavailable data
DTXSID3046798,Inactive,Inactive,Inactive,Inactive,Inactive in both primary assays
DTXSID3046821,Inconclusive,Inconclusive,Inactive,Inactive,Missing or unavailable data
DTXSID3046823,Active,Inactive,Inconclusive,Inactive,Missing or unavailable data
DTXSID3046825,Inactive,Inactive,,,Missing or unavailable data
DTXSID3046827,Inactive,Inactive,,,Missing or unavailable data
DTXSID3046829,Inactive,Inactive,,,Missing or unavailable data
DTXSID3046871,Inactive,Inactive,,,Missing or unavailable data
DTXSID3046875,Inactive,Inactive,,,Missing or unavailable data
DTXSID3046879,Inactive,Inconclusive,,,Missing or unavailable data
DTXSID3046902,Inactive,Inactive,,,Missing or unavailable data
DTXSID3046904,Inconclusive,Inactive,,,Missing or unavailable data
DTXSID3046906,Inactive,Inactive,,,Missing or unavailable data
DTXSID3046908,Inactive,Inconclusive,Inactive,Inactive,Inactive in both primary assays
DTXSID3047001,Inactive,Inconclusive,Inactive,Inactive,Inactive in both primary assays
DTXSID3047003,Inconclusive,Inactive,Inactive,Inactive,Missing or unavailable data
DTXSID3047051,Inactive,Inactive,Inactive,Inactive,Inactive in both primary assays
DTXSID3047053,Inactive,Inactive,Inactive,Inactive,Inactive in both primary assays
DTXSID3047055,Inconclusive,Inactive,Inactive,Inactive,Missing or unavailable data
DTXSID3047057,Inactive,Inactive,Inactive,Inactive,Inactive in both primary assays
DTXSID3047059,Inactive,Inactive,Inconclusive,Inactive,Missing or unavailable data
DTXSID3047130,Inconclusive,Inactive,Inactive,Inactive,Missing or unavailable data
DTXSID3047132,Inconclusive,Inconclusive,Active,Inactive,Missing or unavailable data
DTXSID3047134,Inconclusive,Inactive,Inactive,Inactive,Missing or unavailable data
DTXSID3047136,Inconclusive,Inconclusive,Inconclusive,Inactive,Missing or unavailable data
DTXSID3047138,Inconclusive,Inconclusive,Inactive,Inactive,Missing or unavailable data
DTXSID3047180,Inconclusive,Inactive,Inactive,Inactive,Missing or unavailable data
DTXSID3047182,Inactive,Inactive,Inconclusive,Inactive,Missing or unavailable data
DTXSID3047184,Inconclusive,Inactive,Inactive,Inactive,Missing or unavailable data
DTXSID3047186,Inactive,Inconclusive,Inconclusive,Inactive,Missing or unavailable data
DTXSID3047188,Inactive,Inconclusive,Inactive,Inactive,Inactive in both primary assays
DTXSID3047261,Inconclusive,Inactive,Inconclusive,Inactive,Missing or unavailable data
DTXSID3047263,Active,Inactive,Active,Inactive,Both primary assays active - no viability interference detected
DTXSID3047265,Inactive,Inactive,Inconclusive,Inactive,Missing or unavailable data
DTXSID3047267,Inactive,Inactive,Inactive,Inactive,Inactive in both primary assays
DTXSID3047342,Active,Active,Inactive,Inactive,Possible BLA viability interference
DTXSID3047344,Inconclusive,Inactive,Inconclusive,Inactive,Missing or unavailable data
DTXSID3047346,Inconclusive,Inactive,Inactive,Inactive,Missing or unavailable data
DTXSID3047348,Active,Inactive,Active,Active,Possible MDA-kb2 viability interference
DTXSID3047394,Inactive,Inconclusive,Inconclusive,Inconclusive,Missing or unavailable data
DTXSID3047423,Inactive,Inactive,Inactive,Active,Inactive in both primary assays
DTXSID3047425,Inactive,Inactive,Inactive,Inactive,Inactive in both primary assays
DTXSID3047427,Inactive,Inactive,Inactive,Inactive,Inactive in both primary assays
DTXSID3047429,Inactive,Inactive,Inconclusive,Inactive,Missing or unavailable data
DTXSID3047471,,,Inconclusive,Inactive,Missing or unavailable data
DTXSID3047473,Inactive,Inactive,Inactive,Inactive,Inactive in both primary assays
DTXSID3047477,Active,Inactive,Inconclusive,Inactive,Missing or unavailable data
DTXSID3047504,Inactive,Inactive,Inactive,Inactive,Inactive in both primary assays
DTXSID3047508,Inactive,Inactive,Inactive,Inactive,Inactive in both primary assays
DTXSID3047552,Inactive,Inconclusive,Inactive,Inactive,Inactive in both primary assays
DTXSID3047554,Inconclusive,Inactive,Inconclusive,Inactive,Missing or unavailable data
DTXSID3047556,Inactive,Inactive,Inactive,Inactive,Inactive in both primary assays
DTXSID3047558,Inactive,Inactive,Inconclusive,Inactive,Missing or unavailable data
DTXSID3047631,Inconclusive,Inconclusive,Inactive,Inactive,Missing or unavailable data
DTXSID3047633,Inactive,Inactive,Inactive,Inactive,Inactive in both primary assays
DTXSID3047637,Inconclusive,Inconclusive,Inactive,Inactive,Missing or unavailable data
DTXSID3047639,Inconclusive,Inactive,Inactive,Inactive,Missing or unavailable data
DTXSID3047681,Inactive,Inconclusive,Inconclusive,Inactive,Missing or unavailable data
DTXSID3047683,Inactive,Inactive,Inactive,Inactive,Inactive in both primary assays
DTXSID3047687,Inconclusive,Inactive,Inconclusive,Inactive,Missing or unavailable data
DTXSID3047712,Inconclusive,Inconclusive,Inconclusive,Inactive,Missing or unavailable data
DTXSID3047716,Inactive,Inactive,Inconclusive,Inactive,Missing or unavailable data
DTXSID3047760,,,Inconclusive,Inactive,Missing or unavailable data
DTXSID3047843,Active,Inactive,Active,Inactive,Both primary assays active - no viability interference detected
DTXSID3047845,Inconclusive,Inactive,,,Missing or unavailable data
DTXSID3047847,Inactive,Inactive,,,Missing or unavailable data
DTXSID3047849,Active,Inactive,Inactive,Inactive,BLA active only
DTXSID3047891,Active,Inactive,Active,Inactive,Both primary assays active - no viability interference detected
DTXSID3047893,Active,Active,Active,Active,Possible BLA viability interference
DTXSID3047895,Inactive,Inactive,Active,Inactive,MDA-kb2 active only
DTXSID3047897,Inactive,Inactive,Inactive,Inactive,Inactive in both primary assays
DTXSID3047899,Inconclusive,Inconclusive,Inconclusive,Inconclusive,Missing or unavailable data
DTXSID3047920,Inconclusive,Inactive,Inconclusive,Inactive,Missing or unavailable data
DTXSID3047922,Inactive,Inactive,Inconclusive,Inactive,Missing or unavailable data
DTXSID3047924,Inactive,Inactive,Inconclusive,Inactive,Missing or unavailable data
DTXSID3047926,Active,Active,Active,Active,Possible BLA viability interference
DTXSID3047928,Inconclusive,Inactive,Inactive,Inactive,Missing or unavailable data
DTXSID3047970,Inactive,Inactive,Inconclusive,Inactive,Missing or unavailable data
DTXSID3047972,Inconclusive,Inactive,Inactive,Inactive,Missing or unavailable data
DTXSID3047974,Active,Inactive,Active,Inactive,Both primary assays active - no viability interference detected
DTXSID3048310,Inactive,Inactive,,,Missing or unavailable data
DTXSID3048449,Inactive,Inactive,,,Missing or unavailable data
DTXSID3048520,Inactive,Inconclusive,Inactive,Inactive,Inactive in both primary assays
DTXSID3048522,Active,Active,Inactive,Inactive,Possible BLA viability interference
DTXSID3048574,Inactive,Inconclusive,Inactive,Inactive,Inactive in both primary assays
DTXSID3048576,Inconclusive,Inconclusive,Inconclusive,Inactive,Missing or unavailable data
DTXSID3048578,Inactive,Active,,,Missing or unavailable data
DTXSID3048601,Inactive,Inactive,,,Missing or unavailable data
DTXSID3048603,Inactive,Inactive,Inconclusive,Inactive,Missing or unavailable data
DTXSID3048605,Inactive,Inactive,Inconclusive,Inactive,Missing or unavailable data
DTXSID3048607,Active,Inactive,Active,Inactive,Both primary assays active - no viability interference detected
DTXSID3048609,Inactive,Inactive,,,Missing or unavailable data
DTXSID3048653,Active,Active,Active,Active,Possible BLA viability interference
DTXSID3048655,Inactive,Inactive,Inactive,Inactive,Inactive in both primary assays
DTXSID3048657,Active,Inactive,Active,Active,Possible MDA-kb2 viability interference
DTXSID3048659,Inactive,Inactive,Inactive,Inconclusive,Inactive in both primary assays
DTXSID3048730,Active,Inactive,,,Missing or unavailable data
DTXSID3048732,Inactive,Inconclusive,Inactive,Inactive,Inactive in both primary assays
DTXSID3048734,Inactive,Inactive,,,Missing or unavailable data
DTXSID3048736,Inactive,Inactive,,,Missing or unavailable data
DTXSID3048738,Inactive,Inactive,,,Missing or unavailable data
DTXSID3048780,Active,Inactive,Inactive,Inactive,BLA active only
DTXSID3048782,Inactive,Inactive,Inconclusive,Inactive,Missing or unavailable data
DTXSID3048784,Inactive,Inactive,,,Missing or unavailable data
DTXSID3048786,Active,Inactive,Inactive,Inconclusive,BLA active only
DTXSID3048788,Inactive,Inactive,Inconclusive,Inactive,Missing or unavailable data
DTXSID3048811,Active,Active,Active,Inactive,Possible BLA viability interference
DTXSID3048813,Inactive,Inactive,,,Missing or unavailable data
DTXSID3048815,Inactive,Inactive,Inactive,Inactive,Inactive in both primary assays
DTXSID3048817,Inactive,Inactive,Inconclusive,Inactive,Missing or unavailable data
DTXSID3048819,Inactive,Inactive,Inconclusive,Inconclusive,Missing or unavailable data
DTXSID3048861,Inactive,Inactive,Inactive,Inactive,Inactive in both primary assays
DTXSID3048863,Inactive,Inactive,Inconclusive,Inactive,Missing or unavailable data
DTXSID3048865,Inactive,Inactive,,,Missing or unavailable data
DTXSID3048867,Inactive,Inconclusive,,,Missing or unavailable data
DTXSID3048869,Inactive,Inactive,Inactive,Inconclusive,Inactive in both primary assays
DTXSID3048940,Inactive,Inactive,,,Missing or unavailable data
DTXSID3048942,Inactive,Inactive,,,Missing or unavailable data
DTXSID3048944,Inactive,Inactive,Active,Inactive,MDA-kb2 active only
DTXSID3048946,Inactive,Inactive,,,Missing or unavailable data
DTXSID3048948,Inactive,Active,Active,Active,Possible MDA-kb2 viability interference
DTXSID3048990,Inactive,Inactive,,,Missing or unavailable data
DTXSID3048992,Inactive,Inactive,Inactive,Inactive,Inactive in both primary assays
DTXSID3048996,Active,Inactive,,,Missing or unavailable data
DTXSID3048998,Active,Active,Inconclusive,Inconclusive,Possible BLA viability interference
DTXSID3049041,Inactive,Inactive,Inactive,Inactive,Inactive in both primary assays
DTXSID3049043,Inactive,Inconclusive,,,Missing or unavailable data
DTXSID3049045,Inactive,Inconclusive,Inactive,Inconclusive,Inactive in both primary assays
DTXSID3049047,Active,Active,Active,Inactive,Possible BLA viability interference
DTXSID3049049,Inconclusive,Inactive,Inconclusive,Active,Missing or unavailable data
DTXSID3049201,Inactive,Inactive,Inconclusive,Inactive,Missing or unavailable data
DTXSID3049203,Inactive,Inactive,Inactive,Inactive,Inactive in both primary assays
DTXSID3049205,Inactive,Inactive,Active,Inactive,MDA-kb2 active only
DTXSID3049207,Inactive,Inconclusive,Inconclusive,Inactive,Missing or unavailable data
DTXSID3049209,Inconclusive,Inactive,Active,Inconclusive,Missing or unavailable data
DTXSID3049251,Inconclusive,Inactive,Inconclusive,Inactive,Missing or unavailable data
DTXSID3049253,Active,Active,Active,Active,Possible BLA viability interference
DTXSID3049255,Inactive,Inactive,Inactive,Inactive,Inactive in both primary assays
DTXSID3049257,Inactive,Inactive,Inconclusive,Inactive,Missing or unavailable data
DTXSID3049259,Inactive,Inconclusive,Inconclusive,Inactive,Missing or unavailable data
DTXSID3049330,Inactive,Inactive,Inactive,Inactive,Inactive in both primary assays
DTXSID3049332,Inactive,Inactive,Active,Active,Possible MDA-kb2 viability interference
DTXSID3049334,Inactive,Inactive,Inconclusive,Inactive,Missing or unavailable data
DTXSID3049336,Inactive,Inactive,Inactive,Inactive,Inactive in both primary assays
DTXSID3049338,Inactive,Inactive,Inconclusive,Inactive,Missing or unavailable data
DTXSID3049380,Inactive,Inconclusive,Inconclusive,Inactive,Missing or unavailable data
DTXSID3049382,Inactive,Inconclusive,Inactive,Inactive,Inactive in both primary assays
DTXSID3049384,Inactive,Inactive,Inconclusive,Inactive,Missing or unavailable data
DTXSID3049386,Inactive,Inactive,Inactive,Inactive,Inactive in both primary assays
DTXSID3049388,Inactive,Inactive,Inconclusive,Inactive,Missing or unavailable data
DTXSID3049411,Inactive,Inactive,Inconclusive,Inactive,Missing or unavailable data
DTXSID3049413,Inactive,Inactive,Inactive,Inactive,Inactive in both primary assays
DTXSID3049415,Inactive,Inactive,Inactive,Inactive,Inactive in both primary assays
DTXSID3049417,Active,Active,Active,Active,Possible BLA viability interference
DTXSID3049419,Inactive,Inactive,Inactive,Inactive,Inactive in both primary assays
DTXSID3049461,Inactive,Inactive,Inconclusive,Inactive,Missing or unavailable data
DTXSID3049463,Inactive,Inactive,Inconclusive,Inactive,Missing or unavailable data
DTXSID3049465,Inconclusive,Inactive,Inactive,Inactive,Missing or unavailable data
DTXSID3049467,Inconclusive,Inactive,Inactive,Inactive,Missing or unavailable data
DTXSID3049469,Inactive,Inactive,Inconclusive,Inactive,Missing or unavailable data
DTXSID3049540,Active,Inactive,Inconclusive,Inactive,Missing or unavailable data
DTXSID3049542,Inactive,Inactive,Inconclusive,Inactive,Missing or unavailable data
DTXSID3049544,Inconclusive,Inactive,Inconclusive,Inactive,Missing or unavailable data
DTXSID3049546,Active,Inactive,Inconclusive,Inactive,Missing or unavailable data
DTXSID3049548,Inactive,Inactive,Inconclusive,Inactive,Missing or unavailable data
DTXSID3051381,,,Inconclusive,Inactive,Missing or unavailable data
DTXSID3051707,,,Inactive,Inactive,Missing or unavailable data
DTXSID3051834,,,Active,Active,Possible MDA-kb2 viability interference
DTXSID3051836,,,Inactive,Inactive,Missing or unavailable data
DTXSID3052010,,,Inconclusive,Inactive,Missing or unavailable data
DTXSID3052060,,,Inactive,Inactive,Missing or unavailable data
DTXSID3052228,,,Inconclusive,Inactive,Missing or unavailable data
DTXSID3052278,,,Inconclusive,Inactive,Missing or unavailable data
DTXSID3052301,,,Inactive,Inactive,Missing or unavailable data
DTXSID3052307,,,Inconclusive,Inactive,Missing or unavailable data
DTXSID3052309,,,Inactive,Inactive,Missing or unavailable data
DTXSID3052511,,,Inactive,Inactive,Missing or unavailable data
DTXSID3052567,,,Inactive,Inactive,Missing or unavailable data
DTXSID3052648,,,Inactive,Inactive,Missing or unavailable data
DTXSID3057640,,,Inconclusive,Inactive,Missing or unavailable data
DTXSID3057642,,,Inactive,Inactive,Missing or unavailable data
DTXSID3057644,,,Inactive,Inactive,Missing or unavailable data
DTXSID3057646,,,Inconclusive,Inconclusive,Missing or unavailable data
DTXSID3057648,,,Inactive,Inactive,Missing or unavailable data
DTXSID3057690,,,Inconclusive,Inactive,Missing or unavailable data
DTXSID3057692,,,Inactive,Inactive,Missing or unavailable data
DTXSID3057694,,,Inconclusive,Inactive,Missing or unavailable data
DTXSID3057696,,,Inconclusive,Inactive,Missing or unavailable data
DTXSID3057698,,,Inactive,Inactive,Missing or unavailable data
DTXSID3057721,,,Active,Inactive,Missing or unavailable data
DTXSID3057723,,,Inactive,Inactive,Missing or unavailable data
DTXSID3057725,,,Inconclusive,Inconclusive,Missing or unavailable data
DTXSID3057727,,,Inactive,Inactive,Missing or unavailable data
DTXSID3057729,,,Inconclusive,Inactive,Missing or unavailable data
DTXSID3057771,,,Inconclusive,Inactive,Missing or unavailable data
DTXSID3057773,,,Inactive,Inactive,Missing or unavailable data
DTXSID3057775,,,Inconclusive,Inconclusive,Missing or unavailable data
DTXSID3057777,,,Inactive,Inactive,Missing or unavailable data
DTXSID3057779,,,Inconclusive,Inactive,Missing or unavailable data
DTXSID3057800,,,Inconclusive,Inactive,Missing or unavailable data
DTXSID3057802,,,Inconclusive,Inconclusive,Missing or unavailable data
DTXSID3057804,,,Inconclusive,Inconclusive,Missing or unavailable data
DTXSID3057806,,,Inactive,Inactive,Missing or unavailable data
DTXSID3057808,,,Inconclusive,Inactive,Missing or unavailable data
DTXSID3057850,,,Inconclusive,Inactive,Missing or unavailable data
DTXSID3057852,,,Inconclusive,Inactive,Missing or unavailable data
DTXSID3057854,,,Active,Inactive,Missing or unavailable data
DTXSID3057856,,,Inconclusive,Inactive,Missing or unavailable data
DTXSID3057858,,,Inactive,Inactive,Missing or unavailable data
DTXSID4020032,Inactive,Inactive,Inactive,Inactive,Inactive in both primary assays
DTXSID4020038,Inactive,Inactive,,,Missing or unavailable data
DTXSID4020086,Inactive,Inconclusive,Inconclusive,Inactive,Missing or unavailable data
DTXSID4020088,Inactive,Inactive,Inconclusive,Inactive,Missing or unavailable data
DTXSID4020113,Inconclusive,Inconclusive,Inconclusive,Inactive,Missing or unavailable data
DTXSID4020115,Active,Active,,,Possible BLA viability interference
DTXSID4020117,Active,Inactive,Inconclusive,Inactive,Missing or unavailable data
DTXSID4020119,Inactive,Active,Inconclusive,Inactive,Missing or unavailable data
DTXSID4020161,Inconclusive,Inactive,Inactive,Inactive,Missing or unavailable data
DTXSID4020167,Inactive,Inconclusive,Inactive,Inactive,Inactive in both primary assays
DTXSID4020240,Inactive,Inconclusive,Active,Active,Possible MDA-kb2 viability interference
DTXSID4020242,Active,Active,Active,Active,Possible BLA viability interference
DTXSID4020244,Inactive,Inactive,Inactive,Inactive,Inactive in both primary assays
DTXSID4020246,Inactive,Inconclusive,Inactive,Inactive,Inactive in both primary assays
DTXSID4020248,Inactive,Inactive,Active,Inactive,MDA-kb2 active only
DTXSID4020290,Inactive,Inactive,Inactive,Inactive,Inactive in both primary assays
DTXSID4020292,Inconclusive,Inconclusive,Inactive,Inactive,Missing or unavailable data
DTXSID4020294,Inconclusive,Inconclusive,Inconclusive,Active,Missing or unavailable data
DTXSID4020296,Inactive,Inactive,Inactive,Inactive,Inactive in both primary assays
DTXSID4020298,Inactive,Inactive,Inconclusive,Inactive,Missing or unavailable data
DTXSID4020321,Inconclusive,Inactive,Inactive,Inactive,Missing or unavailable data
DTXSID4020325,Inactive,Inactive,Inconclusive,Inactive,Missing or unavailable data
DTXSID4020327,Inconclusive,Inactive,Inconclusive,Inactive,Missing or unavailable data
DTXSID4020329,Inactive,Inactive,Active,Inactive,MDA-kb2 active only
DTXSID4020371,Inconclusive,Inactive,Inactive,Inactive,Missing or unavailable data
DTXSID4020373,Active,Active,Active,Inactive,Possible BLA viability interference
DTXSID4020375,Inactive,Inconclusive,Active,Inactive,MDA-kb2 active only
DTXSID4020379,Active,Inactive,Active,Inconclusive,Missing or unavailable data
DTXSID4020400,Inconclusive,Inactive,Inconclusive,Inactive,Missing or unavailable data
DTXSID4020402,Inconclusive,Inactive,Inconclusive,Inactive,Missing or unavailable data
DTXSID4020406,Inactive,Inconclusive,Active,Inactive,MDA-kb2 active only
DTXSID4020450,Active,Active,Active,Inactive,Possible BLA viability interference
DTXSID4020452,Inactive,Inactive,Inconclusive,Inactive,Missing or unavailable data
DTXSID4020458,Inactive,Inactive,Inactive,Inactive,Inactive in both primary assays
DTXSID4020533,Inactive,Inactive,Inactive,Inactive,Inactive in both primary assays
DTXSID4020535,Active,Active,Active,Active,Possible BLA viability interference
DTXSID4020537,Inconclusive,Inactive,Inactive,Inactive,Missing or unavailable data
DTXSID4020539,Inactive,Inactive,Inactive,Inactive,Inactive in both primary assays
DTXSID4020581,Inactive,Inactive,Inactive,Inactive,Inactive in both primary assays
DTXSID4020583,Inactive,Inactive,Inactive,Inactive,Inactive in both primary assays
DTXSID4020587,Inactive,Inactive,Inconclusive,Inactive,Missing or unavailable data
DTXSID4020589,Active,Inactive,Active,Inactive,Both primary assays active - no viability interference detected
DTXSID4020612,Inactive,Inconclusive,Inactive,Inactive,Inactive in both primary assays
DTXSID4020614,Active,Inactive,Active,Inactive,Both primary assays active - no viability interference detected
DTXSID4020616,Inactive,Inconclusive,Inactive,Inactive,Inactive in both primary assays
DTXSID4020618,Inactive,Inactive,Inactive,Inactive,Inactive in both primary assays
DTXSID4020664,Inconclusive,Inconclusive,Inconclusive,Inactive,Missing or unavailable data
DTXSID4020666,Inconclusive,Inconclusive,Inactive,Inactive,Missing or unavailable data
DTXSID4020668,Inactive,Inactive,Inactive,Inactive,Inactive in both primary assays
DTXSID4020743,Inactive,Inactive,Inactive,Inactive,Inactive in both primary assays
DTXSID4020745,Inconclusive,Inactive,Inconclusive,Inactive,Missing or unavailable data
DTXSID4020749,Active,Inactive,Active,Inactive,Both primary assays active - no viability interference detected
DTXSID4020791,Inconclusive,Inactive,Inactive,Inactive,Missing or unavailable data
DTXSID4020820,Inconclusive,Inconclusive,Inactive,Inactive,Missing or unavailable data
DTXSID4020822,Inconclusive,Active,Inactive,Inactive,Missing or unavailable data
DTXSID4020826,Active,Inactive,Inactive,Inactive,BLA active only
DTXSID4020828,Inactive,Inactive,Inconclusive,Inactive,Missing or unavailable data
DTXSID4020870,Active,Active,Active,Active,Possible BLA viability interference
DTXSID4020876,Active,Active,Inconclusive,Inactive,Possible BLA viability interference
DTXSID4020878,Inactive,Inconclusive,Inconclusive,Inactive,Missing or unavailable data
DTXSID4020901,Inactive,Inactive,Inconclusive,Inactive,Missing or unavailable data
DTXSID4020957,Inactive,Inactive,Inactive,Inactive,Inactive in both primary assays
DTXSID4020959,Inactive,Inactive,Inactive,Inactive,Inactive in both primary assays
DTXSID4021002,Inactive,Inconclusive,Inactive,Inactive,Inactive in both primary assays
DTXSID4021006,Inactive,Inactive,Inconclusive,Inactive,Missing or unavailable data
DTXSID4021056,Inactive,Inactive,Inactive,Inactive,Inactive in both primary assays
DTXSID4021131,Active,Active,Active,Inactive,Possible BLA viability interference
DTXSID4021133,Inconclusive,Inactive,,,Missing or unavailable data
DTXSID4021135,Inactive,Inactive,Inactive,Active,Inactive in both primary assays
DTXSID4021137,Inactive,Inactive,Inactive,Inactive,Inactive in both primary assays
DTXSID4021139,Inactive,Inactive,Inactive,Inactive,Inactive in both primary assays
DTXSID4021181,Active,Inactive,Active,Inactive,Both primary assays active - no viability interference detected
DTXSID4021185,Inactive,Inactive,Inconclusive,Inconclusive,Missing or unavailable data
DTXSID4021189,Inactive,Inactive,Inactive,Inactive,Inactive in both primary assays
DTXSID4021212,Inactive,Inactive,Inconclusive,Inactive,Missing or unavailable data
DTXSID4021214,Inactive,Inconclusive,Active,Active,Possible MDA-kb2 viability interference
DTXSID4021216,Inactive,Inactive,Inconclusive,Inactive,Missing or unavailable data
DTXSID4021218,Inactive,Inactive,Active,Active,Possible MDA-kb2 viability interference
DTXSID4021260,Inactive,Inactive,,,Missing or unavailable data
DTXSID4021264,Inactive,Inactive,Active,Active,Possible MDA-kb2 viability interference
DTXSID4021268,Inconclusive,Inactive,Inactive,Inactive,Missing or unavailable data
DTXSID4021341,Active,Active,Active,Active,Possible BLA viability interference
DTXSID4021343,Inactive,Inconclusive,Inactive,Inactive,Inactive in both primary assays
DTXSID4021347,Inactive,Inactive,Inconclusive,Inactive,Missing or unavailable data
DTXSID4021391,Active,Inactive,Active,Inactive,Both primary assays active - no viability interference detected
DTXSID4021393,Inactive,Inconclusive,Inactive,Inactive,Inactive in both primary assays
DTXSID4021395,Inactive,Inactive,Inactive,Inactive,Inactive in both primary assays
DTXSID4021397,Inactive,Inactive,Inconclusive,Inactive,Missing or unavailable data
DTXSID4021424,Inactive,Inconclusive,Inactive,Inactive,Inactive in both primary assays
DTXSID4021426,Inactive,Inconclusive,Active,Active,Possible MDA-kb2 viability interference
DTXSID4021472,Inconclusive,Inactive,Inactive,Inactive,Missing or unavailable data
DTXSID4021478,Active,Inactive,Active,Inactive,Both primary assays active - no viability interference detected
DTXSID4021503,Inconclusive,Inconclusive,Inconclusive,Inactive,Missing or unavailable data
DTXSID4021553,Active,Inactive,Inactive,Inactive,BLA active only
DTXSID4021557,Inconclusive,Inactive,Inconclusive,Inactive,Missing or unavailable data
DTXSID4021559,Active,Active,Active,Active,Possible BLA viability interference
DTXSID4021632,Inactive,Inactive,Inactive,Inactive,Inactive in both primary assays
DTXSID4021634,Inactive,Inconclusive,Inconclusive,Inactive,Missing or unavailable data
DTXSID4021636,Inactive,Inconclusive,Inactive,Inactive,Inactive in both primary assays
DTXSID4021638,Inconclusive,Inconclusive,Inactive,Inconclusive,Missing or unavailable data
DTXSID4021680,Active,Active,Active,Active,Possible BLA viability interference
DTXSID4021684,Inactive,Inactive,Inactive,Inactive,Inactive in both primary assays
DTXSID4021688,Inactive,Inactive,Inconclusive,Inactive,Missing or unavailable data
DTXSID4021715,Inactive,Inconclusive,Active,Active,Possible MDA-kb2 viability interference
DTXSID4021717,Inconclusive,Inactive,Inactive,Inactive,Missing or unavailable data
DTXSID4021761,Inactive,Inactive,Inactive,Inactive,Inactive in both primary assays
DTXSID4021767,Inconclusive,Inactive,Inconclusive,Inactive,Missing or unavailable data
DTXSID4021769,Inactive,Inconclusive,Inactive,Inactive,Inactive in both primary assays
DTXSID4021842,Inconclusive,Inactive,Inconclusive,Inactive,Missing or unavailable data
DTXSID4021848,Inactive,Inactive,Inactive,Inactive,Inactive in both primary assays
DTXSID4021890,Inactive,Inactive,Inconclusive,Inactive,Missing or unavailable data
DTXSID4021892,Inactive,Inconclusive,Inactive,Inactive,Inactive in both primary assays
DTXSID4021894,Inactive,Inactive,Inconclusive,Inactive,Missing or unavailable data
DTXSID4021921,Inactive,Inconclusive,Inconclusive,Inactive,Missing or unavailable data
DTXSID4021923,Inactive,Inactive,Inconclusive,Inactive,Missing or unavailable data
DTXSID4021925,Inconclusive,Inconclusive,Inactive,Inactive,Missing or unavailable data
DTXSID4021929,Inactive,Inactive,Inconclusive,Inactive,Missing or unavailable data
DTXSID4021971,Inconclusive,Inactive,Inconclusive,Inactive,Missing or unavailable data
DTXSID4021973,,,Active,Active,Possible MDA-kb2 viability interference
DTXSID4021975,Inactive,Inactive,Inactive,Inactive,Inactive in both primary assays
DTXSID4021977,Inactive,Inactive,Inconclusive,Inactive,Missing or unavailable data
DTXSID4021979,Inconclusive,Inactive,Inactive,Inactive,Missing or unavailable data
DTXSID4022020,Inactive,Inactive,Inactive,Inconclusive,Inactive in both primary assays
DTXSID4022070,Inconclusive,Inconclusive,Inactive,Inactive,Missing or unavailable data
DTXSID4022107,Inactive,Inactive,Inactive,Inactive,Inactive in both primary assays
DTXSID4022109,Inactive,Inactive,Inconclusive,Inactive,Missing or unavailable data
DTXSID4022153,Active,Active,Active,Active,Possible BLA viability interference
DTXSID4022159,Active,Active,Inactive,Inactive,Possible BLA viability interference
DTXSID4022284,Inconclusive,Inactive,Inactive,Inactive,Missing or unavailable data
DTXSID4022288,Active,Inactive,Inconclusive,Inactive,Missing or unavailable data
DTXSID4022311,Inconclusive,Inconclusive,Inconclusive,Inactive,Missing or unavailable data
DTXSID4022313,,,Active,Inactive,Missing or unavailable data
DTXSID4022315,Active,Inactive,Active,Inactive,Both primary assays active - no viability interference detected
DTXSID4022361,Active,Active,Active,Inactive,Possible BLA viability interference
DTXSID4022367,Active,Inactive,Active,Inactive,Both primary assays active - no viability interference detected
DTXSID4022369,Inactive,Inactive,Active,Inactive,MDA-kb2 active only
DTXSID4022442,Active,Active,Active,Inactive,Possible BLA viability interference
DTXSID4022446,Active,Inactive,Active,Inactive,Both primary assays active - no viability interference detected
DTXSID4022448,Active,Inactive,Active,Inactive,Both primary assays active - no viability interference detected
DTXSID4022521,Inactive,Inactive,Inconclusive,Inactive,Missing or unavailable data
DTXSID4022523,Inactive,Inconclusive,Inactive,Inactive,Inactive in both primary assays
DTXSID4022525,Inactive,Inconclusive,Active,Inactive,MDA-kb2 active only
DTXSID4022527,Inactive,Inactive,Inactive,Inactive,Inactive in both primary assays
DTXSID4022529,Inactive,Inconclusive,Inactive,Inactive,Inactive in both primary assays
DTXSID4022571,Inactive,Inactive,,,Missing or unavailable data
DTXSID4022573,Inactive,Inactive,Inactive,Inactive,Inactive in both primary assays
DTXSID4022577,Inactive,Inactive,,,Missing or unavailable data
DTXSID4022579,Inactive,Inactive,Inactive,Inactive,Inactive in both primary assays
DTXSID4022602,Inactive,Inconclusive,Inactive,Inactive,Inactive in both primary assays
DTXSID4022652,Inactive,Inactive,Active,Inactive,MDA-kb2 active only
DTXSID4022658,Inactive,Inactive,Inconclusive,Inactive,Missing or unavailable data
DTXSID4022731,Inactive,Inactive,Inactive,Inactive,Inactive in both primary assays
DTXSID4022735,Inconclusive,Inconclusive,,,Missing or unavailable data
DTXSID4022783,Inconclusive,Inconclusive,Inconclusive,Inactive,Missing or unavailable data
DTXSID4022785,Inactive,Inactive,Inactive,Inactive,Inactive in both primary assays
DTXSID4022789,Inactive,Inactive,,,Missing or unavailable data
DTXSID4022810,Active,Active,Active,Active,Possible BLA viability interference
DTXSID4022812,Inconclusive,Inconclusive,Inactive,Inactive,Missing or unavailable data
DTXSID4022814,Inconclusive,Inactive,,,Missing or unavailable data
DTXSID4022816,Inactive,Inactive,Active,Active,Possible MDA-kb2 viability interference
DTXSID4022862,Inactive,Inactive,,,Missing or unavailable data
DTXSID4022866,Inactive,Inactive,Active,Inactive,MDA-kb2 active only
DTXSID4022868,Inactive,Inconclusive,Inactive,Inactive,Inactive in both primary assays
DTXSID4022941,Inactive,Active,,,Missing or unavailable data
DTXSID4022947,Inconclusive,Inactive,Active,Inactive,Missing or unavailable data
DTXSID4022949,Inconclusive,Inconclusive,Inconclusive,Inactive,Missing or unavailable data
DTXSID4022991,Inactive,Inconclusive,Inactive,Inactive,Inactive in both primary assays
DTXSID4022993,Inactive,Inconclusive,,,Missing or unavailable data
DTXSID4022999,Active,Inconclusive,Inactive,Inactive,BLA active only
DTXSID4023042,Inactive,Inconclusive,Active,Inactive,MDA-kb2 active only
DTXSID4023044,Inconclusive,Inactive,,,Missing or unavailable data
DTXSID4023094,Active,Inactive,Inconclusive,Inactive,Missing or unavailable data
DTXSID4023096,Inconclusive,Inconclusive,Inconclusive,Inactive,Missing or unavailable data
DTXSID4023123,Inactive,Inactive,,,Missing or unavailable data
DTXSID4023125,Inconclusive,Inconclusive,Inactive,Inactive,Missing or unavailable data
DTXSID4023171,Inactive,Inactive,,,Missing or unavailable data
DTXSID4023175,Inconclusive,Inactive,Inactive,Inconclusive,Missing or unavailable data
DTXSID4023177,Inconclusive,Inactive,Inconclusive,Inactive,Missing or unavailable data
DTXSID4023179,Inconclusive,Inactive,Inactive,Inactive,Missing or unavailable data
DTXSID4023200,Inactive,Inactive,Inconclusive,Inactive,Missing or unavailable data
DTXSID4023202,Inactive,Inconclusive,Inactive,Inactive,Inactive in both primary assays
DTXSID4023252,Inactive,Inactive,Inconclusive,Inactive,Missing or unavailable data
DTXSID4023254,Inconclusive,Inactive,Inactive,Inactive,Missing or unavailable data
DTXSID4023258,Inactive,Inconclusive,,,Missing or unavailable data
DTXSID4023333,Active,Inactive,Inconclusive,Inactive,Missing or unavailable data
DTXSID4023381,Active,Active,,,Possible BLA viability interference
DTXSID4023385,Inactive,Inactive,Inactive,Inactive,Inactive in both primary assays
DTXSID4023387,Inconclusive,Inactive,Inconclusive,Inactive,Missing or unavailable data
DTXSID4023412,Inactive,Inactive,Inactive,Inactive,Inactive in both primary assays
DTXSID4023414,Inactive,Inconclusive,Inconclusive,Inactive,Missing or unavailable data
DTXSID4023416,Inactive,Inactive,Inconclusive,Inactive,Missing or unavailable data
DTXSID4023460,Inactive,Inactive,Inactive,Inactive,Inactive in both primary assays
DTXSID4023462,Inconclusive,Inactive,Inactive,Inactive,Missing or unavailable data
DTXSID4023541,Inactive,Inactive,Inactive,Inactive,Inactive in both primary assays
DTXSID4023545,Active,Active,,,Possible BLA viability interference
DTXSID4023549,Inconclusive,Inactive,Inactive,Inconclusive,Missing or unavailable data
DTXSID4023591,Inconclusive,Inactive,Inconclusive,Inactive,Missing or unavailable data
DTXSID4023593,Active,Active,,,Possible BLA viability interference
DTXSID4023595,Inactive,Inactive,Inactive,Inactive,Inactive in both primary assays
DTXSID4023620,,,Inconclusive,Inconclusive,Missing or unavailable data
DTXSID4023622,Inactive,Inactive,Inactive,Inactive,Inactive in both primary assays
DTXSID4023624,Inconclusive,Inactive,Inconclusive,Inactive,Missing or unavailable data
DTXSID4023626,,,Inconclusive,Inactive,Missing or unavailable data
DTXSID4023628,Inconclusive,Inactive,Inconclusive,Inconclusive,Missing or unavailable data
DTXSID4023670,Inactive,Inactive,,,Missing or unavailable data
DTXSID4023672,Inactive,Inconclusive,Active,Inactive,MDA-kb2 active only
DTXSID4023674,Inactive,Inactive,Inactive,Inactive,Inactive in both primary assays
DTXSID4023676,Inactive,Inconclusive,Inconclusive,Inactive,Missing or unavailable data
DTXSID4023678,Inactive,Inconclusive,Inactive,Inactive,Inactive in both primary assays
DTXSID4023701,Inconclusive,Inconclusive,,,Missing or unavailable data
DTXSID4023753,Inactive,Inconclusive,Active,Active,Possible MDA-kb2 viability interference
DTXSID4023917,Inactive,Inactive,Inactive,Inactive,Inactive in both primary assays
DTXSID4024012,Inconclusive,Inconclusive,Inconclusive,Inactive,Missing or unavailable data
DTXSID4024014,Inconclusive,Inconclusive,Inactive,Inactive,Missing or unavailable data
DTXSID4024018,Inconclusive,Inactive,Inconclusive,Inactive,Missing or unavailable data
DTXSID4024062,Inconclusive,Inactive,Inconclusive,Inactive,Missing or unavailable data
DTXSID4024064,Active,Active,Active,Active,Possible BLA viability interference
DTXSID4024066,Active,Inactive,Active,Active,Possible MDA-kb2 viability interference
DTXSID4024143,Inconclusive,Inactive,Inconclusive,Inactive,Missing or unavailable data
DTXSID4024145,Inactive,Inactive,Inconclusive,Inactive,Missing or unavailable data
DTXSID4024193,Inconclusive,Inactive,Inconclusive,Inactive,Missing or unavailable data
DTXSID4024195,Inconclusive,Inconclusive,Inactive,Inactive,Missing or unavailable data
DTXSID4024222,Inconclusive,Inconclusive,Inconclusive,Inactive,Missing or unavailable data
DTXSID4024270,Active,Active,Active,Inactive,Possible BLA viability interference
DTXSID4024272,Inactive,Inactive,Inactive,Inactive,Inactive in both primary assays
DTXSID4024274,Active,Active,Active,Active,Possible BLA viability interference
DTXSID4024276,Active,Active,Active,Active,Possible BLA viability interference
DTXSID4024303,Inactive,Inactive,Inconclusive,Inactive,Missing or unavailable data
DTXSID4024359,Inactive,Inconclusive,Active,Inactive,MDA-kb2 active only
DTXSID4024436,Inconclusive,Inconclusive,Inactive,Active,Missing or unavailable data
DTXSID4024484,Inactive,Inactive,Inactive,Inactive,Inactive in both primary assays
DTXSID4024488,Active,Inactive,Inactive,Inactive,BLA active only
DTXSID4024515,Inconclusive,Inactive,Inactive,Inactive,Missing or unavailable data
DTXSID4024640,Inactive,Inactive,Inactive,Inactive,Inactive in both primary assays
DTXSID4024642,Inactive,Inactive,Inactive,Inactive,Inactive in both primary assays
DTXSID4024644,Inactive,Inactive,Inconclusive,Inactive,Missing or unavailable data
DTXSID4024646,Active,Inactive,Active,Inactive,Both primary assays active - no viability interference detected
DTXSID4024690,Inactive,Inactive,Inactive,Inactive,Inactive in both primary assays
DTXSID4024692,Inactive,Inactive,Inconclusive,Inactive,Missing or unavailable data
DTXSID4024696,Inconclusive,Inactive,Inactive,Inactive,Missing or unavailable data
DTXSID4024721,Inactive,Inconclusive,Inconclusive,Inactive,Missing or unavailable data
DTXSID4024729,Inactive,Inactive,Inconclusive,Inactive,Missing or unavailable data
DTXSID4024771,Inactive,Inactive,Inactive,Inactive,Inactive in both primary assays
DTXSID4024773,Inconclusive,Inactive,Inactive,Inactive,Missing or unavailable data
DTXSID4024775,Inconclusive,Inconclusive,Inactive,Inactive,Missing or unavailable data
DTXSID4024800,Inconclusive,Inconclusive,Inconclusive,Inactive,Missing or unavailable data
DTXSID4024858,Inactive,Inactive,Inconclusive,Inactive,Missing or unavailable data
DTXSID4024931,Inconclusive,Inactive,Inactive,Inactive,Missing or unavailable data
DTXSID4024937,Inactive,Inactive,Inactive,Inactive,Inactive in both primary assays
DTXSID4024981,Inconclusive,Inactive,Inactive,Inactive,Missing or unavailable data
DTXSID4024983,Inactive,Inactive,Inactive,Inactive,Inactive in both primary assays
DTXSID4024985,Inactive,Inconclusive,Inconclusive,Inactive,Missing or unavailable data
DTXSID4025080,Inactive,Inconclusive,Inactive,Inactive,Inactive in both primary assays
DTXSID4025082,Inactive,Inactive,Inconclusive,Inactive,Missing or unavailable data
DTXSID4025086,Inactive,Inconclusive,Inconclusive,Inactive,Missing or unavailable data
DTXSID4025111,Inconclusive,Inactive,Inconclusive,Inactive,Missing or unavailable data
DTXSID4025113,Inactive,Inconclusive,Inconclusive,Inconclusive,Missing or unavailable data
DTXSID4025117,Inconclusive,Inconclusive,Inconclusive,Inactive,Missing or unavailable data
DTXSID4025165,Inactive,Inconclusive,Active,Inactive,MDA-kb2 active only
DTXSID4025167,Inconclusive,Inactive,Inactive,Active,Missing or unavailable data
DTXSID4025240,Inconclusive,Inconclusive,Inactive,Inconclusive,Missing or unavailable data
DTXSID4025242,Inactive,Inactive,Inactive,Inactive,Inactive in both primary assays
DTXSID4025292,Inactive,Inconclusive,Inactive,Inactive,Inactive in both primary assays
DTXSID4025296,Inconclusive,Inactive,Inactive,Inactive,Missing or unavailable data
DTXSID4025298,Inactive,Inconclusive,Inactive,Inactive,Inactive in both primary assays
DTXSID4025329,Inactive,Inconclusive,Inactive,Inactive,Inactive in both primary assays
DTXSID4025371,Inconclusive,Inconclusive,Inconclusive,Inactive,Missing or unavailable data
DTXSID4025402,Inactive,Inactive,Inconclusive,Inactive,Missing or unavailable data
DTXSID4025404,Inactive,Inactive,Inactive,Inactive,Inactive in both primary assays
DTXSID4025406,Inconclusive,Inactive,Inactive,Inactive,Missing or unavailable data
DTXSID4025454,Inactive,Inactive,Inconclusive,Inactive,Missing or unavailable data
DTXSID4025581,Active,Active,Inconclusive,Inactive,Possible BLA viability interference
DTXSID4025587,Inconclusive,Inactive,Inconclusive,Inactive,Missing or unavailable data
DTXSID4025610,Inactive,Inactive,Inactive,Inactive,Inactive in both primary assays
DTXSID4025612,Inconclusive,Inconclusive,Inactive,Inactive,Missing or unavailable data
DTXSID4025662,Inconclusive,Inactive,Inactive,Inactive,Missing or unavailable data
DTXSID4025668,Inactive,Inactive,Inactive,Inactive,Inactive in both primary assays
DTXSID4025741,Inactive,Inactive,Inactive,Inactive,Inactive in both primary assays
DTXSID4025743,Inactive,Inconclusive,Inactive,Inactive,Inactive in both primary assays
DTXSID4025745,Inactive,Inactive,Inactive,Inactive,Inactive in both primary assays
DTXSID4025749,Inactive,Inconclusive,Active,Inactive,MDA-kb2 active only
DTXSID4025791,Inactive,Inconclusive,Inactive,Inactive,Inactive in both primary assays
DTXSID4025793,Inactive,Inactive,Inactive,Inactive,Inactive in both primary assays
DTXSID4025824,Inactive,Inactive,Inactive,Inactive,Inactive in both primary assays
DTXSID4025903,Inactive,Inactive,Inactive,Inactive,Inactive in both primary assays
DTXSID4026000,Inactive,Inconclusive,Inactive,Inactive,Inactive in both primary assays
DTXSID4026050,Inactive,Inactive,Inconclusive,Inactive,Missing or unavailable data
DTXSID4026054,Active,Inactive,Inactive,Inactive,BLA active only
DTXSID4026137,Active,Active,Active,Active,Possible BLA viability interference
DTXSID4026139,Active,Active,Active,Inactive,Possible BLA viability interference
DTXSID4026181,Inactive,Inactive,Active,Active,Possible MDA-kb2 viability interference
DTXSID4026183,Inconclusive,Inactive,Inactive,Inactive,Missing or unavailable data
DTXSID4026212,Active,Active,Active,Active,Possible BLA viability interference
DTXSID4026214,Active,Active,Active,Active,Possible BLA viability interference
DTXSID4026216,,,Inactive,Inactive,Missing or unavailable data
DTXSID4026262,Inactive,Inconclusive,Active,Active,Possible MDA-kb2 viability interference
DTXSID4026266,Inconclusive,Inconclusive,Inconclusive,Inactive,Missing or unavailable data
DTXSID4026268,Inactive,Active,,,Missing or unavailable data
DTXSID4026422,Inactive,Inactive,Inconclusive,Inactive,Missing or unavailable data
DTXSID4026472,Inconclusive,Inconclusive,Inactive,Inactive,Missing or unavailable data
DTXSID4026501,Inactive,Inconclusive,Inconclusive,Inactive,Missing or unavailable data
DTXSID4026505,Inconclusive,Inactive,Inactive,Inactive,Missing or unavailable data
DTXSID4026557,Inactive,Inactive,Inactive,Inactive,Inactive in both primary assays
DTXSID4026684,Inactive,Inactive,Inactive,Inactive,Inactive in both primary assays
DTXSID4026711,Inactive,Inconclusive,Inactive,Inactive,Inactive in both primary assays
DTXSID4026713,Inactive,Inactive,Inactive,Inactive,Inactive in both primary assays
DTXSID4026715,Inconclusive,Inconclusive,Inconclusive,Inactive,Missing or unavailable data
DTXSID4026765,Inactive,Inactive,Inconclusive,Inactive,Missing or unavailable data
DTXSID4026769,Inactive,Inconclusive,Inconclusive,Inactive,Missing or unavailable data
DTXSID4026842,Inactive,Inactive,Inconclusive,Inactive,Missing or unavailable data
DTXSID4026894,Inactive,Inactive,Inactive,Inactive,Inactive in both primary assays
DTXSID4026921,Inactive,Inactive,Inconclusive,Inactive,Missing or unavailable data
DTXSID4026927,Inactive,Inactive,Inconclusive,Inactive,Missing or unavailable data
DTXSID4026975,Inconclusive,Inconclusive,Inconclusive,Inactive,Missing or unavailable data
DTXSID4026979,Inconclusive,Inconclusive,Inconclusive,Inactive,Missing or unavailable data
DTXSID4027026,,,Inactive,Inactive,Missing or unavailable data
DTXSID4027072,Inconclusive,Inactive,Inconclusive,Inactive,Missing or unavailable data
DTXSID4027076,Inactive,Inactive,Inactive,Inactive,Inactive in both primary assays
DTXSID4027103,Inactive,Inactive,Inactive,Inconclusive,Inactive in both primary assays
DTXSID4027109,Inconclusive,Inactive,Inactive,Inactive,Missing or unavailable data
DTXSID4027153,Inactive,Inactive,Inconclusive,Inactive,Missing or unavailable data
DTXSID4027159,Inconclusive,Inconclusive,Inactive,Inactive,Missing or unavailable data
DTXSID4027234,Inactive,Inconclusive,Inconclusive,Inactive,Missing or unavailable data
DTXSID4027236,Inactive,Inactive,Inactive,Inactive,Inactive in both primary assays
DTXSID4027280,Inactive,Inactive,Inactive,Inactive,Inactive in both primary assays
DTXSID4027282,Inconclusive,Inactive,Inconclusive,Inactive,Missing or unavailable data
DTXSID4027284,Inactive,Inconclusive,Inactive,Inactive,Inactive in both primary assays
DTXSID4027286,Inconclusive,Inactive,,,Missing or unavailable data
DTXSID4027288,Inconclusive,Inactive,Inactive,Inactive,Missing or unavailable data
DTXSID4027319,Inconclusive,Inactive,Inactive,Inactive,Missing or unavailable data
DTXSID4027361,Inconclusive,Inactive,Inactive,Inactive,Missing or unavailable data
DTXSID4027367,Inactive,Inactive,Inactive,Inactive,Inactive in both primary assays
DTXSID4027490,Inactive,Inactive,Inactive,Inactive,Inactive in both primary assays
DTXSID4027494,Inconclusive,Inactive,Inconclusive,Inactive,Missing or unavailable data
DTXSID4027496,Inactive,Inactive,Inactive,Inactive,Inactive in both primary assays
DTXSID4027498,Inconclusive,Inactive,Inactive,Inactive,Missing or unavailable data
DTXSID4027521,Inactive,Inactive,Inactive,Inactive,Inactive in both primary assays
DTXSID4027525,Inconclusive,Inactive,Inactive,Inactive,Missing or unavailable data
DTXSID4027527,Active,Active,Active,Active,Possible BLA viability interference
DTXSID4027529,Inactive,Inconclusive,Inactive,Inconclusive,Inactive in both primary assays
DTXSID4027577,Inactive,Inactive,Inconclusive,Inactive,Missing or unavailable data
DTXSID4027579,Inactive,Inactive,Inactive,Inactive,Inactive in both primary assays
DTXSID4027600,Inactive,Inconclusive,Inactive,Inactive,Inactive in both primary assays
DTXSID4027604,Active,Inactive,Inconclusive,Inactive,Missing or unavailable data
DTXSID4027608,Active,Inactive,Inactive,Inactive,BLA active only
DTXSID4027650,Inactive,Inactive,Inconclusive,Inactive,Missing or unavailable data
DTXSID4027652,Inactive,Inconclusive,Inconclusive,Inactive,Missing or unavailable data
DTXSID4027656,Inactive,Inactive,Inconclusive,Inactive,Missing or unavailable data
DTXSID4027658,Inactive,Inactive,Inconclusive,Inactive,Missing or unavailable data
DTXSID4027781,Inconclusive,Inconclusive,Inactive,Inconclusive,Missing or unavailable data
DTXSID4027789,,,Inactive,Inactive,Missing or unavailable data
DTXSID4027866,Inconclusive,Inactive,Inconclusive,Inconclusive,Missing or unavailable data
DTXSID4027868,Inactive,Inconclusive,Inconclusive,Inactive,Missing or unavailable data
DTXSID4027991,Inactive,Inactive,Inactive,Inactive,Inactive in both primary assays
DTXSID4027997,Inactive,Inactive,Inactive,Inactive,Inactive in both primary assays
DTXSID4028040,Inactive,Inactive,Inactive,Inactive,Inactive in both primary assays
DTXSID4028460,Active,Active,Active,Active,Possible BLA viability interference
DTXSID4028880,Active,Inactive,Active,Inactive,Both primary assays active - no viability interference detected
DTXSID4028967,Inactive,Inconclusive,Inactive,Inactive,Inactive in both primary assays
DTXSID4029062,Inactive,Inconclusive,Inconclusive,Inactive,Missing or unavailable data
DTXSID4029143,Inactive,Inactive,Inactive,Inactive,Inactive in both primary assays
DTXSID4029145,Inconclusive,Inactive,Inconclusive,Inactive,Missing or unavailable data
DTXSID4029149,Inactive,Inactive,Inconclusive,Inactive,Missing or unavailable data
DTXSID4029195,Active,Active,Inactive,Inactive,Possible BLA viability interference
DTXSID4029220,Inconclusive,Inconclusive,Inactive,Inactive,Missing or unavailable data
DTXSID4029224,Inactive,Inactive,Inactive,Inactive,Inactive in both primary assays
DTXSID4029353,Inconclusive,Inactive,Inactive,Inactive,Missing or unavailable data
DTXSID4029359,Inconclusive,Inactive,Inconclusive,Inactive,Missing or unavailable data
DTXSID4029565,Active,Inactive,Inconclusive,Inactive,Missing or unavailable data
DTXSID4029690,Inconclusive,Inactive,Inconclusive,Inactive,Missing or unavailable data
DTXSID4029692,Inactive,Inactive,Inactive,Inactive,Inactive in both primary assays
DTXSID4029698,Inactive,Inactive,Inconclusive,Inactive,Missing or unavailable data
DTXSID4029806,Inactive,Inactive,Inactive,Inactive,Inactive in both primary assays
DTXSID4030047,Inactive,Inactive,Inactive,Inactive,Inactive in both primary assays
DTXSID4030336,Inconclusive,Inactive,Inconclusive,Inactive,Missing or unavailable data
DTXSID4030384,Inactive,Inconclusive,Active,Inactive,MDA-kb2 active only
DTXSID4031356,Inconclusive,Inactive,Inconclusive,Inactive,Missing or unavailable data
DTXSID4031566,Inactive,Inactive,,,Missing or unavailable data
DTXSID4031980,Inactive,Inconclusive,Inconclusive,Inactive,Missing or unavailable data
DTXSID4032372,Active,Active,Active,Active,Possible BLA viability interference
DTXSID4032374,,,Inconclusive,Active,Missing or unavailable data
DTXSID4032376,Inactive,Inconclusive,Active,Inactive,MDA-kb2 active only
DTXSID4032378,Inactive,Inactive,Inactive,Inactive,Inactive in both primary assays
DTXSID4032405,Inconclusive,Inactive,Inconclusive,Inactive,Missing or unavailable data
DTXSID4032459,Inactive,Inactive,Inactive,Inconclusive,Inactive in both primary assays
DTXSID4032532,Active,Inactive,Inactive,Inactive,BLA active only
DTXSID4032536,Inactive,Inactive,Inactive,Inactive,Inactive in both primary assays
DTXSID4032580,Active,Active,Active,Active,Possible BLA viability interference
DTXSID4032611,Inactive,Inactive,Inactive,Inactive,Inactive in both primary assays
DTXSID4032613,Active,Inconclusive,Active,Inactive,Missing or unavailable data
DTXSID4032615,Inactive,Inactive,Inconclusive,Inactive,Missing or unavailable data
DTXSID4032619,Active,Inactive,Inactive,Inactive,BLA active only
DTXSID4032667,Inactive,Inactive,Active,Inactive,MDA-kb2 active only
DTXSID4032954,Inactive,Inconclusive,Inactive,Inactive,Inactive in both primary assays
DTXSID4033390,Inactive,Inactive,Inconclusive,Inactive,Missing or unavailable data
DTXSID4034102,Inactive,Inactive,Inconclusive,Inactive,Missing or unavailable data
DTXSID4034150,Inactive,Inactive,Inactive,Inactive,Inactive in both primary assays
DTXSID4034287,Inactive,Inconclusive,Inconclusive,Inactive,Missing or unavailable data
DTXSID4034497,Active,Active,Active,Inactive,Possible BLA viability interference
DTXSID4034528,Inactive,Inactive,Inactive,Inactive,Inactive in both primary assays
DTXSID4034576,Inactive,Inactive,Inactive,Inactive,Inactive in both primary assays
DTXSID4034601,Inactive,Inactive,Inactive,Inactive,Inactive in both primary assays
DTXSID4034609,Active,Inactive,Active,Inactive,Both primary assays active - no viability interference detected
DTXSID4034653,Active,Active,Active,Inactive,Possible BLA viability interference
DTXSID4034788,,,Inactive,Inactive,Missing or unavailable data
DTXSID4034869,,,Active,Inactive,Missing or unavailable data
DTXSID4034948,Active,Inactive,Active,Inactive,Both primary assays active - no viability interference detected
DTXSID4035209,Inactive,Inactive,Inconclusive,Inactive,Missing or unavailable data
DTXSID4035542,Inactive,Inactive,,,Missing or unavailable data
DTXSID4035592,Inconclusive,Inconclusive,Inconclusive,Inactive,Missing or unavailable data
DTXSID4035708,Active,Active,Active,Active,Possible BLA viability interference
DTXSID4035839,,,Inactive,Inactive,Missing or unavailable data
DTXSID4036229,Inactive,Inactive,Inactive,Inactive,Inactive in both primary assays
DTXSID4036435,Inactive,Inconclusive,Inactive,Inactive,Inactive in both primary assays
DTXSID4036489,,,Inconclusive,Inactive,Missing or unavailable data
DTXSID4036514,Inactive,Inactive,Active,Inactive,MDA-kb2 active only
DTXSID4037580,Inconclusive,Inconclusive,Inactive,Inactive,Missing or unavailable data
DTXSID4037582,Inactive,Inconclusive,Inconclusive,Inactive,Missing or unavailable data
DTXSID4037584,Inactive,Inactive,Inactive,Inactive,Inactive in both primary assays
DTXSID4037617,Inactive,Inactive,Inactive,Inactive,Inactive in both primary assays
DTXSID4037748,Inactive,Inactive,Inconclusive,Inactive,Missing or unavailable data
DTXSID4038346,,,Inconclusive,Inactive,Missing or unavailable data
DTXSID4038762,Inactive,Inconclusive,Inconclusive,Inactive,Missing or unavailable data
DTXSID4038847,Inactive,Inactive,Inconclusive,Inactive,Missing or unavailable data
DTXSID4038899,,,Inconclusive,Inactive,Missing or unavailable data
DTXSID4038922,Active,Active,Active,Active,Possible BLA viability interference
DTXSID4038924,Inactive,Inactive,Inactive,Inactive,Inactive in both primary assays
DTXSID4038926,Inconclusive,Inactive,Inactive,Inactive,Missing or unavailable data
DTXSID4039231,Inactive,Inconclusive,Inactive,Inactive,Inactive in both primary assays
DTXSID4039233,Inconclusive,Inactive,Inconclusive,Inactive,Missing or unavailable data
DTXSID4039235,Inactive,Inactive,Inactive,Inactive,Inactive in both primary assays
DTXSID4039657,Inconclusive,Inactive,Inconclusive,Inactive,Missing or unavailable data
DTXSID4040002,Inconclusive,Inconclusive,Inconclusive,Inactive,Missing or unavailable data
DTXSID4040264,,,Active,Active,Possible MDA-kb2 viability interference
DTXSID4040266,Inactive,Inconclusive,,,Missing or unavailable data
DTXSID4040268,Active,Active,Active,Active,Possible BLA viability interference
DTXSID4040343,Inconclusive,Inactive,Inactive,Inactive,Missing or unavailable data
DTXSID4040395,Inactive,Inactive,,,Missing or unavailable data
DTXSID4040476,Inactive,Inactive,Inactive,Inactive,Inactive in both primary assays
DTXSID4040682,Active,Inactive,Inconclusive,Inactive,Missing or unavailable data
DTXSID4040684,Active,Active,,,Possible BLA viability interference
DTXSID4040686,Inactive,Inconclusive,Inactive,Inactive,Inactive in both primary assays
DTXSID4040688,Inactive,Inactive,,,Missing or unavailable data
DTXSID4040711,Inactive,Inactive,Inactive,Inactive,Inactive in both primary assays
DTXSID4040713,Active,Active,Active,Active,Possible BLA viability interference
DTXSID4040715,Inactive,Inactive,Inactive,Inactive,Inactive in both primary assays
DTXSID4040719,Inactive,Inconclusive,Inconclusive,Inactive,Missing or unavailable data
DTXSID4040765,Inconclusive,Inconclusive,Inactive,Inactive,Missing or unavailable data
DTXSID4040767,Active,Active,Active,Active,Possible BLA viability interference
DTXSID4040979,Active,Inactive,Active,Inactive,Both primary assays active - no viability interference detected
DTXSID4041070,Active,Active,Inactive,Inactive,Possible BLA viability interference
DTXSID4041074,Inactive,Inactive,,,Missing or unavailable data
DTXSID4041153,Inactive,Inactive,,,Missing or unavailable data
DTXSID4041230,Inactive,Inactive,Inactive,Inactive,Inactive in both primary assays
DTXSID4041232,Inactive,Inactive,Inactive,Inactive,Inactive in both primary assays
DTXSID4041234,Inactive,Inconclusive,Inactive,Inactive,Inactive in both primary assays
DTXSID4041238,Inactive,Inactive,Inactive,Inactive,Inactive in both primary assays
DTXSID4041280,Inactive,Inconclusive,Inactive,Inactive,Inactive in both primary assays
DTXSID4041317,Inconclusive,Inactive,Inactive,Inactive,Missing or unavailable data
DTXSID4041361,Inactive,Inactive,Inactive,Inactive,Inactive in both primary assays
DTXSID4041363,Inconclusive,Inactive,Inconclusive,Inactive,Missing or unavailable data
DTXSID4041367,Active,Active,Active,Active,Possible BLA viability interference
DTXSID4041440,Inactive,Active,Inactive,Inactive,Inactive in both primary assays
DTXSID4041442,Inactive,Inconclusive,Inactive,Inactive,Inactive in both primary assays
DTXSID4041444,,,Inactive,Inactive,Missing or unavailable data
DTXSID4041446,Inactive,Inactive,Inconclusive,Inactive,Missing or unavailable data
DTXSID4041490,Inconclusive,Inactive,Inactive,Inactive,Missing or unavailable data
DTXSID4041492,Inactive,Inconclusive,Inactive,Inactive,Inactive in both primary assays
DTXSID4041494,Inconclusive,Inactive,Inactive,Inactive,Missing or unavailable data
DTXSID4041521,Inconclusive,Inconclusive,Inactive,Inactive,Missing or unavailable data
DTXSID4041527,Inactive,Inactive,Inconclusive,Inactive,Missing or unavailable data
DTXSID4041529,Inactive,Inconclusive,Inconclusive,Inactive,Missing or unavailable data
DTXSID4041573,Inactive,Inactive,Inactive,Inactive,Inactive in both primary assays
DTXSID4041575,Inactive,Inactive,Inconclusive,Inconclusive,Missing or unavailable data
DTXSID4041600,Active,Inactive,Active,Inactive,Both primary assays active - no viability interference detected
DTXSID4041604,Inconclusive,Inactive,Inactive,Inactive,Missing or unavailable data
DTXSID4041654,Inconclusive,Inactive,Inactive,Inactive,Missing or unavailable data
DTXSID4041656,Inactive,Inactive,Inconclusive,Inactive,Missing or unavailable data
DTXSID4041783,Inactive,Inactive,Inconclusive,Inactive,Missing or unavailable data
DTXSID4041812,,,Inactive,Inactive,Missing or unavailable data
DTXSID4041818,Inactive,Inactive,Inactive,Inconclusive,Inactive in both primary assays
DTXSID4041995,Inactive,Inactive,Inconclusive,Inactive,Missing or unavailable data
DTXSID4041997,Inactive,Inactive,Inactive,Inactive,Inactive in both primary assays
DTXSID4042090,Active,Active,Active,Active,Possible BLA viability interference
DTXSID4042094,Inactive,Inactive,Inactive,Inactive,Inactive in both primary assays
DTXSID4042096,Inactive,Inactive,Inactive,Inactive,Inactive in both primary assays
DTXSID4042121,Active,Inactive,Inactive,Inactive,BLA active only
DTXSID4042123,Active,Active,Active,Active,Possible BLA viability interference
DTXSID4042129,Active,Active,Active,Active,Possible BLA viability interference
DTXSID4042171,Inconclusive,Inconclusive,Inactive,Inactive,Missing or unavailable data
DTXSID4042206,Inactive,Inactive,Inactive,Inactive,Inactive in both primary assays
DTXSID4042208,Inactive,Inconclusive,Inactive,Inactive,Inactive in both primary assays
DTXSID4042252,Inactive,Inactive,Active,Inactive,MDA-kb2 active only
DTXSID4042254,Inactive,Inactive,Inactive,Inactive,Inactive in both primary assays
DTXSID4042256,Active,Active,Active,Inactive,Possible BLA viability interference
DTXSID4042335,Inactive,Inactive,Inconclusive,Inconclusive,Missing or unavailable data
DTXSID4042337,Inactive,Inconclusive,Inactive,Inactive,Inactive in both primary assays
DTXSID4042416,Inconclusive,Inactive,Inactive,Inactive,Missing or unavailable data
DTXSID4042418,Inactive,Active,Inactive,Inactive,Inactive in both primary assays
DTXSID4042462,Active,Active,Active,Active,Possible BLA viability interference
DTXSID4042468,Inactive,Inconclusive,Inactive,Inactive,Inactive in both primary assays
DTXSID4042622,Inactive,Inactive,Inconclusive,Inactive,Missing or unavailable data
DTXSID4043777,Active,Active,Active,Inconclusive,Possible BLA viability interference
DTXSID4043850,,,Inactive,Inactive,Missing or unavailable data
DTXSID4043937,,,Inconclusive,Inactive,Missing or unavailable data
DTXSID4044161,Inactive,Inactive,Active,Active,Possible MDA-kb2 viability interference
DTXSID4044371,Inconclusive,Inactive,Inactive,Inactive,Missing or unavailable data
DTXSID4044373,Inconclusive,Inactive,Inconclusive,Inactive,Missing or unavailable data
DTXSID4044375,Inactive,Inactive,Inactive,Inactive,Inactive in both primary assays
DTXSID4044379,Active,Active,Active,Active,Possible BLA viability interference
DTXSID4044400,Inactive,Inactive,Active,Inactive,MDA-kb2 active only
DTXSID4044402,Inconclusive,Inactive,Inconclusive,Inactive,Missing or unavailable data
DTXSID4044404,Inactive,Inactive,Inactive,Inactive,Inactive in both primary assays
DTXSID4044408,Inactive,Inconclusive,Inactive,Inactive,Inactive in both primary assays
DTXSID4044450,Inconclusive,Inactive,Inconclusive,Inactive,Missing or unavailable data
DTXSID4044452,Inactive,Inactive,Inactive,Inactive,Inactive in both primary assays
DTXSID4044454,Inconclusive,Inactive,Active,Active,Possible MDA-kb2 viability interference
DTXSID4044456,Inactive,Inconclusive,Inactive,Inactive,Inactive in both primary assays
DTXSID4044458,Inconclusive,Inconclusive,Inactive,Inactive,Missing or unavailable data
DTXSID4044533,Inactive,Inactive,Active,Inactive,MDA-kb2 active only
DTXSID4044535,Inconclusive,Inactive,Inactive,Inactive,Missing or unavailable data
DTXSID4044537,Inactive,Inactive,Inactive,Inactive,Inactive in both primary assays
DTXSID4044581,Inactive,Active,Inactive,Inactive,Inactive in both primary assays
DTXSID4044585,Inactive,Inconclusive,Inconclusive,Active,Missing or unavailable data
DTXSID4044587,Inconclusive,Inactive,Active,Inactive,Missing or unavailable data
DTXSID4044589,Inactive,Inactive,Inconclusive,Inactive,Missing or unavailable data
DTXSID4044616,Inconclusive,Inactive,Active,Inactive,Missing or unavailable data
DTXSID4044618,Inactive,Inconclusive,Inactive,Inactive,Inactive in both primary assays
DTXSID4044660,Inactive,Inactive,Inactive,Inactive,Inactive in both primary assays
DTXSID4044662,Inactive,Inactive,Inactive,Inactive,Inactive in both primary assays
DTXSID4044664,Inactive,Inactive,Inconclusive,Inactive,Missing or unavailable data
DTXSID4044668,Active,Active,Active,Inactive,Possible BLA viability interference
DTXSID4044743,Inactive,Inactive,Inactive,Inactive,Inactive in both primary assays
DTXSID4044745,Inactive,Inconclusive,Inactive,Inactive,Inactive in both primary assays
DTXSID4044747,Inconclusive,Inconclusive,Inconclusive,Inactive,Missing or unavailable data
DTXSID4044791,Inactive,Inconclusive,Inconclusive,Inactive,Missing or unavailable data
DTXSID4044793,Inactive,Inactive,Inactive,Inactive,Inactive in both primary assays
DTXSID4044799,Inactive,Inactive,Inconclusive,Inactive,Missing or unavailable data
DTXSID4044820,Inconclusive,Inactive,Inconclusive,Inactive,Missing or unavailable data
DTXSID4044822,Inactive,Inactive,Active,Inactive,MDA-kb2 active only
DTXSID4044824,Inconclusive,Inconclusive,Inconclusive,Inactive,Missing or unavailable data
DTXSID4044826,Inactive,Inconclusive,Inactive,Inactive,Inactive in both primary assays
DTXSID4044828,Inactive,Inconclusive,Inactive,Inactive,Inactive in both primary assays
DTXSID4044870,Inactive,Inactive,Inactive,Inactive,Inactive in both primary assays
DTXSID4044872,Inactive,Inactive,Inactive,Inactive,Inactive in both primary assays
DTXSID4044874,,,Inconclusive,Inactive,Missing or unavailable data
DTXSID4044876,Inconclusive,Inconclusive,Inconclusive,Inactive,Missing or unavailable data
DTXSID4044878,Inactive,Inconclusive,Inconclusive,Inactive,Missing or unavailable data
DTXSID4044901,Inactive,Inconclusive,Inactive,Inactive,Inactive in both primary assays
DTXSID4044903,Inactive,Inactive,Inactive,Inactive,Inactive in both primary assays
DTXSID4044905,Inactive,Inactive,Inactive,Inactive,Inactive in both primary assays
DTXSID4044909,Inactive,Inactive,Inconclusive,Inactive,Missing or unavailable data
DTXSID4044951,Inactive,Inactive,Inconclusive,Inactive,Missing or unavailable data
DTXSID4044953,Inconclusive,Inactive,Inconclusive,Inactive,Missing or unavailable data
DTXSID4044955,Inactive,Inconclusive,Inconclusive,Inactive,Missing or unavailable data
DTXSID4045002,Inactive,Inactive,Inactive,Inactive,Inactive in both primary assays
DTXSID4045131,Inactive,Inactive,Inactive,Inactive,Inactive in both primary assays
DTXSID4045133,Inactive,Inconclusive,Inconclusive,Inactive,Missing or unavailable data
DTXSID4045139,Inactive,Inconclusive,Inconclusive,Inactive,Missing or unavailable data
DTXSID4045181,Active,Inactive,Active,Inactive,Both primary assays active - no viability interference detected
DTXSID4045183,Inactive,Inactive,Inconclusive,Inactive,Missing or unavailable data
DTXSID4045187,Inactive,Inactive,Active,Active,Possible MDA-kb2 viability interference
DTXSID4045189,Inactive,Inactive,Inconclusive,Inactive,Missing or unavailable data
DTXSID4045210,Inactive,Inactive,Inconclusive,Inactive,Missing or unavailable data
DTXSID4045216,Inconclusive,Inactive,,,Missing or unavailable data
DTXSID4045262,Inactive,Inconclusive,Inactive,Inactive,Inactive in both primary assays
DTXSID4045341,Inactive,Inconclusive,Inactive,Inactive,Inactive in both primary assays
DTXSID4045343,Active,Inactive,Active,Active,Possible MDA-kb2 viability interference
DTXSID4045345,Inactive,Inactive,Inconclusive,Inactive,Missing or unavailable data
DTXSID4045347,Inactive,Inconclusive,Inactive,Inactive,Inactive in both primary assays
DTXSID4045391,Inactive,Inactive,Inconclusive,Inconclusive,Missing or unavailable data
DTXSID4045393,Inactive,Inactive,Inactive,Inactive,Inactive in both primary assays
DTXSID4045399,Inconclusive,Inactive,,,Missing or unavailable data
DTXSID4045420,Inactive,Inactive,Inactive,Inactive,Inactive in both primary assays
DTXSID4045422,Active,Inactive,Inactive,Inactive,BLA active only
DTXSID4045424,Active,Inactive,Inconclusive,Inactive,Missing or unavailable data
DTXSID4045428,Inactive,Inconclusive,,,Missing or unavailable data
DTXSID4045472,Inactive,Inactive,Inconclusive,Inactive,Missing or unavailable data
DTXSID4045474,Inconclusive,Inactive,Inconclusive,Inactive,Missing or unavailable data
DTXSID4045476,Active,Inactive,,,Missing or unavailable data
DTXSID4045478,Inconclusive,Inactive,Inconclusive,Inconclusive,Missing or unavailable data
DTXSID4045551,Inactive,Inactive,Inconclusive,Inconclusive,Missing or unavailable data
DTXSID4045555,Inconclusive,Inactive,Inactive,Inactive,Missing or unavailable data
DTXSID4045557,Inconclusive,Inactive,,,Missing or unavailable data
DTXSID4045559,Inactive,Inconclusive,,,Missing or unavailable data
DTXSID4045630,Inactive,Inactive,,,Missing or unavailable data
DTXSID4045632,Inactive,Inactive,Inconclusive,Inactive,Missing or unavailable data
DTXSID4045636,Inactive,Inactive,Inactive,Active,Inactive in both primary assays
DTXSID4045638,Active,Active,Active,Active,Possible BLA viability interference
DTXSID4045680,Inactive,Inconclusive,Inactive,Inactive,Inactive in both primary assays
DTXSID4045682,Inconclusive,Inactive,Inactive,Inactive,Missing or unavailable data
DTXSID4045686,Inactive,Inactive,Inactive,Inactive,Inactive in both primary assays
DTXSID4045688,Inactive,Inactive,Inconclusive,Inactive,Missing or unavailable data
DTXSID4045711,Inactive,Inconclusive,,,Missing or unavailable data
DTXSID4045763,Inconclusive,Inconclusive,Inactive,Inactive,Missing or unavailable data
DTXSID4045765,Inactive,Inactive,Inconclusive,Inactive,Missing or unavailable data
DTXSID4045767,Inconclusive,Inactive,Inconclusive,Inactive,Missing or unavailable data
DTXSID4045769,Inconclusive,Inactive,Inactive,Inactive,Missing or unavailable data
DTXSID4045846,Active,Active,,,Possible BLA viability interference
DTXSID4045848,Active,Active,Active,Inconclusive,Possible BLA viability interference
DTXSID4045890,Inactive,Inactive,,,Missing or unavailable data
DTXSID4045892,Inactive,Inactive,Inconclusive,Inactive,Missing or unavailable data
DTXSID4045896,Inactive,Inactive,Inconclusive,Inactive,Missing or unavailable data
DTXSID4045898,Inactive,Inactive,Inconclusive,Active,Missing or unavailable data
DTXSID4045921,Inconclusive,Inactive,Inconclusive,Inactive,Missing or unavailable data
DTXSID4045925,Inconclusive,Inactive,,,Missing or unavailable data
DTXSID4045927,Inactive,Inactive,Inactive,Inactive,Inactive in both primary assays
DTXSID4045929,Inconclusive,Inactive,,,Missing or unavailable data
DTXSID4045973,Active,Active,Active,Active,Possible BLA viability interference
DTXSID4045975,Inactive,Inactive,Inactive,Inactive,Inactive in both primary assays
DTXSID4045979,Inactive,Inactive,,,Missing or unavailable data
DTXSID4046020,Inactive,Inactive,Inconclusive,Inactive,Missing or unavailable data
DTXSID4046022,Inconclusive,Inactive,,,Missing or unavailable data
DTXSID4046024,Inactive,Inactive,Active,Inactive,MDA-kb2 active only
DTXSID4046076,Inactive,Inactive,Inconclusive,Inactive,Missing or unavailable data
DTXSID4046078,Inactive,Inactive,,,Missing or unavailable data
DTXSID4046101,Inactive,Inactive,Active,Active,Possible MDA-kb2 viability interference
DTXSID4046103,Inactive,Inactive,,,Missing or unavailable data
DTXSID4046107,Inconclusive,Inconclusive,Inactive,Inactive,Missing or unavailable data
DTXSID4046109,Inconclusive,Inactive,Inactive,Inactive,Missing or unavailable data
DTXSID4046151,Inactive,Inactive,Inactive,Inactive,Inactive in both primary assays
DTXSID4046153,Inactive,Inconclusive,Inactive,Inactive,Inactive in both primary assays
DTXSID4046155,Inactive,Inactive,,,Missing or unavailable data
DTXSID4046157,Inactive,Inactive,Inactive,Inactive,Inactive in both primary assays
DTXSID4046159,Inactive,Inactive,Inconclusive,Inactive,Missing or unavailable data
DTXSID4046230,Inconclusive,Inactive,,,Missing or unavailable data
DTXSID4046232,Inactive,Inactive,,,Missing or unavailable data
DTXSID4046234,Inactive,Inactive,,,Missing or unavailable data
DTXSID4046236,Active,Active,,,Possible BLA viability interference
DTXSID4046238,Inconclusive,Inactive,,,Missing or unavailable data
DTXSID4046280,Inactive,Inactive,,,Missing or unavailable data
DTXSID4046282,Inconclusive,Inactive,Inconclusive,Inactive,Missing or unavailable data
DTXSID4046284,Active,Active,Active,Active,Possible BLA viability interference
DTXSID4046286,Inconclusive,Inactive,Inconclusive,Inactive,Missing or unavailable data
DTXSID4046288,Inconclusive,Inactive,Inactive,Inactive,Missing or unavailable data
DTXSID4046313,Inconclusive,Inactive,Inconclusive,Inactive,Missing or unavailable data
DTXSID4046315,Inactive,Inactive,Inactive,Inconclusive,Inactive in both primary assays
DTXSID4046319,Inconclusive,Inconclusive,,,Missing or unavailable data
DTXSID4046361,Active,Inactive,,,Missing or unavailable data
DTXSID4046363,Active,Inactive,,,Missing or unavailable data
DTXSID4046440,Inconclusive,Inactive,Inconclusive,Inactive,Missing or unavailable data
DTXSID4046442,Inactive,Inactive,Inactive,Inactive,Inactive in both primary assays
DTXSID4046444,Inactive,Inactive,,,Missing or unavailable data
DTXSID4046446,Inactive,Inactive,,,Missing or unavailable data
DTXSID4046448,Active,Inactive,Inconclusive,Inactive,Missing or unavailable data
DTXSID4046490,Inactive,Inactive,Inconclusive,Inactive,Missing or unavailable data
DTXSID4046492,Inactive,Inactive,Active,Active,Possible MDA-kb2 viability interference
DTXSID4046494,Inactive,Inactive,,,Missing or unavailable data
DTXSID4046498,Inactive,Inactive,,,Missing or unavailable data
DTXSID4046521,Inactive,Inactive,,,Missing or unavailable data
DTXSID4046523,Inconclusive,Inactive,Inconclusive,Inactive,Missing or unavailable data
DTXSID4046525,Inconclusive,Inconclusive,Inactive,Inactive,Missing or unavailable data
DTXSID4046527,Inconclusive,Inconclusive,,,Missing or unavailable data
DTXSID4046529,Inactive,Inactive,Active,Active,Possible MDA-kb2 viability interference
DTXSID4046571,Inactive,Inactive,,,Missing or unavailable data
DTXSID4046573,Inconclusive,Inactive,,,Missing or unavailable data
DTXSID4046575,Inactive,Inactive,,,Missing or unavailable data
DTXSID4046577,Inactive,Inactive,,,Missing or unavailable data
DTXSID4046579,Inactive,Inactive,Inconclusive,Inconclusive,Missing or unavailable data
DTXSID4046600,Inconclusive,Inactive,Inconclusive,Inactive,Missing or unavailable data
DTXSID4046602,Inactive,Inactive,Inactive,Inactive,Inactive in both primary assays
DTXSID4046604,Inactive,Inactive,Inactive,Inactive,Inactive in both primary assays
DTXSID4046606,Active,Active,Active,Active,Possible BLA viability interference
DTXSID4046608,Inactive,Inactive,,,Missing or unavailable data
DTXSID4046652,Inactive,Inactive,Inconclusive,Inactive,Missing or unavailable data
DTXSID4046654,Inconclusive,Inactive,,,Missing or unavailable data
DTXSID4046656,Inactive,Inactive,,,Missing or unavailable data
DTXSID4046658,Active,Active,,,Possible BLA viability interference
DTXSID4046733,Inactive,Inactive,,,Missing or unavailable data
DTXSID4046735,Active,Inactive,,,Missing or unavailable data
DTXSID4046737,Inactive,Inconclusive,,,Missing or unavailable data
DTXSID4046739,Inactive,Inconclusive,Inconclusive,Inactive,Missing or unavailable data
DTXSID4046783,Inactive,Inactive,,,Missing or unavailable data
DTXSID4046785,Inactive,Inconclusive,,,Missing or unavailable data
DTXSID4046787,Active,Inactive,,,Missing or unavailable data
DTXSID4046810,Inactive,Inactive,Inactive,Inactive,Inactive in both primary assays
DTXSID4046812,Inactive,Inactive,,,Missing or unavailable data
DTXSID4046814,Inactive,Inconclusive,,,Missing or unavailable data
DTXSID4046816,Inactive,Inconclusive,,,Missing or unavailable data
DTXSID4046818,Inconclusive,Inconclusive,,,Missing or unavailable data
DTXSID4046862,Active,Inactive,,,Missing or unavailable data
DTXSID4046864,Inconclusive,Inactive,Inconclusive,Inactive,Missing or unavailable data
DTXSID4046866,Inconclusive,Inconclusive,,,Missing or unavailable data
DTXSID4046868,Inactive,Inactive,,,Missing or unavailable data
DTXSID4046949,Inconclusive,Inactive,Active,Inactive,Missing or unavailable data
DTXSID4046991,Inactive,Inactive,,,Missing or unavailable data
DTXSID4046999,Inactive,Inconclusive,Inactive,Inactive,Inactive in both primary assays
DTXSID4047040,Active,Inactive,Inactive,Inactive,BLA active only
DTXSID4047042,Inconclusive,Inconclusive,Inactive,Inactive,Missing or unavailable data
DTXSID4047044,Inconclusive,Inactive,Inactive,Inactive,Missing or unavailable data
DTXSID4047046,Inactive,Inactive,Inconclusive,Inactive,Missing or unavailable data
DTXSID4047090,Inactive,Inactive,Inactive,Inactive,Inactive in both primary assays
DTXSID4047092,Inconclusive,Inactive,Inactive,Inactive,Missing or unavailable data
DTXSID4047094,Inactive,Inactive,Inconclusive,Inactive,Missing or unavailable data
DTXSID4047096,Inconclusive,Inactive,Inactive,Inactive,Missing or unavailable data
DTXSID4047098,Inactive,Inactive,Inactive,Inactive,Inactive in both primary assays
DTXSID4047121,Inconclusive,Inactive,Inactive,Inactive,Missing or unavailable data
DTXSID4047123,Inactive,Inconclusive,Inconclusive,Inactive,Missing or unavailable data
DTXSID4047125,Inconclusive,Inconclusive,Inactive,Inactive,Missing or unavailable data
DTXSID4047127,Inconclusive,Inconclusive,Inactive,Inactive,Missing or unavailable data
DTXSID4047129,Inconclusive,Inactive,Inactive,Inactive,Missing or unavailable data
DTXSID4047173,Inconclusive,Inconclusive,Inconclusive,Inactive,Missing or unavailable data
DTXSID4047177,Inactive,Inconclusive,Inactive,Inactive,Inactive in both primary assays
DTXSID4047179,Inactive,Inconclusive,Inactive,Inactive,Inactive in both primary assays
DTXSID4047200,Inconclusive,Inconclusive,Inactive,Inactive,Missing or unavailable data
DTXSID4047202,Inactive,Inactive,Inactive,Inactive,Inactive in both primary assays
DTXSID4047206,Inactive,Inactive,Active,Inactive,MDA-kb2 active only
DTXSID4047252,Active,Inactive,Inactive,Inactive,BLA active only
DTXSID4047254,Active,Inactive,Active,Inactive,Both primary assays active - no viability interference detected
DTXSID4047258,Inconclusive,Inactive,Inconclusive,Inactive,Missing or unavailable data
DTXSID4047331,Inactive,Inactive,Inconclusive,Inactive,Missing or unavailable data
DTXSID4047333,Inactive,Inconclusive,Inconclusive,Inactive,Missing or unavailable data
DTXSID4047335,Inactive,Inactive,Inconclusive,Inactive,Missing or unavailable data
DTXSID4047337,Active,Active,Inactive,Inactive,Possible BLA viability interference
DTXSID4047339,Inactive,Inactive,Inactive,Inactive,Inactive in both primary assays
DTXSID4047381,Active,Active,Active,Active,Possible BLA viability interference
DTXSID4047383,Inactive,Inactive,Inconclusive,Inactive,Missing or unavailable data
DTXSID4047385,Inactive,Inactive,Inactive,Inactive,Inactive in both primary assays
DTXSID4047387,Active,Active,Active,Inactive,Possible BLA viability interference
DTXSID4047389,Active,Active,Active,Inactive,Possible BLA viability interference
DTXSID4047410,Active,Active,Inactive,Inactive,Possible BLA viability interference
DTXSID4047412,Active,Inactive,Inactive,Inactive,BLA active only
DTXSID4047414,Inactive,Inactive,Inactive,Inactive,Inactive in both primary assays
DTXSID4047416,Inactive,Inconclusive,Inconclusive,Inactive,Missing or unavailable data
DTXSID4047418,Inactive,Inconclusive,Inactive,Inactive,Inactive in both primary assays
DTXSID4047462,Inactive,Inactive,Inconclusive,Inactive,Missing or unavailable data
DTXSID4047464,Inconclusive,Inactive,Inconclusive,Inactive,Missing or unavailable data
DTXSID4047466,Inconclusive,Inconclusive,Inactive,Inactive,Missing or unavailable data
DTXSID4047468,Inactive,Inactive,Inactive,Inactive,Inactive in both primary assays
DTXSID4047543,Inactive,Inactive,Inactive,Inactive,Inactive in both primary assays
DTXSID4047545,Inactive,Inactive,Inactive,Inactive,Inactive in both primary assays
DTXSID4047547,Inactive,Inactive,Inactive,Inactive,Inactive in both primary assays
DTXSID4047549,Inconclusive,Inconclusive,Inactive,Inactive,Missing or unavailable data
DTXSID4047591,Inactive,Inactive,Inactive,Inactive,Inactive in both primary assays
DTXSID4047593,Inactive,Inactive,Inactive,Inactive,Inactive in both primary assays
DTXSID4047597,Inactive,Inactive,Inactive,Inactive,Inactive in both primary assays
DTXSID4047599,Inconclusive,Inactive,Inconclusive,Inactive,Missing or unavailable data
DTXSID4047620,,,Inconclusive,Inactive,Missing or unavailable data
DTXSID4047622,Inactive,Inactive,Inconclusive,Inactive,Missing or unavailable data
DTXSID4047624,Inconclusive,Inactive,Inconclusive,Inactive,Missing or unavailable data
DTXSID4047628,Inactive,Inactive,Inactive,Inactive,Inactive in both primary assays
DTXSID4047670,Inactive,Inactive,Inconclusive,Inactive,Missing or unavailable data
DTXSID4047672,Active,Inactive,Inactive,Inactive,BLA active only
DTXSID4047674,Inactive,Inactive,Inactive,Inactive,Inactive in both primary assays
DTXSID4047678,Inactive,Inactive,Inactive,Inactive,Inactive in both primary assays
DTXSID4047703,Inconclusive,Inactive,Inactive,Inactive,Missing or unavailable data
DTXSID4047705,Inactive,Inactive,Inactive,Inactive,Inactive in both primary assays
DTXSID4047707,Inconclusive,Inactive,Inconclusive,Inactive,Missing or unavailable data
DTXSID4047709,Active,Inactive,Inactive,Inactive,BLA active only
DTXSID4047838,Inactive,Inconclusive,Inconclusive,Inconclusive,Missing or unavailable data
DTXSID4047880,Active,Inconclusive,Active,Inactive,Missing or unavailable data
DTXSID4047882,Inactive,Inactive,Inactive,Inactive,Inactive in both primary assays
DTXSID4047884,Inconclusive,Inactive,Inconclusive,Inactive,Missing or unavailable data
DTXSID4047886,Active,Inconclusive,Inconclusive,Inactive,Missing or unavailable data
DTXSID4047888,Inconclusive,Inactive,Inconclusive,Inactive,Missing or unavailable data
DTXSID4047911,Inconclusive,Inactive,Inconclusive,Inactive,Missing or unavailable data
DTXSID4047913,Active,Active,Active,Active,Possible BLA viability interference
DTXSID4047915,Active,Active,Active,Active,Possible BLA viability interference
DTXSID4047917,Active,Active,Active,Active,Possible BLA viability interference
DTXSID4047919,Active,Active,Active,Active,Possible BLA viability interference
DTXSID4047961,Active,Inactive,Active,Inactive,Both primary assays active - no viability interference detected
DTXSID4047963,Active,Active,Active,Inactive,Possible BLA viability interference
DTXSID4047965,Inactive,Inconclusive,Inactive,Inactive,Inactive in both primary assays
DTXSID4047967,Inconclusive,Inactive,Inactive,Inactive,Missing or unavailable data
DTXSID4047969,Inactive,Inconclusive,Inactive,Inactive,Inactive in both primary assays
DTXSID4048191,Active,Active,Active,Inactive,Possible BLA viability interference
DTXSID4048193,Inconclusive,Inactive,Inconclusive,Inactive,Missing or unavailable data
DTXSID4048195,Active,Active,Inactive,Inactive,Possible BLA viability interference
DTXSID4048199,Inactive,Inactive,Inconclusive,Inactive,Missing or unavailable data
DTXSID4048270,Inconclusive,Inactive,,,Missing or unavailable data
DTXSID4048511,Active,Active,Active,Active,Possible BLA viability interference
DTXSID4048513,Active,Active,Active,Inactive,Possible BLA viability interference
DTXSID4048519,Active,Active,Active,Active,Possible BLA viability interference
DTXSID4048640,Inactive,Inactive,,,Missing or unavailable data
DTXSID4048642,Inactive,Inactive,,,Missing or unavailable data
DTXSID4048644,Inactive,Inactive,Inactive,Inactive,Inactive in both primary assays
DTXSID4048646,Inactive,Inactive,,,Missing or unavailable data
DTXSID4048648,Active,Inactive,,,Missing or unavailable data
DTXSID4048690,Active,Active,Active,Active,Possible BLA viability interference
DTXSID4048692,Active,Inconclusive,Inactive,Inactive,BLA active only
DTXSID4048694,Inactive,Inconclusive,Inactive,Inactive,Inactive in both primary assays
DTXSID4048696,Inactive,Inactive,Inactive,Inactive,Inactive in both primary assays
DTXSID4048698,Active,Active,Active,Active,Possible BLA viability interference
DTXSID4048721,Inactive,Inconclusive,Inconclusive,Inactive,Missing or unavailable data
DTXSID4048723,Inactive,Inactive,,,Missing or unavailable data
DTXSID4048725,Inconclusive,Inactive,Inactive,Inactive,Missing or unavailable data
DTXSID4048727,Active,Active,Active,Active,Possible BLA viability interference
DTXSID4048729,Inconclusive,Inactive,,,Missing or unavailable data
DTXSID4048771,Inconclusive,Inconclusive,,,Missing or unavailable data
DTXSID4048773,Inactive,Inactive,Inactive,Inactive,Inactive in both primary assays
DTXSID4048775,Inactive,Inactive,,,Missing or unavailable data
DTXSID4048777,Inactive,Inactive,Inactive,Inactive,Inactive in both primary assays
DTXSID4048779,Inactive,Inactive,,,Missing or unavailable data
DTXSID4048800,Inactive,Inactive,Inactive,Inactive,Inactive in both primary assays
DTXSID4048802,Inactive,Inactive,Inconclusive,Inactive,Missing or unavailable data
DTXSID4048804,Inactive,Inconclusive,Inactive,Inactive,Inactive in both primary assays
DTXSID4048806,Inactive,Inactive,Inactive,Inactive,Inactive in both primary assays
DTXSID4048808,Inactive,Inactive,Inactive,Inactive,Inactive in both primary assays
DTXSID4048850,Inactive,Inconclusive,Inactive,Inactive,Inactive in both primary assays
DTXSID4048852,Inconclusive,Inactive,Inconclusive,Inactive,Missing or unavailable data
DTXSID4048854,Inactive,Inactive,Inactive,Inactive,Inactive in both primary assays
DTXSID4048856,Inactive,Inactive,Active,Inactive,MDA-kb2 active only
DTXSID4048858,Inactive,Inconclusive,Inactive,Inactive,Inactive in both primary assays
DTXSID4048931,Inactive,Inactive,,,Missing or unavailable data
DTXSID4048933,Inactive,Inactive,Inactive,Inactive,Inactive in both primary assays
DTXSID4048935,Inconclusive,Inactive,Inactive,Inactive,Missing or unavailable data
DTXSID4048937,Inactive,Inactive,Inconclusive,Inactive,Missing or unavailable data
DTXSID4048939,Inactive,Inactive,,,Missing or unavailable data
DTXSID4048981,Inconclusive,Inactive,,,Missing or unavailable data
DTXSID4048983,Active,Active,Active,Active,Possible BLA viability interference
DTXSID4048985,Active,Inactive,,,Missing or unavailable data
DTXSID4048987,Inactive,Inactive,,,Missing or unavailable data
DTXSID4049030,Inactive,Inactive,,,Missing or unavailable data
DTXSID4049032,Inactive,Inactive,Inconclusive,Inactive,Missing or unavailable data
DTXSID4049034,Inconclusive,Inactive,Inconclusive,Inactive,Missing or unavailable data
DTXSID4049036,Inactive,Inactive,Inactive,Inactive,Inactive in both primary assays
DTXSID4049038,Inactive,Inconclusive,Inconclusive,Inactive,Missing or unavailable data
DTXSID4049080,Inactive,Inactive,Inconclusive,Inconclusive,Missing or unavailable data
DTXSID4049082,Active,Active,Inactive,Active,Possible BLA viability interference
DTXSID4049240,Inactive,Inactive,Inconclusive,Inactive,Missing or unavailable data
DTXSID4049242,Inactive,Inactive,Inconclusive,Inactive,Missing or unavailable data
DTXSID4049244,Inconclusive,Inactive,Active,Inactive,Missing or unavailable data
DTXSID4049246,Inactive,Inactive,Inconclusive,Inactive,Missing or unavailable data
DTXSID4049248,Inactive,Inactive,Inactive,Inactive,Inactive in both primary assays
DTXSID4049290,Active,Active,Active,Active,Possible BLA viability interference
DTXSID4049292,Inactive,Inactive,Inconclusive,Inactive,Missing or unavailable data
DTXSID4049294,Inactive,Inactive,Inconclusive,Inactive,Missing or unavailable data
DTXSID4049296,Inconclusive,Inactive,Active,Inactive,Missing or unavailable data
DTXSID4049298,Active,Active,Active,Active,Possible BLA viability interference
DTXSID4049321,Inactive,Inactive,Active,Inconclusive,MDA-kb2 active only
DTXSID4049323,Inactive,Inactive,Inconclusive,Inactive,Missing or unavailable data
DTXSID4049325,Inconclusive,Inconclusive,Inactive,Inactive,Missing or unavailable data
DTXSID4049327,Inactive,Inactive,Inactive,Inactive,Inactive in both primary assays
DTXSID4049329,Inactive,Inactive,Inconclusive,Inactive,Missing or unavailable data
DTXSID4049371,Inactive,Inconclusive,Inconclusive,Inactive,Missing or unavailable data
DTXSID4049373,Inactive,Inactive,Inconclusive,Inactive,Missing or unavailable data
DTXSID4049375,Inactive,Inconclusive,Inactive,Inactive,Inactive in both primary assays
DTXSID4049377,Inactive,Inconclusive,Inconclusive,Inactive,Missing or unavailable data
DTXSID4049379,Inactive,Inactive,Inactive,Inactive,Inactive in both primary assays
DTXSID4049400,Inactive,Inactive,Active,Inactive,MDA-kb2 active only
DTXSID4049402,Inconclusive,Inactive,Inactive,Inactive,Missing or unavailable data
DTXSID4049404,Inconclusive,Inactive,Inactive,Inactive,Missing or unavailable data
DTXSID4049406,Inactive,Inactive,Inconclusive,Inactive,Missing or unavailable data
DTXSID4049408,Inactive,Inactive,Inconclusive,Inactive,Missing or unavailable data
DTXSID4049450,Inactive,Inactive,Inactive,Inactive,Inactive in both primary assays
DTXSID4049452,Active,Inactive,Inconclusive,Inactive,Missing or unavailable data
DTXSID4049454,Inactive,Inactive,Inconclusive,Inactive,Missing or unavailable data
DTXSID4049456,Inactive,Inactive,Inconclusive,Inactive,Missing or unavailable data
DTXSID4049458,Inactive,Inactive,Inconclusive,Inactive,Missing or unavailable data
DTXSID4049531,Inactive,Inconclusive,Inactive,Inactive,Inactive in both primary assays
DTXSID4049533,Inactive,Inactive,Inactive,Inactive,Inactive in both primary assays
DTXSID4049535,Inactive,Inconclusive,Inactive,Inactive,Inactive in both primary assays
DTXSID4049537,Active,Inactive,Inconclusive,Inactive,Missing or unavailable data
DTXSID4049539,Active,Inconclusive,Inconclusive,Inactive,Missing or unavailable data
DTXSID4051536,,,Inconclusive,Inactive,Missing or unavailable data
DTXSID4051580,,,Inconclusive,Inactive,Missing or unavailable data
DTXSID4051586,,,Inactive,Inactive,Missing or unavailable data
DTXSID4051619,,,Inactive,Inconclusive,Missing or unavailable data
DTXSID4051900,,,Inactive,Inactive,Missing or unavailable data
DTXSID4052132,,,Inconclusive,Inactive,Missing or unavailable data
DTXSID4052186,,,Inactive,Inactive,Missing or unavailable data
DTXSID4052213,,,Inactive,Inactive,Missing or unavailable data
DTXSID4052267,,,Inconclusive,Inactive,Missing or unavailable data
DTXSID4052269,,,Inactive,Inconclusive,Missing or unavailable data
DTXSID4052342,,,Inconclusive,Inactive,Missing or unavailable data
DTXSID4052502,,,Active,Inactive,Missing or unavailable data
DTXSID4052506,,,Inconclusive,Inactive,Missing or unavailable data
DTXSID4052550,,,Inactive,Inactive,Missing or unavailable data
DTXSID4052554,,,Inconclusive,Inactive,Missing or unavailable data
DTXSID4057631,,,Inconclusive,Inconclusive,Missing or unavailable data
DTXSID4057633,,,Active,Inactive,Missing or unavailable data
DTXSID4057635,,,Inconclusive,Inactive,Missing or unavailable data
DTXSID4057637,,,Inactive,Inactive,Missing or unavailable data
DTXSID4057639,,,Inactive,Inactive,Missing or unavailable data
DTXSID4057681,,,Active,Active,Possible MDA-kb2 viability interference
DTXSID4057683,,,Inconclusive,Inactive,Missing or unavailable data
DTXSID4057685,,,Active,Inactive,Missing or unavailable data
DTXSID4057687,,,Inconclusive,Inactive,Missing or unavailable data
DTXSID4057689,,,Active,Inactive,Missing or unavailable data
DTXSID4057710,,,Inactive,Inactive,Missing or unavailable data
DTXSID4057712,,,Inactive,Inactive,Missing or unavailable data
DTXSID4057714,,,Active,Inactive,Missing or unavailable data
DTXSID4057716,,,Inconclusive,Inactive,Missing or unavailable data
DTXSID4057718,,,Inconclusive,Inactive,Missing or unavailable data
DTXSID4057760,,,Inactive,Inactive,Missing or unavailable data
DTXSID4057762,,,Inconclusive,Inactive,Missing or unavailable data
DTXSID4057764,,,Inactive,Inactive,Missing or unavailable data
DTXSID4057766,,,Active,Active,Possible MDA-kb2 viability interference
DTXSID4057768,,,Inactive,Inactive,Missing or unavailable data
DTXSID4057841,,,Inactive,Inactive,Missing or unavailable data
DTXSID4057843,,,Inactive,Inactive,Missing or unavailable data
DTXSID4057845,,,Inconclusive,Inactive,Missing or unavailable data
DTXSID4057847,,,Inactive,Inactive,Missing or unavailable data
DTXSID4057849,,,Active,Active,Possible MDA-kb2 viability interference
DTXSID4058655,,,Active,Inactive,Missing or unavailable data
DTXSID5020021,Inconclusive,Inactive,Inactive,Inactive,Missing or unavailable data
DTXSID5020023,Inconclusive,Inactive,Inactive,Inactive,Missing or unavailable data
DTXSID5020027,Inconclusive,Inconclusive,Inconclusive,Inactive,Missing or unavailable data
DTXSID5020029,Inconclusive,Inconclusive,Inconclusive,Inactive,Missing or unavailable data
DTXSID5020071,Inactive,Inactive,Active,Inactive,MDA-kb2 active only
DTXSID5020079,Inactive,Inactive,Inconclusive,Inactive,Missing or unavailable data
DTXSID5020106,Inconclusive,Inactive,Inactive,Inactive,Missing or unavailable data
DTXSID5020108,Inconclusive,Inconclusive,Inconclusive,Inconclusive,Missing or unavailable data
DTXSID5020152,Inconclusive,Inactive,Inconclusive,Inactive,Missing or unavailable data
DTXSID5020154,Active,Active,Inconclusive,Inactive,Possible BLA viability interference
DTXSID5020156,Inactive,Inactive,Inactive,Inactive,Inactive in both primary assays
DTXSID5020231,Inactive,Inactive,Inconclusive,Inactive,Missing or unavailable data
DTXSID5020233,Inactive,Inactive,Inactive,Inactive,Inactive in both primary assays
DTXSID5020235,Inactive,Inactive,Inactive,Inactive,Inactive in both primary assays
DTXSID5020239,Active,Active,Active,Inactive,Possible BLA viability interference
DTXSID5020281,Inconclusive,Inactive,Inactive,Inactive,Missing or unavailable data
DTXSID5020283,Inactive,Inactive,Inconclusive,Inactive,Missing or unavailable data
DTXSID5020287,Inactive,Inactive,Inactive,Inactive,Inactive in both primary assays
DTXSID5020310,Active,Inactive,Active,Inconclusive,Missing or unavailable data
DTXSID5020312,Active,Inactive,Active,Active,Possible MDA-kb2 viability interference
DTXSID5020314,Inconclusive,Inconclusive,Active,Inactive,Missing or unavailable data
DTXSID5020360,Inconclusive,Inactive,Inconclusive,Inactive,Missing or unavailable data
DTXSID5020366,Active,Inactive,Active,Inactive,Both primary assays active - no viability interference detected
DTXSID5020368,Active,Active,Active,Inactive,Possible BLA viability interference
DTXSID5020441,Inconclusive,Inconclusive,Inactive,Inconclusive,Missing or unavailable data
DTXSID5020443,Inconclusive,Inconclusive,Inactive,Inactive,Missing or unavailable data
DTXSID5020445,Inactive,Inactive,Inconclusive,Inactive,Missing or unavailable data
DTXSID5020447,Active,Inactive,Active,Inactive,Both primary assays active - no viability interference detected
DTXSID5020449,Active,Inactive,Inconclusive,Inactive,Missing or unavailable data
DTXSID5020491,Inactive,Inactive,Inconclusive,Active,Missing or unavailable data
DTXSID5020493,Inconclusive,Inconclusive,Inactive,Inactive,Missing or unavailable data
DTXSID5020497,Inconclusive,Inactive,Inconclusive,Inactive,Missing or unavailable data
DTXSID5020499,Inactive,Inconclusive,Inactive,Inactive,Inactive in both primary assays
DTXSID5020520,Inactive,Inactive,Inconclusive,Inactive,Missing or unavailable data
DTXSID5020528,Inconclusive,Inactive,Inactive,Inactive,Missing or unavailable data
DTXSID5020570,Inconclusive,Inconclusive,Inconclusive,Inactive,Missing or unavailable data
DTXSID5020572,Inactive,Inactive,,,Missing or unavailable data
DTXSID5020576,Active,Inactive,Active,Inactive,Both primary assays active - no viability interference detected
DTXSID5020601,Inactive,Inconclusive,Inactive,Inactive,Inactive in both primary assays
DTXSID5020603,Inactive,Inactive,Inactive,Inactive,Inactive in both primary assays
DTXSID5020605,Inactive,Inconclusive,Inactive,Inconclusive,Inactive in both primary assays
DTXSID5020607,Inactive,Inactive,Inactive,Inactive,Inactive in both primary assays
DTXSID5020653,Active,Active,Active,Active,Possible BLA viability interference
DTXSID5020659,Inconclusive,Inconclusive,,,Missing or unavailable data
DTXSID5020730,Active,Active,Active,Active,Possible BLA viability interference
DTXSID5020732,Inactive,Inactive,Inactive,Inconclusive,Inactive in both primary assays
DTXSID5020738,Inactive,Inactive,Inactive,Inactive,Inactive in both primary assays
DTXSID5020782,Inactive,Inactive,Inactive,Inactive,Inactive in both primary assays
DTXSID5020784,Active,Inactive,Inconclusive,Inactive,Missing or unavailable data
DTXSID5020811,Active,Active,Active,Active,Possible BLA viability interference
DTXSID5020813,Inconclusive,Inactive,Active,Active,Possible MDA-kb2 viability interference
DTXSID5020815,Inactive,Inactive,Inactive,Inactive,Inactive in both primary assays
DTXSID5020819,Inactive,Inactive,Active,Inactive,MDA-kb2 active only
DTXSID5020861,Active,Inactive,Active,Inactive,Both primary assays active - no viability interference detected
DTXSID5020863,Inconclusive,Inconclusive,Inactive,Inactive,Missing or unavailable data
DTXSID5020865,Active,Inactive,Active,Inactive,Both primary assays active - no viability interference detected
DTXSID5020867,Active,Inactive,Active,Inactive,Both primary assays active - no viability interference detected
DTXSID5020869,Inactive,Inactive,Active,Inactive,MDA-kb2 active only
DTXSID5020944,Inactive,Inactive,Inactive,Inactive,Inactive in both primary assays
DTXSID5020946,Active,Active,Active,Active,Possible BLA viability interference
DTXSID5020948,Inactive,Inactive,Active,Active,Possible MDA-kb2 viability interference
DTXSID5021093,Inconclusive,Inactive,Inactive,Inactive,Missing or unavailable data
DTXSID5021097,Inconclusive,Inactive,Inactive,Inactive,Missing or unavailable data
DTXSID5021120,Inactive,Inactive,Active,Inactive,MDA-kb2 active only
DTXSID5021122,Inactive,Inactive,Inactive,Inactive,Inactive in both primary assays
DTXSID5021124,Inactive,Inactive,Inconclusive,Inactive,Missing or unavailable data
DTXSID5021126,Inactive,Inactive,Active,Inactive,MDA-kb2 active only
DTXSID5021128,Inconclusive,Inactive,Inactive,Inactive,Missing or unavailable data
DTXSID5021170,Inconclusive,Inactive,Inconclusive,Inactive,Missing or unavailable data
DTXSID5021174,Inactive,Inactive,Inactive,Inactive,Inactive in both primary assays
DTXSID5021201,Inconclusive,Inactive,Inactive,Inactive,Missing or unavailable data
DTXSID5021209,Inactive,Inactive,Inactive,Inactive,Inactive in both primary assays
DTXSID5021251,Inactive,Inactive,Inactive,Inconclusive,Inactive in both primary assays
DTXSID5021253,Inactive,Inactive,Inactive,Inactive,Inactive in both primary assays
DTXSID5021255,Inactive,Inconclusive,Inactive,Inactive,Inactive in both primary assays
DTXSID5021330,Inactive,Inactive,Inactive,Inactive,Inactive in both primary assays
DTXSID5021332,Active,Active,Active,Active,Possible BLA viability interference
DTXSID5021334,Inactive,Inconclusive,Inactive,Inactive,Inactive in both primary assays
DTXSID5021336,Inactive,Inconclusive,Inconclusive,Inactive,Missing or unavailable data
DTXSID5021338,Inconclusive,Inactive,Inactive,Inactive,Missing or unavailable data
DTXSID5021380,Inactive,Inactive,Inactive,Inactive,Inactive in both primary assays
DTXSID5021384,Inconclusive,Inactive,Inconclusive,Inactive,Missing or unavailable data
DTXSID5021386,Inactive,Inactive,Inconclusive,Inactive,Missing or unavailable data
DTXSID5021388,Inactive,Inactive,Inactive,Inactive,Inactive in both primary assays
DTXSID5021411,Inactive,Inactive,Inactive,Inactive,Inactive in both primary assays
DTXSID5021413,Active,Active,Active,Active,Possible BLA viability interference
DTXSID5021415,Inconclusive,Inconclusive,Inactive,Inactive,Missing or unavailable data
DTXSID5021419,Inconclusive,Inactive,Inactive,Inactive,Missing or unavailable data
DTXSID5021461,Inactive,Inactive,Inconclusive,Inconclusive,Missing or unavailable data
DTXSID5021463,Active,Active,Active,Inactive,Possible BLA viability interference
DTXSID5021544,Inactive,Inconclusive,Inactive,Inactive,Inactive in both primary assays
DTXSID5021546,Inconclusive,Inactive,Inconclusive,Inactive,Missing or unavailable data
DTXSID5021590,Active,Inactive,Inactive,Inactive,BLA active only
DTXSID5021598,Inactive,Inactive,Inconclusive,Inactive,Missing or unavailable data
DTXSID5021621,Inactive,Inactive,Inconclusive,Inconclusive,Missing or unavailable data
DTXSID5021627,Inactive,Inconclusive,Inactive,Inconclusive,Inactive in both primary assays
DTXSID5021629,Inactive,Inactive,Inactive,Inactive,Inactive in both primary assays
DTXSID5021671,Inactive,Inactive,Inactive,Inactive,Inactive in both primary assays
DTXSID5021679,Active,Active,Active,Active,Possible BLA viability interference
DTXSID5021708,Inactive,Inconclusive,Inconclusive,Inactive,Missing or unavailable data
DTXSID5021752,Inactive,Inactive,Inconclusive,Inactive,Missing or unavailable data
DTXSID5021754,Inconclusive,Inconclusive,Inconclusive,Inactive,Missing or unavailable data
DTXSID5021756,Inactive,Inactive,,,Missing or unavailable data
DTXSID5021758,Active,Inactive,Inactive,Inactive,BLA active only
DTXSID5021831,Inactive,Inconclusive,Inconclusive,Inactive,Missing or unavailable data
DTXSID5021835,Inactive,Inactive,Inactive,Inactive,Inactive in both primary assays
DTXSID5021837,Inactive,Inactive,Inactive,Inactive,Inactive in both primary assays
DTXSID5021839,Inconclusive,Inconclusive,Inconclusive,Inactive,Missing or unavailable data
DTXSID5021881,Inactive,Inactive,Inconclusive,Inactive,Missing or unavailable data
DTXSID5021883,Inactive,Inactive,Inconclusive,Inactive,Missing or unavailable data
DTXSID5021885,Inactive,Inactive,Inconclusive,Inactive,Missing or unavailable data
DTXSID5021889,Inconclusive,Inconclusive,Inconclusive,Inactive,Missing or unavailable data
DTXSID5021910,,,Inactive,Inactive,Missing or unavailable data
DTXSID5021914,Inactive,Inactive,Inconclusive,Inactive,Missing or unavailable data
DTXSID5021916,Inconclusive,Inconclusive,Inactive,Inactive,Missing or unavailable data
DTXSID5021962,Inactive,Inconclusive,Inconclusive,Inactive,Missing or unavailable data
DTXSID5021968,Inactive,Inactive,Inactive,Inactive,Inactive in both primary assays
DTXSID5022061,Inactive,Inactive,Inconclusive,Inactive,Missing or unavailable data
DTXSID5022194,Inconclusive,Inconclusive,Inconclusive,Inactive,Missing or unavailable data
DTXSID5022198,,,Inactive,Inactive,Missing or unavailable data
DTXSID5022227,Inactive,Inconclusive,Inactive,Inactive,Inactive in both primary assays
DTXSID5022271,,,Active,Inactive,Missing or unavailable data
DTXSID5022279,Inactive,Inconclusive,Inconclusive,Inactive,Missing or unavailable data
DTXSID5022306,Inactive,Inactive,Inactive,Inactive,Inactive in both primary assays
DTXSID5022308,Inactive,Inconclusive,Inconclusive,Inactive,Missing or unavailable data
DTXSID5022437,Active,Inactive,Active,Inactive,Both primary assays active - no viability interference detected
DTXSID5022439,Inactive,Inconclusive,Inactive,Inactive,Inactive in both primary assays
DTXSID5022481,Inactive,Inactive,,,Missing or unavailable data
DTXSID5022485,Active,Inactive,Active,Inactive,Both primary assays active - no viability interference detected
DTXSID5022489,Inactive,Inconclusive,Inactive,Inactive,Inactive in both primary assays
DTXSID5022510,Inconclusive,Inactive,Inactive,Inactive,Missing or unavailable data
DTXSID5022560,Inactive,Inactive,Inconclusive,Inactive,Missing or unavailable data
DTXSID5022562,Inactive,Inconclusive,,,Missing or unavailable data
DTXSID5022641,Inconclusive,Inconclusive,Inconclusive,Inactive,Missing or unavailable data
DTXSID5022643,Inactive,Inactive,Inactive,Inactive,Inactive in both primary assays
DTXSID5022647,Inactive,Inconclusive,Inactive,Inactive,Inactive in both primary assays
DTXSID5022649,Inactive,Inactive,Inconclusive,Inactive,Missing or unavailable data
DTXSID5022699,Inconclusive,Inactive,Inactive,Inactive,Missing or unavailable data
DTXSID5022722,Active,Inactive,,,Missing or unavailable data
DTXSID5022724,Inactive,Inactive,Active,Inactive,MDA-kb2 active only
DTXSID5022774,Inconclusive,Inactive,Inactive,Inactive,Missing or unavailable data
DTXSID5022801,Active,Active,Active,Active,Possible BLA viability interference
DTXSID5022803,Inconclusive,Inactive,,,Missing or unavailable data
DTXSID5022851,Active,Inactive,Inactive,Inactive,BLA active only
DTXSID5022855,Active,Inactive,Active,Inactive,Both primary assays active - no viability interference detected
DTXSID5022857,Active,Inactive,Inactive,Inconclusive,BLA active only
DTXSID5022932,Inactive,Inactive,Inconclusive,Inactive,Missing or unavailable data
DTXSID5022934,Active,Active,Inconclusive,Inactive,Possible BLA viability interference
DTXSID5022938,Inactive,Inactive,,,Missing or unavailable data
DTXSID5022980,Active,Active,Active,Active,Possible BLA viability interference
DTXSID5022982,Inconclusive,Inconclusive,Inconclusive,Inactive,Missing or unavailable data
DTXSID5022984,Inconclusive,Inactive,Inconclusive,Inactive,Missing or unavailable data
DTXSID5022986,Inconclusive,Inactive,Inactive,Inactive,Missing or unavailable data
DTXSID5023031,Inactive,Inactive,Inactive,Inactive,Inactive in both primary assays
DTXSID5023033,Inactive,Inactive,Inconclusive,Inactive,Missing or unavailable data
DTXSID5023035,Active,Inactive,Active,Inactive,Both primary assays active - no viability interference detected
DTXSID5023037,Inconclusive,Inactive,Inconclusive,Inactive,Missing or unavailable data
DTXSID5023039,Inactive,Inactive,Inconclusive,Inactive,Missing or unavailable data
DTXSID5023081,Inactive,Inactive,Inconclusive,Inactive,Missing or unavailable data
DTXSID5023085,Inactive,Inactive,,,Missing or unavailable data
DTXSID5023089,Inactive,Inactive,Inactive,Inactive,Inactive in both primary assays
DTXSID5023110,Active,Active,Active,Active,Possible BLA viability interference
DTXSID5023114,Inconclusive,Inactive,Inconclusive,Inactive,Missing or unavailable data
DTXSID5023166,Inconclusive,Inactive,,,Missing or unavailable data
DTXSID5023243,Inconclusive,Inactive,Inconclusive,Inconclusive,Missing or unavailable data
DTXSID5023247,Inactive,Inactive,Active,Active,Possible MDA-kb2 viability interference
DTXSID5023293,Inactive,Inactive,Inactive,Inactive,Inactive in both primary assays
DTXSID5023295,Inactive,Inactive,Inconclusive,Inactive,Missing or unavailable data
DTXSID5023322,Active,Inactive,Active,Inactive,Both primary assays active - no viability interference detected
DTXSID5023324,Inconclusive,Inactive,Inconclusive,Inactive,Missing or unavailable data
DTXSID5023370,Active,Inactive,Inactive,Inactive,BLA active only
DTXSID5023372,Inactive,Inactive,Active,Inconclusive,MDA-kb2 active only
DTXSID5023376,Inconclusive,Inconclusive,Inactive,Inactive,Missing or unavailable data
DTXSID5023378,Inactive,Inactive,Inactive,Inactive,Inactive in both primary assays
DTXSID5023453,Inconclusive,Inactive,Inconclusive,Inactive,Missing or unavailable data
DTXSID5023532,Active,Active,Inactive,Inactive,Possible BLA viability interference
DTXSID5023536,Inactive,Inactive,Inconclusive,Inactive,Missing or unavailable data
DTXSID5023582,Active,Inactive,,,Missing or unavailable data
DTXSID5023584,Inactive,Inconclusive,,,Missing or unavailable data
DTXSID5023586,Inactive,Inactive,Inactive,Inactive,Inactive in both primary assays
DTXSID5023588,Inconclusive,Inactive,Inconclusive,Inactive,Missing or unavailable data
DTXSID5023611,Inactive,Inactive,Inconclusive,Inactive,Missing or unavailable data
DTXSID5023613,Inactive,Inconclusive,Inconclusive,Inactive,Missing or unavailable data
DTXSID5023615,Inconclusive,Inactive,Inactive,Inactive,Missing or unavailable data
DTXSID5023661,Inactive,Inconclusive,,,Missing or unavailable data
DTXSID5023665,Inactive,Inactive,Inconclusive,Inactive,Missing or unavailable data
DTXSID5023667,Active,Inactive,Inconclusive,Inactive,Missing or unavailable data
DTXSID5023669,Inactive,Inactive,Active,Inactive,MDA-kb2 active only
DTXSID5023740,Active,Inactive,Active,Inactive,Both primary assays active - no viability interference detected
DTXSID5023742,Inconclusive,Inconclusive,Inactive,Inactive,Missing or unavailable data
DTXSID5023744,Inactive,Inactive,Inconclusive,Inactive,Missing or unavailable data
DTXSID5023746,Active,Inactive,Inactive,Inactive,BLA active only
DTXSID5023748,Inactive,Inactive,Inactive,Inactive,Inactive in both primary assays
DTXSID5023792,Inactive,Inconclusive,Inconclusive,Inactive,Missing or unavailable data
DTXSID5023794,Active,Inactive,Inconclusive,Inactive,Missing or unavailable data
DTXSID5023796,Active,Inactive,Active,Inconclusive,Missing or unavailable data
DTXSID5023825,Inactive,Inconclusive,Inactive,Inactive,Inactive in both primary assays
DTXSID5023871,Inconclusive,Inconclusive,Inactive,Inactive,Missing or unavailable data
DTXSID5023875,Inconclusive,Inconclusive,Inconclusive,Inactive,Missing or unavailable data
DTXSID5023877,Inactive,Inconclusive,Inactive,Inactive,Inactive in both primary assays
DTXSID5023900,Inactive,Inactive,Inactive,Inactive,Inactive in both primary assays
DTXSID5023902,Inconclusive,Inactive,Inactive,Inactive,Missing or unavailable data
DTXSID5023908,Inconclusive,Inconclusive,Inconclusive,Inconclusive,Missing or unavailable data
DTXSID5023950,Active,Inactive,Inactive,Inactive,BLA active only
DTXSID5023954,Active,Active,Active,Inactive,Possible BLA viability interference
DTXSID5024001,Inconclusive,Inconclusive,Inconclusive,Inactive,Missing or unavailable data
DTXSID5024051,Inactive,Inconclusive,Inactive,Inactive,Inactive in both primary assays
DTXSID5024055,Inconclusive,Inactive,Inactive,Inactive,Missing or unavailable data
DTXSID5024057,Inconclusive,Inconclusive,Inactive,Inactive,Missing or unavailable data
DTXSID5024059,Inactive,Inactive,Active,Inactive,MDA-kb2 active only
DTXSID5024134,,,Active,Inactive,Missing or unavailable data
DTXSID5024182,Inconclusive,Inconclusive,Inactive,Inactive,Missing or unavailable data
DTXSID5024211,Active,Inactive,Active,Inactive,Both primary assays active - no viability interference detected
DTXSID5024261,Inconclusive,Inactive,Inactive,Inactive,Missing or unavailable data
DTXSID5024263,Inconclusive,Inconclusive,Inactive,Inactive,Missing or unavailable data
DTXSID5024269,Active,Active,Active,Active,Possible BLA viability interference
DTXSID5024344,Inactive,Inactive,Inactive,Inactive,Inactive in both primary assays
DTXSID5024346,Inactive,Inactive,Inactive,Inactive,Inactive in both primary assays
DTXSID5024392,Inactive,Inactive,Inactive,Inactive,Inactive in both primary assays
DTXSID5024394,Inactive,Inactive,Inconclusive,Inactive,Missing or unavailable data
DTXSID5024471,Active,Inactive,Active,Active,Possible MDA-kb2 viability interference
DTXSID5024473,Active,Inconclusive,Active,Inactive,Missing or unavailable data
DTXSID5024479,Active,Active,Inactive,Active,Possible BLA viability interference
DTXSID5024500,Inactive,Inconclusive,Inactive,Inactive,Inactive in both primary assays
DTXSID5024504,Inconclusive,Inconclusive,Inconclusive,Inactive,Missing or unavailable data
DTXSID5024506,Inconclusive,Inconclusive,Inactive,Inactive,Missing or unavailable data
DTXSID5024508,Inactive,Inactive,Inactive,Inactive,Inactive in both primary assays
DTXSID5024554,Inconclusive,Inactive,Inconclusive,Inactive,Missing or unavailable data
DTXSID5024637,Inactive,Inconclusive,Inconclusive,Inactive,Missing or unavailable data
DTXSID5024639,Inactive,Inactive,Inactive,Inactive,Inactive in both primary assays
DTXSID5024681,Inactive,Inconclusive,Inactive,Inactive,Inactive in both primary assays
DTXSID5024683,Inactive,Inactive,Inactive,Inactive,Inactive in both primary assays
DTXSID5024687,Active,Inactive,Active,Inconclusive,Missing or unavailable data
DTXSID5024710,Inactive,Inactive,Inactive,Inactive,Inactive in both primary assays
DTXSID5024764,Inconclusive,Inconclusive,Inactive,Inactive,Missing or unavailable data
DTXSID5024845,Active,Inactive,Inconclusive,Inactive,Missing or unavailable data
DTXSID5024891,Active,Inactive,Inactive,Inconclusive,BLA active only
DTXSID5024922,Inactive,Inactive,Inactive,Inactive,Inactive in both primary assays
DTXSID5024926,Inactive,Inconclusive,Inconclusive,Inactive,Missing or unavailable data
DTXSID5024970,Inactive,Inactive,Inactive,Inactive,Inactive in both primary assays
DTXSID5024976,Inactive,Inconclusive,Inactive,Inactive,Inactive in both primary assays
DTXSID5024978,Inactive,Inconclusive,Inactive,Inactive,Inactive in both primary assays
DTXSID5025021,Active,Active,Active,Inactive,Possible BLA viability interference
DTXSID5025023,Inactive,Inactive,Inactive,Inactive,Inactive in both primary assays
DTXSID5025071,Inactive,Inactive,Inactive,Inactive,Inactive in both primary assays
DTXSID5025079,Inconclusive,Inactive,Inactive,Inactive,Missing or unavailable data
DTXSID5025100,Inactive,Inactive,Inactive,Inactive,Inactive in both primary assays
DTXSID5025102,Inactive,Inactive,Inconclusive,Inactive,Missing or unavailable data
DTXSID5025150,Inactive,Inconclusive,Inactive,Inactive,Inactive in both primary assays
DTXSID5025152,Inactive,Inactive,Inconclusive,Inconclusive,Missing or unavailable data
DTXSID5025156,Inactive,Inactive,Inconclusive,Inactive,Missing or unavailable data
DTXSID5025231,Inactive,Active,Inactive,Inactive,Inactive in both primary assays
DTXSID5025237,Inactive,Inconclusive,Inactive,Inactive,Inactive in both primary assays
DTXSID5025285,Inconclusive,Inconclusive,Inconclusive,Inactive,Missing or unavailable data
DTXSID5025310,Inactive,Inconclusive,Inactive,Inactive,Inactive in both primary assays
DTXSID5025312,Inactive,Inactive,Inactive,Inconclusive,Inactive in both primary assays
DTXSID5025318,Inactive,Inactive,Inactive,Inactive,Inactive in both primary assays
DTXSID5025364,Inactive,Inconclusive,Inactive,Inactive,Inactive in both primary assays
DTXSID5025447,Inactive,Inactive,Inconclusive,Inactive,Missing or unavailable data
DTXSID5025449,Inactive,Inactive,Inconclusive,Inactive,Missing or unavailable data
DTXSID5025491,Inactive,Inactive,,,Missing or unavailable data
DTXSID5025570,Inactive,Inconclusive,Inconclusive,Inactive,Missing or unavailable data
DTXSID5025572,Inactive,Inactive,Inconclusive,Inactive,Missing or unavailable data
DTXSID5025574,Inactive,Inactive,Inactive,Inactive,Inactive in both primary assays
DTXSID5025578,,,Inactive,Inactive,Missing or unavailable data
DTXSID5025603,Inconclusive,Inactive,Inconclusive,Inactive,Missing or unavailable data
DTXSID5025607,Inactive,Inactive,Inactive,Inactive,Inactive in both primary assays
DTXSID5025609,Inactive,Inconclusive,Inactive,Inactive,Inactive in both primary assays
DTXSID5025653,Inconclusive,Inactive,Inconclusive,Inactive,Missing or unavailable data
DTXSID5025657,Inactive,Inconclusive,Inconclusive,Inactive,Missing or unavailable data
DTXSID5025659,Inactive,Inconclusive,Inactive,Inactive,Inactive in both primary assays
DTXSID5025730,Inactive,Inactive,Active,Inactive,MDA-kb2 active only
DTXSID5025732,Inconclusive,Inactive,Inactive,Inactive,Missing or unavailable data
DTXSID5025738,Inactive,Inactive,Inconclusive,Inactive,Missing or unavailable data
DTXSID5025811,Inconclusive,Inactive,Inactive,Inactive,Missing or unavailable data
DTXSID5025815,Inconclusive,Inactive,Inactive,Inactive,Missing or unavailable data
DTXSID5025819,Inactive,Inconclusive,Inconclusive,Inactive,Missing or unavailable data
DTXSID5025861,Active,Active,Inconclusive,Inactive,Possible BLA viability interference
DTXSID5025863,Inactive,Inconclusive,Inactive,Inconclusive,Inactive in both primary assays
DTXSID5025948,Active,Active,Active,Inactive,Possible BLA viability interference
DTXSID5025998,Active,Active,Active,Active,Possible BLA viability interference
DTXSID5026049,Inactive,Inactive,Inactive,Inactive,Inactive in both primary assays
DTXSID5026091,Inconclusive,Inactive,Inconclusive,Inactive,Missing or unavailable data
DTXSID5026097,Inactive,Inactive,Active,Active,Possible MDA-kb2 viability interference
DTXSID5026120,Active,Inactive,Active,Inactive,Both primary assays active - no viability interference detected
DTXSID5026122,Inactive,Inactive,Inconclusive,Inactive,Missing or unavailable data
DTXSID5026124,Inconclusive,Inactive,Inactive,Inactive,Missing or unavailable data
DTXSID5026174,Inactive,Inconclusive,Inactive,Inactive,Inactive in both primary assays
DTXSID5026178,Inconclusive,Inactive,Inactive,Inactive,Missing or unavailable data
DTXSID5026203,Inactive,Inactive,Active,Inactive,MDA-kb2 active only
DTXSID5026205,Inactive,Inconclusive,Active,Active,Possible MDA-kb2 viability interference
DTXSID5026207,Active,Active,Active,Inactive,Possible BLA viability interference
DTXSID5026209,Inactive,Inactive,Inconclusive,Inactive,Missing or unavailable data
DTXSID5026251,Inactive,Inactive,Active,Inactive,MDA-kb2 active only
DTXSID5026259,Inactive,Inactive,Inactive,Inactive,Inactive in both primary assays
DTXSID5026461,Inactive,Inactive,Inactive,Inactive,Inactive in both primary assays
DTXSID5026544,Inactive,Inactive,Inconclusive,Inactive,Missing or unavailable data
DTXSID5026548,Inactive,Inactive,Inactive,Inactive,Inactive in both primary assays
DTXSID5026623,Inactive,Inactive,Inactive,Inconclusive,Inactive in both primary assays
DTXSID5026625,Inactive,Inconclusive,Inconclusive,Inactive,Missing or unavailable data
DTXSID5026702,Inactive,Inactive,Inconclusive,Inactive,Missing or unavailable data
DTXSID5026706,Inactive,Inactive,Inconclusive,Inactive,Missing or unavailable data
DTXSID5026837,Inactive,Inactive,Inactive,Inactive,Inactive in both primary assays
DTXSID5026881,Inactive,Inactive,,,Missing or unavailable data
DTXSID5026889,Inconclusive,Inactive,Inactive,Inactive,Missing or unavailable data
DTXSID5026912,Inactive,Inconclusive,Inconclusive,Inactive,Missing or unavailable data
DTXSID5026914,Inactive,Inconclusive,Inconclusive,Inactive,Missing or unavailable data
DTXSID5026918,Inactive,Inactive,Inactive,Inactive,Inactive in both primary assays
DTXSID5027019,Inactive,Inconclusive,Inconclusive,Inactive,Missing or unavailable data
DTXSID5027061,Active,Active,Active,Inactive,Possible BLA viability interference
DTXSID5027063,Inactive,Inactive,Inactive,Inactive,Inactive in both primary assays
DTXSID5027069,Inactive,Inconclusive,Inconclusive,Inactive,Missing or unavailable data
DTXSID5027142,Inactive,Inactive,Inactive,Inactive,Inactive in both primary assays
DTXSID5027146,Inactive,Active,Inconclusive,Inactive,Missing or unavailable data
DTXSID5027148,Inconclusive,Inconclusive,Inconclusive,Inactive,Missing or unavailable data
DTXSID5027198,Inactive,Inactive,Inactive,Inactive,Inactive in both primary assays
DTXSID5027223,Inactive,Inactive,Inactive,Inactive,Inactive in both primary assays
DTXSID5027227,Inactive,Inactive,Inconclusive,Inactive,Missing or unavailable data
DTXSID5027229,Inconclusive,Inactive,Inactive,Inconclusive,Missing or unavailable data
DTXSID5027279,Inconclusive,Inconclusive,Inactive,Inactive,Missing or unavailable data
DTXSID5027300,Inactive,Inactive,Inconclusive,Inactive,Missing or unavailable data
DTXSID5027302,Inactive,Inconclusive,Inactive,Inactive,Inactive in both primary assays
DTXSID5027304,Active,Active,Active,Inactive,Possible BLA viability interference
DTXSID5027308,Inconclusive,Inconclusive,Inactive,Inactive,Missing or unavailable data
DTXSID5027352,Inactive,Inconclusive,Inconclusive,Inactive,Missing or unavailable data
DTXSID5027356,Inactive,Inconclusive,Inconclusive,Inactive,Missing or unavailable data
DTXSID5027358,Inactive,Inconclusive,Inactive,Inactive,Inactive in both primary assays
DTXSID5027433,Inactive,Inconclusive,Inactive,Inactive,Inactive in both primary assays
DTXSID5027487,Inactive,Inactive,Inactive,Inactive,Inactive in both primary assays
DTXSID5027489,Inconclusive,Inconclusive,Inconclusive,Inactive,Missing or unavailable data
DTXSID5027512,Inactive,Inactive,Inactive,Inactive,Inactive in both primary assays
DTXSID5027518,Inactive,Inconclusive,Inactive,Inactive,Inactive in both primary assays
DTXSID5027641,Inconclusive,Inconclusive,Inconclusive,Inactive,Missing or unavailable data
DTXSID5027647,Inactive,Inactive,Inconclusive,Inactive,Missing or unavailable data
DTXSID5027728,Inactive,Inactive,Inconclusive,Inactive,Missing or unavailable data
DTXSID5027770,Inconclusive,Inactive,Inconclusive,Inactive,Missing or unavailable data
DTXSID5027772,Inactive,Inactive,Inactive,Inactive,Inactive in both primary assays
DTXSID5027774,Inconclusive,Inconclusive,Inactive,Inactive,Missing or unavailable data
DTXSID5027803,Inactive,Inactive,Inactive,Inactive,Inactive in both primary assays
DTXSID5027805,Inconclusive,Inactive,Inconclusive,Inactive,Missing or unavailable data
DTXSID5027851,Inactive,Inactive,Inconclusive,Inactive,Missing or unavailable data
DTXSID5027857,Inactive,Inconclusive,Inconclusive,Inactive,Missing or unavailable data
DTXSID5027932,Inactive,Inactive,Inactive,Inactive,Inactive in both primary assays
DTXSID5027936,Inactive,Inconclusive,Inconclusive,Inactive,Missing or unavailable data
DTXSID5027982,Inactive,Inactive,Inactive,Inactive,Inactive in both primary assays
DTXSID5028033,Inactive,Inconclusive,Inactive,Inactive,Inactive in both primary assays
DTXSID5028114,Inconclusive,Inconclusive,Active,Inactive,Missing or unavailable data
DTXSID5028665,Active,Inactive,Inconclusive,Inactive,Missing or unavailable data
DTXSID5029055,Inactive,Inactive,Active,Active,Possible MDA-kb2 viability interference
DTXSID5029059,Inactive,Inactive,Inactive,Inactive,Inactive in both primary assays
DTXSID5029136,Inconclusive,Inconclusive,Inconclusive,Inactive,Missing or unavailable data
DTXSID5029182,Inconclusive,Inconclusive,Inactive,Inactive,Missing or unavailable data
DTXSID5029184,Inactive,Inactive,Inconclusive,Inactive,Missing or unavailable data
DTXSID5029186,Inactive,Inconclusive,Inconclusive,Inactive,Missing or unavailable data
DTXSID5029211,Inconclusive,Inconclusive,Inconclusive,Inactive,Missing or unavailable data
DTXSID5029217,Inconclusive,Inconclusive,Inactive,Inactive,Missing or unavailable data
DTXSID5029263,Inconclusive,Inconclusive,Inactive,Inactive,Missing or unavailable data
DTXSID5029265,Inactive,Inactive,Inactive,Inconclusive,Inactive in both primary assays
DTXSID5029267,Inactive,Inactive,Inconclusive,Inactive,Missing or unavailable data
DTXSID5029683,Inconclusive,Inactive,Inactive,Inactive,Missing or unavailable data
DTXSID5029710,Inconclusive,Inconclusive,Inconclusive,Inactive,Missing or unavailable data
DTXSID5029762,Active,Inactive,Inactive,Inactive,BLA active only
DTXSID5030955,Inconclusive,Inactive,Inconclusive,Inactive,Missing or unavailable data
DTXSID5031131,Inconclusive,Inactive,Inactive,Inactive,Missing or unavailable data
DTXSID5031133,Inactive,Inactive,Inactive,Inactive,Inactive in both primary assays
DTXSID5031210,Inconclusive,Inconclusive,,,Missing or unavailable data
DTXSID5031428,Inactive,Inactive,,,Missing or unavailable data
DTXSID5032020,Inconclusive,Inconclusive,,,Missing or unavailable data
DTXSID5032315,Active,Active,Active,Active,Possible BLA viability interference
DTXSID5032361,Inactive,Inactive,Inconclusive,Inactive,Missing or unavailable data
DTXSID5032365,Inactive,Inactive,Inactive,Inactive,Inactive in both primary assays
DTXSID5032442,Inactive,Inactive,Inconclusive,Inactive,Missing or unavailable data
DTXSID5032498,Inactive,Active,Active,Active,Possible MDA-kb2 viability interference
DTXSID5032523,Active,Active,Active,Active,Possible BLA viability interference
DTXSID5032525,Active,Active,Active,Inactive,Possible BLA viability interference
DTXSID5032573,Active,Active,Active,Active,Possible BLA viability interference
DTXSID5032577,Inactive,Inactive,Inactive,Inactive,Inactive in both primary assays
DTXSID5032579,Inactive,Inconclusive,Inactive,Inactive,Inactive in both primary assays
DTXSID5032600,Active,Inactive,Inconclusive,Inactive,Missing or unavailable data
DTXSID5032654,Active,Inactive,Active,Inactive,Both primary assays active - no viability interference detected
DTXSID5033096,Inactive,Inactive,Inconclusive,Inactive,Missing or unavailable data
DTXSID5033098,Inactive,Inconclusive,Inconclusive,Inactive,Missing or unavailable data
DTXSID5033179,Inactive,Inconclusive,Inconclusive,Inactive,Missing or unavailable data
DTXSID5033389,Inactive,Inactive,Inconclusive,Inactive,Missing or unavailable data
DTXSID5033468,Active,Active,Active,Active,Possible BLA viability interference
DTXSID5033595,Inactive,Inactive,Inconclusive,Inactive,Missing or unavailable data
DTXSID5033674,Inactive,Inactive,Inconclusive,Inactive,Missing or unavailable data
DTXSID5033701,Inactive,Inconclusive,Inactive,Inactive,Inactive in both primary assays
DTXSID5033757,Inconclusive,Inactive,Active,Active,Possible MDA-kb2 viability interference
DTXSID5033836,Active,Active,Inactive,Inactive,Possible BLA viability interference
DTXSID5034270,Inactive,Inconclusive,Inconclusive,Inactive,Missing or unavailable data
DTXSID5034303,Inconclusive,Inactive,Inactive,Inactive,Missing or unavailable data
DTXSID5034355,Inactive,Inactive,Inactive,Inactive,Inactive in both primary assays
DTXSID5034357,Inconclusive,Inactive,Active,Inactive,Missing or unavailable data
DTXSID5034698,Inactive,Inconclusive,Inactive,Inactive,Inactive in both primary assays
DTXSID5034723,Inconclusive,Inactive,Inactive,Inactive,Missing or unavailable data
DTXSID5034729,Inactive,Inactive,Active,Inactive,MDA-kb2 active only
DTXSID5034773,Inconclusive,Inactive,Inactive,Inactive,Missing or unavailable data
DTXSID5034981,Active,Active,Active,Active,Possible BLA viability interference
DTXSID5035163,Inconclusive,Inconclusive,Inactive,Inactive,Missing or unavailable data
DTXSID5035589,Inactive,Active,Active,Active,Possible MDA-kb2 viability interference
DTXSID5035616,Inconclusive,Inconclusive,Inactive,Inactive,Missing or unavailable data
DTXSID5035957,Inactive,Inactive,Inactive,Inactive,Inactive in both primary assays
DTXSID5036684,Active,Inactive,Active,Inactive,Both primary assays active - no viability interference detected
DTXSID5037028,Active,Active,Active,Active,Possible BLA viability interference
DTXSID5037072,Inconclusive,Inactive,Inconclusive,Inactive,Missing or unavailable data
DTXSID5037236,Inactive,Inactive,Inconclusive,Inactive,Missing or unavailable data
DTXSID5037494,Inconclusive,Inconclusive,Inactive,Inactive,Missing or unavailable data
DTXSID5037498,Active,Inactive,Active,Inactive,Both primary assays active - no viability interference detected
DTXSID5037523,Inconclusive,Inactive,Inactive,Inactive,Missing or unavailable data
DTXSID5037527,Inactive,Inactive,Inactive,Inactive,Inactive in both primary assays
DTXSID5037571,Active,Inactive,Active,Inactive,Both primary assays active - no viability interference detected
DTXSID5037577,Active,Inactive,,,Missing or unavailable data
DTXSID5037579,Inactive,Inactive,Inactive,Inactive,Inactive in both primary assays
DTXSID5037731,Active,Active,Active,Inactive,Possible BLA viability interference
DTXSID5037739,Active,Inactive,Active,Inactive,Both primary assays active - no viability interference detected
DTXSID5038830,Inconclusive,Inactive,Inconclusive,Inactive,Missing or unavailable data
DTXSID5038888,Active,Active,Active,Active,Possible BLA viability interference
DTXSID5038919,,,Inconclusive,Inactive,Missing or unavailable data
DTXSID5039224,Active,Active,Active,Active,Possible BLA viability interference
DTXSID5039721,Active,Inactive,Active,Active,Possible MDA-kb2 viability interference
DTXSID5040413,Inactive,Active,,,Missing or unavailable data
DTXSID5040461,Inactive,Inactive,,,Missing or unavailable data
DTXSID5040465,Inconclusive,Inactive,,,Missing or unavailable data
DTXSID5040540,Inactive,Inconclusive,Inactive,Inactive,Inactive in both primary assays
DTXSID5040625,Active,Inactive,,,Missing or unavailable data
DTXSID5040675,Inactive,Inactive,Inconclusive,Inactive,Missing or unavailable data
DTXSID5040679,Inactive,Inactive,Inconclusive,Inactive,Missing or unavailable data
DTXSID5040700,Inactive,Inconclusive,Inactive,Inconclusive,Inactive in both primary assays
DTXSID5040702,Inactive,Inactive,Inactive,Inactive,Inactive in both primary assays
DTXSID5040704,,,Active,Active,Possible MDA-kb2 viability interference
DTXSID5040706,,,Inconclusive,Active,Missing or unavailable data
DTXSID5040708,Active,Inactive,Inactive,Inactive,BLA active only
DTXSID5040750,Inactive,Inactive,Inconclusive,Inactive,Missing or unavailable data
DTXSID5040758,Active,Inactive,Inactive,Inactive,BLA active only
DTXSID5041148,Inactive,Inconclusive,Inactive,Inactive,Inactive in both primary assays
DTXSID5041190,Inconclusive,Inactive,Inconclusive,Inactive,Missing or unavailable data
DTXSID5041273,Inconclusive,Inactive,Inactive,Inactive,Missing or unavailable data
DTXSID5041275,Inactive,Inconclusive,Inconclusive,Inactive,Missing or unavailable data
DTXSID5041279,Inconclusive,Inconclusive,,,Missing or unavailable data
DTXSID5041302,Inactive,Inconclusive,Inactive,Inactive,Inactive in both primary assays
DTXSID5041306,Active,Inactive,Active,Inactive,Both primary assays active - no viability interference detected
DTXSID5041308,Active,Active,Active,Inactive,Possible BLA viability interference
DTXSID5041356,Inconclusive,Inactive,Inconclusive,Inactive,Missing or unavailable data
DTXSID5041431,Inconclusive,Inactive,Inconclusive,Inactive,Missing or unavailable data
DTXSID5041437,Inactive,Inactive,Inactive,Inactive,Inactive in both primary assays
DTXSID5041439,Inactive,Inactive,Inconclusive,Inactive,Missing or unavailable data
DTXSID5041487,Inconclusive,Inconclusive,Inactive,Inactive,Missing or unavailable data
DTXSID5041512,Inconclusive,Inconclusive,Inactive,Inactive,Missing or unavailable data
DTXSID5041514,Inactive,Inconclusive,Inconclusive,Inactive,Missing or unavailable data
DTXSID5041516,Inconclusive,Inconclusive,Inactive,Inactive,Missing or unavailable data
DTXSID5041518,Inconclusive,Inactive,Inconclusive,Inactive,Missing or unavailable data
DTXSID5041560,,,Active,Inactive,Missing or unavailable data
DTXSID5041641,Inconclusive,Inactive,Inactive,Inactive,Missing or unavailable data
DTXSID5041643,Inconclusive,Inconclusive,Inactive,Inactive,Missing or unavailable data
DTXSID5041691,Inactive,Inconclusive,Inactive,Inconclusive,Inactive in both primary assays
DTXSID5041697,Inactive,Inconclusive,,,Missing or unavailable data
DTXSID5041699,Inactive,Inactive,Inactive,Inactive,Inactive in both primary assays
DTXSID5041726,Inactive,Inactive,Active,Active,Possible MDA-kb2 viability interference
DTXSID5041728,Inconclusive,Inactive,Inactive,Active,Missing or unavailable data
DTXSID5041772,Active,Active,Active,Inactive,Possible BLA viability interference
DTXSID5041774,Inconclusive,Inactive,,,Missing or unavailable data
DTXSID5041778,Active,Active,Active,Inactive,Possible BLA viability interference
DTXSID5041803,Inconclusive,Inactive,Inactive,Inactive,Missing or unavailable data
DTXSID5041809,Inactive,Inconclusive,Inconclusive,Inactive,Missing or unavailable data
DTXSID5041851,Active,Active,Active,Active,Possible BLA viability interference
DTXSID5042083,Active,Inactive,Active,Inactive,Both primary assays active - no viability interference detected
DTXSID5042089,Inactive,Inactive,Inactive,Inactive,Inactive in both primary assays
DTXSID5042243,Inactive,Active,Inactive,Inactive,Inactive in both primary assays
DTXSID5042247,Inconclusive,Inactive,Active,Inactive,Missing or unavailable data
DTXSID5042249,Active,Active,Active,Active,Possible BLA viability interference
DTXSID5042297,Inactive,Inactive,Inactive,Inactive,Inactive in both primary assays
DTXSID5042299,Inactive,Inconclusive,Inactive,Inactive,Inactive in both primary assays
DTXSID5042320,Inactive,Inactive,Inactive,Inactive,Inactive in both primary assays
DTXSID5042322,Active,Inactive,,,Missing or unavailable data
DTXSID5042324,Inactive,Inactive,Inconclusive,Inactive,Missing or unavailable data
DTXSID5042378,,,Inactive,Inactive,Missing or unavailable data
DTXSID5042451,Inactive,Inconclusive,Inconclusive,Inactive,Missing or unavailable data
DTXSID5042459,Active,Active,Active,Active,Possible BLA viability interference
DTXSID5042584,Active,Active,Inactive,Inactive,Possible BLA viability interference
DTXSID5042613,Inactive,Inactive,Inactive,Inactive,Inactive in both primary assays
DTXSID5043714,Inconclusive,Inconclusive,Inactive,Inactive,Missing or unavailable data
DTXSID5043895,Inactive,Inactive,Inactive,Inactive,Inactive in both primary assays
DTXSID5043897,Active,Active,,,Possible BLA viability interference
DTXSID5044023,Inconclusive,Inactive,,,Missing or unavailable data
DTXSID5044029,Inactive,Inactive,Active,Active,Possible MDA-kb2 viability interference
DTXSID5044154,,,Inconclusive,Inactive,Missing or unavailable data
DTXSID5044233,,,Inactive,Inactive,Missing or unavailable data
DTXSID5044239,Inactive,Inactive,,,Missing or unavailable data
DTXSID5044289,Inconclusive,Inconclusive,Inactive,Inactive,Missing or unavailable data
DTXSID5044314,Inactive,Inconclusive,Inconclusive,Inactive,Missing or unavailable data
DTXSID5044316,Inactive,Inconclusive,Inactive,Inactive,Inactive in both primary assays
DTXSID5044318,Inconclusive,Inactive,Inconclusive,Inactive,Missing or unavailable data
DTXSID5044360,Inconclusive,Inconclusive,Inactive,Inactive,Missing or unavailable data
DTXSID5044362,Inactive,Inactive,Inactive,Inactive,Inactive in both primary assays
DTXSID5044364,Inconclusive,Inactive,Inactive,Inactive,Missing or unavailable data
DTXSID5044366,Active,Active,Active,Active,Possible BLA viability interference
DTXSID5044368,,,Inconclusive,Inactive,Missing or unavailable data
DTXSID5044441,Inconclusive,Inconclusive,Inactive,Inactive,Missing or unavailable data
DTXSID5044443,Inconclusive,Inactive,Inconclusive,Inactive,Missing or unavailable data
DTXSID5044445,Inconclusive,Inconclusive,Inactive,Inactive,Missing or unavailable data
DTXSID5044447,Inconclusive,Inactive,Inconclusive,Inactive,Missing or unavailable data
DTXSID5044491,Inactive,Inconclusive,Inconclusive,Inactive,Missing or unavailable data
DTXSID5044493,Inconclusive,Inactive,Inactive,Inactive,Missing or unavailable data
DTXSID5044495,Inactive,Inconclusive,Inactive,Inactive,Inactive in both primary assays
DTXSID5044520,Active,Inactive,Active,Inactive,Both primary assays active - no viability interference detected
DTXSID5044522,Inconclusive,Inactive,Inconclusive,Inactive,Missing or unavailable data
DTXSID5044526,Inactive,Inactive,Inactive,Inactive,Inactive in both primary assays
DTXSID5044528,Active,Inactive,Active,Inactive,Both primary assays active - no viability interference detected
DTXSID5044570,Inconclusive,Inconclusive,Inactive,Inactive,Missing or unavailable data
DTXSID5044572,Inconclusive,Inconclusive,Inactive,Inactive,Missing or unavailable data
DTXSID5044574,Inactive,Inactive,Inactive,Inactive,Inactive in both primary assays
DTXSID5044576,Inactive,Inactive,Inactive,Inactive,Inactive in both primary assays
DTXSID5044578,Inconclusive,Inactive,Inconclusive,Inactive,Missing or unavailable data
DTXSID5044603,Inconclusive,Inconclusive,Inconclusive,Inactive,Missing or unavailable data
DTXSID5044605,,,Inactive,Inactive,Missing or unavailable data
DTXSID5044607,Active,Inactive,Active,Inactive,Both primary assays active - no viability interference detected
DTXSID5044609,Inconclusive,Inactive,Inconclusive,Inactive,Missing or unavailable data
DTXSID5044655,Inactive,Inactive,Inactive,Inactive,Inactive in both primary assays
DTXSID5044732,Inactive,Inconclusive,Inactive,Inactive,Inactive in both primary assays
DTXSID5044734,Inconclusive,Inactive,Inconclusive,Inactive,Missing or unavailable data
DTXSID5044738,Inactive,Inactive,Inactive,Inactive,Inactive in both primary assays
DTXSID5044780,Inactive,Inactive,Inconclusive,Inactive,Missing or unavailable data
DTXSID5044782,Inactive,Inactive,Inconclusive,Active,Missing or unavailable data
DTXSID5044784,Inconclusive,Inconclusive,Inactive,Inconclusive,Missing or unavailable data
DTXSID5044786,Inactive,Active,Active,Inactive,MDA-kb2 active only
DTXSID5044788,Inactive,Inactive,Inactive,Inactive,Inactive in both primary assays
DTXSID5044811,Inactive,Inactive,Active,Inactive,MDA-kb2 active only
DTXSID5044815,Inactive,Inactive,Inactive,Inactive,Inactive in both primary assays
DTXSID5044817,Active,Active,Active,Inactive,Possible BLA viability interference
DTXSID5044819,Inactive,Inconclusive,Inactive,Inactive,Inactive in both primary assays
DTXSID5044863,Inconclusive,Inactive,Inactive,Inactive,Missing or unavailable data
DTXSID5044865,Active,Active,Active,Active,Possible BLA viability interference
DTXSID5044867,Inactive,Inconclusive,Inconclusive,Inactive,Missing or unavailable data
DTXSID5044869,Active,Inactive,Active,Inactive,Both primary assays active - no viability interference detected
DTXSID5044940,Active,Inactive,Inactive,Inactive,BLA active only
DTXSID5044948,Inconclusive,Inconclusive,Inactive,Inactive,Missing or unavailable data
DTXSID5044990,Inconclusive,Inconclusive,Inconclusive,Inactive,Missing or unavailable data
DTXSID5044992,Active,Inactive,Active,Active,Possible MDA-kb2 viability interference
DTXSID5044994,Inactive,Inactive,Inconclusive,Inactive,Missing or unavailable data
DTXSID5044996,Inconclusive,Inactive,Inconclusive,Inactive,Missing or unavailable data
DTXSID5044998,Inactive,Inconclusive,Inconclusive,Inactive,Missing or unavailable data
DTXSID5045091,Inactive,Inactive,,,Missing or unavailable data
DTXSID5045093,Inconclusive,Inconclusive,Inactive,Inactive,Missing or unavailable data
DTXSID5045099,Inconclusive,Inactive,Inconclusive,Inactive,Missing or unavailable data
DTXSID5045120,Inconclusive,Inactive,,,Missing or unavailable data
DTXSID5045122,Inactive,Inactive,Inactive,Inactive,Inactive in both primary assays
DTXSID5045124,Inactive,Inactive,Inactive,Inactive,Inactive in both primary assays
DTXSID5045128,Inconclusive,Inactive,Inactive,Inactive,Missing or unavailable data
DTXSID5045170,Inconclusive,Inconclusive,Inconclusive,Inactive,Missing or unavailable data
DTXSID5045174,Inconclusive,Inconclusive,Inconclusive,Inactive,Missing or unavailable data
DTXSID5045176,Inactive,Inactive,Inactive,Inactive,Inactive in both primary assays
DTXSID5045178,Inactive,Inactive,,,Missing or unavailable data
DTXSID5045201,Inactive,Inactive,Inconclusive,Inactive,Missing or unavailable data
DTXSID5045203,Inconclusive,Inactive,,,Missing or unavailable data
DTXSID5045205,Active,Inactive,Active,Inactive,Both primary assays active - no viability interference detected
DTXSID5045209,Inactive,Inactive,Inconclusive,Inactive,Missing or unavailable data
DTXSID5045330,Inactive,Inconclusive,,,Missing or unavailable data
DTXSID5045332,Inconclusive,Inactive,,,Missing or unavailable data
DTXSID5045380,Inactive,Inactive,Active,Inactive,MDA-kb2 active only
DTXSID5045382,Inactive,Inactive,Inconclusive,Inactive,Missing or unavailable data
DTXSID5045384,Inactive,Inactive,,,Missing or unavailable data
DTXSID5045386,Inactive,Inconclusive,Inconclusive,Inactive,Missing or unavailable data
DTXSID5045388,Inconclusive,Inactive,Inactive,Inconclusive,Missing or unavailable data
DTXSID5045413,Inconclusive,Inactive,Inactive,Inactive,Missing or unavailable data
DTXSID5045417,Inconclusive,Inconclusive,Inactive,Inactive,Missing or unavailable data
DTXSID5045419,Inconclusive,Inconclusive,Inactive,Inactive,Missing or unavailable data
DTXSID5045461,Inactive,Inactive,Inconclusive,Inactive,Missing or unavailable data
DTXSID5045463,Inconclusive,Inactive,,,Missing or unavailable data
DTXSID5045465,Inactive,Inconclusive,,,Missing or unavailable data
DTXSID5045467,Inactive,Inactive,,,Missing or unavailable data
DTXSID5045469,Inactive,Inactive,Inactive,Inactive,Inactive in both primary assays
DTXSID5045540,Inactive,Inactive,Inactive,Inactive,Inactive in both primary assays
DTXSID5045542,Inactive,Inconclusive,,,Missing or unavailable data
DTXSID5045544,Inconclusive,Inactive,,,Missing or unavailable data
DTXSID5045546,Inactive,Inactive,,,Missing or unavailable data
DTXSID5045590,Inactive,Inconclusive,Inactive,Inactive,Inactive in both primary assays
DTXSID5045594,Active,Inactive,Inactive,Inactive,BLA active only
DTXSID5045596,Active,Inconclusive,,,Missing or unavailable data
DTXSID5045598,Inconclusive,Inactive,Inconclusive,Inactive,Missing or unavailable data
DTXSID5045623,Inconclusive,Inconclusive,Inconclusive,Inactive,Missing or unavailable data
DTXSID5045625,Active,Inactive,Inconclusive,Inactive,Missing or unavailable data
DTXSID5045671,Inconclusive,Inactive,,,Missing or unavailable data
DTXSID5045673,Inconclusive,Inactive,Inactive,Inactive,Missing or unavailable data
DTXSID5045675,Inactive,Inactive,,,Missing or unavailable data
DTXSID5045677,Inactive,Inactive,Inconclusive,Inactive,Missing or unavailable data
DTXSID5045679,Inconclusive,Inactive,,,Missing or unavailable data
DTXSID5045700,Inactive,Inactive,Active,Inactive,MDA-kb2 active only
DTXSID5045702,Inconclusive,Inconclusive,Inconclusive,Inactive,Missing or unavailable data
DTXSID5045704,Inconclusive,Inconclusive,Inconclusive,Inactive,Missing or unavailable data
DTXSID5045706,Inactive,Inactive,,,Missing or unavailable data
DTXSID5045708,Inactive,Inconclusive,,,Missing or unavailable data
DTXSID5045750,Active,Active,Active,Active,Possible BLA viability interference
DTXSID5045752,Inactive,Active,Inactive,Inactive,Inactive in both primary assays
DTXSID5045756,Active,Inactive,Inconclusive,Inactive,Missing or unavailable data
DTXSID5045758,Inconclusive,Inconclusive,,,Missing or unavailable data
DTXSID5045831,Inactive,Inactive,,,Missing or unavailable data
DTXSID5045833,Inconclusive,Inactive,Inconclusive,Inactive,Missing or unavailable data
DTXSID5045835,Inconclusive,Inactive,Inconclusive,Inactive,Missing or unavailable data
DTXSID5045839,Inactive,Inactive,,,Missing or unavailable data
DTXSID5045881,Active,Active,Active,Active,Possible BLA viability interference
DTXSID5045883,Inactive,Inconclusive,Inactive,Inactive,Inactive in both primary assays
DTXSID5045885,Inconclusive,Inactive,,,Missing or unavailable data
DTXSID5045887,Inactive,Inactive,Inactive,Inactive,Inactive in both primary assays
DTXSID5045889,Inconclusive,Inactive,Active,Active,Possible MDA-kb2 viability interference
DTXSID5045910,Inactive,Inactive,,,Missing or unavailable data
DTXSID5045914,Inactive,Inconclusive,Inconclusive,Inactive,Missing or unavailable data
DTXSID5045916,Inactive,Active,Active,Active,Possible MDA-kb2 viability interference
DTXSID5045960,Inconclusive,Inconclusive,Inactive,Active,Missing or unavailable data
DTXSID5045962,Active,Active,,,Possible BLA viability interference
DTXSID5045964,Inconclusive,Inactive,Inactive,Inactive,Missing or unavailable data
DTXSID5046011,Inactive,Inactive,,,Missing or unavailable data
DTXSID5046013,Active,Inconclusive,,,Missing or unavailable data
DTXSID5046015,Inactive,Inactive,Inactive,Inconclusive,Inactive in both primary assays
DTXSID5046017,Inactive,Inactive,Inactive,Inactive,Inactive in both primary assays
DTXSID5046019,Inconclusive,Active,Inconclusive,Inactive,Missing or unavailable data
DTXSID5046061,Inactive,Inactive,,,Missing or unavailable data
DTXSID5046063,Inactive,Inactive,,,Missing or unavailable data
DTXSID5046067,Inactive,Inconclusive,Inconclusive,Inactive,Missing or unavailable data
DTXSID5046069,Active,Active,Active,Active,Possible BLA viability interference
DTXSID5046140,Active,Active,Active,Active,Possible BLA viability interference
DTXSID5046142,Inactive,Inactive,Inactive,Inactive,Inactive in both primary assays
DTXSID5046144,Inconclusive,Inconclusive,,,Missing or unavailable data
DTXSID5046146,Inactive,Inactive,,,Missing or unavailable data
DTXSID5046148,Inactive,Inactive,Inactive,Inactive,Inactive in both primary assays
DTXSID5046190,Inconclusive,Inactive,Inactive,Inactive,Missing or unavailable data
DTXSID5046192,Inactive,Inactive,,,Missing or unavailable data
DTXSID5046194,Inactive,Inactive,,,Missing or unavailable data
DTXSID5046196,Inactive,Inactive,Inconclusive,Inactive,Missing or unavailable data
DTXSID5046198,Inconclusive,Inconclusive,,,Missing or unavailable data
DTXSID5046221,Inactive,Inconclusive,Inactive,Inconclusive,Inactive in both primary assays
DTXSID5046223,Inconclusive,Inactive,,,Missing or unavailable data
DTXSID5046225,Inactive,Inconclusive,Inconclusive,Inactive,Missing or unavailable data
DTXSID5046227,Inactive,Inactive,Active,Inactive,MDA-kb2 active only
DTXSID5046229,Inactive,Inactive,Inactive,Inactive,Inactive in both primary assays
DTXSID5046271,Inconclusive,Inactive,Inconclusive,Inactive,Missing or unavailable data
DTXSID5046273,Inactive,Inactive,Inconclusive,Inactive,Missing or unavailable data
DTXSID5046275,Inactive,Inactive,Inconclusive,Inactive,Missing or unavailable data
DTXSID5046277,Active,Active,Active,Active,Possible BLA viability interference
DTXSID5046279,Inactive,Inactive,Inconclusive,Inactive,Missing or unavailable data
DTXSID5046300,Inactive,Inactive,Inactive,Inactive,Inactive in both primary assays
DTXSID5046306,Inconclusive,Inconclusive,,,Missing or unavailable data
DTXSID5046308,Active,Active,,,Possible BLA viability interference
DTXSID5046352,Active,Active,,,Possible BLA viability interference
DTXSID5046354,Active,Inactive,,,Missing or unavailable data
DTXSID5046356,Inconclusive,Inconclusive,,,Missing or unavailable data
DTXSID5046358,Active,Inactive,,,Missing or unavailable data
DTXSID5046433,Inactive,Inconclusive,Inactive,Inactive,Inactive in both primary assays
DTXSID5046435,Inactive,Inactive,,,Missing or unavailable data
DTXSID5046437,Active,Inactive,Inactive,Inactive,BLA active only
DTXSID5046439,Inconclusive,Inconclusive,Active,Active,Possible MDA-kb2 viability interference
DTXSID5046481,Inconclusive,Inactive,Active,Active,Possible MDA-kb2 viability interference
DTXSID5046483,Inconclusive,Inactive,Inconclusive,Inactive,Missing or unavailable data
DTXSID5046485,Inactive,Inactive,Inactive,Inactive,Inactive in both primary assays
DTXSID5046487,Inactive,Inconclusive,Inconclusive,Inactive,Missing or unavailable data
DTXSID5046489,Inactive,Inactive,,,Missing or unavailable data
DTXSID5046510,Inconclusive,Inconclusive,Inconclusive,Inactive,Missing or unavailable data
DTXSID5046512,Inconclusive,Inconclusive,Inactive,Inactive,Missing or unavailable data
DTXSID5046516,Inconclusive,Inactive,,,Missing or unavailable data
DTXSID5046518,Inactive,Inconclusive,,,Missing or unavailable data
DTXSID5046560,Inactive,Inactive,Inconclusive,Inconclusive,Missing or unavailable data
DTXSID5046562,Inactive,Inconclusive,,,Missing or unavailable data
DTXSID5046564,Inactive,Inactive,,,Missing or unavailable data
DTXSID5046566,Inactive,Inactive,,,Missing or unavailable data
DTXSID5046568,Inactive,Inconclusive,,,Missing or unavailable data
DTXSID5046641,Inactive,Inactive,Inactive,Inactive,Inactive in both primary assays
DTXSID5046643,Inactive,Inactive,,,Missing or unavailable data
DTXSID5046647,Inactive,Inactive,,,Missing or unavailable data
DTXSID5046649,Inconclusive,Inactive,,,Missing or unavailable data
DTXSID5046691,Inactive,Inactive,Inactive,Inactive,Inactive in both primary assays
DTXSID5046693,Inactive,Inactive,Inconclusive,Inactive,Missing or unavailable data
DTXSID5046695,Inactive,Inactive,Inactive,Inactive,Inactive in both primary assays
DTXSID5046697,Inconclusive,Inconclusive,Inconclusive,Inactive,Missing or unavailable data
DTXSID5046699,Inactive,Inconclusive,Inconclusive,Inactive,Missing or unavailable data
DTXSID5046720,Inconclusive,Inconclusive,,,Missing or unavailable data
DTXSID5046722,Inactive,Inactive,,,Missing or unavailable data
DTXSID5046724,Inconclusive,Inactive,Inactive,Inactive,Missing or unavailable data
DTXSID5046726,Active,Active,Inactive,Inactive,Possible BLA viability interference
DTXSID5046728,Inactive,Inconclusive,,,Missing or unavailable data
DTXSID5046770,Inconclusive,Inactive,Inactive,Inactive,Missing or unavailable data
DTXSID5046772,Inactive,Inactive,Active,Inactive,MDA-kb2 active only
DTXSID5046776,Inactive,Inactive,Inconclusive,Inactive,Missing or unavailable data
DTXSID5046778,Active,Active,,,Possible BLA viability interference
DTXSID5046801,Inactive,Inactive,Inactive,Inconclusive,Inactive in both primary assays
DTXSID5046803,Inactive,Inactive,Inactive,Inconclusive,Inactive in both primary assays
DTXSID5046805,Inactive,Inconclusive,,,Missing or unavailable data
DTXSID5046807,Active,Inactive,,,Missing or unavailable data
DTXSID5046851,Inconclusive,Inactive,Inactive,Inactive,Missing or unavailable data
DTXSID5046853,Inconclusive,Inactive,Inconclusive,Inactive,Missing or unavailable data
DTXSID5046855,Active,Inactive,,,Missing or unavailable data
DTXSID5046857,Inactive,Inactive,,,Missing or unavailable data
DTXSID5046859,Inactive,Inactive,,,Missing or unavailable data
DTXSID5046938,Inactive,Inactive,Inactive,Inactive,Inactive in both primary assays
DTXSID5046980,Inactive,Inactive,Inactive,Active,Inactive in both primary assays
DTXSID5046986,Inconclusive,Inconclusive,Inactive,Inconclusive,Missing or unavailable data
DTXSID5046988,Inactive,Inconclusive,Inactive,Inactive,Inactive in both primary assays
DTXSID5047031,Inactive,Inactive,Inactive,Inactive,Inactive in both primary assays
DTXSID5047033,Inactive,Inactive,Inactive,Inconclusive,Inactive in both primary assays
DTXSID5047035,Active,Inactive,Inconclusive,Inactive,Missing or unavailable data
DTXSID5047037,Inactive,Inconclusive,Inactive,Inactive,Inactive in both primary assays
DTXSID5047039,Inactive,Inactive,Inactive,Inactive,Inactive in both primary assays
DTXSID5047081,Inactive,Inconclusive,Inactive,Inactive,Inactive in both primary assays
DTXSID5047083,Inconclusive,Inconclusive,Inconclusive,Inactive,Missing or unavailable data
DTXSID5047085,Inactive,Inconclusive,Inactive,Inactive,Inactive in both primary assays
DTXSID5047087,Inactive,Inactive,Inactive,Inactive,Inactive in both primary assays
DTXSID5047089,Inactive,Inactive,Inactive,Inactive,Inactive in both primary assays
DTXSID5047110,Inconclusive,Inactive,Inactive,Inactive,Missing or unavailable data
DTXSID5047112,Active,Active,Active,Active,Possible BLA viability interference
DTXSID5047116,Inactive,Inconclusive,Inactive,Inactive,Inactive in both primary assays
DTXSID5047118,Inactive,Inactive,Inactive,Inactive,Inactive in both primary assays
DTXSID5047160,Inactive,Inconclusive,Inactive,Inactive,Inactive in both primary assays
DTXSID5047162,Inactive,Inactive,Inactive,Inactive,Inactive in both primary assays
DTXSID5047164,Inconclusive,Inactive,Inactive,Inactive,Missing or unavailable data
DTXSID5047166,Inactive,Inconclusive,Inactive,Inactive,Inactive in both primary assays
DTXSID5047168,Inactive,Inactive,Inactive,Inactive,Inactive in both primary assays
DTXSID5047241,Inactive,Inactive,Inconclusive,Inactive,Missing or unavailable data
DTXSID5047243,Inactive,Inactive,Inactive,Inactive,Inactive in both primary assays
DTXSID5047249,Active,Inactive,Inactive,Inactive,BLA active only
DTXSID5047291,Inactive,Inactive,Inconclusive,Inactive,Missing or unavailable data
DTXSID5047295,Active,Active,Active,Active,Possible BLA viability interference
DTXSID5047297,Inconclusive,Inconclusive,Inactive,Inactive,Missing or unavailable data
DTXSID5047299,Inactive,Inactive,Inconclusive,Inactive,Missing or unavailable data
DTXSID5047320,Active,Active,Active,Active,Possible BLA viability interference
DTXSID5047322,Active,Active,Active,Inactive,Possible BLA viability interference
DTXSID5047324,Active,Inactive,Inactive,Inactive,BLA active only
DTXSID5047328,Active,Active,Active,Inactive,Possible BLA viability interference
DTXSID5047372,Inactive,Inactive,Inconclusive,Inactive,Missing or unavailable data
DTXSID5047374,Active,Inactive,Inactive,Inactive,BLA active only
DTXSID5047376,Inactive,Inactive,Inconclusive,Inactive,Missing or unavailable data
DTXSID5047405,Inconclusive,Inconclusive,Inconclusive,Inactive,Missing or unavailable data
DTXSID5047451,Inconclusive,Inconclusive,Inconclusive,Active,Missing or unavailable data
DTXSID5047453,Inactive,Inactive,Inconclusive,Inactive,Missing or unavailable data
DTXSID5047459,Inconclusive,Inactive,Inconclusive,Inactive,Missing or unavailable data
DTXSID5047530,Inactive,Active,Active,Inactive,MDA-kb2 active only
DTXSID5047538,Inconclusive,Inconclusive,Inconclusive,Inactive,Missing or unavailable data
DTXSID5047582,Inactive,Inactive,Inconclusive,Inactive,Missing or unavailable data
DTXSID5047584,Inactive,Inactive,Inactive,Inactive,Inactive in both primary assays
DTXSID5047611,Inactive,Inconclusive,Inactive,Inactive,Inactive in both primary assays
DTXSID5047617,Inactive,Inactive,Inactive,Inactive,Inactive in both primary assays
DTXSID5047661,Inconclusive,Inactive,Inconclusive,Inactive,Missing or unavailable data
DTXSID5047663,Inactive,Inconclusive,Inactive,Inactive,Inactive in both primary assays
DTXSID5047665,Inactive,Inactive,Inconclusive,Inactive,Missing or unavailable data
DTXSID5047667,Inactive,Inactive,Inconclusive,Inactive,Missing or unavailable data
DTXSID5047744,Inactive,Inconclusive,Inactive,Inactive,Inactive in both primary assays
DTXSID5047790,Inactive,Inactive,Inactive,Inactive,Inactive in both primary assays
DTXSID5047796,Inactive,Inconclusive,Inconclusive,Inactive,Missing or unavailable data
DTXSID5047825,Active,Inconclusive,Active,Inactive,Missing or unavailable data
DTXSID5047829,Inactive,Inactive,,,Missing or unavailable data
DTXSID5047871,Inactive,Active,Active,Active,Possible MDA-kb2 viability interference
DTXSID5047873,Active,Active,Active,Active,Possible BLA viability interference
DTXSID5047875,Inactive,Inconclusive,Inactive,Inactive,Inactive in both primary assays
DTXSID5047877,Inconclusive,Inactive,Inconclusive,Inactive,Missing or unavailable data
DTXSID5047879,Inactive,Inactive,Active,Inactive,MDA-kb2 active only
DTXSID5047900,Active,Active,Active,Active,Possible BLA viability interference
DTXSID5047902,Inconclusive,Inconclusive,Inactive,Inactive,Missing or unavailable data
DTXSID5047904,Active,Active,Active,Active,Possible BLA viability interference
DTXSID5047906,Inactive,Inconclusive,Inactive,Inactive,Inactive in both primary assays
DTXSID5047908,Inactive,Inactive,Inconclusive,Inactive,Missing or unavailable data
DTXSID5047950,Active,Active,Active,Active,Possible BLA viability interference
DTXSID5047952,Active,Active,Active,Active,Possible BLA viability interference
DTXSID5047954,Inconclusive,Inconclusive,Inactive,Inactive,Missing or unavailable data
DTXSID5047956,Inactive,Inactive,Active,Active,Possible MDA-kb2 viability interference
DTXSID5048180,Inconclusive,Inactive,Inconclusive,Inactive,Missing or unavailable data
DTXSID5048182,Inconclusive,Inactive,Inconclusive,Inactive,Missing or unavailable data
DTXSID5048184,Active,Active,Inconclusive,Inactive,Possible BLA viability interference
DTXSID5048186,Active,Inactive,Inactive,Inactive,BLA active only
DTXSID5048188,Inactive,Inconclusive,Inactive,Inactive,Inactive in both primary assays
DTXSID5048211,Inactive,Inactive,Inactive,Inactive,Inactive in both primary assays
DTXSID5048421,Inconclusive,Inactive,Inactive,Inactive,Missing or unavailable data
DTXSID5048506,Active,Inactive,Active,Inactive,Both primary assays active - no viability interference detected
DTXSID5048631,Inactive,Inactive,,,Missing or unavailable data
DTXSID5048633,Inconclusive,Inactive,,,Missing or unavailable data
DTXSID5048635,Inactive,Inactive,Inconclusive,Inactive,Missing or unavailable data
DTXSID5048637,Inactive,Inactive,Inactive,Inactive,Inactive in both primary assays
DTXSID5048639,Inactive,Inactive,,,Missing or unavailable data
DTXSID5048681,Inactive,Inactive,,,Missing or unavailable data
DTXSID5048683,Active,Inactive,,,Missing or unavailable data
DTXSID5048685,Active,Active,Active,Inactive,Possible BLA viability interference
DTXSID5048687,Inactive,Inactive,,,Missing or unavailable data
DTXSID5048689,Inactive,Inactive,,,Missing or unavailable data
DTXSID5048710,Inactive,Inactive,Inactive,Inactive,Inactive in both primary assays
DTXSID5048712,Inconclusive,Inactive,,,Missing or unavailable data
DTXSID5048714,Inactive,Inactive,,,Missing or unavailable data
DTXSID5048716,Inactive,Inactive,Inactive,Inactive,Inactive in both primary assays
DTXSID5048718,Inconclusive,Inconclusive,,,Missing or unavailable data
DTXSID5048760,Inactive,Inactive,,,Missing or unavailable data
DTXSID5048762,Inactive,Inactive,,,Missing or unavailable data
DTXSID5048764,Active,Active,,,Possible BLA viability interference
DTXSID5048766,Inactive,Inactive,,,Missing or unavailable data
DTXSID5048768,Inconclusive,Inactive,,,Missing or unavailable data
DTXSID5048841,Inactive,Inactive,Inconclusive,Inconclusive,Missing or unavailable data
DTXSID5048843,Active,Inactive,Active,Inactive,Both primary assays active - no viability interference detected
DTXSID5048845,Inconclusive,Inconclusive,Inactive,Inactive,Missing or unavailable data
DTXSID5048847,Inconclusive,Inactive,Inactive,Inactive,Missing or unavailable data
DTXSID5048849,Active,Active,Active,Active,Possible BLA viability interference
DTXSID5048891,Inactive,Inconclusive,Inactive,Inactive,Inactive in both primary assays
DTXSID5048893,Inactive,Inactive,Inactive,Inactive,Inactive in both primary assays
DTXSID5048895,Inconclusive,Inactive,Inactive,Inactive,Missing or unavailable data
DTXSID5048897,Inactive,Inactive,Inactive,Inactive,Inactive in both primary assays
DTXSID5048899,Inactive,Inconclusive,Inactive,Inactive,Inactive in both primary assays
DTXSID5048920,Inactive,Inactive,Active,Active,Possible MDA-kb2 viability interference
DTXSID5048922,Inactive,Inactive,Active,Inactive,MDA-kb2 active only
DTXSID5048924,Inactive,Inactive,Inactive,Inactive,Inactive in both primary assays
DTXSID5048926,Inactive,Inactive,,,Missing or unavailable data
DTXSID5048928,Active,Inactive,Active,Inactive,Both primary assays active - no viability interference detected
DTXSID5048970,Inactive,Inconclusive,,,Missing or unavailable data
DTXSID5048972,Inactive,Inactive,,,Missing or unavailable data
DTXSID5048974,Inconclusive,Inactive,Inconclusive,Inactive,Missing or unavailable data
DTXSID5048976,Inactive,Inconclusive,,,Missing or unavailable data
DTXSID5048978,Inactive,Inactive,Inactive,Inconclusive,Inactive in both primary assays
DTXSID5049021,Active,Active,Active,Active,Possible BLA viability interference
DTXSID5049023,Active,Inactive,,,Missing or unavailable data
DTXSID5049025,Inactive,Inconclusive,,,Missing or unavailable data
DTXSID5049027,Inactive,Inactive,,,Missing or unavailable data
DTXSID5049029,Inactive,Inconclusive,,,Missing or unavailable data
DTXSID5049071,Active,Active,,,Possible BLA viability interference
DTXSID5049073,Inactive,Inactive,,,Missing or unavailable data
DTXSID5049075,Inactive,Inactive,,,Missing or unavailable data
DTXSID5049077,Active,Inactive,,,Missing or unavailable data
DTXSID5049079,Inactive,Inactive,,,Missing or unavailable data
DTXSID5049231,Inactive,Inactive,Inactive,Inactive,Inactive in both primary assays
DTXSID5049233,Inactive,Inconclusive,Inconclusive,Inactive,Missing or unavailable data
DTXSID5049235,Inactive,Inactive,Inactive,Inactive,Inactive in both primary assays
DTXSID5049237,Active,Active,Active,Active,Possible BLA viability interference
DTXSID5049239,Inactive,Inactive,Inconclusive,Inactive,Missing or unavailable data
DTXSID5049281,Inconclusive,Inactive,Inconclusive,Inactive,Missing or unavailable data
DTXSID5049283,Active,Active,Active,Active,Possible BLA viability interference
DTXSID5049285,Inactive,Inactive,Inactive,Inactive,Inactive in both primary assays
DTXSID5049287,Inactive,Inactive,Inactive,Inactive,Inactive in both primary assays
DTXSID5049289,Inactive,Inactive,Inconclusive,Inactive,Missing or unavailable data
DTXSID5049310,Inconclusive,Inconclusive,Inactive,Inactive,Missing or unavailable data
DTXSID5049312,Inactive,Inactive,Inactive,Inactive,Inactive in both primary assays
DTXSID5049314,Inactive,Inactive,Inconclusive,Inactive,Missing or unavailable data
DTXSID5049316,Inactive,Inactive,Inactive,Inactive,Inactive in both primary assays
DTXSID5049318,Inconclusive,Inconclusive,Inconclusive,Inactive,Missing or unavailable data
DTXSID5049360,Inactive,Inactive,Inactive,Inactive,Inactive in both primary assays
DTXSID5049362,Inactive,Inactive,Inactive,Inactive,Inactive in both primary assays
DTXSID5049364,Inactive,Inactive,Inconclusive,Inactive,Missing or unavailable data
DTXSID5049366,Inactive,Inactive,Inactive,Inactive,Inactive in both primary assays
DTXSID5049368,Inactive,Inactive,Inconclusive,Inactive,Missing or unavailable data
DTXSID5049445,Inactive,Inactive,Inconclusive,Inactive,Missing or unavailable data
DTXSID5049447,Inactive,Inactive,Inconclusive,Inactive,Missing or unavailable data
DTXSID5049449,Inactive,Inactive,Inconclusive,Inactive,Missing or unavailable data
DTXSID5049491,Inactive,Inactive,Inactive,Inactive,Inactive in both primary assays
DTXSID5049493,Inactive,Inactive,Inconclusive,Inactive,Missing or unavailable data
DTXSID5049495,Active,Inactive,Inconclusive,Inactive,Missing or unavailable data
DTXSID5049497,Inactive,Inactive,Inconclusive,Inactive,Missing or unavailable data
DTXSID5049499,Inactive,Inconclusive,Inconclusive,Inactive,Missing or unavailable data
DTXSID5049520,Inactive,Inconclusive,Inactive,Inactive,Inactive in both primary assays
DTXSID5049522,Inactive,Inconclusive,Inconclusive,Inactive,Missing or unavailable data
DTXSID5049524,Inactive,Inconclusive,Inactive,Inactive,Inactive in both primary assays
DTXSID5049526,Inactive,Inconclusive,Inactive,Inactive,Inactive in both primary assays
DTXSID5049528,Inactive,Inconclusive,Inactive,Inactive,Inactive in both primary assays
DTXSID5050426,Inconclusive,Inconclusive,Inactive,Inactive,Missing or unavailable data
DTXSID5051440,Inconclusive,Inactive,Inactive,Inactive,Missing or unavailable data
DTXSID5051444,,,Active,Inactive,Missing or unavailable data
DTXSID5051446,,,Active,Inactive,Missing or unavailable data
DTXSID5051525,,,Inactive,Inactive,Missing or unavailable data
DTXSID5051529,,,Inactive,Inactive,Missing or unavailable data
DTXSID5051575,,,Inconclusive,Inactive,Missing or unavailable data
DTXSID5051650,,,Active,Active,Possible MDA-kb2 viability interference
DTXSID5051999,,,Inconclusive,Inactive,Missing or unavailable data
DTXSID5052042,,,Inactive,Inactive,Missing or unavailable data
DTXSID5052125,,,Inconclusive,Inactive,Missing or unavailable data
DTXSID5052250,,,Inconclusive,Inactive,Missing or unavailable data
DTXSID5052254,,,Inactive,Inactive,Missing or unavailable data
DTXSID5052460,,,Inconclusive,Inactive,Missing or unavailable data
DTXSID5052591,,,Inconclusive,Inactive,Missing or unavailable data
DTXSID5052593,,,Inconclusive,Inactive,Missing or unavailable data
DTXSID5052595,,,Inconclusive,Inactive,Missing or unavailable data
DTXSID5052597,,,Inconclusive,Inactive,Missing or unavailable data
DTXSID5052620,,,Inactive,Inactive,Missing or unavailable data
DTXSID5052672,,,Inconclusive,Inactive,Missing or unavailable data
DTXSID5052832,,,Inactive,Inactive,Missing or unavailable data
DTXSID5052838,,,Inactive,Inactive,Missing or unavailable data
DTXSID5052884,,,Inconclusive,Inactive,Missing or unavailable data
DTXSID5057620,,,Inconclusive,Inactive,Missing or unavailable data
DTXSID5057622,,,Active,Inactive,Missing or unavailable data
DTXSID5057624,,,Inconclusive,Inactive,Missing or unavailable data
DTXSID5057626,,,Inactive,Inactive,Missing or unavailable data
DTXSID5057628,,,Inactive,Inconclusive,Missing or unavailable data
DTXSID5057670,,,Inactive,Inactive,Missing or unavailable data
DTXSID5057672,,,Inactive,Inactive,Missing or unavailable data
DTXSID5057674,,,Active,Inactive,Missing or unavailable data
DTXSID5057676,,,Inconclusive,Inactive,Missing or unavailable data
DTXSID5057678,,,Inactive,Inactive,Missing or unavailable data
DTXSID5057701,,,Inactive,Inactive,Missing or unavailable data
DTXSID5057703,,,Active,Active,Possible MDA-kb2 viability interference
DTXSID5057705,,,Inconclusive,Inactive,Missing or unavailable data
DTXSID5057707,,,Inactive,Inactive,Missing or unavailable data
DTXSID5057709,,,Inactive,Inactive,Missing or unavailable data
DTXSID5057751,,,Inactive,Inactive,Missing or unavailable data
DTXSID5057753,,,Inactive,Active,Missing or unavailable data
DTXSID5057755,,,Inconclusive,Inactive,Missing or unavailable data
DTXSID5057757,,,Inactive,Inactive,Missing or unavailable data
DTXSID5057759,,,Inconclusive,Inactive,Missing or unavailable data
DTXSID5057830,,,Inactive,Inactive,Missing or unavailable data
DTXSID5057832,,,Active,Inactive,Missing or unavailable data
DTXSID5057834,,,Inconclusive,Inactive,Missing or unavailable data
DTXSID5057836,,,Inconclusive,Inactive,Missing or unavailable data
DTXSID5057838,,,Active,Inactive,Missing or unavailable data
DTXSID6020014,Inconclusive,Inconclusive,Inconclusive,Inactive,Missing or unavailable data
DTXSID6020062,Inactive,Inconclusive,Inactive,Active,Inactive in both primary assays
DTXSID6020064,Inactive,Inactive,Inactive,Inactive,Inactive in both primary assays
DTXSID6020066,Inactive,Inactive,Inactive,Active,Inactive in both primary assays
DTXSID6020068,Inactive,Inactive,Inconclusive,Inactive,Missing or unavailable data
DTXSID6020141,Inactive,Inactive,Inactive,Inactive,Inactive in both primary assays
DTXSID6020143,Inconclusive,Inactive,Inactive,Inactive,Missing or unavailable data
DTXSID6020145,Inconclusive,Inactive,Inactive,Inactive,Missing or unavailable data
DTXSID6020147,Inactive,Inactive,Inactive,Inactive,Inactive in both primary assays
DTXSID6020149,Inconclusive,Inactive,Inconclusive,Inactive,Missing or unavailable data
DTXSID6020193,Inconclusive,Inactive,Inactive,Active,Missing or unavailable data
DTXSID6020197,Active,Inactive,Active,Inactive,Both primary assays active - no viability interference detected
DTXSID6020199,Inactive,Inconclusive,Inactive,Inactive,Inactive in both primary assays
DTXSID6020220,Inactive,Inconclusive,Inactive,Inactive,Inactive in both primary assays
DTXSID6020222,Inactive,Inconclusive,Inconclusive,Inactive,Missing or unavailable data
DTXSID6020224,Inactive,Inconclusive,Inconclusive,Inconclusive,Missing or unavailable data
DTXSID6020226,Active,Active,Inconclusive,Inactive,Possible BLA viability interference
DTXSID6020274,Active,Inconclusive,Inconclusive,Inactive,Missing or unavailable data
DTXSID6020276,Active,Active,Active,Inactive,Possible BLA viability interference
DTXSID6020278,Active,Active,Active,Active,Possible BLA viability interference
DTXSID6020303,Inactive,Inactive,Inactive,Inactive,Inactive in both primary assays
DTXSID6020307,Inactive,Inactive,Inactive,Inconclusive,Inactive in both primary assays
DTXSID6020309,Inactive,Inconclusive,Inactive,Inactive,Inactive in both primary assays
DTXSID6020355,Inactive,Inactive,Inconclusive,Inactive,Missing or unavailable data
DTXSID6020357,Inactive,Inconclusive,Inactive,Inactive,Inactive in both primary assays
DTXSID6020359,Inactive,Inconclusive,Inactive,Inactive,Inactive in both primary assays
DTXSID6020430,Inactive,Inconclusive,Inconclusive,Inactive,Missing or unavailable data
DTXSID6020432,Active,Active,Active,Inactive,Possible BLA viability interference
DTXSID6020434,Inconclusive,Inactive,Inconclusive,Inactive,Missing or unavailable data
DTXSID6020438,Inactive,Inactive,Inconclusive,Inactive,Missing or unavailable data
DTXSID6020480,Inactive,Inactive,Inactive,Inactive,Inactive in both primary assays
DTXSID6020484,Inactive,Inactive,Inconclusive,Inactive,Missing or unavailable data
DTXSID6020511,Active,Inactive,Active,Inactive,Both primary assays active - no viability interference detected
DTXSID6020513,Active,Active,Active,Active,Possible BLA viability interference
DTXSID6020515,Inconclusive,Inactive,Inconclusive,Inactive,Missing or unavailable data
DTXSID6020517,Inactive,Inconclusive,Inconclusive,Inconclusive,Missing or unavailable data
DTXSID6020561,Inactive,Inconclusive,Active,Inactive,MDA-kb2 active only
DTXSID6020569,Inconclusive,Inconclusive,Inactive,Inactive,Missing or unavailable data
DTXSID6020646,Inactive,Inactive,Inactive,Inactive,Inactive in both primary assays
DTXSID6020648,Active,Inactive,Inactive,Inconclusive,BLA active only
DTXSID6020690,Active,Active,Active,Active,Possible BLA viability interference
DTXSID6020692,Inactive,Inactive,Inactive,Inactive,Inactive in both primary assays
DTXSID6020694,Inactive,Inactive,Inactive,Inactive,Inactive in both primary assays
DTXSID6020696,Inactive,Inconclusive,Inactive,Inactive,Inactive in both primary assays
DTXSID6020721,Inactive,Inconclusive,Inconclusive,Inactive,Missing or unavailable data
DTXSID6020771,Inconclusive,Inconclusive,Inconclusive,Inactive,Missing or unavailable data
DTXSID6020777,Inactive,Inactive,Inconclusive,Inactive,Missing or unavailable data
DTXSID6020779,Inconclusive,Inactive,Inactive,Inactive,Missing or unavailable data
DTXSID6020802,Inconclusive,Inactive,Inactive,Inactive,Missing or unavailable data
DTXSID6020804,Active,Inactive,Inactive,Inactive,BLA active only
DTXSID6020856,Inconclusive,Inactive,Inconclusive,Inactive,Missing or unavailable data
DTXSID6020933,Inactive,Inactive,Inactive,Inactive,Inactive in both primary assays
DTXSID6020937,Inactive,Inactive,Inconclusive,Inactive,Missing or unavailable data
DTXSID6020939,Inactive,Inconclusive,Inactive,Inactive,Inactive in both primary assays
DTXSID6020981,Inconclusive,Inconclusive,Inactive,Inactive,Missing or unavailable data
DTXSID6020983,Active,Inactive,Active,Inactive,Both primary assays active - no viability interference detected
DTXSID6020985,Inactive,Inactive,Inactive,Inactive,Inactive in both primary assays
DTXSID6021030,Inactive,Inactive,Inactive,Inactive,Inactive in both primary assays
DTXSID6021032,Inactive,Inactive,Inconclusive,Inactive,Missing or unavailable data
DTXSID6021036,Inactive,Inactive,Inactive,Inactive,Inactive in both primary assays
DTXSID6021080,Inactive,Inactive,Active,Active,Possible MDA-kb2 viability interference
DTXSID6021082,Inactive,Inconclusive,Inactive,Active,Inactive in both primary assays
DTXSID6021084,Inconclusive,Inactive,Inconclusive,Inactive,Missing or unavailable data
DTXSID6021086,Inconclusive,Inactive,Inconclusive,Inactive,Missing or unavailable data
DTXSID6021113,Inactive,Inactive,Inconclusive,Inactive,Missing or unavailable data
DTXSID6021117,Inactive,Inconclusive,Inactive,Inconclusive,Inactive in both primary assays
DTXSID6021163,Inactive,Inconclusive,,,Missing or unavailable data
DTXSID6021165,Inactive,Inactive,Inconclusive,Inactive,Missing or unavailable data
DTXSID6021240,Active,Inactive,Active,Inactive,Both primary assays active - no viability interference detected
DTXSID6021244,Active,Inactive,Inactive,Active,BLA active only
DTXSID6021246,Active,Active,Active,Inactive,Possible BLA viability interference
DTXSID6021248,Active,Active,Active,Active,Possible BLA viability interference
DTXSID6021290,Inconclusive,Inactive,Inconclusive,Inactive,Missing or unavailable data
DTXSID6021292,Inactive,Inactive,Inconclusive,Inconclusive,Missing or unavailable data
DTXSID6021294,Inconclusive,Inactive,Inconclusive,Inactive,Missing or unavailable data
DTXSID6021296,Inactive,Inconclusive,Inconclusive,Inconclusive,Missing or unavailable data
DTXSID6021321,Inactive,Inactive,Inactive,Inactive,Inactive in both primary assays
DTXSID6021327,Inactive,Inactive,,,Missing or unavailable data
DTXSID6021371,Inactive,Inconclusive,Inconclusive,Inactive,Missing or unavailable data
DTXSID6021373,Inconclusive,Inconclusive,Inconclusive,Inconclusive,Missing or unavailable data
DTXSID6021375,Inactive,Inconclusive,Inactive,Inactive,Inactive in both primary assays
DTXSID6021377,Inactive,Inactive,Inactive,Inactive,Inactive in both primary assays
DTXSID6021379,Inactive,Inactive,Inactive,Inactive,Inactive in both primary assays
DTXSID6021402,Inconclusive,Inactive,Inconclusive,Inactive,Missing or unavailable data
DTXSID6021404,Inactive,Inconclusive,Inconclusive,Inactive,Missing or unavailable data
DTXSID6021408,Active,Active,Active,Active,Possible BLA viability interference
DTXSID6021450,,,Inconclusive,Active,Missing or unavailable data
DTXSID6021456,Inactive,Inactive,Inactive,Active,Inactive in both primary assays
DTXSID6021458,Inactive,Inconclusive,Inactive,Active,Inactive in both primary assays
DTXSID6021581,Inconclusive,Inconclusive,Inactive,Inactive,Missing or unavailable data
DTXSID6021583,Inconclusive,Inconclusive,Inconclusive,Inactive,Missing or unavailable data
DTXSID6021585,Inconclusive,Inconclusive,Inactive,Inactive,Missing or unavailable data
DTXSID6021610,Inactive,Inactive,Inconclusive,Inactive,Missing or unavailable data
DTXSID6021618,Inconclusive,Inconclusive,Inconclusive,Inconclusive,Missing or unavailable data
DTXSID6021660,Inactive,Inconclusive,Inconclusive,Inactive,Missing or unavailable data
DTXSID6021666,Inconclusive,Inconclusive,Inactive,Inactive,Missing or unavailable data
DTXSID6021668,Inactive,Inactive,Inactive,Inactive,Inactive in both primary assays
DTXSID6021741,Inconclusive,Inactive,Inactive,Inactive,Missing or unavailable data
DTXSID6021749,Inactive,Inconclusive,Inactive,Inactive,Inactive in both primary assays
DTXSID6021793,Active,Inconclusive,Active,Inactive,Missing or unavailable data
DTXSID6021795,Inconclusive,Inactive,Inactive,Inconclusive,Missing or unavailable data
DTXSID6021799,Inconclusive,Inactive,Inactive,Inactive,Missing or unavailable data
DTXSID6021820,Inconclusive,Inconclusive,Inactive,Inactive,Missing or unavailable data
DTXSID6021822,Inactive,Inactive,Inconclusive,Inactive,Missing or unavailable data
DTXSID6021824,Active,Active,Active,Active,Possible BLA viability interference
DTXSID6021828,Inconclusive,Inactive,Inactive,Inactive,Missing or unavailable data
DTXSID6021872,Inconclusive,Inconclusive,Inactive,Inactive,Missing or unavailable data
DTXSID6021874,Inactive,Inactive,Inactive,Inactive,Inactive in both primary assays
DTXSID6021901,Inactive,Inconclusive,Inactive,Inactive,Inactive in both primary assays
DTXSID6021907,Inconclusive,Inactive,Inactive,Inactive,Missing or unavailable data
DTXSID6021909,Inactive,Inactive,Inconclusive,Inactive,Missing or unavailable data
DTXSID6021953,Inconclusive,Inactive,Inactive,Inconclusive,Missing or unavailable data
DTXSID6021957,Inactive,Inactive,Inactive,Inactive,Inactive in both primary assays
DTXSID6021959,Inconclusive,Inconclusive,Inconclusive,Inactive,Missing or unavailable data
DTXSID6022000,Inactive,Inactive,Inactive,Inactive,Inactive in both primary assays
DTXSID6022002,,,Inconclusive,Inactive,Missing or unavailable data
DTXSID6022004,Inactive,Inconclusive,Inactive,Inactive,Inactive in both primary assays
DTXSID6022006,Inactive,Inactive,Inactive,Inactive,Inactive in both primary assays
DTXSID6022008,Inconclusive,Inactive,Inconclusive,Inactive,Missing or unavailable data
DTXSID6022050,Inactive,Inconclusive,Inconclusive,Inactive,Missing or unavailable data
DTXSID6022056,Inactive,Inconclusive,Active,Inactive,MDA-kb2 active only
DTXSID6022058,Inactive,Inactive,Inactive,Inactive,Inactive in both primary assays
DTXSID6022131,Inactive,Inactive,Active,Inactive,MDA-kb2 active only
DTXSID6022133,Inconclusive,Inactive,Inactive,Inactive,Missing or unavailable data
DTXSID6022137,Inconclusive,Inconclusive,Inconclusive,Inactive,Missing or unavailable data
DTXSID6022187,Inactive,Inactive,Inactive,Inactive,Inactive in both primary assays
DTXSID6022218,Inactive,Inactive,Inactive,Inactive,Inactive in both primary assays
DTXSID6022341,Inactive,Inactive,Inconclusive,Inactive,Missing or unavailable data
DTXSID6022345,Active,Inactive,Active,Inactive,Both primary assays active - no viability interference detected
DTXSID6022391,Active,Inactive,Active,Inactive,Both primary assays active - no viability interference detected
DTXSID6022393,Active,Inactive,Inactive,Inactive,BLA active only
DTXSID6022399,Active,Inactive,Inactive,Inactive,BLA active only
DTXSID6022420,Inactive,Inactive,Inactive,Inactive,Inactive in both primary assays
DTXSID6022422,Inconclusive,Inactive,Inactive,Inactive,Missing or unavailable data
DTXSID6022472,Inactive,Inactive,Inactive,Inactive,Inactive in both primary assays
DTXSID6022474,Inconclusive,Inactive,Inconclusive,Inconclusive,Missing or unavailable data
DTXSID6022553,Inconclusive,Inactive,,,Missing or unavailable data
DTXSID6022555,Inconclusive,Inconclusive,,,Missing or unavailable data
DTXSID6022557,Inactive,Inconclusive,Inconclusive,Inconclusive,Missing or unavailable data
DTXSID6022559,Inconclusive,Inconclusive,,,Missing or unavailable data
DTXSID6022630,Inactive,Inactive,,,Missing or unavailable data
DTXSID6022632,Inactive,Inconclusive,,,Missing or unavailable data
DTXSID6022636,Inactive,Inactive,Inactive,Inactive,Inactive in both primary assays
DTXSID6022684,Inactive,Inactive,Inactive,Inactive,Inactive in both primary assays
DTXSID6022688,,,Inactive,Inactive,Missing or unavailable data
DTXSID6022715,,,Inactive,Inactive,Missing or unavailable data
DTXSID6022719,Inactive,Inactive,Inactive,Inactive,Inactive in both primary assays
DTXSID6022842,Inconclusive,Inconclusive,Inactive,Inconclusive,Missing or unavailable data
DTXSID6022844,Inactive,Active,Active,Active,Possible MDA-kb2 viability interference
DTXSID6022846,Inconclusive,Inconclusive,Inconclusive,Inactive,Missing or unavailable data
DTXSID6022892,Active,Inactive,Inactive,Inactive,BLA active only
DTXSID6022894,Inconclusive,Inactive,Inconclusive,Inactive,Missing or unavailable data
DTXSID6022898,Active,Inconclusive,,,Missing or unavailable data
DTXSID6022927,Inconclusive,Inconclusive,Inconclusive,Inactive,Missing or unavailable data
DTXSID6022973,Inactive,Inactive,Inactive,Inactive,Inactive in both primary assays
DTXSID6022975,Inactive,Inactive,Inactive,Inactive,Inactive in both primary assays
DTXSID6022977,Inactive,Inactive,Inconclusive,Inactive,Missing or unavailable data
DTXSID6023020,Inactive,Inconclusive,,,Missing or unavailable data
DTXSID6023024,Active,Inactive,Active,Inactive,Both primary assays active - no viability interference detected
DTXSID6023028,Inactive,Inactive,Inconclusive,Inactive,Missing or unavailable data
DTXSID6023076,Inactive,Active,,,Missing or unavailable data
DTXSID6023078,Inactive,Inactive,Inactive,Inconclusive,Inactive in both primary assays
DTXSID6023101,Inactive,Inconclusive,Inactive,Inactive,Inactive in both primary assays
DTXSID6023103,Inactive,Inactive,Inconclusive,Inactive,Missing or unavailable data
DTXSID6023109,Inactive,Inactive,Inactive,Inactive,Inactive in both primary assays
DTXSID6023153,Inactive,Inactive,Inactive,Inactive,Inactive in both primary assays
DTXSID6023155,Inconclusive,Inactive,Active,Inactive,Missing or unavailable data
DTXSID6023157,Inconclusive,Inactive,Inconclusive,Inconclusive,Missing or unavailable data
DTXSID6023159,Inconclusive,Inconclusive,Inconclusive,Inactive,Missing or unavailable data
DTXSID6023232,Inconclusive,Inconclusive,,,Missing or unavailable data
DTXSID6023280,Inconclusive,Inactive,,,Missing or unavailable data
DTXSID6023286,Inactive,Inconclusive,Inactive,Inactive,Inactive in both primary assays
DTXSID6023313,Inactive,Inactive,Inactive,Inactive,Inactive in both primary assays
DTXSID6023315,Inactive,Inactive,Inconclusive,Inactive,Missing or unavailable data
DTXSID6023317,Inconclusive,Inconclusive,Inactive,Inactive,Missing or unavailable data
DTXSID6023319,Inactive,Inactive,,,Missing or unavailable data
DTXSID6023363,Active,Active,Inconclusive,Inactive,Possible BLA viability interference
DTXSID6023365,Inconclusive,Inconclusive,,,Missing or unavailable data
DTXSID6023367,Inactive,Inactive,Inconclusive,Inactive,Missing or unavailable data
DTXSID6023369,Inactive,Inactive,Inactive,Inactive,Inactive in both primary assays
DTXSID6023440,Inactive,Inactive,Inactive,Inactive,Inactive in both primary assays
DTXSID6023442,Inactive,Inactive,Inconclusive,Inconclusive,Missing or unavailable data
DTXSID6023490,Inconclusive,Inactive,Active,Inactive,Missing or unavailable data
DTXSID6023492,Active,Inactive,,,Missing or unavailable data
DTXSID6023496,Inactive,Inconclusive,Inconclusive,Inactive,Missing or unavailable data
DTXSID6023523,Active,Inactive,Inactive,Inactive,BLA active only
DTXSID6023529,Inactive,Inconclusive,Inconclusive,Inactive,Missing or unavailable data
DTXSID6023571,Active,Active,,,Possible BLA viability interference
DTXSID6023600,Inconclusive,Inactive,,,Missing or unavailable data
DTXSID6023602,Inconclusive,Inactive,Inactive,Inactive,Missing or unavailable data
DTXSID6023606,,,Inconclusive,Inactive,Missing or unavailable data
DTXSID6023608,Inactive,Inactive,Inactive,Inactive,Inactive in both primary assays
DTXSID6023650,Inconclusive,Inconclusive,,,Missing or unavailable data
DTXSID6023652,Active,Active,Inconclusive,Inactive,Possible BLA viability interference
DTXSID6023656,Active,Active,Active,Active,Possible BLA viability interference
DTXSID6023658,Active,Active,,,Possible BLA viability interference
DTXSID6023733,Inactive,Inconclusive,Inconclusive,Inactive,Missing or unavailable data
DTXSID6023735,Inactive,Inactive,,,Missing or unavailable data
DTXSID6023737,Inactive,Inconclusive,Inconclusive,Inactive,Missing or unavailable data
DTXSID6023810,Active,Active,Active,Active,Possible BLA viability interference
DTXSID6023862,Inconclusive,Inactive,Inconclusive,Inconclusive,Missing or unavailable data
DTXSID6023864,Inactive,Inconclusive,Inconclusive,Inactive,Missing or unavailable data
DTXSID6023868,Active,Active,Active,Active,Possible BLA viability interference
DTXSID6023947,Inconclusive,Inactive,Inconclusive,Inactive,Missing or unavailable data
DTXSID6023997,Active,Inactive,Inactive,Inactive,BLA active only
DTXSID6023999,Inactive,Inconclusive,Inactive,Inactive,Inactive in both primary assays
DTXSID6024046,Active,Inactive,Active,Inactive,Both primary assays active - no viability interference detected
DTXSID6024048,Active,Active,Active,Active,Possible BLA viability interference
DTXSID6024123,Active,Inactive,Inconclusive,Inconclusive,Missing or unavailable data
DTXSID6024127,Inactive,Inactive,Inconclusive,Inactive,Missing or unavailable data
DTXSID6024175,Inactive,Inactive,Inconclusive,Inactive,Missing or unavailable data
DTXSID6024177,Inactive,Inactive,Inconclusive,Inactive,Missing or unavailable data
DTXSID6024200,Inactive,Inactive,Inactive,Inconclusive,Inactive in both primary assays
DTXSID6024204,Inactive,Inconclusive,Inactive,Inactive,Inactive in both primary assays
DTXSID6024206,Inconclusive,Inconclusive,Inactive,Inactive,Missing or unavailable data
DTXSID6024254,Inactive,Inactive,Inactive,Inactive,Inactive in both primary assays
DTXSID6024331,Active,Active,Inactive,Inactive,Possible BLA viability interference
DTXSID6024337,Inactive,Inactive,Inactive,Inactive,Inactive in both primary assays
DTXSID6024412,Inactive,Inactive,Inactive,Inactive,Inactive in both primary assays
DTXSID6024414,Inactive,Inconclusive,Inactive,Inactive,Inactive in both primary assays
DTXSID6024460,Active,Inactive,Inconclusive,Active,Missing or unavailable data
DTXSID6024462,Inactive,Inconclusive,Inconclusive,Inactive,Missing or unavailable data
DTXSID6024466,Inactive,Inactive,Inconclusive,Inactive,Missing or unavailable data
DTXSID6024591,Inactive,Inconclusive,Inconclusive,Inactive,Missing or unavailable data
DTXSID6024597,Inactive,Inconclusive,Inconclusive,Inactive,Missing or unavailable data
DTXSID6024599,Inactive,Inconclusive,Active,Inactive,MDA-kb2 active only
DTXSID6024622,Inactive,Inactive,,,Missing or unavailable data
DTXSID6024624,Inactive,Inactive,Inactive,Inactive,Inactive in both primary assays
DTXSID6024628,Inactive,Inconclusive,Inconclusive,Inconclusive,Missing or unavailable data
DTXSID6024670,Inactive,Inactive,Inactive,Inactive,Inactive in both primary assays
DTXSID6024674,Inactive,Inactive,Inactive,Inactive,Inactive in both primary assays
DTXSID6024676,Inconclusive,Inconclusive,Inactive,Inactive,Missing or unavailable data
DTXSID6024701,Active,Inactive,Active,Inactive,Both primary assays active - no viability interference detected
DTXSID6024832,Active,Inactive,Active,Inactive,Both primary assays active - no viability interference detected
DTXSID6024834,Inactive,Inconclusive,Inactive,Inactive,Inactive in both primary assays
DTXSID6024836,Inconclusive,Inactive,Inactive,Inactive,Missing or unavailable data
DTXSID6024838,,,Active,Active,Possible MDA-kb2 viability interference
DTXSID6024880,Inactive,Inconclusive,Inactive,Inactive,Inactive in both primary assays
DTXSID6024882,Active,Active,Active,Inactive,Possible BLA viability interference
DTXSID6024886,Inconclusive,Inconclusive,Inconclusive,Inactive,Missing or unavailable data
DTXSID6024888,Inactive,Inactive,Inconclusive,Inactive,Missing or unavailable data
DTXSID6024911,Inactive,Inactive,Active,Inactive,MDA-kb2 active only
DTXSID6024913,Inactive,Inactive,Inactive,Inactive,Inactive in both primary assays
DTXSID6024915,Inactive,Active,Inactive,Inactive,Inactive in both primary assays
DTXSID6024917,Inactive,Inactive,Inactive,Inactive,Inactive in both primary assays
DTXSID6024961,Inactive,Inactive,Active,Inactive,MDA-kb2 active only
DTXSID6024965,Inactive,Inconclusive,Inconclusive,Inactive,Missing or unavailable data
DTXSID6024967,Inactive,Inactive,Inactive,Inactive,Inactive in both primary assays
DTXSID6025010,Inconclusive,Inactive,Inconclusive,Inactive,Missing or unavailable data
DTXSID6025012,Inactive,Inactive,Inconclusive,Inactive,Missing or unavailable data
DTXSID6025014,Inconclusive,Inconclusive,Inactive,Inactive,Missing or unavailable data
DTXSID6025018,Inactive,Inactive,Inconclusive,Inactive,Missing or unavailable data
DTXSID6025064,Inactive,Inactive,Inconclusive,Inactive,Missing or unavailable data
DTXSID6025068,Inactive,Inconclusive,Inactive,Inconclusive,Inactive in both primary assays
DTXSID6025141,Inconclusive,Inconclusive,Inconclusive,Inconclusive,Missing or unavailable data
DTXSID6025143,Inactive,Inactive,Inconclusive,Inconclusive,Missing or unavailable data
DTXSID6025145,Inconclusive,Inactive,Inconclusive,Inactive,Missing or unavailable data
DTXSID6025149,Active,Active,Active,Active,Possible BLA viability interference
DTXSID6025220,Inconclusive,Inconclusive,Inactive,Inactive,Missing or unavailable data
DTXSID6025226,Active,Active,Active,Inactive,Possible BLA viability interference
DTXSID6025272,Inactive,Inactive,Inactive,Inactive,Inactive in both primary assays
DTXSID6025276,Inconclusive,Inconclusive,Inconclusive,Inactive,Missing or unavailable data
DTXSID6025278,Inactive,Inactive,Inconclusive,Inactive,Missing or unavailable data
DTXSID6025301,Inconclusive,Inactive,Inactive,Inactive,Missing or unavailable data
DTXSID6025303,Inconclusive,Inactive,Inactive,Inactive,Missing or unavailable data
DTXSID6025305,,,Inactive,Inactive,Missing or unavailable data
DTXSID6025307,Active,Active,Inactive,Inactive,Possible BLA viability interference
DTXSID6025309,Inactive,Inactive,Inactive,Inactive,Inactive in both primary assays
DTXSID6025355,Inactive,Inactive,Inconclusive,Inactive,Missing or unavailable data
DTXSID6025432,,,Inactive,Inactive,Missing or unavailable data
DTXSID6025436,Active,Active,Active,Inactive,Possible BLA viability interference
DTXSID6025438,Inactive,Inactive,Inconclusive,Inactive,Missing or unavailable data
DTXSID6025480,Inconclusive,Inactive,Inactive,Inactive,Missing or unavailable data
DTXSID6025486,Inactive,Inactive,Inconclusive,Inactive,Missing or unavailable data
DTXSID6025513,Active,Active,Active,Active,Possible BLA viability interference
DTXSID6025565,Active,Active,Active,Active,Possible BLA viability interference
DTXSID6025567,Inconclusive,Inconclusive,Inconclusive,Inactive,Missing or unavailable data
DTXSID6025569,Inconclusive,Inconclusive,Inconclusive,Inactive,Missing or unavailable data
DTXSID6025640,Inconclusive,Inconclusive,Inconclusive,Inactive,Missing or unavailable data
DTXSID6025642,Inactive,Inconclusive,Inactive,Inconclusive,Inactive in both primary assays
DTXSID6025648,,,Active,Inactive,Missing or unavailable data
DTXSID6025690,Inactive,Inactive,Inactive,Inconclusive,Inactive in both primary assays
DTXSID6025692,Inconclusive,Inconclusive,Inactive,Inactive,Missing or unavailable data
DTXSID6025696,Active,Active,Active,Active,Possible BLA viability interference
DTXSID6025723,Inactive,Inconclusive,Inactive,Inactive,Inactive in both primary assays
DTXSID6025725,Inactive,Inactive,Inactive,Inactive,Inactive in both primary assays
DTXSID6025775,Inactive,Inconclusive,Inconclusive,Inactive,Missing or unavailable data
DTXSID6025804,Inconclusive,Inactive,Inactive,Inconclusive,Missing or unavailable data
DTXSID6025850,Inactive,Inconclusive,Inconclusive,Inactive,Missing or unavailable data
DTXSID6025854,Inactive,Inactive,Inactive,Inactive,Inactive in both primary assays
DTXSID6025939,Inactive,Inactive,Inactive,Inactive,Inactive in both primary assays
DTXSID6025983,Inconclusive,Inconclusive,Inactive,Inactive,Missing or unavailable data
DTXSID6026080,Inconclusive,Inactive,Inactive,Inactive,Missing or unavailable data
DTXSID6026082,Inactive,Inconclusive,Active,Inactive,MDA-kb2 active only
DTXSID6026084,Active,Inactive,Inactive,Inactive,BLA active only
DTXSID6026088,Inactive,Inactive,Inconclusive,Inactive,Missing or unavailable data
DTXSID6026115,Inconclusive,Inconclusive,Inactive,Inactive,Missing or unavailable data
DTXSID6026119,Inactive,Inconclusive,Inconclusive,Inactive,Missing or unavailable data
DTXSID6026161,Inconclusive,Inconclusive,Inconclusive,Inactive,Missing or unavailable data
DTXSID6026167,Inactive,Inconclusive,Inactive,Inactive,Inactive in both primary assays
DTXSID6026169,Inactive,Inconclusive,Inactive,Inactive,Inactive in both primary assays
DTXSID6026240,Inconclusive,Inconclusive,Inconclusive,Inactive,Missing or unavailable data
DTXSID6026292,Inconclusive,Inconclusive,Inconclusive,Inactive,Missing or unavailable data
DTXSID6026294,Active,Inactive,Active,Inactive,Both primary assays active - no viability interference detected
DTXSID6026298,Inactive,Inactive,Inactive,Inactive,Inactive in both primary assays
DTXSID6026325,Inactive,Inconclusive,Inactive,Inactive,Inactive in both primary assays
DTXSID6026373,Inactive,Inactive,Inactive,Inactive,Inactive in both primary assays
DTXSID6026450,Inactive,Inactive,Inactive,Inactive,Inactive in both primary assays
DTXSID6026535,Inactive,Inactive,Inconclusive,Inactive,Missing or unavailable data
DTXSID6026537,Inconclusive,Inactive,Inactive,Inactive,Missing or unavailable data
DTXSID6026612,Inactive,Inactive,Inactive,Inactive,Inactive in both primary assays
DTXSID6026664,Inactive,Inactive,Active,Inactive,MDA-kb2 active only
DTXSID6026797,Inconclusive,Inconclusive,Inconclusive,Inactive,Missing or unavailable data
DTXSID6026799,Inactive,Inconclusive,Inactive,Inconclusive,Inactive in both primary assays
DTXSID6026824,Inactive,Inconclusive,Inconclusive,Inactive,Missing or unavailable data
DTXSID6026872,Inactive,Inconclusive,Inconclusive,Inactive,Missing or unavailable data
DTXSID6026878,Inactive,Inactive,Inactive,Inactive,Inactive in both primary assays
DTXSID6026901,Active,Active,Active,Active,Possible BLA viability interference
DTXSID6026905,Inconclusive,Inconclusive,Inactive,Inactive,Missing or unavailable data
DTXSID6026955,Inconclusive,Inactive,Inactive,Inactive,Missing or unavailable data
DTXSID6027050,Active,Active,Active,Active,Possible BLA viability interference
DTXSID6027052,Inactive,Inconclusive,Active,Inconclusive,MDA-kb2 active only
DTXSID6027131,Inactive,Inactive,Inconclusive,Inactive,Missing or unavailable data
DTXSID6027133,Inconclusive,Inactive,Inconclusive,Inactive,Missing or unavailable data
DTXSID6027137,Inactive,Inactive,Inconclusive,Inactive,Missing or unavailable data
DTXSID6027181,Inconclusive,Inactive,Inactive,Inactive,Missing or unavailable data
DTXSID6027185,Inactive,Inactive,Inconclusive,Inactive,Missing or unavailable data
DTXSID6027214,Inconclusive,Inactive,Inconclusive,Inactive,Missing or unavailable data
DTXSID6027218,Inconclusive,Inactive,Inactive,Inactive,Missing or unavailable data
DTXSID6027262,Inconclusive,Inactive,Inconclusive,Inactive,Missing or unavailable data
DTXSID6027266,Inactive,Inactive,Inactive,Inactive,Inactive in both primary assays
DTXSID6027268,Inconclusive,Inactive,Inactive,Inactive,Missing or unavailable data
DTXSID6027341,Inactive,Inconclusive,Inconclusive,Inactive,Missing or unavailable data
DTXSID6027343,Inconclusive,Inconclusive,Inconclusive,Inactive,Missing or unavailable data
DTXSID6027345,Inactive,Inactive,Inactive,Inactive,Inactive in both primary assays
DTXSID6027395,Inactive,Inactive,,,Missing or unavailable data
DTXSID6027397,Inactive,Inactive,Inconclusive,Inactive,Missing or unavailable data
DTXSID6027503,Inactive,Inactive,Inconclusive,Inactive,Missing or unavailable data
DTXSID6027507,Inactive,Inactive,Inconclusive,Inactive,Missing or unavailable data
DTXSID6027509,Inactive,Inactive,Inactive,Inactive,Inactive in both primary assays
DTXSID6027551,Inconclusive,Inactive,Inconclusive,Inactive,Missing or unavailable data
DTXSID6027634,,,Inconclusive,Inactive,Missing or unavailable data
DTXSID6027636,Inconclusive,Inactive,Inactive,Inactive,Missing or unavailable data
DTXSID6027713,Inactive,Inactive,Inconclusive,Inactive,Missing or unavailable data
DTXSID6027844,Inactive,Inconclusive,Inconclusive,Inconclusive,Missing or unavailable data
DTXSID6027921,Inactive,Inactive,Inactive,Inactive,Inactive in both primary assays
DTXSID6027923,Inactive,Inactive,Inactive,Inactive,Inactive in both primary assays
DTXSID6027925,Active,Active,Active,Inactive,Possible BLA viability interference
DTXSID6027975,Inactive,Inactive,Inactive,Inactive,Inactive in both primary assays
DTXSID6028022,Inactive,Inactive,Active,Inactive,MDA-kb2 active only
DTXSID6028028,Inactive,Inactive,Inactive,Inactive,Inactive in both primary assays
DTXSID6028492,,,Active,Active,Possible MDA-kb2 viability interference
DTXSID6029121,Inactive,Inactive,Inconclusive,Inactive,Missing or unavailable data
DTXSID6029127,Inconclusive,Inactive,Inactive,Inactive,Missing or unavailable data
DTXSID6029171,,,Inactive,Inactive,Missing or unavailable data
DTXSID6029202,Inconclusive,Inactive,Inconclusive,Inactive,Missing or unavailable data
DTXSID6029250,Inactive,Inconclusive,Inactive,Inactive,Inactive in both primary assays
DTXSID6029254,Inactive,Inconclusive,Inconclusive,Inactive,Missing or unavailable data
DTXSID6029331,Inconclusive,Inactive,Inconclusive,Inactive,Missing or unavailable data
DTXSID6029335,Inconclusive,Inconclusive,,,Missing or unavailable data
DTXSID6029626,Inactive,Inactive,Inconclusive,Inactive,Missing or unavailable data
DTXSID6029670,Inconclusive,Inconclusive,Inactive,Active,Missing or unavailable data
DTXSID6029703,Inactive,Inactive,Inconclusive,Inactive,Missing or unavailable data
DTXSID6029707,Inactive,Inconclusive,Inconclusive,Inactive,Missing or unavailable data
DTXSID6029755,Inconclusive,Inconclusive,Inactive,Inactive,Missing or unavailable data
DTXSID6030607,Inconclusive,Inconclusive,Inactive,Inactive,Missing or unavailable data
DTXSID6031209,Inactive,Inactive,Inactive,Inactive,Inactive in both primary assays
DTXSID6031380,Inconclusive,Inactive,Inconclusive,Inactive,Missing or unavailable data
DTXSID6031461,Inactive,Inactive,Inconclusive,Inactive,Missing or unavailable data
DTXSID6032061,Inactive,Active,Active,Inactive,MDA-kb2 active only
DTXSID6032192,Active,Inactive,Active,Inactive,Both primary assays active - no viability interference detected
DTXSID6032352,Inactive,Inactive,Inactive,Inactive,Inactive in both primary assays
DTXSID6032354,Inactive,Inconclusive,Inconclusive,Inactive,Missing or unavailable data
DTXSID6032356,Inconclusive,Inconclusive,Inactive,Inactive,Missing or unavailable data
DTXSID6032358,Inactive,Inactive,Inconclusive,Inactive,Missing or unavailable data
DTXSID6032431,Active,Inactive,Active,Inactive,Both primary assays active - no viability interference detected
DTXSID6032437,Inactive,Inactive,Inactive,Inactive,Inactive in both primary assays
DTXSID6032514,Inconclusive,Inactive,Inactive,Inactive,Missing or unavailable data
DTXSID6032516,Inactive,Inactive,Inactive,Inactive,Inactive in both primary assays
DTXSID6032518,Inactive,Inactive,Active,Active,Possible MDA-kb2 viability interference
DTXSID6032562,Active,Inactive,Active,Inactive,Both primary assays active - no viability interference detected
DTXSID6032641,Inactive,Inactive,Inconclusive,Inactive,Missing or unavailable data
DTXSID6032645,Inactive,Inconclusive,Inactive,Inactive,Inactive in both primary assays
DTXSID6032647,Active,Active,Inconclusive,Active,Possible BLA viability interference
DTXSID6032649,Inactive,Inactive,Inconclusive,Inactive,Missing or unavailable data
DTXSID6032722,Inactive,Inconclusive,Inactive,Inactive,Inactive in both primary assays
DTXSID6033241,Inconclusive,Inconclusive,Inactive,Inactive,Missing or unavailable data
DTXSID6033247,Inconclusive,Inactive,Active,Active,Possible MDA-kb2 viability interference
DTXSID6033326,Inactive,Inactive,Inconclusive,Inactive,Missing or unavailable data
DTXSID6033401,Inactive,Inconclusive,Inactive,Inactive,Inactive in both primary assays
DTXSID6033538,Active,Inactive,Active,Inactive,Both primary assays active - no viability interference detected
DTXSID6033825,Inconclusive,Inconclusive,Inconclusive,Inactive,Missing or unavailable data
DTXSID6034005,Inconclusive,Inconclusive,Inactive,Inactive,Missing or unavailable data
DTXSID6034186,Active,Inactive,Active,Inactive,Both primary assays active - no viability interference detected
DTXSID6034265,Inactive,Inactive,Inactive,Inactive,Inactive in both primary assays
DTXSID6034392,Inactive,Inactive,Inactive,Inactive,Inactive in both primary assays
DTXSID6034762,,,Inactive,Inactive,Missing or unavailable data
DTXSID6034764,Inconclusive,Inactive,Inconclusive,Inactive,Missing or unavailable data
DTXSID6034849,Inconclusive,Inconclusive,Inactive,Inactive,Missing or unavailable data
DTXSID6034924,Inactive,Inactive,Inconclusive,Inactive,Missing or unavailable data
DTXSID6034928,Inconclusive,Inactive,Inactive,Inactive,Missing or unavailable data
DTXSID6034972,Inactive,Inconclusive,Inactive,Inactive,Inactive in both primary assays
DTXSID6035106,Inconclusive,Inconclusive,,,Missing or unavailable data
DTXSID6035152,Inactive,Inconclusive,Inactive,Inactive,Inactive in both primary assays
DTXSID6035156,Inactive,Inconclusive,Inactive,Inactive,Inactive in both primary assays
DTXSID6035285,Active,Active,Inactive,Inactive,Possible BLA viability interference
DTXSID6035491,Active,Active,,,Possible BLA viability interference
DTXSID6035784,Inconclusive,Inactive,Inactive,Inactive,Missing or unavailable data
DTXSID6036467,Inconclusive,Inactive,Inconclusive,Inconclusive,Missing or unavailable data
DTXSID6037015,Inactive,Inconclusive,Inconclusive,Inactive,Missing or unavailable data
DTXSID6037069,Inactive,Inactive,,,Missing or unavailable data
DTXSID6037483,,,Inactive,Inactive,Missing or unavailable data
DTXSID6037564,,,Active,Inactive,Missing or unavailable data
DTXSID6037568,,,Inactive,Inactive,Missing or unavailable data
DTXSID6037649,Inactive,Inconclusive,Inactive,Inactive,Inactive in both primary assays
DTXSID6037697,Inactive,Inconclusive,Inactive,Inactive,Inactive in both primary assays
DTXSID6037728,Inactive,Inactive,Inactive,Active,Inactive in both primary assays
DTXSID6038326,,,Inconclusive,Inactive,Missing or unavailable data
DTXSID6038798,Inconclusive,Inconclusive,Inactive,Inconclusive,Missing or unavailable data
DTXSID6038827,,,Inactive,Inactive,Missing or unavailable data
DTXSID6038875,Active,Inactive,Active,Inactive,Both primary assays active - no viability interference detected
DTXSID6038877,Active,Active,Active,Inactive,Possible BLA viability interference
DTXSID6040111,Inactive,Inactive,Inactive,Inconclusive,Inactive in both primary assays
DTXSID6040115,Inconclusive,Inactive,Inactive,Inactive,Missing or unavailable data
DTXSID6040246,Inactive,Inactive,Inconclusive,Inactive,Missing or unavailable data
DTXSID6040290,Active,Inactive,Active,Inactive,Both primary assays active - no viability interference detected
DTXSID6040296,Inconclusive,Inconclusive,Inactive,Inactive,Missing or unavailable data
DTXSID6040371,Active,Active,Active,Active,Possible BLA viability interference
DTXSID6040373,,,Inactive,Inactive,Missing or unavailable data
DTXSID6040375,,,Inconclusive,Inactive,Missing or unavailable data
DTXSID6040404,Inconclusive,Inactive,Inconclusive,Inactive,Missing or unavailable data
DTXSID6040583,Inconclusive,Inactive,Inactive,Inactive,Missing or unavailable data
DTXSID6040614,Inconclusive,Inactive,Inactive,Inactive,Missing or unavailable data
DTXSID6040662,Inactive,Active,Inactive,Inactive,Inactive in both primary assays
DTXSID6040664,Inactive,Inactive,Inactive,Inactive,Inactive in both primary assays
DTXSID6040666,Inactive,Inconclusive,,,Missing or unavailable data
DTXSID6040668,Active,Inactive,Active,Inconclusive,Missing or unavailable data
DTXSID6040743,,,Inconclusive,Inactive,Missing or unavailable data
DTXSID6040745,Inactive,Inactive,Inactive,Inactive,Inactive in both primary assays
DTXSID6040747,Inactive,Inconclusive,Inactive,Inconclusive,Inactive in both primary assays
DTXSID6040795,Inconclusive,Inconclusive,Inactive,Inactive,Missing or unavailable data
DTXSID6041056,Inactive,Inconclusive,Inactive,Inactive,Inactive in both primary assays
DTXSID6041133,Inconclusive,Inactive,Inconclusive,Inactive,Missing or unavailable data
DTXSID6041137,Inconclusive,Inconclusive,Inconclusive,Inactive,Missing or unavailable data
DTXSID6041185,Inactive,Inconclusive,Inactive,Inactive,Inactive in both primary assays
DTXSID6041210,Inactive,Inconclusive,Inconclusive,Inactive,Missing or unavailable data
DTXSID6041268,Active,Active,Inactive,Inactive,Possible BLA viability interference
DTXSID6041347,Inactive,Inconclusive,Inactive,Inactive,Inactive in both primary assays
DTXSID6041349,Inactive,Inactive,Inconclusive,Inactive,Missing or unavailable data
DTXSID6041397,,,Inconclusive,Inactive,Missing or unavailable data
DTXSID6041420,Inconclusive,Inactive,Inactive,Inactive,Missing or unavailable data
DTXSID6041422,Inconclusive,Inactive,Active,Inconclusive,Missing or unavailable data
DTXSID6041424,Inactive,Inconclusive,Inactive,Inactive,Inactive in both primary assays
DTXSID6041426,Inconclusive,Inconclusive,Inactive,Inactive,Missing or unavailable data
DTXSID6041472,Inactive,Inconclusive,Inconclusive,Inactive,Missing or unavailable data
DTXSID6041503,,,Active,Active,Possible MDA-kb2 viability interference
DTXSID6041507,Inactive,Inactive,Inactive,Inconclusive,Inactive in both primary assays
DTXSID6041551,,,Inactive,Inactive,Missing or unavailable data
DTXSID6041557,Inconclusive,Inactive,Inactive,Inactive,Missing or unavailable data
DTXSID6041636,Inactive,Inactive,Inactive,Inactive,Inactive in both primary assays
DTXSID6041638,Inactive,Inactive,Inconclusive,Inactive,Missing or unavailable data
DTXSID6041680,Inactive,Inconclusive,Inactive,Inactive,Inactive in both primary assays
DTXSID6041682,Inconclusive,Inactive,Active,Active,Possible MDA-kb2 viability interference
DTXSID6041684,Inconclusive,Inactive,Active,Inactive,Missing or unavailable data
DTXSID6041688,Active,Inactive,Active,Inactive,Both primary assays active - no viability interference detected
DTXSID6041715,Inactive,Inactive,Inactive,Active,Inactive in both primary assays
DTXSID6041719,Inconclusive,Inactive,Inactive,Active,Missing or unavailable data
DTXSID6041761,Active,Active,Active,Active,Possible BLA viability interference
DTXSID6041844,Inactive,Inactive,Inconclusive,Inactive,Missing or unavailable data
DTXSID6041892,Active,Inactive,Inactive,Inactive,BLA active only
DTXSID6041925,Inactive,Inconclusive,Inactive,Inactive,Inactive in both primary assays
DTXSID6041927,Inactive,Inactive,Inactive,Inactive,Inactive in both primary assays
DTXSID6041973,Inactive,Inconclusive,Active,Inactive,MDA-kb2 active only
DTXSID6041977,Active,Inactive,Active,Inactive,Both primary assays active - no viability interference detected
DTXSID6042072,Inactive,Inconclusive,Inactive,Inactive,Inactive in both primary assays
DTXSID6042074,Inactive,Inactive,Inactive,Inactive,Inactive in both primary assays
DTXSID6042151,,,Inactive,Inactive,Missing or unavailable data
DTXSID6042157,Inactive,Inconclusive,Inconclusive,Inactive,Missing or unavailable data
DTXSID6042232,Inactive,Inactive,Inconclusive,Inactive,Missing or unavailable data
DTXSID6042234,Inconclusive,Inactive,Inactive,Inactive,Missing or unavailable data
DTXSID6042280,Inactive,Inactive,Inactive,Inactive,Inactive in both primary assays
DTXSID6042282,,,Inconclusive,Inactive,Missing or unavailable data
DTXSID6042315,Active,Active,Inactive,Inactive,Possible BLA viability interference
DTXSID6042365,Inconclusive,Inactive,Inactive,Inactive,Missing or unavailable data
DTXSID6042369,Active,Active,Active,Active,Possible BLA viability interference
DTXSID6042440,Inactive,Inactive,Inactive,Inactive,Inactive in both primary assays
DTXSID6042448,Inactive,Inconclusive,Inconclusive,Inactive,Missing or unavailable data
DTXSID6042490,Inactive,Inactive,Inconclusive,Inactive,Missing or unavailable data
DTXSID6042494,Inconclusive,Inconclusive,Inactive,Inactive,Missing or unavailable data
DTXSID6042498,Active,Inactive,Active,Inactive,Both primary assays active - no viability interference detected
DTXSID6042521,Inactive,Inactive,Inactive,Inactive,Inactive in both primary assays
DTXSID6042579,Inactive,Inactive,Active,Inactive,MDA-kb2 active only
DTXSID6042602,Inconclusive,Inactive,Active,Active,Possible MDA-kb2 viability interference
DTXSID6043709,Inconclusive,Inconclusive,Inactive,Active,Missing or unavailable data
DTXSID6043913,Inactive,Inactive,Inactive,Inactive,Inactive in both primary assays
DTXSID6043915,Active,Inactive,Active,Active,Possible MDA-kb2 viability interference
DTXSID6043917,,,Inconclusive,Inactive,Missing or unavailable data
DTXSID6043919,Inactive,Inconclusive,Inconclusive,Inactive,Missing or unavailable data
DTXSID6044014,Inactive,Inactive,,,Missing or unavailable data
DTXSID6044199,,,Inconclusive,Inactive,Missing or unavailable data
DTXSID6044226,Active,Inconclusive,Inactive,Inactive,BLA active only
DTXSID6044272,Inactive,Inactive,,,Missing or unavailable data
DTXSID6044303,Inactive,Inactive,Inconclusive,Inactive,Missing or unavailable data
DTXSID6044307,Inactive,Inactive,Inconclusive,Inactive,Missing or unavailable data
DTXSID6044309,Active,Active,Active,Active,Possible BLA viability interference
DTXSID6044353,Inconclusive,Inactive,Inactive,Inactive,Missing or unavailable data
DTXSID6044355,Inactive,Inconclusive,Inactive,Inactive,Inactive in both primary assays
DTXSID6044357,Inconclusive,Inactive,Inconclusive,Inactive,Missing or unavailable data
DTXSID6044359,Inconclusive,Inconclusive,Inconclusive,Inactive,Missing or unavailable data
DTXSID6044430,Inactive,Inconclusive,Inactive,Inactive,Inactive in both primary assays
DTXSID6044436,Inactive,Inactive,Inactive,Inactive,Inactive in both primary assays
DTXSID6044438,Inconclusive,Inconclusive,Inconclusive,Inactive,Missing or unavailable data
DTXSID6044480,,,Inactive,Inactive,Missing or unavailable data
DTXSID6044484,Inactive,Inactive,Inactive,Inactive,Inactive in both primary assays
DTXSID6044486,Inactive,Inactive,Inconclusive,Inactive,Missing or unavailable data
DTXSID6044488,Inactive,Inactive,Inactive,Inactive,Inactive in both primary assays
DTXSID6044511,Inactive,Inactive,Inactive,Inactive,Inactive in both primary assays
DTXSID6044513,Inconclusive,Inactive,Inactive,Inactive,Missing or unavailable data
DTXSID6044515,Inactive,Inactive,Inconclusive,Inactive,Missing or unavailable data
DTXSID6044517,Inconclusive,Inconclusive,Inactive,Inactive,Missing or unavailable data
DTXSID6044519,Inactive,Inactive,Inactive,Inactive,Inactive in both primary assays
DTXSID6044561,Inactive,Inactive,Inconclusive,Inactive,Missing or unavailable data
DTXSID6044563,Inconclusive,Inactive,Inconclusive,Inactive,Missing or unavailable data
DTXSID6044565,Inconclusive,Inactive,Inactive,Inactive,Missing or unavailable data
DTXSID6044642,Active,Inactive,Active,Active,Possible MDA-kb2 viability interference
DTXSID6044644,Inactive,Inconclusive,Inconclusive,Inactive,Missing or unavailable data
DTXSID6044646,Inactive,Inconclusive,Inactive,Inactive,Inactive in both primary assays
DTXSID6044648,Inactive,Inactive,Inactive,Inactive,Inactive in both primary assays
DTXSID6044690,Inactive,Inconclusive,Inactive,Inactive,Inactive in both primary assays
DTXSID6044692,Inconclusive,Inactive,Inconclusive,Inactive,Missing or unavailable data
DTXSID6044696,Inactive,Inactive,Inactive,Inactive,Inactive in both primary assays
DTXSID6044698,Inactive,Inactive,Inconclusive,Inactive,Missing or unavailable data
DTXSID6044721,Inactive,Inconclusive,Inactive,Inactive,Inactive in both primary assays
DTXSID6044723,Inconclusive,Inconclusive,Inactive,Inactive,Missing or unavailable data
DTXSID6044725,Inconclusive,Inactive,Inconclusive,Inactive,Missing or unavailable data
DTXSID6044727,Inactive,Inconclusive,Inconclusive,Inactive,Missing or unavailable data
DTXSID6044771,Inactive,Inconclusive,Inconclusive,Inactive,Missing or unavailable data
DTXSID6044773,Inactive,Inactive,Inactive,Inactive,Inactive in both primary assays
DTXSID6044777,Inactive,Inactive,Inactive,Inactive,Inactive in both primary assays
DTXSID6044779,Active,Active,Active,Active,Possible BLA viability interference
DTXSID6044800,Inactive,Inactive,Inactive,Inactive,Inactive in both primary assays
DTXSID6044802,Inactive,Inactive,Inactive,Inactive,Inactive in both primary assays
DTXSID6044804,Inactive,Inconclusive,Inactive,Inactive,Inactive in both primary assays
DTXSID6044808,Inactive,Inactive,Inactive,Inactive,Inactive in both primary assays
DTXSID6044852,Inactive,Inactive,Inactive,Inconclusive,Inactive in both primary assays
DTXSID6044854,Inactive,Inactive,Inconclusive,Inactive,Missing or unavailable data
DTXSID6044856,Inactive,Inconclusive,Inconclusive,Inconclusive,Missing or unavailable data
DTXSID6044858,Inconclusive,Inactive,Inactive,Inactive,Missing or unavailable data
DTXSID6044931,Inconclusive,Inconclusive,Inconclusive,Inactive,Missing or unavailable data
DTXSID6044933,Inconclusive,Inconclusive,Inconclusive,Inactive,Missing or unavailable data
DTXSID6044935,Inactive,Inconclusive,Inactive,Inactive,Inactive in both primary assays
DTXSID6044939,Inactive,Inconclusive,Inactive,Inactive,Inactive in both primary assays
DTXSID6044981,Inactive,Inactive,Inactive,Inactive,Inactive in both primary assays
DTXSID6044983,Inconclusive,Inactive,Inconclusive,Inactive,Missing or unavailable data
DTXSID6044985,Inactive,Inconclusive,Inactive,Inactive,Inactive in both primary assays
DTXSID6044989,Inactive,Inactive,Inconclusive,Inconclusive,Missing or unavailable data
DTXSID6045082,Inconclusive,Inactive,,,Missing or unavailable data
DTXSID6045084,Inactive,Inactive,Inactive,Inactive,Inactive in both primary assays
DTXSID6045086,Active,Inconclusive,,,Missing or unavailable data
DTXSID6045088,Inconclusive,Inconclusive,Inactive,Inactive,Missing or unavailable data
DTXSID6045111,Inactive,Inactive,Active,Active,Possible MDA-kb2 viability interference
DTXSID6045115,Inactive,Inactive,,,Missing or unavailable data
DTXSID6045117,Inactive,Inactive,Inconclusive,Inactive,Missing or unavailable data
DTXSID6045119,Inactive,Inactive,Inconclusive,Inactive,Missing or unavailable data
DTXSID6045161,Active,Inactive,Active,Inactive,Both primary assays active - no viability interference detected
DTXSID6045163,Inactive,Inconclusive,Inconclusive,Inactive,Missing or unavailable data
DTXSID6045165,Active,Active,Active,Active,Possible BLA viability interference
DTXSID6045167,Inactive,Inconclusive,Inactive,Inactive,Inactive in both primary assays
DTXSID6045169,Inactive,Inactive,Inactive,Inactive,Inactive in both primary assays
DTXSID6045240,Inconclusive,Inconclusive,,,Missing or unavailable data
DTXSID6045244,Inactive,Inactive,,,Missing or unavailable data
DTXSID6045248,Inactive,Inactive,Inactive,Inactive,Inactive in both primary assays
DTXSID6045292,Inactive,Inactive,Inactive,Inactive,Inactive in both primary assays
DTXSID6045296,Inactive,Inactive,Inconclusive,Inactive,Missing or unavailable data
DTXSID6045321,Inactive,Inactive,Inconclusive,Inactive,Missing or unavailable data
DTXSID6045323,Inactive,Inactive,Active,Active,Possible MDA-kb2 viability interference
DTXSID6045325,Inactive,Inactive,,,Missing or unavailable data
DTXSID6045371,Inconclusive,Inactive,Inconclusive,Inactive,Missing or unavailable data
DTXSID6045373,Inactive,Inactive,Inconclusive,Inactive,Missing or unavailable data
DTXSID6045375,Active,Inactive,Inconclusive,Inactive,Missing or unavailable data
DTXSID6045377,Inactive,Inactive,Active,Active,Possible MDA-kb2 viability interference
DTXSID6045400,Inactive,Inconclusive,Inactive,Inactive,Inactive in both primary assays
DTXSID6045402,Inactive,Inactive,,,Missing or unavailable data
DTXSID6045406,Inconclusive,Inactive,,,Missing or unavailable data
DTXSID6045408,Inactive,Inconclusive,,,Missing or unavailable data
DTXSID6045452,Inactive,Inactive,Active,Inactive,MDA-kb2 active only
DTXSID6045531,Inactive,Inconclusive,Inactive,Inactive,Inactive in both primary assays
DTXSID6045533,Inconclusive,Inactive,Inconclusive,Inactive,Missing or unavailable data
DTXSID6045535,Inactive,Inactive,,,Missing or unavailable data
DTXSID6045537,Inconclusive,Inactive,,,Missing or unavailable data
DTXSID6045539,Inactive,Inconclusive,,,Missing or unavailable data
DTXSID6045581,Inactive,Inactive,,,Missing or unavailable data
DTXSID6045583,Active,Inactive,Active,Inactive,Both primary assays active - no viability interference detected
DTXSID6045585,Inconclusive,Inconclusive,,,Missing or unavailable data
DTXSID6045587,Inconclusive,Inactive,Inactive,Inconclusive,Missing or unavailable data
DTXSID6045614,Active,Inactive,Inconclusive,Inactive,Missing or unavailable data
DTXSID6045616,Active,Inactive,Active,Active,Possible MDA-kb2 viability interference
DTXSID6045618,Inactive,Inactive,Inconclusive,Inactive,Missing or unavailable data
DTXSID6045660,Inconclusive,Inactive,Inactive,Inactive,Missing or unavailable data
DTXSID6045662,Inactive,Inactive,Active,Inactive,MDA-kb2 active only
DTXSID6045666,Inconclusive,Inactive,Active,Active,Possible MDA-kb2 viability interference
DTXSID6045668,Inconclusive,Inconclusive,Inactive,Inactive,Missing or unavailable data
DTXSID6045741,Inactive,Inconclusive,Inactive,Inactive,Inactive in both primary assays
DTXSID6045743,Inconclusive,Inactive,Active,Inconclusive,Missing or unavailable data
DTXSID6045745,Inconclusive,Inactive,Inactive,Inactive,Missing or unavailable data
DTXSID6045749,Inconclusive,Inactive,,,Missing or unavailable data
DTXSID6045791,Active,Active,Active,Active,Possible BLA viability interference
DTXSID6045795,Inactive,Inactive,,,Missing or unavailable data
DTXSID6045820,Inconclusive,Inconclusive,Inactive,Inactive,Missing or unavailable data
DTXSID6045822,Inactive,Inactive,,,Missing or unavailable data
DTXSID6045824,Inactive,Inconclusive,,,Missing or unavailable data
DTXSID6045828,Inconclusive,Inactive,Inactive,Inactive,Missing or unavailable data
DTXSID6045870,Inactive,Inactive,Inactive,Inactive,Inactive in both primary assays
DTXSID6045872,Inactive,Inactive,,,Missing or unavailable data
DTXSID6045874,Inconclusive,Inactive,Inactive,Inactive,Missing or unavailable data
DTXSID6045878,Inactive,Inconclusive,Inactive,Inactive,Inactive in both primary assays
DTXSID6045901,Inconclusive,Inconclusive,Inconclusive,Inactive,Missing or unavailable data
DTXSID6045903,Inactive,Inactive,,,Missing or unavailable data
DTXSID6045905,Inactive,Inactive,,,Missing or unavailable data
DTXSID6045907,Active,Inactive,Inconclusive,Inactive,Missing or unavailable data
DTXSID6045909,Inactive,Inactive,Inconclusive,Inactive,Missing or unavailable data
DTXSID6045951,Inactive,Inactive,,,Missing or unavailable data
DTXSID6045953,Active,Inactive,Active,Inactive,Both primary assays active - no viability interference detected
DTXSID6045955,Inconclusive,Inactive,Active,Active,Possible MDA-kb2 viability interference
DTXSID6045957,Inactive,Active,Active,Active,Possible MDA-kb2 viability interference
DTXSID6045959,Inconclusive,Inactive,,,Missing or unavailable data
DTXSID6046000,Inconclusive,Inactive,Inactive,Inactive,Missing or unavailable data
DTXSID6046008,Active,Active,,,Possible BLA viability interference
DTXSID6046054,Inactive,Inactive,,,Missing or unavailable data
DTXSID6046131,Inactive,Inactive,Inconclusive,Inactive,Missing or unavailable data
DTXSID6046133,Inactive,Inconclusive,,,Missing or unavailable data
DTXSID6046135,Inactive,Inactive,,,Missing or unavailable data
DTXSID6046137,Active,Active,Active,Active,Possible BLA viability interference
DTXSID6046139,Active,Inactive,,,Missing or unavailable data
DTXSID6046181,Inactive,Inactive,Inconclusive,Inactive,Missing or unavailable data
DTXSID6046183,Inactive,Inactive,,,Missing or unavailable data
DTXSID6046185,Inactive,Inactive,,,Missing or unavailable data
DTXSID6046187,Inconclusive,Inactive,,,Missing or unavailable data
DTXSID6046189,Inactive,Inconclusive,,,Missing or unavailable data
DTXSID6046210,Active,Inconclusive,,,Missing or unavailable data
DTXSID6046212,Inactive,Inactive,,,Missing or unavailable data
DTXSID6046214,Inactive,Inactive,,,Missing or unavailable data
DTXSID6046216,Inactive,Inconclusive,Inactive,Inactive,Inactive in both primary assays
DTXSID6046218,Inactive,Inactive,,,Missing or unavailable data
DTXSID6046260,Inconclusive,Inactive,Inactive,Inactive,Missing or unavailable data
DTXSID6046262,Inactive,Inactive,,,Missing or unavailable data
DTXSID6046264,Inactive,Inactive,Inconclusive,Inactive,Missing or unavailable data
DTXSID6046266,Inactive,Inactive,Inactive,Inactive,Inactive in both primary assays
DTXSID6046268,Active,Inactive,,,Missing or unavailable data
DTXSID6046341,Inactive,Inactive,Inactive,Inconclusive,Inactive in both primary assays
DTXSID6046343,Inactive,Inconclusive,Inconclusive,Inactive,Missing or unavailable data
DTXSID6046345,Inconclusive,Inconclusive,Inactive,Inactive,Missing or unavailable data
DTXSID6046347,Inconclusive,Inconclusive,Inconclusive,Inactive,Missing or unavailable data
DTXSID6046349,Inactive,Inactive,Inactive,Inactive,Inactive in both primary assays
DTXSID6046391,Active,Inactive,Inactive,Inactive,BLA active only
DTXSID6046393,Inactive,Inconclusive,,,Missing or unavailable data
DTXSID6046395,Inactive,Inconclusive,Inconclusive,Inactive,Missing or unavailable data
DTXSID6046397,Inconclusive,Inactive,,,Missing or unavailable data
DTXSID6046399,Active,Inactive,Inactive,Inactive,BLA active only
DTXSID6046420,Inactive,Inactive,Active,Inactive,MDA-kb2 active only
DTXSID6046422,Inconclusive,Inconclusive,Inconclusive,Inactive,Missing or unavailable data
DTXSID6046424,Inactive,Inactive,Inactive,Inactive,Inactive in both primary assays
DTXSID6046426,Inactive,Inactive,Inconclusive,Inactive,Missing or unavailable data
DTXSID6046428,Inactive,Inactive,Active,Inactive,MDA-kb2 active only
DTXSID6046470,Active,Inactive,Inactive,Inactive,BLA active only
DTXSID6046472,Active,Inactive,Active,Active,Possible MDA-kb2 viability interference
DTXSID6046474,Active,Inactive,Inactive,Inactive,BLA active only
DTXSID6046476,Inactive,Inconclusive,,,Missing or unavailable data
DTXSID6046478,Active,Inactive,Inconclusive,Inactive,Missing or unavailable data
DTXSID6046501,Inactive,Inactive,Inconclusive,Inactive,Missing or unavailable data
DTXSID6046503,Inconclusive,Inconclusive,Active,Inactive,Missing or unavailable data
DTXSID6046505,Inactive,Inactive,Inactive,Inactive,Inactive in both primary assays
DTXSID6046507,Active,Active,Active,Active,Possible BLA viability interference
DTXSID6046509,Inactive,Inactive,,,Missing or unavailable data
DTXSID6046551,Inactive,Inactive,,,Missing or unavailable data
DTXSID6046553,Active,Inactive,Active,Inactive,Both primary assays active - no viability interference detected
DTXSID6046555,Inactive,Inactive,Inactive,Inactive,Inactive in both primary assays
DTXSID6046557,Inconclusive,Inconclusive,Inactive,Inconclusive,Missing or unavailable data
DTXSID6046630,Inactive,Inconclusive,,,Missing or unavailable data
DTXSID6046634,Inconclusive,Inactive,Inactive,Inactive,Missing or unavailable data
DTXSID6046636,Active,Inactive,,,Missing or unavailable data
DTXSID6046638,Inactive,Inactive,Inconclusive,Inactive,Missing or unavailable data
DTXSID6046682,Inactive,Inactive,,,Missing or unavailable data
DTXSID6046686,Inactive,Inactive,,,Missing or unavailable data
DTXSID6046688,Inactive,Inactive,Inactive,Inactive,Inactive in both primary assays
DTXSID6046713,Inactive,Inactive,,,Missing or unavailable data
DTXSID6046715,Inactive,Inactive,Inactive,Inactive,Inactive in both primary assays
DTXSID6046719,Active,Active,,,Possible BLA viability interference
DTXSID6046761,Inactive,Inconclusive,,,Missing or unavailable data
DTXSID6046763,Active,Inactive,,,Missing or unavailable data
DTXSID6046765,Inconclusive,Inactive,,,Missing or unavailable data
DTXSID6046767,Inconclusive,Inconclusive,Inconclusive,Inactive,Missing or unavailable data
DTXSID6046842,Inactive,Inconclusive,Inconclusive,Inactive,Missing or unavailable data
DTXSID6046844,Inactive,Active,,,Missing or unavailable data
DTXSID6046846,Inactive,Inactive,,,Missing or unavailable data
DTXSID6046890,Inactive,Inactive,Inconclusive,Inactive,Missing or unavailable data
DTXSID6046892,Inactive,Inactive,Active,Inactive,MDA-kb2 active only
DTXSID6046894,Inactive,Inconclusive,,,Missing or unavailable data
DTXSID6046896,Inactive,Inconclusive,Inactive,Inactive,Inactive in both primary assays
DTXSID6046898,Active,Inactive,,,Missing or unavailable data
DTXSID6046921,Inactive,Inconclusive,,,Missing or unavailable data
DTXSID6046923,Inconclusive,Inactive,,,Missing or unavailable data
DTXSID6046925,Inactive,Inactive,Active,Inactive,MDA-kb2 active only
DTXSID6046977,Inactive,Inactive,Inconclusive,Inactive,Missing or unavailable data
DTXSID6046979,Active,Active,Active,Inactive,Possible BLA viability interference
DTXSID6047028,Inactive,Inactive,Inactive,Inactive,Inactive in both primary assays
DTXSID6047070,Inconclusive,Inactive,Inconclusive,Inactive,Missing or unavailable data
DTXSID6047072,Inconclusive,Inconclusive,Inactive,Inactive,Missing or unavailable data
DTXSID6047074,Inactive,Inactive,Inactive,Inactive,Inactive in both primary assays
DTXSID6047076,Inconclusive,Inconclusive,,,Missing or unavailable data
DTXSID6047078,Inactive,Inactive,Inactive,Inactive,Inactive in both primary assays
DTXSID6047101,Inactive,Inactive,Inconclusive,Inactive,Missing or unavailable data
DTXSID6047103,Inactive,Inactive,Inactive,Inactive,Inactive in both primary assays
DTXSID6047105,Inconclusive,Inconclusive,Inactive,Inactive,Missing or unavailable data
DTXSID6047107,Inactive,Inactive,Inconclusive,Inactive,Missing or unavailable data
DTXSID6047109,Inconclusive,Inconclusive,Inactive,Inactive,Missing or unavailable data
DTXSID6047155,Inconclusive,Inactive,Inactive,Inconclusive,Missing or unavailable data
DTXSID6047157,Inconclusive,Inconclusive,Inactive,Inactive,Missing or unavailable data
DTXSID6047159,Inactive,Inactive,Inconclusive,Inactive,Missing or unavailable data
DTXSID6047236,Inconclusive,Inconclusive,Inactive,Inactive,Missing or unavailable data
DTXSID6047280,Inactive,Active,Active,Active,Possible MDA-kb2 viability interference
DTXSID6047282,Inactive,Inactive,Inconclusive,Inactive,Missing or unavailable data
DTXSID6047284,Inactive,Inactive,Inconclusive,Inactive,Missing or unavailable data
DTXSID6047286,Inactive,Inconclusive,Inconclusive,Inactive,Missing or unavailable data
DTXSID6047288,Active,Active,Active,Active,Possible BLA viability interference
DTXSID6047311,Active,Active,Active,Inactive,Possible BLA viability interference
DTXSID6047313,Inactive,Inactive,Inactive,Inactive,Inactive in both primary assays
DTXSID6047315,Active,Active,Active,Inactive,Possible BLA viability interference
DTXSID6047319,Inactive,Inconclusive,Inactive,Inactive,Inactive in both primary assays
DTXSID6047363,Inactive,Inactive,Inactive,Inactive,Inactive in both primary assays
DTXSID6047369,Active,Active,Active,Active,Possible BLA viability interference
DTXSID6047440,Inactive,Inactive,Inactive,Inactive,Inactive in both primary assays
DTXSID6047444,Inactive,Inactive,Inconclusive,Inactive,Missing or unavailable data
DTXSID6047446,Inconclusive,Inactive,Active,Inactive,Missing or unavailable data
DTXSID6047448,Inconclusive,Inactive,Inactive,Inactive,Missing or unavailable data
DTXSID6047490,Inconclusive,Inconclusive,Inconclusive,Inactive,Missing or unavailable data
DTXSID6047498,Active,Active,Active,Active,Possible BLA viability interference
DTXSID6047523,Inactive,Inconclusive,Inactive,Inactive,Inactive in both primary assays
DTXSID6047525,Inactive,Inconclusive,Inconclusive,Inactive,Missing or unavailable data
DTXSID6047527,Inactive,Inactive,Inconclusive,Inactive,Missing or unavailable data
DTXSID6047529,Inconclusive,Inactive,Inactive,Inactive,Missing or unavailable data
DTXSID6047579,Inconclusive,Inconclusive,Inconclusive,Inactive,Missing or unavailable data
DTXSID6047602,,,Inconclusive,Inactive,Missing or unavailable data
DTXSID6047604,Inactive,Inactive,Inconclusive,Inactive,Missing or unavailable data
DTXSID6047606,Inactive,Inconclusive,Inactive,Inactive,Inactive in both primary assays
DTXSID6047608,Inconclusive,Inconclusive,Inactive,Inactive,Missing or unavailable data
DTXSID6047654,Inactive,Inconclusive,Inactive,Inactive,Inactive in both primary assays
DTXSID6047656,Inconclusive,Inactive,Inactive,Inactive,Missing or unavailable data
DTXSID6047781,Inconclusive,Inconclusive,Inconclusive,Inactive,Missing or unavailable data
DTXSID6047783,Inactive,Inactive,Inactive,Inactive,Inactive in both primary assays
DTXSID6047785,Inactive,Inactive,Active,Active,Possible MDA-kb2 viability interference
DTXSID6047787,Inactive,Inactive,Inconclusive,Inactive,Missing or unavailable data
DTXSID6047789,Inconclusive,Inactive,Inactive,Inactive,Missing or unavailable data
DTXSID6047810,Inactive,Inconclusive,,,Missing or unavailable data
DTXSID6047818,Inactive,Inactive,Inactive,Inactive,Inactive in both primary assays
DTXSID6047941,Inactive,Inactive,Active,Active,Possible MDA-kb2 viability interference
DTXSID6047943,Active,Active,Active,Active,Possible BLA viability interference
DTXSID6047945,Inconclusive,Inactive,Active,Active,Possible MDA-kb2 viability interference
DTXSID6047947,Inconclusive,Inactive,Inactive,Inactive,Missing or unavailable data
DTXSID6047949,Inactive,Active,Active,Active,Possible MDA-kb2 viability interference
DTXSID6048171,Inconclusive,Inactive,Active,Inactive,Missing or unavailable data
DTXSID6048175,Inactive,Inactive,Inactive,Inactive,Inactive in both primary assays
DTXSID6048200,Inactive,Inactive,Inactive,Inactive,Inactive in both primary assays
DTXSID6048202,Inconclusive,Inconclusive,Inconclusive,Inactive,Missing or unavailable data
DTXSID6048204,Inconclusive,Inconclusive,Inactive,Inactive,Missing or unavailable data
DTXSID6048206,Inactive,Inactive,Inconclusive,Inactive,Missing or unavailable data
DTXSID6048208,Inconclusive,Inactive,Inactive,Inactive,Missing or unavailable data
DTXSID6048333,Inactive,Inactive,,,Missing or unavailable data
DTXSID6048383,Inconclusive,Inactive,Inconclusive,Inactive,Missing or unavailable data
DTXSID6048591,Inactive,Inactive,Inconclusive,Inactive,Missing or unavailable data
DTXSID6048593,Inconclusive,Inconclusive,,,Missing or unavailable data
DTXSID6048595,Inactive,Inactive,,,Missing or unavailable data
DTXSID6048597,Active,Active,Inconclusive,Inactive,Possible BLA viability interference
DTXSID6048599,Inactive,Inactive,,,Missing or unavailable data
DTXSID6048620,Inactive,Inactive,Inactive,Inconclusive,Inactive in both primary assays
DTXSID6048622,Inactive,Inactive,,,Missing or unavailable data
DTXSID6048624,Inactive,Inactive,,,Missing or unavailable data
DTXSID6048626,Inactive,Inactive,,,Missing or unavailable data
DTXSID6048628,Inactive,Active,,,Missing or unavailable data
DTXSID6048670,Inconclusive,Inactive,,,Missing or unavailable data
DTXSID6048672,Active,Active,Inactive,Inactive,Possible BLA viability interference
DTXSID6048674,Inactive,Inactive,Inconclusive,Inactive,Missing or unavailable data
DTXSID6048676,Active,Active,Inconclusive,Inconclusive,Possible BLA viability interference
DTXSID6048678,Active,Inactive,,,Missing or unavailable data
DTXSID6048701,Inactive,Inactive,,,Missing or unavailable data
DTXSID6048703,Inactive,Inactive,,,Missing or unavailable data
DTXSID6048705,Inconclusive,Inconclusive,,,Missing or unavailable data
DTXSID6048707,Inactive,Inactive,,,Missing or unavailable data
DTXSID6048709,Inactive,Inactive,,,Missing or unavailable data
DTXSID6048751,Inactive,Inactive,,,Missing or unavailable data
DTXSID6048753,Inactive,Inactive,,,Missing or unavailable data
DTXSID6048755,Active,Inactive,,,Missing or unavailable data
DTXSID6048757,Inactive,Inconclusive,,,Missing or unavailable data
DTXSID6048759,Inactive,Inactive,,,Missing or unavailable data
DTXSID6048830,Inactive,Inactive,Inactive,Inactive,Inactive in both primary assays
DTXSID6048832,Inactive,Inactive,,,Missing or unavailable data
DTXSID6048834,Inactive,Inactive,Inactive,Inactive,Inactive in both primary assays
DTXSID6048836,Inactive,Inconclusive,Inactive,Inactive,Inactive in both primary assays
DTXSID6048838,Inactive,Inactive,Inconclusive,Inactive,Missing or unavailable data
DTXSID6048880,Inactive,Inactive,Inactive,Inactive,Inactive in both primary assays
DTXSID6048882,Inactive,Inactive,Inactive,Inactive,Inactive in both primary assays
DTXSID6048884,Inactive,Inactive,Inactive,Inactive,Inactive in both primary assays
DTXSID6048886,Inactive,Inactive,Inconclusive,Inactive,Missing or unavailable data
DTXSID6048888,Inconclusive,Inactive,Inactive,Inactive,Missing or unavailable data
DTXSID6048911,Inactive,Inactive,,,Missing or unavailable data
DTXSID6048913,Inconclusive,Inconclusive,,,Missing or unavailable data
DTXSID6048915,Inconclusive,Inactive,Inactive,Inactive,Missing or unavailable data
DTXSID6048917,Inactive,Inactive,,,Missing or unavailable data
DTXSID6048919,Active,Inactive,Active,Inactive,Both primary assays active - no viability interference detected
DTXSID6048961,Active,Active,Active,Inactive,Possible BLA viability interference
DTXSID6048963,Inactive,Inactive,,,Missing or unavailable data
DTXSID6048965,Inactive,Inactive,Inactive,Inactive,Inactive in both primary assays
DTXSID6048967,Active,Active,Active,Active,Possible BLA viability interference
DTXSID6048969,Inactive,Inactive,,,Missing or unavailable data
DTXSID6049010,Inactive,Inactive,,,Missing or unavailable data
DTXSID6049012,Inactive,Inconclusive,,,Missing or unavailable data
DTXSID6049016,Inactive,Inactive,,,Missing or unavailable data
DTXSID6049018,Inactive,Inconclusive,Inactive,Inactive,Inactive in both primary assays
DTXSID6049060,Inactive,Inactive,Inactive,Inactive,Inactive in both primary assays
DTXSID6049062,Inactive,Inactive,,,Missing or unavailable data
DTXSID6049064,Inactive,Inactive,Inactive,Inactive,Inactive in both primary assays
DTXSID6049066,Inactive,Inactive,Active,Active,Possible MDA-kb2 viability interference
DTXSID6049068,Inactive,Inconclusive,Inactive,Inactive,Inactive in both primary assays
DTXSID6049220,Inactive,Inactive,Inconclusive,Inactive,Missing or unavailable data
DTXSID6049222,Active,Inactive,Active,Inactive,Both primary assays active - no viability interference detected
DTXSID6049224,Inactive,Inactive,Active,Inactive,MDA-kb2 active only
DTXSID6049226,Active,Active,Active,Inactive,Possible BLA viability interference
DTXSID6049228,Active,Active,Active,Active,Possible BLA viability interference
DTXSID6049270,Inactive,Inconclusive,Inactive,Inactive,Inactive in both primary assays
DTXSID6049272,Inactive,Active,Inconclusive,Inactive,Missing or unavailable data
DTXSID6049274,Inactive,Inactive,Inconclusive,Inactive,Missing or unavailable data
DTXSID6049276,Inconclusive,Inactive,Inconclusive,Inactive,Missing or unavailable data
DTXSID6049278,Inactive,Inactive,Inconclusive,Inactive,Missing or unavailable data
DTXSID6049301,Inconclusive,Inactive,Inactive,Inactive,Missing or unavailable data
DTXSID6049303,Inactive,Inactive,Inconclusive,Inactive,Missing or unavailable data
DTXSID6049305,Inactive,Inactive,Inconclusive,Inactive,Missing or unavailable data
DTXSID6049307,Inactive,Inactive,Inactive,Inactive,Inactive in both primary assays
DTXSID6049309,Inactive,Inactive,Inactive,Inactive,Inactive in both primary assays
DTXSID6049351,Active,Active,Active,Active,Possible BLA viability interference
DTXSID6049353,Inactive,Inactive,Active,Inactive,MDA-kb2 active only
DTXSID6049355,Inconclusive,Inconclusive,Inconclusive,Inactive,Missing or unavailable data
DTXSID6049357,Inactive,Inactive,Active,Inactive,MDA-kb2 active only
DTXSID6049359,Active,Active,Active,Active,Possible BLA viability interference
DTXSID6049430,Active,Active,Inactive,Active,Possible BLA viability interference
DTXSID6049432,Inactive,Inactive,Inconclusive,Inactive,Missing or unavailable data
DTXSID6049480,Inactive,Inactive,Inconclusive,Inactive,Missing or unavailable data
DTXSID6049482,Inactive,Inconclusive,Inconclusive,Inactive,Missing or unavailable data
DTXSID6049484,Inactive,Inactive,Inactive,Inactive,Inactive in both primary assays
DTXSID6049486,Inactive,Inconclusive,Inactive,Inactive,Inactive in both primary assays
DTXSID6049488,Inactive,Inconclusive,Inconclusive,Inactive,Missing or unavailable data
DTXSID6049511,Active,Inactive,Inconclusive,Inactive,Missing or unavailable data
DTXSID6049513,Inactive,Inactive,Inconclusive,Inactive,Missing or unavailable data
DTXSID6049515,Inactive,Inactive,Inactive,Inactive,Inactive in both primary assays
DTXSID6049517,Inactive,Inactive,Inactive,Inactive,Inactive in both primary assays
DTXSID6049519,Inconclusive,Inactive,Inactive,Inactive,Missing or unavailable data
DTXSID6049561,Inconclusive,Inactive,Inconclusive,Inactive,Missing or unavailable data
DTXSID6050386,Inactive,Inactive,Inconclusive,Inactive,Missing or unavailable data
DTXSID6051306,,,Active,Active,Possible MDA-kb2 viability interference
DTXSID6051560,,,Inconclusive,Inactive,Missing or unavailable data
DTXSID6051564,,,Inconclusive,Inactive,Missing or unavailable data
DTXSID6051566,,,Active,Active,Possible MDA-kb2 viability interference
DTXSID6051695,,,Inconclusive,Inactive,Missing or unavailable data
DTXSID6051724,,,Inconclusive,Inactive,Missing or unavailable data
DTXSID6051778,,,Inconclusive,Inactive,Missing or unavailable data
DTXSID6052112,,,Inconclusive,Inactive,Missing or unavailable data
DTXSID6052291,,,Inactive,Inactive,Missing or unavailable data
DTXSID6052295,,,Inactive,Inactive,Missing or unavailable data
DTXSID6052299,,,Inconclusive,Inactive,Missing or unavailable data
DTXSID6052328,,,Inconclusive,Inactive,Missing or unavailable data
DTXSID6052536,,,Inactive,Inactive,Missing or unavailable data
DTXSID6052538,,,Inconclusive,Inactive,Missing or unavailable data
DTXSID6052619,,,Active,Inactive,Missing or unavailable data
DTXSID6052740,,,Active,Inactive,Missing or unavailable data
DTXSID6057611,,,Inactive,Inactive,Missing or unavailable data
DTXSID6057613,,,Active,Inactive,Missing or unavailable data
DTXSID6057615,,,Inactive,Inactive,Missing or unavailable data
DTXSID6057617,,,Inactive,Inactive,Missing or unavailable data
DTXSID6057619,,,Active,Active,Possible MDA-kb2 viability interference
DTXSID6057661,,,Inactive,Inactive,Missing or unavailable data
DTXSID6057663,,,Inactive,Inactive,Missing or unavailable data
DTXSID6057665,,,Inactive,Inactive,Missing or unavailable data
DTXSID6057667,,,Inactive,Inactive,Missing or unavailable data
DTXSID6057669,,,Inconclusive,Inactive,Missing or unavailable data
DTXSID6057740,,,Inactive,Inactive,Missing or unavailable data
DTXSID6057742,,,Inconclusive,Inactive,Missing or unavailable data
DTXSID6057744,,,Inactive,Inactive,Missing or unavailable data
DTXSID6057746,,,Inactive,Inactive,Missing or unavailable data
DTXSID6057748,,,Inactive,Inactive,Missing or unavailable data
DTXSID6057790,,,Inconclusive,Inactive,Missing or unavailable data
DTXSID6057794,,,Inactive,Inactive,Missing or unavailable data
DTXSID6057796,,,Inconclusive,Inactive,Missing or unavailable data
DTXSID6057798,,,Inactive,Inactive,Missing or unavailable data
DTXSID6057821,,,Active,Inactive,Missing or unavailable data
DTXSID6057823,,,Inconclusive,Inactive,Missing or unavailable data
DTXSID6057825,,,Inconclusive,Inactive,Missing or unavailable data
DTXSID6057827,,,Inactive,Inactive,Missing or unavailable data
DTXSID6057829,,,Inactive,Inactive,Missing or unavailable data
DTXSID7020005,Inactive,Inactive,Inactive,Inactive,Inactive in both primary assays
DTXSID7020007,Inactive,Inactive,Inactive,Inactive,Inactive in both primary assays
DTXSID7020009,Inconclusive,Inactive,Inconclusive,Inactive,Missing or unavailable data
DTXSID7020053,Inconclusive,Active,Inactive,Inactive,Missing or unavailable data
DTXSID7020057,Inactive,Inactive,Inactive,Active,Inactive in both primary assays
DTXSID7020138,Inconclusive,Inactive,Inactive,Inactive,Missing or unavailable data
DTXSID7020182,Active,Inactive,Active,Inactive,Both primary assays active - no viability interference detected
DTXSID7020184,Inactive,Inconclusive,Active,Active,Possible MDA-kb2 viability interference
DTXSID7020211,Active,Inactive,Active,Inactive,Both primary assays active - no viability interference detected
DTXSID7020213,Inconclusive,Inactive,Inactive,Inactive,Missing or unavailable data
DTXSID7020215,Inactive,Inactive,Inactive,Inactive,Inactive in both primary assays
DTXSID7020261,Inconclusive,Inactive,Inconclusive,Inactive,Missing or unavailable data
DTXSID7020263,Inactive,Inactive,Inactive,Inactive,Inactive in both primary assays
DTXSID7020265,Inactive,Inactive,Inactive,Inactive,Inactive in both primary assays
DTXSID7020267,Active,Active,Active,Inactive,Possible BLA viability interference
DTXSID7020340,Inactive,Inconclusive,Inactive,Inactive,Inactive in both primary assays
DTXSID7020342,Active,Inactive,,,Missing or unavailable data
DTXSID7020344,Active,Inactive,Inactive,Inactive,BLA active only
DTXSID7020348,Active,Inactive,Inconclusive,Inactive,Missing or unavailable data
DTXSID7020390,Inactive,Inactive,Inactive,Inactive,Inactive in both primary assays
DTXSID7020392,Inactive,Inactive,Active,Inactive,MDA-kb2 active only
DTXSID7020398,Active,Active,Active,Active,Possible BLA viability interference
DTXSID7020421,Inactive,Inactive,Inactive,Inactive,Inactive in both primary assays
DTXSID7020423,Active,Active,Inactive,Inactive,Possible BLA viability interference
DTXSID7020425,Active,Active,Active,Active,Possible BLA viability interference
DTXSID7020427,Active,Inactive,Inactive,Inactive,BLA active only
DTXSID7020479,Inconclusive,Inactive,Inactive,Inactive,Missing or unavailable data
DTXSID7020504,Inconclusive,Inactive,Inconclusive,Inactive,Missing or unavailable data
DTXSID7020508,Inactive,Inactive,Inactive,Inactive,Inactive in both primary assays
DTXSID7020550,Inactive,Inconclusive,Active,Active,Possible MDA-kb2 viability interference
DTXSID7020552,Inactive,Inactive,Inactive,Inactive,Inactive in both primary assays
DTXSID7020558,Active,Active,Active,Active,Possible BLA viability interference
DTXSID7020631,Inactive,Inactive,Active,Inactive,MDA-kb2 active only
DTXSID7020635,Active,Active,Active,Active,Possible BLA viability interference
DTXSID7020681,Inactive,Inactive,Inconclusive,Inactive,Missing or unavailable data
DTXSID7020683,Inconclusive,Inactive,Inactive,Inactive,Missing or unavailable data
DTXSID7020685,Inconclusive,Inactive,Inconclusive,Inactive,Missing or unavailable data
DTXSID7020687,Inactive,Inactive,Inconclusive,Inactive,Missing or unavailable data
DTXSID7020689,Inconclusive,Inconclusive,Inconclusive,Inactive,Missing or unavailable data
DTXSID7020710,Inconclusive,Inactive,Inactive,Inactive,Missing or unavailable data
DTXSID7020714,Inactive,Inconclusive,Inconclusive,Inactive,Missing or unavailable data
DTXSID7020716,Active,Inactive,Inactive,Inactive,BLA active only
DTXSID7020760,Inactive,Inactive,Inconclusive,Inactive,Missing or unavailable data
DTXSID7020762,Inconclusive,Inactive,Inconclusive,Inactive,Missing or unavailable data
DTXSID7020764,Inactive,Inactive,Active,Inactive,MDA-kb2 active only
DTXSID7020766,Inactive,Inactive,Inactive,Inactive,Inactive in both primary assays
DTXSID7020768,Active,Inactive,Active,Inactive,Both primary assays active - no viability interference detected
DTXSID7020841,Inactive,Inactive,Inconclusive,Inactive,Missing or unavailable data
DTXSID7020843,Inactive,Inactive,Inconclusive,Inactive,Missing or unavailable data
DTXSID7020845,Inactive,Inconclusive,Inconclusive,Inactive,Missing or unavailable data
DTXSID7020847,Active,Inactive,Inactive,Inactive,BLA active only
DTXSID7020893,Inconclusive,Inactive,Inactive,Inactive,Missing or unavailable data
DTXSID7020895,Inactive,Inconclusive,Inconclusive,Inactive,Missing or unavailable data
DTXSID7020897,Active,Inactive,,,Missing or unavailable data
DTXSID7020899,Inactive,Inactive,Inconclusive,Inactive,Missing or unavailable data
DTXSID7020920,Inactive,Inactive,Inactive,Inactive,Inactive in both primary assays
DTXSID7020922,Inconclusive,Inactive,Inconclusive,Inactive,Missing or unavailable data
DTXSID7020928,Inactive,Inactive,Inactive,Inactive,Inactive in both primary assays
DTXSID7020970,Inactive,Inactive,Active,Inactive,MDA-kb2 active only
DTXSID7020972,Active,Active,Active,Active,Possible BLA viability interference
DTXSID7020976,,,Inconclusive,Inactive,Missing or unavailable data
DTXSID7020978,Inactive,Inactive,Inactive,Inactive,Inactive in both primary assays
DTXSID7021027,Inactive,Inactive,Inactive,Inactive,Inactive in both primary assays
DTXSID7021029,Inconclusive,Inactive,Inconclusive,Inactive,Missing or unavailable data
DTXSID7021100,Inactive,Inactive,Active,Inactive,MDA-kb2 active only
DTXSID7021102,Inactive,Inconclusive,Inconclusive,Inactive,Missing or unavailable data
DTXSID7021104,Inconclusive,Inactive,Inconclusive,Inactive,Missing or unavailable data
DTXSID7021106,Active,Active,Active,Active,Possible BLA viability interference
DTXSID7021150,Active,Active,Active,Active,Possible BLA viability interference
DTXSID7021152,Active,Active,Active,Inactive,Possible BLA viability interference
DTXSID7021156,Inactive,Inactive,Inconclusive,Inactive,Missing or unavailable data
DTXSID7021158,Inactive,Inactive,Inactive,Inactive,Inactive in both primary assays
DTXSID7021231,Inactive,Inactive,Inconclusive,Inactive,Missing or unavailable data
DTXSID7021233,Inactive,Inactive,Active,Active,Possible MDA-kb2 viability interference
DTXSID7021235,Inactive,Inactive,Active,Active,Possible MDA-kb2 viability interference
DTXSID7021237,Inactive,Inactive,Inactive,Inactive,Inactive in both primary assays
DTXSID7021239,Inconclusive,Inactive,Inconclusive,Inactive,Missing or unavailable data
DTXSID7021283,Active,Active,Active,Inactive,Possible BLA viability interference
DTXSID7021287,Inactive,Inconclusive,Inactive,Inactive,Inactive in both primary assays
DTXSID7021289,Inactive,Inactive,Active,Inactive,MDA-kb2 active only
DTXSID7021312,Active,Active,Inconclusive,Inactive,Possible BLA viability interference
DTXSID7021314,Active,Active,Active,Active,Possible BLA viability interference
DTXSID7021316,Inactive,Inactive,Active,Inactive,MDA-kb2 active only
DTXSID7021318,Inconclusive,Inconclusive,Inactive,Inactive,Missing or unavailable data
DTXSID7021360,Inactive,Inconclusive,Inconclusive,Inactive,Missing or unavailable data
DTXSID7021362,Inactive,Inactive,Inconclusive,Inactive,Missing or unavailable data
DTXSID7021364,Inactive,Inconclusive,Inactive,Inactive,Inactive in both primary assays
DTXSID7021366,Inactive,Inactive,Inconclusive,Inactive,Missing or unavailable data
DTXSID7021368,Inactive,Inactive,Active,Inactive,MDA-kb2 active only
DTXSID7021491,Inconclusive,Inconclusive,Inactive,Inactive,Missing or unavailable data
DTXSID7021493,Inactive,Inactive,Inactive,Inactive,Inactive in both primary assays
DTXSID7021495,Inactive,Inactive,Inconclusive,Inactive,Missing or unavailable data
DTXSID7021499,Inactive,Inactive,Inactive,Inactive,Inactive in both primary assays
DTXSID7021520,Inconclusive,Inactive,Inactive,Inactive,Missing or unavailable data
DTXSID7021524,Inactive,Inactive,Inactive,Inactive,Inactive in both primary assays
DTXSID7021526,Inconclusive,Inactive,Inactive,Inactive,Missing or unavailable data
DTXSID7021576,Inconclusive,Inconclusive,Inconclusive,Inactive,Missing or unavailable data
DTXSID7021601,Inconclusive,Inactive,Inactive,Inactive,Missing or unavailable data
DTXSID7021603,Inconclusive,Inconclusive,Inactive,Inactive,Missing or unavailable data
DTXSID7021605,Inconclusive,Inactive,Inactive,Inactive,Missing or unavailable data
DTXSID7021607,Inactive,Inactive,Inactive,Inactive,Inactive in both primary assays
DTXSID7021653,Inactive,Inconclusive,Inactive,Inactive,Inactive in both primary assays
DTXSID7021655,Inactive,Inconclusive,Inconclusive,Inactive,Missing or unavailable data
DTXSID7021657,Inactive,Inconclusive,Inactive,Inactive,Inactive in both primary assays
DTXSID7021659,Inconclusive,Inconclusive,Inactive,Inactive,Missing or unavailable data
DTXSID7021780,Inconclusive,Inconclusive,Inactive,Inactive,Missing or unavailable data
DTXSID7021782,,,Inactive,Inactive,Missing or unavailable data
DTXSID7021784,Active,Active,Active,Inactive,Possible BLA viability interference
DTXSID7021788,Active,Active,Active,Active,Possible BLA viability interference
DTXSID7021815,Inactive,Inconclusive,Inactive,Inactive,Inactive in both primary assays
DTXSID7021817,Inconclusive,Inconclusive,Inactive,Inactive,Missing or unavailable data
DTXSID7021861,,,Inconclusive,Inactive,Missing or unavailable data
DTXSID7021863,Inactive,Inactive,Inconclusive,Inactive,Missing or unavailable data
DTXSID7021867,Inactive,Active,Inconclusive,Inactive,Missing or unavailable data
DTXSID7021869,Inactive,Inconclusive,Inconclusive,Inactive,Missing or unavailable data
DTXSID7021940,Inconclusive,Inconclusive,Inactive,Inactive,Missing or unavailable data
DTXSID7021946,Inconclusive,Inconclusive,Inactive,Inactive,Missing or unavailable data
DTXSID7021948,Inconclusive,Inconclusive,Inactive,Inactive,Missing or unavailable data
DTXSID7021992,Inactive,Inactive,Inactive,Inactive,Inactive in both primary assays
DTXSID7021994,Inactive,Inactive,Inconclusive,Inactive,Missing or unavailable data
DTXSID7021996,Inactive,Inconclusive,Inconclusive,Inactive,Missing or unavailable data
DTXSID7021998,Inactive,Inactive,Inactive,Inactive,Inactive in both primary assays
DTXSID7022043,Inactive,Inactive,Inconclusive,Inactive,Missing or unavailable data
DTXSID7022049,Inactive,Inactive,Inconclusive,Inactive,Missing or unavailable data
DTXSID7022093,Inactive,Inactive,Inconclusive,Inactive,Missing or unavailable data
DTXSID7022120,Inactive,Inactive,Active,Inactive,MDA-kb2 active only
DTXSID7022124,Inactive,Inconclusive,Inconclusive,Inactive,Missing or unavailable data
DTXSID7022128,Inconclusive,Inconclusive,Inactive,Inactive,Missing or unavailable data
DTXSID7022170,Inactive,Inactive,Inconclusive,Inactive,Missing or unavailable data
DTXSID7022172,Inconclusive,Inconclusive,Inconclusive,Inactive,Missing or unavailable data
DTXSID7022174,Inactive,Inactive,Active,Inactive,MDA-kb2 active only
DTXSID7022253,Inactive,Inactive,Active,Inactive,MDA-kb2 active only
DTXSID7022332,Inactive,Inactive,Inactive,Inactive,Inactive in both primary assays
DTXSID7022382,Active,Inactive,Active,Inactive,Both primary assays active - no viability interference detected
DTXSID7022384,Active,Active,Active,Active,Possible BLA viability interference
DTXSID7022411,Inactive,Inactive,Inconclusive,Inactive,Missing or unavailable data
DTXSID7022413,Inconclusive,Inconclusive,Inactive,Inactive,Missing or unavailable data
DTXSID7022415,Inactive,Inconclusive,Inactive,Inactive,Inactive in both primary assays
DTXSID7022417,Inactive,Inconclusive,Inconclusive,Inconclusive,Missing or unavailable data
DTXSID7022540,Inactive,Inconclusive,Inconclusive,Inactive,Missing or unavailable data
DTXSID7022544,Inactive,Inconclusive,Inconclusive,Inconclusive,Missing or unavailable data
DTXSID7022546,Inactive,Inconclusive,Inconclusive,Inactive,Missing or unavailable data
DTXSID7022590,Inconclusive,Inactive,Inactive,Inconclusive,Missing or unavailable data
DTXSID7022592,Inactive,Inactive,Inactive,Active,Inactive in both primary assays
DTXSID7022598,Inactive,Inactive,Active,Active,Possible MDA-kb2 viability interference
DTXSID7022629,Inconclusive,Inactive,Active,Active,Possible MDA-kb2 viability interference
DTXSID7022671,Active,Inactive,,,Missing or unavailable data
DTXSID7022673,Active,Active,Inconclusive,Inactive,Possible BLA viability interference
DTXSID7022679,Inconclusive,Inactive,Inconclusive,Inactive,Missing or unavailable data
DTXSID7022704,,,Inactive,Inactive,Missing or unavailable data
DTXSID7022752,Inactive,Inactive,,,Missing or unavailable data
DTXSID7022754,Inactive,Inconclusive,,,Missing or unavailable data
DTXSID7022833,Inactive,Inactive,Inconclusive,Inactive,Missing or unavailable data
DTXSID7022835,Inconclusive,Inconclusive,Inactive,Inactive,Missing or unavailable data
DTXSID7022837,Inactive,Inactive,Active,Inactive,MDA-kb2 active only
DTXSID7022839,Inactive,Inactive,,,Missing or unavailable data
DTXSID7022883,Active,Active,Active,Inactive,Possible BLA viability interference
DTXSID7022910,Inconclusive,Inactive,Inactive,Inactive,Missing or unavailable data
DTXSID7022912,Inconclusive,Inconclusive,Inconclusive,Inactive,Missing or unavailable data
DTXSID7022914,Inactive,Inactive,Inactive,Inactive,Inactive in both primary assays
DTXSID7022918,Inconclusive,Inactive,Inconclusive,Inactive,Missing or unavailable data
DTXSID7022968,Inactive,Inconclusive,Inactive,Inactive,Inactive in both primary assays
DTXSID7023011,Inactive,Inactive,Inactive,Inactive,Inactive in both primary assays
DTXSID7023019,Inactive,Inconclusive,Inactive,Inactive,Inactive in both primary assays
DTXSID7023061,Inactive,Inactive,Inconclusive,Inactive,Missing or unavailable data
DTXSID7023063,Inactive,Inactive,Inactive,Inactive,Inactive in both primary assays
DTXSID7023067,Inactive,Active,Active,Active,Possible MDA-kb2 viability interference
DTXSID7023140,,,Inconclusive,Inactive,Missing or unavailable data
DTXSID7023146,Inactive,Inactive,Inconclusive,Inactive,Missing or unavailable data
DTXSID7023148,,,Inactive,Inactive,Missing or unavailable data
DTXSID7023190,Inactive,Inactive,Active,Inactive,MDA-kb2 active only
DTXSID7023192,Inconclusive,Inconclusive,Inconclusive,Inactive,Missing or unavailable data
DTXSID7023194,Inactive,Inconclusive,Inconclusive,Inactive,Missing or unavailable data
DTXSID7023196,Active,Active,,,Possible BLA viability interference
DTXSID7023198,Active,Active,,,Possible BLA viability interference
DTXSID7023221,,,Inactive,Inactive,Missing or unavailable data
DTXSID7023225,Inactive,Inconclusive,,,Missing or unavailable data
DTXSID7023227,Inconclusive,Inactive,Inactive,Inconclusive,Missing or unavailable data
DTXSID7023271,Inconclusive,Inactive,Inactive,Inactive,Missing or unavailable data
DTXSID7023277,Inconclusive,Inconclusive,Inconclusive,Inactive,Missing or unavailable data
DTXSID7023279,Inactive,Inactive,,,Missing or unavailable data
DTXSID7023300,Inactive,Inconclusive,Inconclusive,Inactive,Missing or unavailable data
DTXSID7023302,Active,Inactive,,,Missing or unavailable data
DTXSID7023350,Inconclusive,Inactive,Inconclusive,Inactive,Missing or unavailable data
DTXSID7023352,Inactive,Inactive,Inactive,Inactive,Inactive in both primary assays
DTXSID7023356,Inactive,Inconclusive,Inconclusive,Inactive,Missing or unavailable data
DTXSID7023435,Inactive,Inactive,,,Missing or unavailable data
DTXSID7023437,Inconclusive,Inactive,Inactive,Inactive,Missing or unavailable data
DTXSID7023481,Inconclusive,Inactive,Active,Active,Possible MDA-kb2 viability interference
DTXSID7023485,Inactive,Inconclusive,Inactive,Inactive,Inactive in both primary assays
DTXSID7023487,Inactive,Inconclusive,Inactive,Inactive,Inactive in both primary assays
DTXSID7023510,Inconclusive,Inactive,Inactive,Inactive,Missing or unavailable data
DTXSID7023512,Inconclusive,Inactive,Inactive,Inactive,Missing or unavailable data
DTXSID7023516,Inactive,Inconclusive,Inactive,Inactive,Inactive in both primary assays
DTXSID7023518,Inconclusive,Inactive,Active,Inactive,Missing or unavailable data
DTXSID7023566,Inconclusive,Inconclusive,,,Missing or unavailable data
DTXSID7023568,Inconclusive,Inactive,Inactive,Inactive,Missing or unavailable data
DTXSID7023643,Inactive,Inconclusive,,,Missing or unavailable data
DTXSID7023645,Inconclusive,Inactive,Inactive,Inactive,Missing or unavailable data
DTXSID7023691,Inactive,Inactive,Inconclusive,Inactive,Missing or unavailable data
DTXSID7023693,Active,Inactive,,,Missing or unavailable data
DTXSID7023697,Inactive,Inconclusive,Inactive,Inactive,Inactive in both primary assays
DTXSID7023699,Inconclusive,Inconclusive,Inconclusive,Inactive,Missing or unavailable data
DTXSID7023722,Inactive,Inactive,Inconclusive,Inactive,Missing or unavailable data
DTXSID7023724,Inconclusive,Inconclusive,Inconclusive,Inactive,Missing or unavailable data
DTXSID7023853,Inactive,Inactive,Inactive,Inactive,Inactive in both primary assays
DTXSID7023930,Inconclusive,Inactive,Inactive,Inactive,Missing or unavailable data
DTXSID7023932,Active,Active,Active,Inactive,Possible BLA viability interference
DTXSID7023936,Inconclusive,Inconclusive,Inactive,Inactive,Missing or unavailable data
DTXSID7023938,Inactive,Inactive,Inactive,Inactive,Inactive in both primary assays
DTXSID7023980,Inactive,Inactive,Inconclusive,Inactive,Missing or unavailable data
DTXSID7023986,Inactive,Inactive,Inactive,Inactive,Inactive in both primary assays
DTXSID7024031,Inconclusive,Inconclusive,Inconclusive,Inactive,Missing or unavailable data
DTXSID7024035,Inactive,Inactive,Inactive,Inactive,Inactive in both primary assays
DTXSID7024081,Active,Inactive,Inconclusive,Inactive,Missing or unavailable data
DTXSID7024085,Inconclusive,Inconclusive,Inactive,Inactive,Missing or unavailable data
DTXSID7024087,Inactive,Inactive,Inconclusive,Inactive,Missing or unavailable data
DTXSID7024110,Inactive,Inactive,Inactive,Inactive,Inactive in both primary assays
DTXSID7024112,Inactive,Inactive,Inactive,Inactive,Inactive in both primary assays
DTXSID7024160,Active,Inactive,Active,Inactive,Both primary assays active - no viability interference detected
DTXSID7024164,Inactive,Inactive,Inactive,Inactive,Inactive in both primary assays
DTXSID7024166,Inactive,Inconclusive,Inconclusive,Inactive,Missing or unavailable data
DTXSID7024241,Active,Inactive,Active,Inactive,Both primary assays active - no viability interference detected
DTXSID7024245,Inactive,Inactive,Active,Inactive,MDA-kb2 active only
DTXSID7024247,Inactive,Inactive,Inactive,Inactive,Inactive in both primary assays
DTXSID7024291,Inactive,Inactive,Inconclusive,Inactive,Missing or unavailable data
DTXSID7024299,Inactive,Inactive,Active,Active,Possible MDA-kb2 viability interference
DTXSID7024320,Inactive,Inconclusive,Inactive,Inactive,Inactive in both primary assays
DTXSID7024328,Inactive,Inactive,Inconclusive,Inactive,Missing or unavailable data
DTXSID7024370,Inconclusive,Inconclusive,Inactive,Inactive,Missing or unavailable data
DTXSID7024376,Inactive,Inactive,Inactive,Inactive,Inactive in both primary assays
DTXSID7024409,Inactive,Inactive,Inactive,Inactive,Inactive in both primary assays
DTXSID7024455,Inconclusive,Inconclusive,Inactive,Inactive,Missing or unavailable data
DTXSID7024457,Inconclusive,Active,Active,Inactive,Missing or unavailable data
DTXSID7024532,Inactive,Inactive,Inactive,Inactive,Inactive in both primary assays
DTXSID7024534,Inactive,Inactive,Inconclusive,Inactive,Missing or unavailable data
DTXSID7024538,Inactive,Inconclusive,Inactive,Inactive,Inactive in both primary assays
DTXSID7024580,Inactive,Inconclusive,Inactive,Inactive,Inactive in both primary assays
DTXSID7024586,Inactive,Inactive,Inconclusive,Inactive,Missing or unavailable data
DTXSID7024615,Inconclusive,Inactive,Inconclusive,Inactive,Missing or unavailable data
DTXSID7024661,Inactive,Inactive,Inactive,Inactive,Inactive in both primary assays
DTXSID7024667,Inconclusive,Inactive,Inactive,Inactive,Missing or unavailable data
DTXSID7024740,Inactive,Inconclusive,Inactive,Inactive,Inactive in both primary assays
DTXSID7024742,Active,Inactive,Inactive,Inactive,BLA active only
DTXSID7024798,Inactive,Inconclusive,Inactive,Inactive,Inactive in both primary assays
DTXSID7024821,Inconclusive,Inconclusive,Inconclusive,Inactive,Missing or unavailable data
DTXSID7024827,Active,Active,Active,Active,Possible BLA viability interference
DTXSID7024873,Inconclusive,Inconclusive,Inactive,Inactive,Missing or unavailable data
DTXSID7024875,Active,Inactive,Inactive,Inactive,BLA active only
DTXSID7024902,Active,Active,Active,Active,Possible BLA viability interference
DTXSID7024904,,,Inactive,Active,Missing or unavailable data
DTXSID7024906,Inconclusive,Inactive,Inactive,Inactive,Missing or unavailable data
DTXSID7024950,,,Inactive,Inactive,Missing or unavailable data
DTXSID7024952,Inconclusive,Inactive,Inactive,Inactive,Missing or unavailable data
DTXSID7024956,Active,Active,Active,Active,Possible BLA viability interference
DTXSID7025001,Inconclusive,Inconclusive,Inactive,Inactive,Missing or unavailable data
DTXSID7025003,Inactive,Inconclusive,Inactive,Inactive,Inactive in both primary assays
DTXSID7025005,Active,Inactive,Active,Inactive,Both primary assays active - no viability interference detected
DTXSID7025051,Inactive,Inactive,Inconclusive,Inactive,Missing or unavailable data
DTXSID7025053,Inactive,Inconclusive,Inconclusive,Inactive,Missing or unavailable data
DTXSID7025055,Inactive,Inactive,Inactive,Inactive,Inactive in both primary assays
DTXSID7025130,Inconclusive,Inactive,Inactive,Inactive,Missing or unavailable data
DTXSID7025132,Inconclusive,Inconclusive,Inconclusive,Inactive,Missing or unavailable data
DTXSID7025134,Inactive,Inactive,Inactive,Inactive,Inactive in both primary assays
DTXSID7025136,Inactive,Inconclusive,Inactive,Inactive,Inactive in both primary assays
DTXSID7025138,Active,Active,Active,Active,Possible BLA viability interference
DTXSID7025180,Inactive,Inactive,Inactive,Inactive,Inactive in both primary assays
DTXSID7025215,Inactive,Inactive,Inactive,Inactive,Inactive in both primary assays
DTXSID7025217,Active,Inactive,Inactive,Inactive,BLA active only
DTXSID7025219,Inactive,Inactive,Inconclusive,Inactive,Missing or unavailable data
DTXSID7025269,Inconclusive,Inactive,Inactive,Inactive,Missing or unavailable data
DTXSID7025342,Inactive,Inconclusive,Active,Inactive,MDA-kb2 active only
DTXSID7025346,Inconclusive,Inactive,Inconclusive,Inactive,Missing or unavailable data
DTXSID7025390,Inactive,Inactive,Inactive,Inactive,Inactive in both primary assays
DTXSID7025394,,,Inactive,Inactive,Missing or unavailable data
DTXSID7025421,Active,Active,Inconclusive,Inactive,Possible BLA viability interference
DTXSID7025423,Inconclusive,Inconclusive,Inactive,Inactive,Missing or unavailable data
DTXSID7025425,Inconclusive,Inconclusive,Inconclusive,Inactive,Missing or unavailable data
DTXSID7025427,Inactive,Inactive,Inconclusive,Inactive,Missing or unavailable data
DTXSID7025429,Active,Active,Active,Active,Possible BLA viability interference
DTXSID7025479,Inconclusive,Inactive,Inactive,Inactive,Missing or unavailable data
DTXSID7025502,Inactive,Inactive,Inactive,Inactive,Inactive in both primary assays
DTXSID7025506,Inconclusive,Active,Inconclusive,Inactive,Missing or unavailable data
DTXSID7025508,Inconclusive,Inactive,Inactive,Inactive,Missing or unavailable data
DTXSID7025556,Inactive,Inconclusive,,,Missing or unavailable data
DTXSID7025558,Active,Inactive,Inactive,Inactive,BLA active only
DTXSID7025633,Inconclusive,Inconclusive,Inconclusive,Inactive,Missing or unavailable data
DTXSID7025635,Active,Inactive,Active,Active,Possible MDA-kb2 viability interference
DTXSID7025637,Active,Active,Inconclusive,Inactive,Possible BLA viability interference
DTXSID7025639,Inconclusive,Inconclusive,Inconclusive,Inactive,Missing or unavailable data
DTXSID7025689,Inconclusive,Inconclusive,Inactive,Inactive,Missing or unavailable data
DTXSID7025716,Active,Active,Inactive,Inactive,Possible BLA viability interference
DTXSID7025764,Inactive,Inactive,Inactive,Inactive,Inactive in both primary assays
DTXSID7025768,Inconclusive,Inconclusive,Inactive,Inactive,Missing or unavailable data
DTXSID7025849,Inactive,Inconclusive,Inactive,Inactive,Inactive in both primary assays
DTXSID7025895,Active,Inactive,Active,Inactive,Both primary assays active - no viability interference detected
DTXSID7025922,Inconclusive,Inactive,Inactive,Inactive,Missing or unavailable data
DTXSID7025924,Inconclusive,Inconclusive,Inactive,Inactive,Missing or unavailable data
DTXSID7025926,Active,Inactive,Active,Inactive,Both primary assays active - no viability interference detected
DTXSID7025972,Inactive,Inactive,Inconclusive,Inactive,Missing or unavailable data
DTXSID7026025,Inactive,Inactive,Inconclusive,Inactive,Missing or unavailable data
DTXSID7026029,Inactive,Inactive,Inconclusive,Inactive,Missing or unavailable data
DTXSID7026102,Inactive,Inconclusive,Inconclusive,Inactive,Missing or unavailable data
DTXSID7026108,Inactive,Inactive,Inactive,Inactive,Inactive in both primary assays
DTXSID7026156,Inconclusive,Inactive,Inactive,Inactive,Missing or unavailable data
DTXSID7026231,Inactive,Inactive,Inconclusive,Inactive,Missing or unavailable data
DTXSID7026235,Inconclusive,Inactive,Inactive,Inactive,Missing or unavailable data
DTXSID7026285,Inactive,Inactive,Inconclusive,Inactive,Missing or unavailable data
DTXSID7026314,Active,Active,Active,Active,Possible BLA viability interference
DTXSID7026318,Inconclusive,Inactive,Inactive,Inactive,Missing or unavailable data
DTXSID7026366,Inactive,Inconclusive,Inactive,Inactive,Inactive in both primary assays
DTXSID7026368,Inactive,Inactive,Inactive,Inactive,Inactive in both primary assays
DTXSID7026441,Inactive,Inactive,Inconclusive,Inactive,Missing or unavailable data
DTXSID7026499,Inactive,Inactive,Inactive,Inactive,Inactive in both primary assays
DTXSID7026520,Active,Inactive,Active,Active,Possible MDA-kb2 viability interference
DTXSID7026526,Inactive,Inactive,Inconclusive,Inactive,Missing or unavailable data
DTXSID7026528,Inactive,Inconclusive,Inactive,Inactive,Inactive in both primary assays
DTXSID7026572,Active,Active,Inactive,Inactive,Possible BLA viability interference
DTXSID7026605,Inactive,Inactive,Inconclusive,Inactive,Missing or unavailable data
DTXSID7026609,Inconclusive,Inconclusive,Inconclusive,Inactive,Missing or unavailable data
DTXSID7026653,Inactive,Inactive,Inactive,Inactive,Inactive in both primary assays
DTXSID7026655,Active,Inconclusive,Active,Inactive,Missing or unavailable data
DTXSID7026811,Inconclusive,Inactive,Inactive,Inactive,Missing or unavailable data
DTXSID7026863,Inactive,Inactive,Inconclusive,Inactive,Missing or unavailable data
DTXSID7026867,Inactive,Inactive,Inconclusive,Inactive,Missing or unavailable data
DTXSID7026946,Inconclusive,Inactive,Inconclusive,Inactive,Missing or unavailable data
DTXSID7026994,Inconclusive,Inactive,Inconclusive,Inactive,Missing or unavailable data
DTXSID7026998,Inactive,Inconclusive,Inconclusive,Inactive,Missing or unavailable data
DTXSID7027041,Inactive,Inactive,Active,Inactive,MDA-kb2 active only
DTXSID7027043,Inconclusive,Inactive,Inconclusive,Inactive,Missing or unavailable data
DTXSID7027047,Inconclusive,Inactive,Inactive,Inactive,Missing or unavailable data
DTXSID7027049,Inactive,Inactive,Inconclusive,Inactive,Missing or unavailable data
DTXSID7027097,Inconclusive,Inactive,Inactive,Inactive,Missing or unavailable data
DTXSID7027099,Inactive,Inactive,Inconclusive,Inactive,Missing or unavailable data
DTXSID7027120,Inconclusive,Inconclusive,Inconclusive,Inactive,Missing or unavailable data
DTXSID7027122,Inconclusive,Inconclusive,Inactive,Inactive,Missing or unavailable data
DTXSID7027170,Inactive,Inactive,,,Missing or unavailable data
DTXSID7027174,Inconclusive,Inconclusive,Inactive,Inactive,Missing or unavailable data
DTXSID7027178,Inactive,Inactive,Active,Inactive,MDA-kb2 active only
DTXSID7027201,Inactive,Inactive,Inactive,Inactive,Inactive in both primary assays
DTXSID7027205,Inactive,Inactive,Inconclusive,Inactive,Missing or unavailable data
DTXSID7027253,Inconclusive,Inactive,Inconclusive,Inactive,Missing or unavailable data
DTXSID7027259,Inconclusive,Inactive,Inactive,Inactive,Missing or unavailable data
DTXSID7027334,Inactive,Inactive,Inactive,Inactive,Inactive in both primary assays
DTXSID7027338,Inactive,Inconclusive,Inactive,Inactive,Inactive in both primary assays
DTXSID7027386,Inactive,Inactive,Inconclusive,Inactive,Missing or unavailable data
DTXSID7027388,Inactive,Inactive,Inconclusive,Inactive,Missing or unavailable data
DTXSID7027413,Inactive,Inactive,Inconclusive,Inactive,Missing or unavailable data
DTXSID7027461,Active,Active,Inactive,Inactive,Possible BLA viability interference
DTXSID7027467,Inactive,Inactive,Inconclusive,Inactive,Missing or unavailable data
DTXSID7027540,Inactive,Inactive,Inactive,Inactive,Inactive in both primary assays
DTXSID7027542,Inconclusive,Inactive,Inconclusive,Inactive,Missing or unavailable data
DTXSID7027544,Inactive,Inconclusive,Inconclusive,Inactive,Missing or unavailable data
DTXSID7027546,Inactive,Inconclusive,Inconclusive,Inactive,Missing or unavailable data
DTXSID7027594,Inconclusive,Inconclusive,Inactive,Active,Missing or unavailable data
DTXSID7027596,Inactive,Inactive,Inconclusive,Inactive,Missing or unavailable data
DTXSID7027598,Inactive,Inactive,Inactive,Inactive,Inactive in both primary assays
DTXSID7027625,Inactive,Inactive,Inactive,Inactive,Inactive in both primary assays
DTXSID7027756,Inactive,Inactive,Active,Inactive,MDA-kb2 active only
DTXSID7027833,Inconclusive,Inactive,Inconclusive,Inactive,Missing or unavailable data
DTXSID7027835,Inactive,Inactive,Inconclusive,Inactive,Missing or unavailable data
DTXSID7027837,Inactive,Inconclusive,Inactive,Inactive,Inactive in both primary assays
DTXSID7027887,Inactive,Inactive,Inconclusive,Inactive,Missing or unavailable data
DTXSID7027916,Inactive,Inactive,Inactive,Inactive,Inactive in both primary assays
DTXSID7027966,Inconclusive,Inconclusive,Inconclusive,Inactive,Missing or unavailable data
DTXSID7028011,,,Inconclusive,Inactive,Missing or unavailable data
DTXSID7028013,Inactive,Inactive,Inactive,Inactive,Inactive in both primary assays
DTXSID7028015,Active,Active,Active,Inactive,Possible BLA viability interference
DTXSID7028300,Inconclusive,Inactive,Inactive,Inactive,Missing or unavailable data
DTXSID7028306,Inactive,Inconclusive,Inconclusive,Inactive,Missing or unavailable data
DTXSID7028774,Inactive,Inactive,Inactive,Inactive,Inactive in both primary assays
DTXSID7028776,Inactive,Inactive,Inconclusive,Inactive,Missing or unavailable data
DTXSID7029110,Inactive,Inactive,Inconclusive,Inactive,Missing or unavailable data
DTXSID7029160,Inconclusive,Inconclusive,Inconclusive,Inactive,Missing or unavailable data
DTXSID7029162,Inactive,Inactive,Inactive,Inactive,Inactive in both primary assays
DTXSID7029164,Inactive,Inconclusive,Inconclusive,Inactive,Missing or unavailable data
DTXSID7029166,Inactive,Inactive,Inactive,Inactive,Inactive in both primary assays
DTXSID7029241,Active,Active,Active,Active,Possible BLA viability interference
DTXSID7029247,Inconclusive,Inactive,Inconclusive,Inactive,Missing or unavailable data
DTXSID7029249,Inactive,Inactive,Inconclusive,Inactive,Missing or unavailable data
DTXSID7029299,Inactive,Inactive,Inactive,Inactive,Inactive in both primary assays
DTXSID7029320,Inconclusive,Inconclusive,Inconclusive,Inactive,Missing or unavailable data
DTXSID7029534,Inactive,Inconclusive,Active,Active,Possible MDA-kb2 viability interference
DTXSID7029611,Inactive,Inactive,Inconclusive,Inactive,Missing or unavailable data
DTXSID7029617,Inactive,Inactive,Inactive,Inactive,Inactive in both primary assays
DTXSID7029619,Inconclusive,Inconclusive,Inactive,Inactive,Missing or unavailable data
DTXSID7029661,Inconclusive,Inactive,Inactive,Inactive,Missing or unavailable data
DTXSID7029665,Inactive,Inconclusive,Inconclusive,Inactive,Missing or unavailable data
DTXSID7029871,Active,Inactive,Active,Inactive,Both primary assays active - no viability interference detected
DTXSID7029879,Inactive,Inactive,Active,Active,Possible MDA-kb2 viability interference
DTXSID7029904,Inconclusive,Inactive,Inactive,Inactive,Missing or unavailable data
DTXSID7030060,Inactive,Inconclusive,Inconclusive,Inactive,Missing or unavailable data
DTXSID7030197,Inactive,Inconclusive,Inconclusive,Inactive,Missing or unavailable data
DTXSID7030307,Inactive,Inconclusive,Inactive,Inactive,Inactive in both primary assays
DTXSID7030432,Inactive,Inactive,Inactive,Inactive,Inactive in both primary assays
DTXSID7030698,Inactive,Inconclusive,Inactive,Inactive,Inactive in both primary assays
DTXSID7031248,Active,Inactive,Inactive,Inactive,BLA active only
DTXSID7031290,Inconclusive,Inconclusive,Inactive,Inactive,Missing or unavailable data
DTXSID7031294,Inconclusive,Inactive,Inactive,Inactive,Missing or unavailable data
DTXSID7031458,Active,Inactive,Active,Inactive,Both primary assays active - no viability interference detected
DTXSID7031531,Active,Inactive,Inactive,Inactive,BLA active only
DTXSID7031797,Inactive,Inconclusive,Inconclusive,Inactive,Missing or unavailable data
DTXSID7031903,Inconclusive,Inactive,Inconclusive,Inactive,Missing or unavailable data
DTXSID7032004,Active,Inactive,Active,Inactive,Both primary assays active - no viability interference detected
DTXSID7032345,Active,Active,Active,Active,Possible BLA viability interference
DTXSID7032393,Active,Active,Active,Active,Possible BLA viability interference
DTXSID7032424,Inactive,Inactive,Inactive,Inactive,Inactive in both primary assays
DTXSID7032470,Inactive,Inconclusive,Inactive,Inactive,Inactive in both primary assays
DTXSID7032474,Inactive,Inactive,Inactive,Inactive,Inactive in both primary assays
DTXSID7032551,Active,Active,Active,Active,Possible BLA viability interference
DTXSID7032553,Active,Active,Active,Inactive,Possible BLA viability interference
DTXSID7032555,Inactive,Inactive,Inactive,Inactive,Inactive in both primary assays
DTXSID7032559,Active,Active,Inactive,Inactive,Possible BLA viability interference
DTXSID7032630,Inactive,Inactive,Inactive,Inactive,Inactive in both primary assays
DTXSID7032638,Active,Active,Active,Active,Possible BLA viability interference
DTXSID7032688,Inactive,Inactive,Inactive,Inactive,Inactive in both primary assays
DTXSID7033105,Inactive,Inactive,Inactive,Inactive,Inactive in both primary assays
DTXSID7034042,Active,Active,Active,Active,Possible BLA viability interference
DTXSID7034250,Inactive,Inactive,Active,Inactive,MDA-kb2 active only
DTXSID7034252,Inconclusive,Inactive,Inactive,Inactive,Missing or unavailable data
DTXSID7034383,Inactive,Inactive,Inconclusive,Inactive,Missing or unavailable data
DTXSID7034460,,,Inactive,Inactive,Missing or unavailable data
DTXSID7034545,Active,Inactive,Active,Inactive,Both primary assays active - no viability interference detected
DTXSID7034549,Inactive,Inconclusive,Inactive,Inactive,Inactive in both primary assays
DTXSID7034624,,,Active,Active,Possible MDA-kb2 viability interference
DTXSID7034672,Inactive,Inactive,Inactive,Inactive,Inactive in both primary assays
DTXSID7034674,Active,Active,Active,Active,Possible BLA viability interference
DTXSID7034676,Inactive,Inconclusive,Inactive,Inactive,Inactive in both primary assays
DTXSID7034836,Inactive,Inconclusive,Inactive,Inactive,Inactive in both primary assays
DTXSID7034961,Inconclusive,Inconclusive,Inactive,Inactive,Missing or unavailable data
DTXSID7035010,Inactive,Inactive,Inactive,Inactive,Inactive in both primary assays
DTXSID7035272,Inconclusive,Inconclusive,Inconclusive,Inactive,Missing or unavailable data
DTXSID7035305,Inactive,Inactive,Inactive,Inactive,Inactive in both primary assays
DTXSID7037131,Inactive,Inactive,Inconclusive,Inactive,Missing or unavailable data
DTXSID7037185,Inactive,Active,Active,Active,Possible MDA-kb2 viability interference
DTXSID7037262,Inconclusive,Inactive,Active,Inactive,Missing or unavailable data
DTXSID7037478,Inactive,Inconclusive,Inactive,Inactive,Inactive in both primary assays
DTXSID7037551,Inconclusive,Inactive,Inconclusive,Inactive,Missing or unavailable data
DTXSID7037553,Active,Inactive,Active,Inactive,Both primary assays active - no viability interference detected
DTXSID7037555,Inactive,Inactive,Inactive,Inactive,Inactive in both primary assays
DTXSID7037680,Inconclusive,Inactive,Inactive,Inactive,Missing or unavailable data
DTXSID7037684,Active,Inactive,,,Missing or unavailable data
DTXSID7037715,Inactive,Inactive,Inactive,Inactive,Inactive in both primary assays
DTXSID7037717,Active,Active,Active,Inactive,Possible BLA viability interference
DTXSID7038317,Inactive,Inactive,Inconclusive,Inactive,Missing or unavailable data
DTXSID7038810,Inactive,Inactive,Inactive,Inactive,Inactive in both primary assays
DTXSID7038814,Inactive,Inconclusive,Inactive,Inactive,Inactive in both primary assays
DTXSID7038818,Inconclusive,Inactive,Inactive,Inactive,Missing or unavailable data
DTXSID7038864,Active,Active,Active,Active,Possible BLA viability interference
DTXSID7040152,Inactive,Inconclusive,Inconclusive,Inactive,Missing or unavailable data
DTXSID7040154,Inactive,Inactive,Inactive,Inactive,Inactive in both primary assays
DTXSID7040283,Active,Active,Active,Inactive,Possible BLA viability interference
DTXSID7040285,Inconclusive,Inconclusive,Inactive,Inactive,Missing or unavailable data
DTXSID7040287,Active,Inactive,Active,Inactive,Both primary assays active - no viability interference detected
DTXSID7040289,Inconclusive,Inconclusive,Inactive,Inactive,Missing or unavailable data
DTXSID7040316,Inactive,Inconclusive,Inactive,Inactive,Inactive in both primary assays
DTXSID7040360,Inactive,Inactive,Inconclusive,Inactive,Missing or unavailable data
DTXSID7040362,Inactive,Active,Active,Active,Possible MDA-kb2 viability interference
DTXSID7040449,Inactive,Inactive,Inactive,Inactive,Inactive in both primary assays
DTXSID7040526,Inactive,Inactive,Inconclusive,Inconclusive,Missing or unavailable data
DTXSID7040609,Inactive,Inactive,,,Missing or unavailable data
DTXSID7040651,Inactive,Inactive,,,Missing or unavailable data
DTXSID7040653,Inconclusive,Inconclusive,Inactive,Active,Missing or unavailable data
DTXSID7040657,Inactive,Inactive,Inactive,Inactive,Inactive in both primary assays
DTXSID7040732,Inactive,Inactive,Inconclusive,Inactive,Missing or unavailable data
DTXSID7040734,Inactive,Inactive,Inactive,Inactive,Inactive in both primary assays
DTXSID7040736,Inactive,Inactive,Inactive,Inactive,Inactive in both primary assays
DTXSID7040738,Inactive,Active,Active,Active,Possible MDA-kb2 viability interference
DTXSID7040784,,,Inactive,Inactive,Missing or unavailable data
DTXSID7040788,Inactive,Inactive,Inactive,Inconclusive,Inactive in both primary assays
DTXSID7040948,Inactive,Inconclusive,Inconclusive,Inactive,Missing or unavailable data
DTXSID7040990,Active,Active,Active,Active,Possible BLA viability interference
DTXSID7041045,Inconclusive,Inactive,,,Missing or unavailable data
DTXSID7041047,Inconclusive,Inactive,Inactive,Inactive,Missing or unavailable data
DTXSID7041091,Inactive,Inconclusive,,,Missing or unavailable data
DTXSID7041097,Active,Inactive,Active,Inactive,Both primary assays active - no viability interference detected
DTXSID7041126,Inactive,Inactive,Inactive,Inactive,Inactive in both primary assays
DTXSID7041178,Inconclusive,Inconclusive,Inactive,Inactive,Missing or unavailable data
DTXSID7041201,Inactive,Inactive,Inactive,Inactive,Inactive in both primary assays
DTXSID7041209,Inconclusive,Inconclusive,Inactive,Inactive,Missing or unavailable data
DTXSID7041253,Inactive,Inactive,Inconclusive,Inactive,Missing or unavailable data
DTXSID7041336,Active,Active,Active,Inactive,Possible BLA viability interference
DTXSID7041388,Inconclusive,Inactive,Inactive,Inactive,Missing or unavailable data
DTXSID7041411,Active,Active,Active,Active,Possible BLA viability interference
DTXSID7041413,Inconclusive,Inactive,Inconclusive,Inactive,Missing or unavailable data
DTXSID7041417,Inactive,Inconclusive,Inconclusive,Inactive,Missing or unavailable data
DTXSID7041461,Active,Active,Active,Active,Possible BLA viability interference
DTXSID7041467,Inconclusive,Inactive,Inactive,Inactive,Missing or unavailable data
DTXSID7041540,Inconclusive,Inconclusive,Inactive,Inactive,Missing or unavailable data
DTXSID7041544,Inactive,Inactive,Active,Inactive,MDA-kb2 active only
DTXSID7041621,Inactive,Inactive,Active,Inactive,MDA-kb2 active only
DTXSID7041623,Active,Inactive,Inactive,Inactive,BLA active only
DTXSID7041625,Inconclusive,Inactive,Inconclusive,Inactive,Missing or unavailable data
DTXSID7041627,Inactive,Inconclusive,Inconclusive,Inactive,Missing or unavailable data
DTXSID7041629,Active,Active,Active,Active,Possible BLA viability interference
DTXSID7041671,Inactive,Inactive,Inactive,Inactive,Inactive in both primary assays
DTXSID7041675,Inactive,Inconclusive,Inconclusive,Inactive,Missing or unavailable data
DTXSID7041708,Inactive,Inactive,Inactive,Active,Inactive in both primary assays
DTXSID7041752,Active,Active,Active,Active,Possible BLA viability interference
DTXSID7041756,Inactive,Inactive,Inactive,Inactive,Inactive in both primary assays
DTXSID7041883,Active,Active,Active,Active,Possible BLA viability interference
DTXSID7041887,Active,Active,Active,Active,Possible BLA viability interference
DTXSID7041889,Inactive,Inconclusive,Inactive,Inactive,Inactive in both primary assays
DTXSID7041910,Inactive,Inactive,Active,Inactive,MDA-kb2 active only
DTXSID7041914,Inconclusive,Inconclusive,Inconclusive,Inactive,Missing or unavailable data
DTXSID7041916,Inconclusive,Inactive,Inactive,Inactive,Missing or unavailable data
DTXSID7041918,Inconclusive,Inconclusive,Inconclusive,Inactive,Missing or unavailable data
DTXSID7041962,Inactive,Inactive,Inconclusive,Inactive,Missing or unavailable data
DTXSID7041964,Inactive,Inactive,Inactive,Inactive,Inactive in both primary assays
DTXSID7041966,Inactive,Inconclusive,Inactive,Inactive,Inactive in both primary assays
DTXSID7042011,Inactive,Inactive,Inactive,Inactive,Inactive in both primary assays
DTXSID7042019,Active,Active,Inactive,Inactive,Possible BLA viability interference
DTXSID7042061,Inconclusive,Inconclusive,Inactive,Inactive,Missing or unavailable data
DTXSID7042063,Inactive,Inconclusive,Inactive,Inactive,Inactive in both primary assays
DTXSID7042065,Inactive,Inactive,Inactive,Inactive,Inactive in both primary assays
DTXSID7042140,Inactive,Inconclusive,Inconclusive,Inactive,Missing or unavailable data
DTXSID7042146,Inconclusive,Inactive,Inactive,Inactive,Missing or unavailable data
DTXSID7042190,Inactive,Inactive,Inconclusive,Inactive,Missing or unavailable data
DTXSID7042196,Inactive,Inactive,Inconclusive,Inactive,Missing or unavailable data
DTXSID7042198,Inactive,Inactive,Inactive,Inactive,Inactive in both primary assays
DTXSID7042273,Inactive,Active,Inactive,Inactive,Inactive in both primary assays
DTXSID7042279,Inconclusive,Inactive,Inactive,Inactive,Missing or unavailable data
DTXSID7042352,Active,Active,Inactive,Inactive,Possible BLA viability interference
DTXSID7042356,Inactive,Inactive,Inactive,Inactive,Inactive in both primary assays
DTXSID7042437,Active,Inactive,Active,Inactive,Both primary assays active - no viability interference detected
DTXSID7042514,Inconclusive,Inconclusive,Inconclusive,Inactive,Missing or unavailable data
DTXSID7043829,Inconclusive,Inconclusive,Active,Inactive,Missing or unavailable data
DTXSID7043873,Inactive,Inconclusive,Inactive,Inactive,Inactive in both primary assays
DTXSID7043902,Inactive,Inconclusive,Inactive,Inactive,Inactive in both primary assays
DTXSID7043908,Inconclusive,Inactive,Inactive,Inactive,Missing or unavailable data
DTXSID7043950,Inactive,Inactive,Inconclusive,Inactive,Missing or unavailable data
DTXSID7043952,Active,Inactive,,,Missing or unavailable data
DTXSID7044130,Inactive,Inactive,,,Missing or unavailable data
DTXSID7044132,Inactive,Inactive,Inconclusive,Inactive,Missing or unavailable data
DTXSID7044215,Inconclusive,Inactive,Inactive,Inactive,Missing or unavailable data
DTXSID7044217,Inconclusive,Inactive,Inactive,Inactive,Missing or unavailable data
DTXSID7044267,Inactive,Inconclusive,Inactive,Inactive,Inactive in both primary assays
DTXSID7044340,Inconclusive,Inconclusive,Inconclusive,Inactive,Missing or unavailable data
DTXSID7044342,Active,Inactive,Inactive,Inactive,BLA active only
DTXSID7044346,Inactive,Inconclusive,Inactive,Inactive,Inactive in both primary assays
DTXSID7044390,Active,Active,Active,Inactive,Possible BLA viability interference
DTXSID7044392,Inconclusive,Inactive,Inactive,Inactive,Missing or unavailable data
DTXSID7044394,Inconclusive,Inactive,Inactive,Inactive,Missing or unavailable data
DTXSID7044396,Inconclusive,Inactive,Inconclusive,Inactive,Missing or unavailable data
DTXSID7044398,Inconclusive,Inactive,Inactive,Inactive,Missing or unavailable data
DTXSID7044421,Inconclusive,Inactive,Inactive,Inactive,Missing or unavailable data
DTXSID7044423,Inactive,Inactive,Inactive,Inactive,Inactive in both primary assays
DTXSID7044425,Inactive,Inconclusive,Inactive,Inactive,Inactive in both primary assays
DTXSID7044427,Inconclusive,Inconclusive,Inactive,Inactive,Missing or unavailable data
DTXSID7044429,Inactive,Inactive,Inactive,Inactive,Inactive in both primary assays
DTXSID7044471,Inactive,Inconclusive,Inactive,Inactive,Inactive in both primary assays
DTXSID7044473,Inactive,Inactive,Inactive,Inconclusive,Inactive in both primary assays
DTXSID7044475,Inactive,Inactive,Inactive,Inactive,Inactive in both primary assays
DTXSID7044479,Inconclusive,Inconclusive,Inactive,Inactive,Missing or unavailable data
DTXSID7044500,,,Inactive,Inactive,Missing or unavailable data
DTXSID7044502,Inconclusive,Inactive,Inactive,Inactive,Missing or unavailable data
DTXSID7044504,Active,Active,Inconclusive,Inactive,Possible BLA viability interference
DTXSID7044506,Inactive,Inconclusive,Inactive,Inactive,Inactive in both primary assays
DTXSID7044508,Inconclusive,Inconclusive,Inconclusive,Inactive,Missing or unavailable data
DTXSID7044552,Inactive,Inconclusive,Inactive,Inactive,Inactive in both primary assays
DTXSID7044554,Inactive,Inconclusive,Inconclusive,Inactive,Missing or unavailable data
DTXSID7044558,,,Active,Active,Possible MDA-kb2 viability interference
DTXSID7044631,Inactive,Inactive,Inconclusive,Inactive,Missing or unavailable data
DTXSID7044633,Inconclusive,Inactive,Inconclusive,Inactive,Missing or unavailable data
DTXSID7044635,Inactive,Inactive,Inactive,Inactive,Inactive in both primary assays
DTXSID7044639,Active,Active,Active,Active,Possible BLA viability interference
DTXSID7044681,Inconclusive,Inactive,Inactive,Active,Missing or unavailable data
DTXSID7044685,Inactive,Inactive,Inactive,Inconclusive,Inactive in both primary assays
DTXSID7044689,Inactive,Inactive,Inconclusive,Inactive,Missing or unavailable data
DTXSID7044710,Inconclusive,Inactive,Inactive,Inactive,Missing or unavailable data
DTXSID7044712,Inactive,Inactive,Inactive,Inactive,Inactive in both primary assays
DTXSID7044714,Inactive,Inconclusive,Inactive,Active,Inactive in both primary assays
DTXSID7044716,Inactive,Inactive,Inactive,Inactive,Inactive in both primary assays
DTXSID7044718,Inconclusive,Inconclusive,Inconclusive,Active,Missing or unavailable data
DTXSID7044760,Inactive,Inconclusive,Inactive,Inactive,Inactive in both primary assays
DTXSID7044762,Inactive,Inconclusive,Inactive,Inactive,Inactive in both primary assays
DTXSID7044764,Inconclusive,Inconclusive,Inactive,Inactive,Missing or unavailable data
DTXSID7044768,Inconclusive,Inactive,Inactive,Inactive,Missing or unavailable data
DTXSID7044841,Active,Active,Active,Active,Possible BLA viability interference
DTXSID7044843,Inactive,Inactive,Inactive,Active,Inactive in both primary assays
DTXSID7044845,Inactive,Inconclusive,Inactive,Inactive,Inactive in both primary assays
DTXSID7044847,Inactive,Inconclusive,Inactive,Inactive,Inactive in both primary assays
DTXSID7044849,Inactive,Inconclusive,Inactive,Inactive,Inactive in both primary assays
DTXSID7044893,Inactive,Inconclusive,Inactive,Inactive,Inactive in both primary assays
DTXSID7044895,Active,Inactive,Active,Inactive,Both primary assays active - no viability interference detected
DTXSID7044897,Inactive,Inconclusive,Inconclusive,Inactive,Missing or unavailable data
DTXSID7044899,Inconclusive,Inactive,Inactive,Inactive,Missing or unavailable data
DTXSID7044922,Inactive,Inactive,Inactive,Inactive,Inactive in both primary assays
DTXSID7044926,Inconclusive,Inactive,Inactive,Inactive,Missing or unavailable data
DTXSID7044928,Inconclusive,Inactive,Inconclusive,Inactive,Missing or unavailable data
DTXSID7044970,,,Inconclusive,Inactive,Missing or unavailable data
DTXSID7044972,Inactive,Inconclusive,Inactive,Inactive,Inactive in both primary assays
DTXSID7044974,Inconclusive,Inactive,Inconclusive,Inactive,Missing or unavailable data
DTXSID7044976,Inactive,Inconclusive,Inactive,Inactive,Inactive in both primary assays
DTXSID7044978,Inactive,Inactive,Active,Inactive,MDA-kb2 active only
DTXSID7045029,Inactive,Inactive,Active,Active,Possible MDA-kb2 viability interference
DTXSID7045079,Inactive,Inactive,,,Missing or unavailable data
DTXSID7045106,Inactive,Inactive,,,Missing or unavailable data
DTXSID7045108,Inconclusive,Inconclusive,,,Missing or unavailable data
DTXSID7045150,Active,Active,,,Possible BLA viability interference
DTXSID7045152,Inactive,Inactive,Active,Active,Possible MDA-kb2 viability interference
DTXSID7045158,Inactive,Inconclusive,Inactive,Inactive,Inactive in both primary assays
DTXSID7045281,Inactive,Inactive,Inactive,Inactive,Inactive in both primary assays
DTXSID7045287,Inactive,Inconclusive,Inactive,Inactive,Inactive in both primary assays
DTXSID7045310,Inactive,Inconclusive,Inactive,Inconclusive,Inactive in both primary assays
DTXSID7045312,Inconclusive,Inconclusive,Inactive,Inactive,Missing or unavailable data
DTXSID7045316,Inconclusive,Inactive,Inactive,Inactive,Missing or unavailable data
DTXSID7045318,Inconclusive,Inactive,,,Missing or unavailable data
DTXSID7045360,Inactive,Inactive,,,Missing or unavailable data
DTXSID7045364,Inactive,Inactive,Inactive,Inactive,Inactive in both primary assays
DTXSID7045366,Inconclusive,Inconclusive,Inconclusive,Inactive,Missing or unavailable data
DTXSID7045368,Active,Inactive,Inactive,Inactive,BLA active only
DTXSID7045441,Inactive,Inactive,Inactive,Inactive,Inactive in both primary assays
DTXSID7045443,Inactive,Inactive,,,Missing or unavailable data
DTXSID7045447,Inactive,Inactive,Active,Inactive,MDA-kb2 active only
DTXSID7045493,Inactive,Inactive,Inconclusive,Inactive,Missing or unavailable data
DTXSID7045497,Inactive,Inactive,Inactive,Inactive,Inactive in both primary assays
DTXSID7045522,Inconclusive,Inconclusive,Inactive,Inactive,Missing or unavailable data
DTXSID7045526,Inactive,Inconclusive,Inconclusive,Inactive,Missing or unavailable data
DTXSID7045570,Inconclusive,Inactive,Inactive,Inactive,Missing or unavailable data
DTXSID7045572,Inactive,Inactive,Inconclusive,Inactive,Missing or unavailable data
DTXSID7045574,Inconclusive,Inactive,Inconclusive,Inactive,Missing or unavailable data
DTXSID7045576,Inactive,Inactive,Inactive,Inactive,Inactive in both primary assays
DTXSID7045578,Inactive,Inactive,Inconclusive,Inactive,Missing or unavailable data
DTXSID7045601,Active,Inactive,Active,Active,Possible MDA-kb2 viability interference
DTXSID7045603,Inactive,Inconclusive,,,Missing or unavailable data
DTXSID7045605,Inconclusive,Inactive,,,Missing or unavailable data
DTXSID7045607,Inactive,Inactive,Inactive,Inactive,Inactive in both primary assays
DTXSID7045651,Inconclusive,Inconclusive,Inconclusive,Inactive,Missing or unavailable data
DTXSID7045653,Inactive,Inactive,Inconclusive,Inconclusive,Missing or unavailable data
DTXSID7045655,Inactive,Inconclusive,Inconclusive,Inactive,Missing or unavailable data
DTXSID7045659,Inconclusive,Inactive,Inconclusive,Inactive,Missing or unavailable data
DTXSID7045780,Inactive,Inconclusive,,,Missing or unavailable data
DTXSID7045782,Inactive,Inconclusive,,,Missing or unavailable data
DTXSID7045786,Inactive,Inactive,,,Missing or unavailable data
DTXSID7045788,Inconclusive,Inactive,Inactive,Inactive,Missing or unavailable data
DTXSID7045811,Inconclusive,Inactive,Active,Active,Possible MDA-kb2 viability interference
DTXSID7045813,Inconclusive,Inactive,Inactive,Inactive,Missing or unavailable data
DTXSID7045815,Inactive,Inactive,Inactive,Inactive,Inactive in both primary assays
DTXSID7045861,Active,Active,,,Possible BLA viability interference
DTXSID7045863,Active,Active,Active,Inactive,Possible BLA viability interference
DTXSID7045865,Inactive,Inactive,,,Missing or unavailable data
DTXSID7045867,Active,Inactive,Inconclusive,Inactive,Missing or unavailable data
DTXSID7045940,Inactive,Inactive,Inactive,Inactive,Inactive in both primary assays
DTXSID7045942,Inconclusive,Inactive,Inactive,Inactive,Missing or unavailable data
DTXSID7045944,Active,Inactive,,,Missing or unavailable data
DTXSID7045946,Inconclusive,Inactive,Inconclusive,Inactive,Missing or unavailable data
DTXSID7045948,Inconclusive,Inactive,Inactive,Inactive,Missing or unavailable data
DTXSID7045992,Inactive,Inactive,,,Missing or unavailable data
DTXSID7045996,Inactive,Inactive,Inactive,Inactive,Inactive in both primary assays
DTXSID7045998,Inactive,Inactive,,,Missing or unavailable data
DTXSID7046041,Inactive,Inconclusive,Inactive,Inactive,Inactive in both primary assays
DTXSID7046045,Inactive,Inconclusive,Inactive,Inactive,Inactive in both primary assays
DTXSID7046047,Inactive,Inactive,Inconclusive,Inactive,Missing or unavailable data
DTXSID7046091,Active,Inactive,Active,Active,Possible MDA-kb2 viability interference
DTXSID7046093,Inconclusive,Inactive,Inconclusive,Inactive,Missing or unavailable data
DTXSID7046095,Inconclusive,Inconclusive,Inactive,Inactive,Missing or unavailable data
DTXSID7046097,Inconclusive,Inconclusive,,,Missing or unavailable data
DTXSID7046099,Inconclusive,Inconclusive,,,Missing or unavailable data
DTXSID7046120,Inactive,Inconclusive,,,Missing or unavailable data
DTXSID7046122,Inconclusive,Inactive,,,Missing or unavailable data
DTXSID7046126,Inactive,Inactive,Inactive,Inactive,Inactive in both primary assays
DTXSID7046128,Inactive,Inconclusive,Active,Inactive,MDA-kb2 active only
DTXSID7046170,Inactive,Inactive,,,Missing or unavailable data
DTXSID7046172,Inconclusive,Inconclusive,,,Missing or unavailable data
DTXSID7046174,Inactive,Inactive,Inconclusive,Inactive,Missing or unavailable data
DTXSID7046176,Inactive,Inactive,Inactive,Inactive,Inactive in both primary assays
DTXSID7046178,Active,Inactive,,,Missing or unavailable data
DTXSID7046201,Inactive,Inactive,Inactive,Inactive,Inactive in both primary assays
DTXSID7046205,Inconclusive,Active,,,Missing or unavailable data
DTXSID7046207,Inactive,Inactive,Inactive,Inactive,Inactive in both primary assays
DTXSID7046251,Inactive,Inconclusive,,,Missing or unavailable data
DTXSID7046253,Inactive,Inactive,,,Missing or unavailable data
DTXSID7046255,Inactive,Inconclusive,,,Missing or unavailable data
DTXSID7046257,Inactive,Inconclusive,,,Missing or unavailable data
DTXSID7046259,Inactive,Inconclusive,,,Missing or unavailable data
DTXSID7046332,Inactive,Inactive,Inconclusive,Inactive,Missing or unavailable data
DTXSID7046384,Inactive,Inconclusive,Inactive,Inactive,Inactive in both primary assays
DTXSID7046386,Active,Active,Active,Active,Possible BLA viability interference
DTXSID7046388,Inactive,Inconclusive,Inconclusive,Inactive,Missing or unavailable data
DTXSID7046411,Inactive,Inactive,,,Missing or unavailable data
DTXSID7046413,Active,Active,,,Possible BLA viability interference
DTXSID7046415,Inconclusive,Inconclusive,Inactive,Inactive,Missing or unavailable data
DTXSID7046417,Inactive,Inactive,Inactive,Inactive,Inactive in both primary assays
DTXSID7046419,Inactive,Inactive,Inconclusive,Inactive,Missing or unavailable data
DTXSID7046461,Inactive,Inconclusive,Inconclusive,Inactive,Missing or unavailable data
DTXSID7046463,Inactive,Inactive,Inactive,Inactive,Inactive in both primary assays
DTXSID7046465,Inactive,Inactive,Active,Inactive,MDA-kb2 active only
DTXSID7046467,Inconclusive,Inconclusive,Inconclusive,Inactive,Missing or unavailable data
DTXSID7046540,Inactive,Inconclusive,,,Missing or unavailable data
DTXSID7046542,Inactive,Inactive,,,Missing or unavailable data
DTXSID7046548,Inactive,Inconclusive,,,Missing or unavailable data
DTXSID7046592,Inconclusive,Inactive,,,Missing or unavailable data
DTXSID7046594,Inactive,Inactive,Inactive,Inactive,Inactive in both primary assays
DTXSID7046596,Inconclusive,Active,,,Missing or unavailable data
DTXSID7046621,Inactive,Inactive,,,Missing or unavailable data
DTXSID7046623,Inconclusive,Inactive,Inactive,Inactive,Missing or unavailable data
DTXSID7046627,Active,Inconclusive,Inactive,Inactive,BLA active only
DTXSID7046673,Inconclusive,Inconclusive,Inconclusive,Inactive,Missing or unavailable data
DTXSID7046675,Inactive,Inconclusive,Active,Inactive,MDA-kb2 active only
DTXSID7046677,Inactive,Inactive,Inactive,Inactive,Inactive in both primary assays
DTXSID7046700,Inconclusive,Inconclusive,,,Missing or unavailable data
DTXSID7046702,Inactive,Inconclusive,,,Missing or unavailable data
DTXSID7046706,Inconclusive,Inactive,Inactive,Inconclusive,Missing or unavailable data
DTXSID7046708,Active,Active,,,Possible BLA viability interference
DTXSID7046750,Inconclusive,Inconclusive,,,Missing or unavailable data
DTXSID7046752,Active,Active,,,Possible BLA viability interference
DTXSID7046754,Inactive,Inactive,,,Missing or unavailable data
DTXSID7046756,Inactive,Inconclusive,Inconclusive,Inactive,Missing or unavailable data
DTXSID7046758,Inactive,Inactive,,,Missing or unavailable data
DTXSID7046831,Inactive,Inconclusive,Inconclusive,Inactive,Missing or unavailable data
DTXSID7046833,Inactive,Inactive,,,Missing or unavailable data
DTXSID7046835,Inactive,Active,,,Missing or unavailable data
DTXSID7046837,Active,Active,,,Possible BLA viability interference
DTXSID7046839,Inactive,Inactive,,,Missing or unavailable data
DTXSID7046881,Inconclusive,Inconclusive,,,Missing or unavailable data
DTXSID7046883,Inactive,Inactive,,,Missing or unavailable data
DTXSID7046885,Inconclusive,Inactive,,,Missing or unavailable data
DTXSID7046887,Inactive,Inconclusive,Inconclusive,Inactive,Missing or unavailable data
DTXSID7046889,Active,Active,Active,Inactive,Possible BLA viability interference
DTXSID7046910,Inactive,Inconclusive,Inconclusive,Inactive,Missing or unavailable data
DTXSID7046912,Inactive,Inconclusive,Inactive,Inconclusive,Inactive in both primary assays
DTXSID7046914,Inactive,Inactive,Inactive,Inactive,Inactive in both primary assays
DTXSID7046918,Inactive,Inactive,,,Missing or unavailable data
DTXSID7046966,Inactive,Inactive,Inconclusive,Inconclusive,Missing or unavailable data
DTXSID7047061,Inconclusive,Inconclusive,Inconclusive,Inactive,Missing or unavailable data
DTXSID7047065,Inactive,Inactive,Inactive,Inactive,Inactive in both primary assays
DTXSID7047067,Inconclusive,Inconclusive,Inconclusive,Inactive,Missing or unavailable data
DTXSID7047140,Inconclusive,Inactive,Inconclusive,Inactive,Missing or unavailable data
DTXSID7047142,Inconclusive,Inactive,Inactive,Inconclusive,Missing or unavailable data
DTXSID7047144,Active,Active,Active,Active,Possible BLA viability interference
DTXSID7047146,Inactive,Active,Active,Inactive,MDA-kb2 active only
DTXSID7047190,Inactive,Inactive,Inconclusive,Inactive,Missing or unavailable data
DTXSID7047192,Inconclusive,Inactive,Inactive,Inactive,Missing or unavailable data
DTXSID7047196,Inconclusive,Inconclusive,Inactive,Inactive,Missing or unavailable data
DTXSID7047198,Inconclusive,Inactive,Inconclusive,Inactive,Missing or unavailable data
DTXSID7047271,Active,Active,Active,Active,Possible BLA viability interference
DTXSID7047277,Active,Active,Active,Active,Possible BLA viability interference
DTXSID7047279,Active,Inactive,Inconclusive,Inconclusive,Missing or unavailable data
DTXSID7047304,Active,Inactive,Inactive,Active,BLA active only
DTXSID7047306,Inconclusive,Inactive,Inactive,Inactive,Missing or unavailable data
DTXSID7047308,Active,Active,Inactive,Inactive,Possible BLA viability interference
DTXSID7047356,Inconclusive,Inactive,Inactive,Inactive,Missing or unavailable data
DTXSID7047358,Active,Active,Active,Inactive,Possible BLA viability interference
DTXSID7047433,Active,Active,Active,Inactive,Possible BLA viability interference
DTXSID7047435,Inactive,Inactive,Inconclusive,Inactive,Missing or unavailable data
DTXSID7047437,Inactive,Inactive,Inactive,Inactive,Inactive in both primary assays
DTXSID7047439,Inactive,Inconclusive,Inactive,Inactive,Inactive in both primary assays
DTXSID7047487,Inactive,Inactive,Inactive,Inactive,Inactive in both primary assays
DTXSID7047510,Inactive,Inactive,Inactive,Inactive,Inactive in both primary assays
DTXSID7047512,Inactive,Inconclusive,Inactive,Inactive,Inactive in both primary assays
DTXSID7047518,Inactive,Inactive,Inactive,Inactive,Inactive in both primary assays
DTXSID7047560,Inconclusive,Inconclusive,Inconclusive,Inactive,Missing or unavailable data
DTXSID7047562,Inconclusive,Inactive,Inactive,Inactive,Missing or unavailable data
DTXSID7047568,Inactive,Inactive,Inconclusive,Inactive,Missing or unavailable data
DTXSID7047641,Inactive,Inconclusive,Inactive,Inactive,Inactive in both primary assays
DTXSID7047643,Inactive,Inactive,Inactive,Inactive,Inactive in both primary assays
DTXSID7047645,Inconclusive,Inactive,Inactive,Inactive,Missing or unavailable data
DTXSID7047647,Inconclusive,Inactive,Inactive,Inactive,Missing or unavailable data
DTXSID7047649,Inactive,Inactive,Inconclusive,Inactive,Missing or unavailable data
DTXSID7047691,,,Inconclusive,Inactive,Missing or unavailable data
DTXSID7047693,,,Inconclusive,Inactive,Missing or unavailable data
DTXSID7047697,Active,Inactive,Inconclusive,Inactive,Missing or unavailable data
DTXSID7047726,Inactive,Inactive,Inactive,Inactive,Inactive in both primary assays
DTXSID7047772,Inactive,Inactive,Inactive,Inactive,Inactive in both primary assays
DTXSID7047774,Inactive,Inactive,Inconclusive,Inactive,Missing or unavailable data
DTXSID7047776,Inactive,Inactive,Active,Inactive,MDA-kb2 active only
DTXSID7047778,Inconclusive,Inactive,,,Missing or unavailable data
DTXSID7047801,Inactive,Inactive,Inconclusive,Inactive,Missing or unavailable data
DTXSID7047803,Inactive,Inconclusive,Inconclusive,Inconclusive,Missing or unavailable data
DTXSID7047807,Inconclusive,Inactive,Inactive,Inactive,Missing or unavailable data
DTXSID7047851,Active,Active,,,Possible BLA viability interference
DTXSID7047853,Active,Inactive,Active,Inactive,Both primary assays active - no viability interference detected
DTXSID7047857,Inactive,Inactive,,,Missing or unavailable data
DTXSID7047930,Inactive,Inactive,Inconclusive,Inactive,Missing or unavailable data
DTXSID7047932,Inactive,Inactive,Inactive,Inactive,Inactive in both primary assays
DTXSID7047934,Active,Inactive,Active,Inactive,Both primary assays active - no viability interference detected
DTXSID7047936,Inactive,Inactive,Active,Inactive,MDA-kb2 active only
DTXSID7047938,Inactive,Inactive,Inconclusive,Inactive,Missing or unavailable data
DTXSID7048166,Active,Active,Active,Inactive,Possible BLA viability interference
DTXSID7048168,Active,Active,Active,Inactive,Possible BLA viability interference
DTXSID7048291,Active,Inconclusive,,,Missing or unavailable data
DTXSID7048580,Inactive,Inactive,Inconclusive,Inactive,Missing or unavailable data
DTXSID7048582,Inactive,Inactive,Inactive,Inactive,Inactive in both primary assays
DTXSID7048584,Inconclusive,Inconclusive,,,Missing or unavailable data
DTXSID7048586,Inactive,Inactive,,,Missing or unavailable data
DTXSID7048588,Inactive,Inactive,,,Missing or unavailable data
DTXSID7048611,Inactive,Inactive,,,Missing or unavailable data
DTXSID7048613,Inactive,Inactive,,,Missing or unavailable data
DTXSID7048615,Inconclusive,Inconclusive,,,Missing or unavailable data
DTXSID7048617,Inactive,Inconclusive,,,Missing or unavailable data
DTXSID7048619,Active,Inactive,Active,Active,Possible MDA-kb2 viability interference
DTXSID7048661,Inactive,Inactive,Inactive,Inactive,Inactive in both primary assays
DTXSID7048663,Inconclusive,Inconclusive,,,Missing or unavailable data
DTXSID7048665,Inactive,Inactive,,,Missing or unavailable data
DTXSID7048667,Active,Inactive,,,Missing or unavailable data
DTXSID7048669,Inconclusive,Inactive,Inactive,Inactive,Missing or unavailable data
DTXSID7048740,Inactive,Inactive,Inactive,Inactive,Inactive in both primary assays
DTXSID7048742,Active,Inactive,,,Missing or unavailable data
DTXSID7048744,Inactive,Inactive,Active,Inactive,MDA-kb2 active only
DTXSID7048746,Inactive,Inactive,Inactive,Inactive,Inactive in both primary assays
DTXSID7048748,Inactive,Inactive,,,Missing or unavailable data
DTXSID7048790,Inactive,Inactive,Inactive,Inactive,Inactive in both primary assays
DTXSID7048792,Inactive,Inactive,Inactive,Inactive,Inactive in both primary assays
DTXSID7048794,Inactive,Inactive,Inactive,Inactive,Inactive in both primary assays
DTXSID7048796,Inactive,Inactive,Inconclusive,Inactive,Missing or unavailable data
DTXSID7048798,Active,Active,Active,Active,Possible BLA viability interference
DTXSID7048821,Inactive,Inactive,Inactive,Inactive,Inactive in both primary assays
DTXSID7048823,Inactive,Inactive,Inactive,Inactive,Inactive in both primary assays
DTXSID7048825,Inactive,Inactive,Inactive,Inconclusive,Inactive in both primary assays
DTXSID7048827,Inactive,Inconclusive,Inactive,Inactive,Inactive in both primary assays
DTXSID7048829,Inactive,Inactive,Inconclusive,Inactive,Missing or unavailable data
DTXSID7048871,Inactive,Inactive,Inactive,Inactive,Inactive in both primary assays
DTXSID7048873,Inactive,Inactive,Inconclusive,Inactive,Missing or unavailable data
DTXSID7048875,Inactive,Inactive,Active,Inactive,MDA-kb2 active only
DTXSID7048877,Inconclusive,Inactive,Active,Inactive,Missing or unavailable data
DTXSID7048879,Inactive,Inactive,Inconclusive,Inactive,Missing or unavailable data
DTXSID7048900,Inactive,Inactive,Inactive,Inactive,Inactive in both primary assays
DTXSID7048902,Inactive,Inactive,Inactive,Inactive,Inactive in both primary assays
DTXSID7048904,Inactive,Inactive,Active,Inactive,MDA-kb2 active only
DTXSID7048906,Inactive,Inactive,,,Missing or unavailable data
DTXSID7048908,Inconclusive,Inconclusive,Inconclusive,Inactive,Missing or unavailable data
DTXSID7048950,Inactive,Inactive,,,Missing or unavailable data
DTXSID7048952,Inactive,Inactive,,,Missing or unavailable data
DTXSID7048954,Inactive,Inactive,Inactive,Inactive,Inactive in both primary assays
DTXSID7048956,Inactive,Inactive,,,Missing or unavailable data
DTXSID7048958,Active,Active,,,Possible BLA viability interference
DTXSID7049001,Inactive,Inactive,,,Missing or unavailable data
DTXSID7049003,Inactive,Inactive,Inconclusive,Inactive,Missing or unavailable data
DTXSID7049005,Inconclusive,Inactive,,,Missing or unavailable data
DTXSID7049007,Inactive,Inactive,Inactive,Inactive,Inactive in both primary assays
DTXSID7049009,Inactive,Inactive,,,Missing or unavailable data
DTXSID7049051,Active,Active,Active,Inactive,Possible BLA viability interference
DTXSID7049053,Inactive,Active,,,Missing or unavailable data
DTXSID7049055,Inconclusive,Inactive,Inactive,Inactive,Missing or unavailable data
DTXSID7049057,Inactive,Inactive,,,Missing or unavailable data
DTXSID7049059,Inactive,Inactive,Inconclusive,Inactive,Missing or unavailable data
DTXSID7049211,Inactive,Inactive,Active,Inactive,MDA-kb2 active only
DTXSID7049213,Inactive,Inconclusive,Inactive,Inactive,Inactive in both primary assays
DTXSID7049215,Inactive,Inactive,Inactive,Inactive,Inactive in both primary assays
DTXSID7049217,Inactive,Inactive,Inconclusive,Inactive,Missing or unavailable data
DTXSID7049219,Inconclusive,Inactive,Inconclusive,Inactive,Missing or unavailable data
DTXSID7049261,Inactive,Inactive,Active,Inactive,MDA-kb2 active only
DTXSID7049263,Inconclusive,Inactive,Inactive,Inactive,Missing or unavailable data
DTXSID7049265,Active,Inactive,Inactive,Inactive,BLA active only
DTXSID7049267,Inactive,Inactive,Inactive,Inactive,Inactive in both primary assays
DTXSID7049269,Inactive,Inconclusive,Inconclusive,Inactive,Missing or unavailable data
DTXSID7049340,Inconclusive,Inactive,Inactive,Inactive,Missing or unavailable data
DTXSID7049342,Inactive,Inactive,Inactive,Inactive,Inactive in both primary assays
DTXSID7049344,Inactive,Inconclusive,Inconclusive,Inactive,Missing or unavailable data
DTXSID7049346,Inconclusive,Inactive,Inconclusive,Inactive,Missing or unavailable data
DTXSID7049348,Inconclusive,Inactive,Inconclusive,Inactive,Missing or unavailable data
DTXSID7049390,Inactive,Inactive,Inconclusive,Inactive,Missing or unavailable data
DTXSID7049392,Inactive,Inactive,Inactive,Inactive,Inactive in both primary assays
DTXSID7049394,Inactive,Inconclusive,Inconclusive,Inactive,Missing or unavailable data
DTXSID7049396,Inactive,Inconclusive,Inconclusive,Inactive,Missing or unavailable data
DTXSID7049398,Inactive,Inconclusive,Inconclusive,Inactive,Missing or unavailable data
DTXSID7049421,Inactive,Inactive,Inconclusive,Inactive,Missing or unavailable data
DTXSID7049423,Inactive,Inactive,Inactive,Inactive,Inactive in both primary assays
DTXSID7049425,Inactive,Inactive,Inconclusive,Inactive,Missing or unavailable data
DTXSID7049427,Inconclusive,Inconclusive,Inconclusive,Inactive,Missing or unavailable data
DTXSID7049429,Active,Inactive,Inactive,Inactive,BLA active only
DTXSID7049471,Inactive,Inactive,Inconclusive,Inactive,Missing or unavailable data
DTXSID7049473,Inactive,Inactive,Inconclusive,Inactive,Missing or unavailable data
DTXSID7049475,Inactive,Inactive,Inconclusive,Inactive,Missing or unavailable data
DTXSID7049477,Inactive,Inactive,Inconclusive,Inactive,Missing or unavailable data
DTXSID7049479,Inactive,Inactive,Inactive,Inactive,Inactive in both primary assays
DTXSID7049500,Inactive,Inactive,Inconclusive,Inactive,Missing or unavailable data
DTXSID7049502,Active,Inactive,Inconclusive,Inactive,Missing or unavailable data
DTXSID7049504,Active,Inactive,Inconclusive,Inactive,Missing or unavailable data
DTXSID7049506,Active,Inactive,Inconclusive,Inactive,Missing or unavailable data
DTXSID7049508,Active,Inactive,Inconclusive,Inactive,Missing or unavailable data
DTXSID7049550,Inconclusive,Inconclusive,Inconclusive,Inconclusive,Missing or unavailable data
DTXSID7049552,Inactive,Inactive,Active,Inactive,MDA-kb2 active only
DTXSID7049554,Active,Inactive,Inconclusive,Inactive,Missing or unavailable data
DTXSID7049556,Active,Inactive,Active,Inactive,Both primary assays active - no viability interference detected
DTXSID7049558,Inactive,Inactive,Inconclusive,Inactive,Missing or unavailable data
DTXSID7051474,,,Inactive,Inactive,Missing or unavailable data
DTXSID7051557,,,Inactive,Inactive,Missing or unavailable data
DTXSID7051715,,,Inactive,Inactive,Missing or unavailable data
DTXSID7051890,,,Inactive,Inactive,Missing or unavailable data
DTXSID7052101,,,Inactive,Inconclusive,Missing or unavailable data
DTXSID7052109,,,Inactive,Inactive,Missing or unavailable data
DTXSID7052284,,,Active,Inactive,Missing or unavailable data
DTXSID7052288,,,Inactive,Inactive,Missing or unavailable data
DTXSID7052311,,,Inconclusive,Inactive,Missing or unavailable data
DTXSID7052319,,,Active,Inactive,Missing or unavailable data
DTXSID7052446,,,Inactive,Inactive,Missing or unavailable data
DTXSID7052529,,,Inactive,Inactive,Missing or unavailable data
DTXSID7052571,,,Active,Inactive,Missing or unavailable data
DTXSID7052573,,,Active,Inactive,Missing or unavailable data
DTXSID7052577,,,Inactive,Inactive,Missing or unavailable data
DTXSID7052602,,,Inactive,Inactive,Missing or unavailable data
DTXSID7052652,,,Inconclusive,Inactive,Missing or unavailable data
DTXSID7052654,,,Inactive,Inactive,Missing or unavailable data
DTXSID7052735,,,Inactive,Inactive,Missing or unavailable data
DTXSID7052860,,,Inconclusive,Inactive,Missing or unavailable data
DTXSID7052866,,,Inconclusive,Inactive,Missing or unavailable data
DTXSID7057602,,,Inactive,Inconclusive,Missing or unavailable data
DTXSID7057604,,,Inactive,Inactive,Missing or unavailable data
DTXSID7057606,,,Inconclusive,Inconclusive,Missing or unavailable data
DTXSID7057608,,,Inconclusive,Inactive,Missing or unavailable data
DTXSID7057650,,,Inactive,Inactive,Missing or unavailable data
DTXSID7057652,,,Inconclusive,Inactive,Missing or unavailable data
DTXSID7057654,,,Inconclusive,Inactive,Missing or unavailable data
DTXSID7057656,,,Inactive,Inactive,Missing or unavailable data
DTXSID7057658,,,Inactive,Inactive,Missing or unavailable data
DTXSID7057731,,,Active,Inactive,Missing or unavailable data
DTXSID7057733,,,Inactive,Inactive,Missing or unavailable data
DTXSID7057735,,,Inconclusive,Inactive,Missing or unavailable data
DTXSID7057737,,,Active,Inactive,Missing or unavailable data
DTXSID7057739,,,Inactive,Inactive,Missing or unavailable data
DTXSID7057781,,,Inactive,Inactive,Missing or unavailable data
DTXSID7057783,,,Inactive,Inactive,Missing or unavailable data
DTXSID7057785,,,Inconclusive,Inactive,Missing or unavailable data
DTXSID7057787,,,Inconclusive,Inactive,Missing or unavailable data
DTXSID7057789,,,Inconclusive,Inactive,Missing or unavailable data
DTXSID7057810,,,Inactive,Inactive,Missing or unavailable data
DTXSID7057812,,,Inconclusive,Inactive,Missing or unavailable data
DTXSID7057814,,,Inactive,Inactive,Missing or unavailable data
DTXSID7057816,,,Inactive,Inactive,Missing or unavailable data
DTXSID7057818,,,Active,Inactive,Missing or unavailable data
DTXSID8020040,Inactive,Inconclusive,Active,Inactive,MDA-kb2 active only
DTXSID8020044,Inactive,Inactive,Inconclusive,Inactive,Missing or unavailable data
DTXSID8020090,Inactive,Inconclusive,Inconclusive,Inactive,Missing or unavailable data
DTXSID8020092,Inactive,Inconclusive,Inconclusive,Inactive,Missing or unavailable data
DTXSID8020094,Inconclusive,Inactive,Inconclusive,Inactive,Missing or unavailable data
DTXSID8020121,Inactive,Inactive,Inactive,Inactive,Inactive in both primary assays
DTXSID8020123,Inactive,Inactive,Inactive,Inactive,Inactive in both primary assays
DTXSID8020127,Inactive,Inconclusive,Inconclusive,Inactive,Missing or unavailable data
DTXSID8020129,Inactive,Inactive,Inactive,Inactive,Inactive in both primary assays
DTXSID8020173,Inactive,Inconclusive,Inconclusive,Inactive,Missing or unavailable data
DTXSID8020175,Inactive,Inactive,Inactive,Inactive,Inactive in both primary assays
DTXSID8020179,Inactive,Inactive,Inactive,Inactive,Inactive in both primary assays
DTXSID8020200,Inconclusive,Inactive,Inconclusive,Inactive,Missing or unavailable data
DTXSID8020202,Active,Inactive,Inconclusive,Inactive,Missing or unavailable data
DTXSID8020206,Inactive,Inconclusive,Inactive,Inconclusive,Inactive in both primary assays
DTXSID8020250,Inconclusive,Inconclusive,Inactive,Inactive,Missing or unavailable data
DTXSID8020252,Inconclusive,Inconclusive,Inconclusive,Inactive,Missing or unavailable data
DTXSID8020256,Inactive,Inconclusive,Inconclusive,Inactive,Missing or unavailable data
DTXSID8020331,Inactive,Inactive,Inactive,Inactive,Inactive in both primary assays
DTXSID8020337,Active,Active,Active,Active,Possible BLA viability interference
DTXSID8020381,Inactive,Inactive,Inactive,Inactive,Inactive in both primary assays
DTXSID8020383,Active,Inactive,,,Missing or unavailable data
DTXSID8020410,Inactive,Inconclusive,Inconclusive,Inactive,Missing or unavailable data
DTXSID8020462,Inactive,Inconclusive,Inactive,Inactive,Inactive in both primary assays
DTXSID8020464,Inactive,Inconclusive,Inactive,Inactive,Inactive in both primary assays
DTXSID8020466,Inactive,Inactive,Inconclusive,Inactive,Missing or unavailable data
DTXSID8020468,Inactive,Inactive,Inactive,Inactive,Inactive in both primary assays
DTXSID8020541,Inactive,Inactive,Inactive,Inactive,Inactive in both primary assays
DTXSID8020543,Inconclusive,Inactive,Inactive,Inactive,Missing or unavailable data
DTXSID8020545,Inconclusive,Inactive,Inconclusive,Inactive,Missing or unavailable data
DTXSID8020591,Inconclusive,Inactive,Inactive,Inactive,Missing or unavailable data
DTXSID8020593,Inactive,Inconclusive,Inactive,Inconclusive,Inactive in both primary assays
DTXSID8020597,Inconclusive,Inconclusive,Inactive,Inactive,Missing or unavailable data
DTXSID8020620,Inactive,Inconclusive,Active,Inactive,MDA-kb2 active only
DTXSID8020622,Inconclusive,Inactive,Inactive,Inactive,Missing or unavailable data
DTXSID8020624,Active,Active,Active,Active,Possible BLA viability interference
DTXSID8020626,Inactive,Inactive,Inconclusive,Inactive,Missing or unavailable data
DTXSID8020628,Inactive,Inactive,Inactive,Inactive,Inactive in both primary assays
DTXSID8020674,Active,Inactive,Inactive,Inactive,BLA active only
DTXSID8020678,Inactive,Inactive,Active,Active,Possible MDA-kb2 viability interference
DTXSID8020703,Inconclusive,Inconclusive,Inactive,Inactive,Missing or unavailable data
DTXSID8020707,Active,Inactive,Inactive,Inactive,BLA active only
DTXSID8020709,Inconclusive,Inactive,Inconclusive,Inactive,Missing or unavailable data
DTXSID8020753,Inactive,Inactive,Inactive,Inactive,Inactive in both primary assays
DTXSID8020755,Inactive,Inactive,Inconclusive,Inactive,Missing or unavailable data
DTXSID8020757,Inconclusive,Inconclusive,Inconclusive,Inactive,Missing or unavailable data
DTXSID8020759,Inconclusive,Inactive,Inactive,Inactive,Missing or unavailable data
DTXSID8020830,Inactive,Inactive,Active,Inactive,MDA-kb2 active only
DTXSID8020834,Inconclusive,Inactive,Inactive,Inactive,Missing or unavailable data
DTXSID8020838,Inconclusive,Inconclusive,Inconclusive,Active,Missing or unavailable data
DTXSID8020880,,,Inactive,Inactive,Missing or unavailable data
DTXSID8020886,Inactive,Inactive,Inconclusive,Inactive,Missing or unavailable data
DTXSID8020888,Inconclusive,Inactive,Inconclusive,Inactive,Missing or unavailable data
DTXSID8020911,Inactive,Inactive,,,Missing or unavailable data
DTXSID8020913,Inconclusive,Inactive,Inactive,Inactive,Missing or unavailable data
DTXSID8020915,Inactive,Inactive,Inconclusive,Inactive,Missing or unavailable data
DTXSID8020917,Inactive,Inactive,Inactive,Inactive,Inactive in both primary assays
DTXSID8020919,Inactive,Inconclusive,Inconclusive,Inactive,Missing or unavailable data
DTXSID8020961,Inactive,Inactive,Inactive,Active,Inactive in both primary assays
DTXSID8020963,Inactive,Inconclusive,Inactive,Inactive,Inactive in both primary assays
DTXSID8020965,Inactive,Inconclusive,Inactive,Inactive,Inactive in both primary assays
DTXSID8020967,Inactive,Inconclusive,Inactive,Inactive,Inactive in both primary assays
DTXSID8020969,Inactive,Inactive,Inactive,Inactive,Inactive in both primary assays
DTXSID8021060,Inactive,Inactive,Inactive,Inactive,Inactive in both primary assays
DTXSID8021062,Inactive,Inactive,Inactive,Inactive,Inactive in both primary assays
DTXSID8021141,,,Inconclusive,Inactive,Missing or unavailable data
DTXSID8021145,Inconclusive,Inactive,Inactive,Inactive,Missing or unavailable data
DTXSID8021147,Inactive,Inconclusive,Inconclusive,Inactive,Missing or unavailable data
DTXSID8021191,Active,Active,Active,Inconclusive,Possible BLA viability interference
DTXSID8021193,Active,Inactive,Inactive,Inactive,BLA active only
DTXSID8021195,Inactive,Inactive,Inconclusive,Inactive,Missing or unavailable data
DTXSID8021197,Inactive,Inactive,,,Missing or unavailable data
DTXSID8021199,Inactive,Inconclusive,Inconclusive,Inactive,Missing or unavailable data
DTXSID8021222,Inconclusive,Inactive,Inconclusive,Inactive,Missing or unavailable data
DTXSID8021224,Inactive,Inactive,Active,Active,Possible MDA-kb2 viability interference
DTXSID8021270,Active,Active,Active,Active,Possible BLA viability interference
DTXSID8021272,Inactive,Inconclusive,Inactive,Inactive,Inactive in both primary assays
DTXSID8021276,Inactive,Inconclusive,,,Missing or unavailable data
DTXSID8021278,Inactive,Inactive,Inconclusive,Inactive,Missing or unavailable data
DTXSID8021301,Active,Active,Active,Active,Possible BLA viability interference
DTXSID8021305,Inactive,Inactive,Inconclusive,Inactive,Missing or unavailable data
DTXSID8021309,Inactive,Inconclusive,Inactive,Inactive,Inactive in both primary assays
DTXSID8021351,Inconclusive,Inconclusive,Inconclusive,Inactive,Missing or unavailable data
DTXSID8021359,Inconclusive,Inactive,Inactive,Inactive,Missing or unavailable data
DTXSID8021438,Inactive,Inactive,Inactive,Inactive,Inactive in both primary assays
DTXSID8021482,Inconclusive,Inactive,Inactive,Inactive,Missing or unavailable data
DTXSID8021484,Inactive,Inconclusive,Inactive,Inactive,Inactive in both primary assays
DTXSID8021486,Inactive,Inconclusive,Inconclusive,Inactive,Missing or unavailable data
DTXSID8021488,Inconclusive,Inactive,Inconclusive,Inactive,Missing or unavailable data
DTXSID8021513,Inactive,Inactive,Inconclusive,Inactive,Missing or unavailable data
DTXSID8021515,Inconclusive,Inactive,Inactive,Inactive,Missing or unavailable data
DTXSID8021517,Inactive,Inactive,Inactive,Inconclusive,Inactive in both primary assays
DTXSID8021519,Inconclusive,Inconclusive,Inconclusive,Inactive,Missing or unavailable data
DTXSID8021561,Inactive,Inconclusive,Inactive,Inactive,Inactive in both primary assays
DTXSID8021563,Inconclusive,Inactive,Inconclusive,Inactive,Missing or unavailable data
DTXSID8021565,Inconclusive,Inactive,Inconclusive,Inactive,Missing or unavailable data
DTXSID8021640,Inactive,Inconclusive,Inactive,Inconclusive,Inactive in both primary assays
DTXSID8021642,Inconclusive,Inactive,Inactive,Inactive,Missing or unavailable data
DTXSID8021644,Inconclusive,Inconclusive,Inactive,Inactive,Missing or unavailable data
DTXSID8021646,Inactive,Inactive,Inconclusive,Inactive,Missing or unavailable data
DTXSID8021648,Inactive,Inactive,Inactive,Inactive,Inactive in both primary assays
DTXSID8021690,Active,Inactive,Inconclusive,Inactive,Missing or unavailable data
DTXSID8021721,Inconclusive,Inactive,Inactive,Inactive,Missing or unavailable data
DTXSID8021725,Inconclusive,Inactive,Inactive,Inactive,Missing or unavailable data
DTXSID8021729,Inconclusive,Inactive,Active,Inactive,Missing or unavailable data
DTXSID8021771,Inactive,Inactive,Inactive,Inactive,Inactive in both primary assays
DTXSID8021775,Inconclusive,Inconclusive,Inactive,Inactive,Missing or unavailable data
DTXSID8021777,Active,Inactive,Inactive,Inconclusive,BLA active only
DTXSID8021800,Inactive,Inactive,Inconclusive,Inactive,Missing or unavailable data
DTXSID8021802,Inconclusive,Inactive,Inactive,Inactive,Missing or unavailable data
DTXSID8021804,Inactive,Inconclusive,Inactive,Inactive,Inactive in both primary assays
DTXSID8021808,Inactive,Inactive,Inconclusive,Inactive,Missing or unavailable data
DTXSID8021854,Inactive,Inactive,Inconclusive,Inactive,Missing or unavailable data
DTXSID8021856,Inactive,Inconclusive,Inactive,Inactive,Inactive in both primary assays
DTXSID8021931,Inconclusive,Inconclusive,Inconclusive,Inactive,Missing or unavailable data
DTXSID8021937,Inconclusive,Inactive,Inactive,Inactive,Missing or unavailable data
DTXSID8021939,Inactive,Inactive,Inactive,Inactive,Inactive in both primary assays
DTXSID8022036,,,Inactive,Inactive,Missing or unavailable data
DTXSID8022080,,,Inactive,Inactive,Missing or unavailable data
DTXSID8022082,Inactive,Inconclusive,Inconclusive,Inactive,Missing or unavailable data
DTXSID8022084,Inactive,Inconclusive,Active,Inactive,MDA-kb2 active only
DTXSID8022086,Inactive,Inconclusive,Inactive,Inactive,Inactive in both primary assays
DTXSID8022111,Active,Inactive,Active,Inactive,Both primary assays active - no viability interference detected
DTXSID8022113,Inconclusive,Inactive,Inconclusive,Inactive,Missing or unavailable data
DTXSID8022117,Inconclusive,Inconclusive,Inactive,Inactive,Missing or unavailable data
DTXSID8022161,Active,Active,Active,Active,Possible BLA viability interference
DTXSID8022246,Inactive,Inconclusive,Inconclusive,Inactive,Missing or unavailable data
DTXSID8022292,Inconclusive,Inconclusive,Inactive,Inactive,Missing or unavailable data
DTXSID8022325,Active,Inactive,Active,Inactive,Both primary assays active - no viability interference detected
DTXSID8022329,Inconclusive,Inactive,,,Missing or unavailable data
DTXSID8022371,Inconclusive,Inactive,Inconclusive,Inactive,Missing or unavailable data
DTXSID8022377,Active,Active,Active,Inactive,Possible BLA viability interference
DTXSID8022404,Inactive,Inactive,Active,Inactive,MDA-kb2 active only
DTXSID8022406,Active,Inactive,Active,Inactive,Both primary assays active - no viability interference detected
DTXSID8022408,Inactive,Inactive,Inactive,Active,Inactive in both primary assays
DTXSID8022585,Inactive,Inconclusive,Inactive,Inactive,Inactive in both primary assays
DTXSID8022589,Inconclusive,Inactive,Inactive,Inactive,Missing or unavailable data
DTXSID8022610,,,Inactive,Inactive,Missing or unavailable data
DTXSID8022612,Inconclusive,Inconclusive,,,Missing or unavailable data
DTXSID8022614,Active,Active,Active,Active,Possible BLA viability interference
DTXSID8022666,Inactive,Inactive,Inactive,Inactive,Inactive in both primary assays
DTXSID8022741,Inactive,Inactive,Inconclusive,Inactive,Missing or unavailable data
DTXSID8022743,Inconclusive,Inactive,Inactive,Inactive,Missing or unavailable data
DTXSID8022749,Inactive,Inconclusive,Inconclusive,Inactive,Missing or unavailable data
DTXSID8022822,Inactive,Inactive,Inconclusive,Inconclusive,Missing or unavailable data
DTXSID8022828,Inactive,Inconclusive,Inactive,Inactive,Inactive in both primary assays
DTXSID8022870,Inactive,Inconclusive,Inactive,Inactive,Inactive in both primary assays
DTXSID8022872,Inconclusive,Inconclusive,Active,Inactive,Missing or unavailable data
DTXSID8022901,Inactive,Inactive,Inconclusive,Inactive,Missing or unavailable data
DTXSID8022955,Active,Active,,,Possible BLA viability interference
DTXSID8022959,Inactive,Inactive,Inactive,Inactive,Inactive in both primary assays
DTXSID8023000,Active,Active,,,Possible BLA viability interference
DTXSID8023004,Active,Inconclusive,,,Missing or unavailable data
DTXSID8023050,Inactive,Inactive,Inconclusive,Inactive,Missing or unavailable data
DTXSID8023054,Inconclusive,Inconclusive,Inactive,Inactive,Missing or unavailable data
DTXSID8023137,Active,Inactive,Inactive,Inconclusive,BLA active only
DTXSID8023181,Inactive,Inactive,,,Missing or unavailable data
DTXSID8023183,Inactive,Inactive,,,Missing or unavailable data
DTXSID8023185,Inactive,Inactive,,,Missing or unavailable data
DTXSID8023187,Inactive,Inactive,,,Missing or unavailable data
DTXSID8023214,Inactive,Inactive,Inactive,Inactive,Inactive in both primary assays
DTXSID8023216,Inactive,Inactive,Inactive,Inactive,Inactive in both primary assays
DTXSID8023260,Inactive,Inactive,Inconclusive,Inactive,Missing or unavailable data
DTXSID8023262,Inactive,Inactive,Active,Active,Possible MDA-kb2 viability interference
DTXSID8023345,Inconclusive,Inconclusive,,,Missing or unavailable data
DTXSID8023347,Inconclusive,Inactive,Inactive,Inconclusive,Missing or unavailable data
DTXSID8023349,Inconclusive,Inactive,Inconclusive,Inconclusive,Missing or unavailable data
DTXSID8023393,Inactive,Inactive,Inactive,Inactive,Inactive in both primary assays
DTXSID8023395,Inactive,Inactive,Inconclusive,Inactive,Missing or unavailable data
DTXSID8023422,Inactive,Inactive,,,Missing or unavailable data
DTXSID8023426,Inactive,Inactive,Inactive,Inactive,Inactive in both primary assays
DTXSID8023470,Inactive,Inactive,Inactive,Inactive,Inactive in both primary assays
DTXSID8023472,Inactive,Inconclusive,Inconclusive,Inactive,Missing or unavailable data
DTXSID8023474,Inactive,Inactive,Active,Active,Possible MDA-kb2 viability interference
DTXSID8023476,Inactive,Inconclusive,Inactive,Inactive,Inactive in both primary assays
DTXSID8023478,Inactive,Inconclusive,,,Missing or unavailable data
DTXSID8023505,,,Inconclusive,Inactive,Missing or unavailable data
DTXSID8023551,Inconclusive,Inactive,Inconclusive,Inactive,Missing or unavailable data
DTXSID8023557,Inactive,Inactive,Inactive,Inactive,Inactive in both primary assays
DTXSID8023630,,,Inconclusive,Inactive,Missing or unavailable data
DTXSID8023632,Inconclusive,Inactive,Inactive,Inconclusive,Missing or unavailable data
DTXSID8023636,Inactive,Inactive,Inconclusive,Inactive,Missing or unavailable data
DTXSID8023638,Active,Active,,,Possible BLA viability interference
DTXSID8023680,Inconclusive,Inconclusive,,,Missing or unavailable data
DTXSID8023688,Inactive,Inactive,Inconclusive,Inactive,Missing or unavailable data
DTXSID8023713,Inactive,Inactive,Inactive,Inactive,Inactive in both primary assays
DTXSID8023719,Active,Inactive,Inactive,Inactive,BLA active only
DTXSID8023846,Inconclusive,Inactive,Inactive,Inactive,Missing or unavailable data
DTXSID8023848,Active,Inactive,Active,Inactive,Both primary assays active - no viability interference detected
DTXSID8023890,Inconclusive,Inactive,Inconclusive,Inactive,Missing or unavailable data
DTXSID8023892,Inactive,Inactive,Active,Active,Possible MDA-kb2 viability interference
DTXSID8023927,Active,Active,Inactive,Inactive,Possible BLA viability interference
DTXSID8023971,Inconclusive,Inactive,Inactive,Inactive,Missing or unavailable data
DTXSID8023973,Inconclusive,Inconclusive,Inconclusive,Inactive,Missing or unavailable data
DTXSID8023977,Inconclusive,Inactive,Inactive,Inactive,Missing or unavailable data
DTXSID8024072,Inactive,Inactive,Inactive,Inactive,Inactive in both primary assays
DTXSID8024101,Inconclusive,Inactive,Inactive,Inactive,Missing or unavailable data
DTXSID8024105,Inactive,Inconclusive,Inactive,Inactive,Inactive in both primary assays
DTXSID8024107,Active,Inactive,Inactive,Inactive,BLA active only
DTXSID8024109,Active,Inactive,Inactive,Inactive,BLA active only
DTXSID8024151,Active,Active,Active,Active,Possible BLA viability interference
DTXSID8024153,,,Inactive,Inconclusive,Missing or unavailable data
DTXSID8024157,Inactive,Inactive,Inactive,Inactive,Inactive in both primary assays
DTXSID8024159,Active,Inactive,Active,Active,Possible MDA-kb2 viability interference
DTXSID8024234,Inactive,Inactive,Inconclusive,Inactive,Missing or unavailable data
DTXSID8024236,Active,Active,Active,Inactive,Possible BLA viability interference
DTXSID8024238,Active,Active,Active,Active,Possible BLA viability interference
DTXSID8024280,Active,Active,Active,Inactive,Possible BLA viability interference
DTXSID8024284,Inconclusive,Inactive,Inactive,Inactive,Missing or unavailable data
DTXSID8024286,Inactive,Inactive,Inactive,Inactive,Inactive in both primary assays
DTXSID8024311,Inconclusive,Inactive,Inactive,Inactive,Missing or unavailable data
DTXSID8024315,Inactive,Inactive,Active,Inactive,MDA-kb2 active only
DTXSID8024317,Inactive,Inactive,Inactive,Inactive,Inactive in both primary assays
DTXSID8024442,Inactive,Inconclusive,Inconclusive,Inactive,Missing or unavailable data
DTXSID8024448,Inactive,Inactive,Inconclusive,Inactive,Missing or unavailable data
DTXSID8024498,Active,Inactive,Active,Inactive,Both primary assays active - no viability interference detected
DTXSID8024521,Inconclusive,Inconclusive,Inactive,Inactive,Missing or unavailable data
DTXSID8024523,Inconclusive,Inactive,Inconclusive,Inactive,Missing or unavailable data
DTXSID8024529,Inactive,Inconclusive,Inactive,Inactive,Inactive in both primary assays
DTXSID8024573,Inactive,Inactive,Inconclusive,Inactive,Missing or unavailable data
DTXSID8024600,Inactive,Inconclusive,Inactive,Inactive,Inactive in both primary assays
DTXSID8024602,Active,Active,Active,Active,Possible BLA viability interference
DTXSID8024608,Inactive,Inactive,Inconclusive,Inactive,Missing or unavailable data
DTXSID8024652,Inconclusive,Inactive,Inactive,Inactive,Missing or unavailable data
DTXSID8024658,Inactive,Inactive,Inactive,Inactive,Inactive in both primary assays
DTXSID8024733,Inactive,Inactive,Inconclusive,Inactive,Missing or unavailable data
DTXSID8024739,Inactive,Inconclusive,Inactive,Inactive,Inactive in both primary assays
DTXSID8024781,Inactive,Inactive,Inconclusive,Active,Missing or unavailable data
DTXSID8024783,Inactive,Inactive,Inactive,Inactive,Inactive in both primary assays
DTXSID8024787,Inactive,Inactive,Inactive,Inactive,Inactive in both primary assays
DTXSID8024810,Inactive,Inactive,Inactive,Inactive,Inactive in both primary assays
DTXSID8024814,Inactive,Inactive,Inconclusive,Inactive,Missing or unavailable data
DTXSID8024862,Inactive,Inconclusive,Inactive,Inactive,Inactive in both primary assays
DTXSID8024864,Inactive,Inconclusive,Inactive,Inactive,Inactive in both primary assays
DTXSID8024866,Inconclusive,Inactive,Inactive,Inactive,Missing or unavailable data
DTXSID8024941,Inactive,Inconclusive,Inactive,Inactive,Inactive in both primary assays
DTXSID8024947,Inactive,Inactive,Active,Inconclusive,MDA-kb2 active only
DTXSID8024991,Inactive,Inactive,Inactive,Inactive,Inactive in both primary assays
DTXSID8024993,Inactive,Inactive,Inconclusive,Inactive,Missing or unavailable data
DTXSID8024997,Inactive,Inconclusive,Inactive,Inactive,Inactive in both primary assays
DTXSID8024999,Inactive,Inactive,Inactive,Inactive,Inactive in both primary assays
DTXSID8025040,Active,Active,Active,Inactive,Possible BLA viability interference
DTXSID8025046,Inactive,Inactive,Inactive,Inactive,Inactive in both primary assays
DTXSID8025094,Inactive,Inactive,Inconclusive,Inactive,Missing or unavailable data
DTXSID8025096,Inconclusive,Inconclusive,Inactive,Inactive,Missing or unavailable data
DTXSID8025258,Active,Active,Active,Active,Possible BLA viability interference
DTXSID8025331,Inactive,Inactive,Active,Active,Possible MDA-kb2 viability interference
DTXSID8025337,Inconclusive,Inactive,Inactive,Inactive,Missing or unavailable data
DTXSID8025464,Inactive,Inactive,Inconclusive,Inactive,Missing or unavailable data
DTXSID8025466,Inconclusive,Inconclusive,Inactive,Inactive,Missing or unavailable data
DTXSID8025591,Inactive,Inactive,Inactive,Inactive,Inactive in both primary assays
DTXSID8025593,Inconclusive,Inconclusive,Inactive,Inactive,Missing or unavailable data
DTXSID8025595,Inconclusive,Inactive,Inactive,Inactive,Missing or unavailable data
DTXSID8025599,Active,Active,Active,Active,Possible BLA viability interference
DTXSID8025628,Inactive,Inactive,Inactive,Inactive,Inactive in both primary assays
DTXSID8025670,Inconclusive,Inactive,Inactive,Inconclusive,Missing or unavailable data
DTXSID8025703,Active,Inactive,Active,Inactive,Both primary assays active - no viability interference detected
DTXSID8025707,,,Inactive,Inactive,Missing or unavailable data
DTXSID8025709,Inconclusive,Inactive,Inactive,Inactive,Missing or unavailable data
DTXSID8025751,Inactive,Inactive,Inconclusive,Inactive,Missing or unavailable data
DTXSID8025757,Inactive,Inactive,Active,Active,Possible MDA-kb2 viability interference
DTXSID8025759,Inconclusive,Inconclusive,Inconclusive,Inactive,Missing or unavailable data
DTXSID8025830,Active,Active,Active,Inactive,Possible BLA viability interference
DTXSID8025886,Inconclusive,Inactive,Inactive,Inactive,Missing or unavailable data
DTXSID8025888,Inactive,Inactive,Inactive,Inactive,Inactive in both primary assays
DTXSID8025961,,,Inconclusive,Inactive,Missing or unavailable data
DTXSID8025963,Inactive,Inactive,Inconclusive,Inactive,Missing or unavailable data
DTXSID8025967,Inconclusive,Inconclusive,Inactive,Inactive,Missing or unavailable data
DTXSID8025969,Inactive,Inconclusive,Inactive,Inactive,Inactive in both primary assays
DTXSID8026018,Inactive,Inactive,Inactive,Inactive,Inactive in both primary assays
DTXSID8026060,Inactive,Inactive,Inconclusive,Inactive,Missing or unavailable data
DTXSID8026064,Inactive,Inactive,Inconclusive,Inactive,Missing or unavailable data
DTXSID8026068,Inactive,Inactive,Inactive,Inactive,Inactive in both primary assays
DTXSID8026141,Inconclusive,Inactive,Inactive,Inactive,Missing or unavailable data
DTXSID8026145,Inactive,Inactive,Inconclusive,Inactive,Missing or unavailable data
DTXSID8026147,Inconclusive,Inconclusive,Inconclusive,Inactive,Missing or unavailable data
DTXSID8026193,Inactive,Inactive,Inconclusive,Inconclusive,Missing or unavailable data
DTXSID8026195,Inactive,Inactive,Inconclusive,Inactive,Missing or unavailable data
DTXSID8026220,Inactive,Inactive,Active,Inactive,MDA-kb2 active only
DTXSID8026224,Inactive,Inactive,Inconclusive,Inactive,Missing or unavailable data
DTXSID8026228,Inactive,Inconclusive,Inconclusive,Inactive,Missing or unavailable data
DTXSID8026270,Inactive,Inactive,,,Missing or unavailable data
DTXSID8026303,Inactive,Inactive,Active,Active,Possible MDA-kb2 viability interference
DTXSID8026305,Inactive,Inconclusive,Inactive,Inactive,Inactive in both primary assays
DTXSID8026307,Inconclusive,Inconclusive,Inactive,Inactive,Missing or unavailable data
DTXSID8026309,Inactive,Inconclusive,Inactive,Inactive,Inactive in both primary assays
DTXSID8026432,Inconclusive,Inconclusive,Inactive,Inactive,Missing or unavailable data
DTXSID8026436,Inconclusive,Inactive,Inactive,Inactive,Missing or unavailable data
DTXSID8026488,Inactive,Inconclusive,Inconclusive,Inactive,Missing or unavailable data
DTXSID8026513,Inconclusive,Inconclusive,Inconclusive,Inactive,Missing or unavailable data
DTXSID8026515,Inactive,Inconclusive,Inactive,Inconclusive,Inactive in both primary assays
DTXSID8026519,Inactive,Inactive,Inactive,Inactive,Inactive in both primary assays
DTXSID8026563,Active,Active,Active,Inactive,Possible BLA viability interference
DTXSID8026640,Inactive,Inactive,Inconclusive,Inactive,Missing or unavailable data
DTXSID8026694,Inconclusive,Inactive,Inconclusive,Inactive,Missing or unavailable data
DTXSID8026698,Active,Active,Inactive,Inactive,Possible BLA viability interference
DTXSID8026725,Inactive,Inactive,Inactive,Inactive,Inactive in both primary assays
DTXSID8026727,Inactive,Inactive,Inconclusive,Inactive,Missing or unavailable data
DTXSID8026729,Inconclusive,Inconclusive,Inconclusive,Inactive,Missing or unavailable data
DTXSID8026773,Inactive,Inconclusive,Inactive,Inactive,Inactive in both primary assays
DTXSID8026775,Inconclusive,Inactive,Inactive,Inactive,Missing or unavailable data
DTXSID8026802,Inactive,Inactive,Inconclusive,Inactive,Missing or unavailable data
DTXSID8026931,Inactive,Inactive,Inconclusive,Inactive,Missing or unavailable data
DTXSID8026933,Inactive,Inconclusive,Inactive,Inactive,Inactive in both primary assays
DTXSID8026935,Inconclusive,Inconclusive,Inconclusive,Inactive,Missing or unavailable data
DTXSID8026981,Inactive,Inactive,Inactive,Inactive,Inactive in both primary assays
DTXSID8027032,Inconclusive,Inactive,Inactive,Inactive,Missing or unavailable data
DTXSID8027034,Inconclusive,Inactive,Inactive,Inactive,Missing or unavailable data
DTXSID8027036,Inactive,Inconclusive,Inconclusive,Inactive,Missing or unavailable data
DTXSID8027084,Active,Active,Inactive,Inactive,Possible BLA viability interference
DTXSID8027086,Inactive,Inactive,Inactive,Inactive,Inactive in both primary assays
DTXSID8027113,Inactive,Inactive,Inactive,Inactive,Inactive in both primary assays
DTXSID8027163,Inconclusive,Inactive,Inactive,Inactive,Missing or unavailable data
DTXSID8027167,Inconclusive,Inconclusive,Inactive,Inactive,Missing or unavailable data
DTXSID8027169,Inactive,Inactive,Inconclusive,Inactive,Missing or unavailable data
DTXSID8027240,Active,Active,Active,Active,Possible BLA viability interference
DTXSID8027244,Inactive,Inactive,Inactive,Inactive,Inactive in both primary assays
DTXSID8027246,Inactive,Inconclusive,Inconclusive,Inactive,Missing or unavailable data
DTXSID8027292,Active,Active,Active,Active,Possible BLA viability interference
DTXSID8027294,Inactive,Inconclusive,Inconclusive,Inactive,Missing or unavailable data
DTXSID8027321,Inactive,Inactive,Inconclusive,Inactive,Missing or unavailable data
DTXSID8027323,Active,Active,Active,Active,Possible BLA viability interference
DTXSID8027329,Inactive,Inactive,Inconclusive,Inactive,Missing or unavailable data
DTXSID8027377,Inconclusive,Inactive,Inactive,Inactive,Missing or unavailable data
DTXSID8027400,Inconclusive,Inactive,Inconclusive,Inactive,Missing or unavailable data
DTXSID8027402,Inactive,Inactive,Inactive,Inactive,Inactive in both primary assays
DTXSID8027452,Inactive,Inconclusive,Inconclusive,Inactive,Missing or unavailable data
DTXSID8027454,Inconclusive,Inconclusive,Inactive,Inactive,Missing or unavailable data
DTXSID8027537,Inactive,Inconclusive,Inactive,Inactive,Inactive in both primary assays
DTXSID8027581,Inactive,Inconclusive,Inactive,Inactive,Inactive in both primary assays
DTXSID8027585,Active,Inactive,Active,Inactive,Both primary assays active - no viability interference detected
DTXSID8027589,Inactive,Inconclusive,Inactive,Inactive,Inactive in both primary assays
DTXSID8027747,Inactive,Inactive,Inactive,Inactive,Inactive in both primary assays
DTXSID8027749,Inconclusive,Inactive,Inactive,Inactive,Missing or unavailable data
DTXSID8027793,Active,Active,Active,Inactive,Possible BLA viability interference
DTXSID8027795,Active,Active,Active,Active,Possible BLA viability interference
DTXSID8027797,Inactive,Inactive,Inactive,Inactive,Inactive in both primary assays
DTXSID8027822,Inactive,Inactive,Inactive,Inactive,Inactive in both primary assays
DTXSID8027826,Inactive,Inconclusive,Inconclusive,Inactive,Missing or unavailable data
DTXSID8027870,Active,Inactive,Inactive,Inactive,BLA active only
DTXSID8027878,Inconclusive,Inconclusive,Inconclusive,Inactive,Missing or unavailable data
DTXSID8027905,Inactive,Inactive,Inconclusive,Inactive,Missing or unavailable data
DTXSID8027955,Inactive,Inactive,Inactive,Inactive,Inactive in both primary assays
DTXSID8027959,Inactive,Inconclusive,Inconclusive,Inactive,Missing or unavailable data
DTXSID8028008,Active,Inactive,Inactive,Inactive,BLA active only
DTXSID8028842,Inactive,Inactive,Inconclusive,Inactive,Missing or unavailable data
DTXSID8029072,Inconclusive,Inconclusive,Inconclusive,Inactive,Missing or unavailable data
DTXSID8029105,Inactive,Inactive,Inconclusive,Inactive,Missing or unavailable data
DTXSID8029153,Inactive,Inactive,Inactive,Inactive,Inactive in both primary assays
DTXSID8029157,Inactive,Inconclusive,Inactive,Inactive,Inactive in both primary assays
DTXSID8029159,Inactive,Inactive,Inactive,Inactive,Inactive in both primary assays
DTXSID8029230,Inconclusive,Inconclusive,Inconclusive,Inactive,Missing or unavailable data
DTXSID8029232,,,Inconclusive,Inactive,Missing or unavailable data
DTXSID8029234,Inactive,Inactive,Inconclusive,Inactive,Missing or unavailable data
DTXSID8029236,Inconclusive,Inactive,Inactive,Inactive,Missing or unavailable data
DTXSID8029280,Inactive,Inactive,Inconclusive,Inactive,Missing or unavailable data
DTXSID8029282,Active,Active,Active,Inactive,Possible BLA viability interference
DTXSID8029286,Active,Inactive,Inconclusive,Inactive,Missing or unavailable data
DTXSID8029315,Inactive,Inactive,Inactive,Inactive,Inactive in both primary assays
DTXSID8029317,Inconclusive,Inactive,Inactive,Inactive,Missing or unavailable data
DTXSID8029369,Inconclusive,Inconclusive,Inactive,Inactive,Missing or unavailable data
DTXSID8029575,Inconclusive,Inconclusive,Inactive,Inactive,Missing or unavailable data
DTXSID8029600,Inactive,Inactive,Inconclusive,Inconclusive,Missing or unavailable data
DTXSID8029602,Active,Active,Active,Active,Possible BLA viability interference
DTXSID8029604,Inactive,Inactive,Inactive,Inactive,Inactive in both primary assays
DTXSID8029606,Inconclusive,Inconclusive,Inconclusive,Inconclusive,Missing or unavailable data
DTXSID8029608,Inactive,Inconclusive,Inactive,Inactive,Inactive in both primary assays
DTXSID8029650,Inactive,Inconclusive,Inconclusive,Inactive,Missing or unavailable data
DTXSID8029652,Inactive,Inconclusive,Inactive,Inactive,Inactive in both primary assays
DTXSID8029733,Inactive,Inactive,Inconclusive,Inactive,Missing or unavailable data
DTXSID8029739,Inactive,Inactive,Inconclusive,Inactive,Missing or unavailable data
DTXSID8029868,Active,Inactive,Inactive,Inactive,BLA active only
DTXSID8030138,Inconclusive,Inactive,Inconclusive,Inactive,Missing or unavailable data
DTXSID8030423,Inconclusive,Active,Inconclusive,Inactive,Missing or unavailable data
DTXSID8030760,Inactive,Inactive,Inactive,Inactive,Inactive in both primary assays
DTXSID8031077,Active,Inactive,Active,Active,Possible MDA-kb2 viability interference
DTXSID8031366,Inactive,Inconclusive,Inconclusive,Inactive,Missing or unavailable data
DTXSID8031497,Inactive,Inconclusive,Inactive,Inactive,Inactive in both primary assays
DTXSID8031603,Inactive,Inactive,,,Missing or unavailable data
DTXSID8031863,Inactive,Inactive,Inactive,Inactive,Inactive in both primary assays
DTXSID8031865,Inactive,Inactive,Inconclusive,Inactive,Missing or unavailable data
DTXSID8032386,Inconclusive,Inactive,Active,Inactive,Missing or unavailable data
DTXSID8032417,Inactive,Active,Active,Inactive,MDA-kb2 active only
DTXSID8032544,Inactive,Inactive,Inactive,Inactive,Inactive in both primary assays
DTXSID8032548,Active,Active,Active,Inactive,Possible BLA viability interference
DTXSID8032623,Inactive,Inactive,Inactive,Inactive,Inactive in both primary assays
DTXSID8032627,Inactive,Inactive,Inactive,Inactive,Inactive in both primary assays
DTXSID8032671,,,Inactive,Inactive,Missing or unavailable data
DTXSID8032673,Inconclusive,Inconclusive,Inconclusive,Inactive,Missing or unavailable data
DTXSID8032675,Inconclusive,Inconclusive,Inactive,Inactive,Missing or unavailable data
DTXSID8033433,Inactive,Inactive,Inactive,Inactive,Inactive in both primary assays
DTXSID8033512,Inconclusive,Inactive,Inconclusive,Inactive,Missing or unavailable data
DTXSID8033562,Active,Active,Active,Inactive,Possible BLA viability interference
DTXSID8033564,Inconclusive,Inactive,Inactive,Inactive,Missing or unavailable data
DTXSID8033566,Inconclusive,Inactive,Inactive,Inactive,Missing or unavailable data
DTXSID8033649,Inactive,Inactive,Inactive,Inactive,Inactive in both primary assays
DTXSID8033803,Inactive,Inconclusive,Inactive,Inactive,Inactive in both primary assays
DTXSID8034085,Active,Active,Active,Active,Possible BLA viability interference
DTXSID8034087,Inactive,Inconclusive,Inactive,Inactive,Inactive in both primary assays
DTXSID8034089,Active,Inactive,Inactive,Inactive,BLA active only
DTXSID8034241,,,Inconclusive,Inactive,Missing or unavailable data
DTXSID8034324,Inactive,Inactive,Inactive,Inconclusive,Inactive in both primary assays
DTXSID8034372,,,Inactive,Inactive,Missing or unavailable data
DTXSID8034376,Inactive,Inactive,Inactive,Inactive,Inactive in both primary assays
DTXSID8034401,Active,Active,Active,Inactive,Possible BLA viability interference
DTXSID8034538,,,Inconclusive,Inconclusive,Missing or unavailable data
DTXSID8034580,Active,Active,Active,Inactive,Possible BLA viability interference
DTXSID8034586,Active,Active,Inactive,Inactive,Possible BLA viability interference
DTXSID8034588,Active,Active,Active,Active,Possible BLA viability interference
DTXSID8034665,Inactive,Inactive,Inactive,Inactive,Inactive in both primary assays
DTXSID8034669,Inactive,Inactive,,,Missing or unavailable data
DTXSID8034742,Active,Active,Active,Active,Possible BLA viability interference
DTXSID8034792,Active,Inactive,Active,Inactive,Both primary assays active - no viability interference detected
DTXSID8034823,,,Inconclusive,Inactive,Missing or unavailable data
DTXSID8034871,Inactive,Inactive,Inconclusive,Inactive,Missing or unavailable data
DTXSID8034873,Inactive,Inactive,,,Missing or unavailable data
DTXSID8034877,Inconclusive,Inactive,Inactive,Inactive,Missing or unavailable data
DTXSID8034956,Active,Active,Active,Inactive,Possible BLA viability interference
DTXSID8035001,Inactive,Inactive,Inactive,Inactive,Inactive in both primary assays
DTXSID8035138,Inactive,Inconclusive,Inactive,Inconclusive,Inactive in both primary assays
DTXSID8035180,Active,Active,Active,Inactive,Possible BLA viability interference
DTXSID8035186,Inactive,Inactive,Inactive,Inactive,Inactive in both primary assays
DTXSID8035217,,,Inactive,Inactive,Missing or unavailable data
DTXSID8035423,Inactive,Inconclusive,Inconclusive,Inactive,Missing or unavailable data
DTXSID8037207,Inactive,Inactive,Inconclusive,Inactive,Missing or unavailable data
DTXSID8037594,Inactive,Inactive,Inactive,Inactive,Inactive in both primary assays
DTXSID8037596,Inactive,Inactive,Inconclusive,Inactive,Missing or unavailable data
DTXSID8037706,Inconclusive,Inactive,Inactive,Inactive,Missing or unavailable data
DTXSID8037708,Active,Inactive,Inactive,Inactive,BLA active only
DTXSID8037750,Inconclusive,Inactive,Inactive,Inactive,Missing or unavailable data
DTXSID8037752,Inactive,Inactive,Inconclusive,Inactive,Missing or unavailable data
DTXSID8037754,Inactive,Inactive,Inactive,Inactive,Inactive in both primary assays
DTXSID8037756,Inactive,Inconclusive,Inconclusive,Inactive,Missing or unavailable data
DTXSID8038770,Inactive,Inconclusive,Inconclusive,Inactive,Missing or unavailable data
DTXSID8038801,Inactive,Inconclusive,Inconclusive,Inactive,Missing or unavailable data
DTXSID8038855,Inconclusive,Inconclusive,Inactive,Inactive,Missing or unavailable data
DTXSID8038857,Inactive,Inactive,Active,Inactive,MDA-kb2 active only
DTXSID8039241,Inactive,Inactive,Inconclusive,Inactive,Missing or unavailable data
DTXSID8040222,Inconclusive,Inconclusive,Inconclusive,Inactive,Missing or unavailable data
DTXSID8040270,Active,Active,Active,Active,Possible BLA viability interference
DTXSID8040274,Inconclusive,Inactive,Active,Inactive,Missing or unavailable data
DTXSID8040278,Active,Inactive,Active,Inconclusive,Missing or unavailable data
DTXSID8040436,Inconclusive,Inactive,Inconclusive,Inactive,Missing or unavailable data
DTXSID8040438,Inconclusive,Inactive,,,Missing or unavailable data
DTXSID8040484,Inconclusive,Active,Active,Active,Possible MDA-kb2 viability interference
DTXSID8040694,Inactive,Inactive,Inactive,Inactive,Inactive in both primary assays
DTXSID8040698,Inconclusive,Inactive,Active,Inactive,Missing or unavailable data
DTXSID8040721,Inactive,Inconclusive,Inactive,Inactive,Inactive in both primary assays
DTXSID8040723,Active,Inactive,Active,Inactive,Both primary assays active - no viability interference detected
DTXSID8040725,Active,Active,Active,Active,Possible BLA viability interference
DTXSID8040727,Inactive,Inconclusive,Active,Inactive,MDA-kb2 active only
DTXSID8040775,Inconclusive,Inactive,Inactive,Inactive,Missing or unavailable data
DTXSID8040779,,,Inactive,Inconclusive,Missing or unavailable data
DTXSID8040800,Inactive,Inactive,Inconclusive,Inactive,Missing or unavailable data
DTXSID8041032,Inactive,Inconclusive,Inconclusive,Inconclusive,Missing or unavailable data
DTXSID8041034,Inactive,Inactive,Active,Inactive,MDA-kb2 active only
DTXSID8041080,Inactive,Inactive,Inconclusive,Inactive,Missing or unavailable data
DTXSID8041115,Active,Inactive,,,Missing or unavailable data
DTXSID8041117,Inactive,Inactive,Inconclusive,Inactive,Missing or unavailable data
DTXSID8041242,Inactive,Inactive,Active,Inactive,MDA-kb2 active only
DTXSID8041246,Inconclusive,Inactive,Inactive,Inactive,Missing or unavailable data
DTXSID8041248,Active,Active,Active,Active,Possible BLA viability interference
DTXSID8041298,Inactive,Inconclusive,Inconclusive,Inactive,Missing or unavailable data
DTXSID8041321,Inactive,Inactive,Inactive,Inactive,Inactive in both primary assays
DTXSID8041327,Inconclusive,Inconclusive,Inactive,Inactive,Missing or unavailable data
DTXSID8041329,Inactive,Inactive,Inconclusive,Inactive,Missing or unavailable data
DTXSID8041371,Inactive,Inactive,Inactive,Inactive,Inactive in both primary assays
DTXSID8041373,Inactive,Inconclusive,Inconclusive,Inactive,Missing or unavailable data
DTXSID8041379,Inactive,Inactive,Inactive,Inactive,Inactive in both primary assays
DTXSID8041400,Inactive,Inconclusive,Inactive,Inactive,Inactive in both primary assays
DTXSID8041404,Inconclusive,Inactive,Inactive,Inactive,Missing or unavailable data
DTXSID8041452,Inactive,Active,Inactive,Inactive,Inactive in both primary assays
DTXSID8041610,Inactive,Inactive,Inactive,Inactive,Inactive in both primary assays
DTXSID8041668,Inconclusive,Inactive,Inconclusive,Inactive,Missing or unavailable data
DTXSID8041743,Inconclusive,Inactive,Inactive,Active,Missing or unavailable data
DTXSID8041745,,,Inconclusive,Active,Missing or unavailable data
DTXSID8041793,Inactive,Inactive,Inactive,Inactive,Inactive in both primary assays
DTXSID8041797,Inactive,Inactive,Inactive,Inactive,Inactive in both primary assays
DTXSID8041799,Active,Inactive,Inactive,Inactive,BLA active only
DTXSID8041828,Active,Inactive,Inactive,Inactive,BLA active only
DTXSID8041901,,,Inconclusive,Inactive,Missing or unavailable data
DTXSID8041909,Inconclusive,Inactive,Inconclusive,Inactive,Missing or unavailable data
DTXSID8041951,Inactive,Inactive,Inactive,Inactive,Inactive in both primary assays
DTXSID8041955,Inconclusive,Inactive,Inactive,Inactive,Missing or unavailable data
DTXSID8041957,Inactive,Inactive,Inactive,Inactive,Inactive in both primary assays
DTXSID8041959,Inconclusive,Inactive,Inconclusive,Inactive,Missing or unavailable data
DTXSID8042002,,,Inconclusive,Inactive,Missing or unavailable data
DTXSID8042006,Inconclusive,Inactive,Inactive,Inactive,Missing or unavailable data
DTXSID8042052,Inactive,Inactive,Inconclusive,Inactive,Missing or unavailable data
DTXSID8042137,Active,Active,Active,Inactive,Possible BLA viability interference
DTXSID8042181,Inactive,Inactive,Inactive,Inconclusive,Inactive in both primary assays
DTXSID8042187,Active,Active,Inactive,Inactive,Possible BLA viability interference
DTXSID8042189,Inconclusive,Inconclusive,Inactive,Inconclusive,Missing or unavailable data
DTXSID8042210,Inconclusive,Inconclusive,Inactive,Inactive,Missing or unavailable data
DTXSID8042218,Inactive,Inactive,Inactive,Inactive,Inactive in both primary assays
DTXSID8042260,Active,Active,Active,Inactive,Possible BLA viability interference
DTXSID8042264,Active,Active,Active,Active,Possible BLA viability interference
DTXSID8042266,Inactive,Inconclusive,Inactive,Inactive,Inactive in both primary assays
DTXSID8042343,Inactive,Inconclusive,Inactive,Inactive,Inactive in both primary assays
DTXSID8042349,Inconclusive,Inactive,Active,Inconclusive,Missing or unavailable data
DTXSID8042399,Active,Inactive,Inactive,Inactive,BLA active only
DTXSID8042422,Inconclusive,Inactive,Inactive,Inactive,Missing or unavailable data
DTXSID8042424,Inconclusive,Inactive,Inconclusive,Inactive,Missing or unavailable data
DTXSID8042426,Inactive,Inactive,Inactive,Inconclusive,Inactive in both primary assays
DTXSID8042478,Active,Active,Active,Active,Possible BLA viability interference
DTXSID8042503,Inactive,Inactive,Inactive,Inactive,Inactive in both primary assays
DTXSID8042507,Inconclusive,Inconclusive,Inconclusive,Inactive,Missing or unavailable data
DTXSID8042509,Active,Active,Active,Inactive,Possible BLA viability interference
DTXSID8042559,Inactive,Inactive,Inactive,Inactive,Inactive in both primary assays
DTXSID8042632,Inconclusive,Inactive,Inactive,Inconclusive,Missing or unavailable data
DTXSID8043814,Inactive,Inactive,Inactive,Inactive,Inactive in both primary assays
DTXSID8043941,Inactive,Inactive,Inactive,Inactive,Inactive in both primary assays
DTXSID8044175,Inactive,Inactive,Inactive,Inconclusive,Inactive in both primary assays
DTXSID8044177,Inactive,Inactive,Inactive,Inactive,Inactive in both primary assays
DTXSID8044200,Inactive,Inactive,Inactive,Inactive,Inactive in both primary assays
DTXSID8044202,Inactive,Inactive,Inactive,Inactive,Inactive in both primary assays
DTXSID8044204,Active,Active,Active,Active,Possible BLA viability interference
DTXSID8044206,Inactive,Inactive,Inactive,Inactive,Inactive in both primary assays
DTXSID8044208,Inactive,Inactive,Inactive,Inactive,Inactive in both primary assays
DTXSID8044252,Inconclusive,Inconclusive,Inconclusive,Inactive,Missing or unavailable data
DTXSID8044381,Active,Active,Active,Active,Possible BLA viability interference
DTXSID8044383,Inactive,Active,Inactive,Inactive,Inactive in both primary assays
DTXSID8044385,,,Inconclusive,Inactive,Missing or unavailable data
DTXSID8044389,Inconclusive,Inactive,Inactive,Inactive,Missing or unavailable data
DTXSID8044410,Inconclusive,Inactive,Inconclusive,Inactive,Missing or unavailable data
DTXSID8044412,Inconclusive,Inactive,Inactive,Inactive,Missing or unavailable data
DTXSID8044414,Inconclusive,Inconclusive,Inactive,Inactive,Missing or unavailable data
DTXSID8044416,,,Inactive,Inactive,Missing or unavailable data
DTXSID8044462,Inactive,Inconclusive,Inconclusive,Inactive,Missing or unavailable data
DTXSID8044464,Inactive,Inactive,Active,Inactive,MDA-kb2 active only
DTXSID8044466,Inactive,Inconclusive,Inactive,Inactive,Inactive in both primary assays
DTXSID8044541,Inactive,Inactive,Inactive,Inactive,Inactive in both primary assays
DTXSID8044543,Inconclusive,Inactive,Inactive,Inactive,Missing or unavailable data
DTXSID8044545,Inactive,Inactive,Inconclusive,Inactive,Missing or unavailable data
DTXSID8044547,Inactive,Inactive,Inactive,Inactive,Inactive in both primary assays
DTXSID8044549,Active,Active,Active,Active,Possible BLA viability interference
DTXSID8044591,Inactive,Inactive,Inactive,Inactive,Inactive in both primary assays
DTXSID8044593,Active,Active,Active,Active,Possible BLA viability interference
DTXSID8044595,Inactive,Inconclusive,Active,Inactive,MDA-kb2 active only
DTXSID8044597,Inactive,Inactive,Inactive,Inactive,Inactive in both primary assays
DTXSID8044599,Inconclusive,Inactive,Inactive,Inactive,Missing or unavailable data
DTXSID8044620,Inactive,Inactive,Inactive,Inactive,Inactive in both primary assays
DTXSID8044622,Inactive,Inconclusive,Inactive,Inactive,Inactive in both primary assays
DTXSID8044624,Inactive,Inactive,Inactive,Inactive,Inactive in both primary assays
DTXSID8044626,Inactive,Inactive,Inactive,Inconclusive,Inactive in both primary assays
DTXSID8044670,Inactive,Inactive,Inconclusive,Inactive,Missing or unavailable data
DTXSID8044676,Active,Active,Inconclusive,Inactive,Possible BLA viability interference
DTXSID8044678,Inactive,Inactive,Inactive,Inactive,Inactive in both primary assays
DTXSID8044701,Inactive,Inactive,Inconclusive,Inactive,Missing or unavailable data
DTXSID8044703,Inactive,Inactive,Inconclusive,Inactive,Missing or unavailable data
DTXSID8044709,Inactive,Inactive,Inconclusive,Inactive,Missing or unavailable data
DTXSID8044751,Inactive,Inactive,Inactive,Inactive,Inactive in both primary assays
DTXSID8044753,Inactive,Inactive,Inactive,Inactive,Inactive in both primary assays
DTXSID8044755,Inactive,Inactive,Inactive,Inactive,Inactive in both primary assays
DTXSID8044757,Inactive,Inactive,Inactive,Inactive,Inactive in both primary assays
DTXSID8044759,Inactive,Inactive,Inactive,Inactive,Inactive in both primary assays
DTXSID8044830,Inconclusive,Inconclusive,Inactive,Inactive,Missing or unavailable data
DTXSID8044832,Inactive,Inactive,Inactive,Inactive,Inactive in both primary assays
DTXSID8044834,Inconclusive,Inactive,Inconclusive,Inactive,Missing or unavailable data
DTXSID8044836,Active,Inactive,Active,Inactive,Both primary assays active - no viability interference detected
DTXSID8044880,Inactive,Inconclusive,Inactive,Inactive,Inactive in both primary assays
DTXSID8044882,Inactive,Inactive,Inconclusive,Inactive,Missing or unavailable data
DTXSID8044884,Inactive,Inconclusive,Inactive,Inactive,Inactive in both primary assays
DTXSID8044886,Active,Active,Inactive,Inactive,Possible BLA viability interference
DTXSID8044888,Inactive,Inactive,Inconclusive,Inactive,Missing or unavailable data
DTXSID8044911,Inconclusive,Inconclusive,Inconclusive,Inactive,Missing or unavailable data
DTXSID8044913,Active,Active,Active,Active,Possible BLA viability interference
DTXSID8044915,Inactive,Inactive,Inconclusive,Inactive,Missing or unavailable data
DTXSID8044919,Inactive,Inconclusive,Inconclusive,Inactive,Missing or unavailable data
DTXSID8044961,Inconclusive,Inactive,Inconclusive,Inactive,Missing or unavailable data
DTXSID8044963,Inconclusive,Inconclusive,Inactive,Inactive,Missing or unavailable data
DTXSID8044967,Inconclusive,Inactive,Inconclusive,Inactive,Missing or unavailable data
DTXSID8045141,Inactive,Inconclusive,Inconclusive,Inconclusive,Missing or unavailable data
DTXSID8045145,Inactive,Inactive,Active,Inactive,MDA-kb2 active only
DTXSID8045147,Inconclusive,Inactive,Inconclusive,Inactive,Missing or unavailable data
DTXSID8045149,Inactive,Inactive,Inactive,Inconclusive,Inactive in both primary assays
DTXSID8045191,Inconclusive,Inconclusive,Inconclusive,Inactive,Missing or unavailable data
DTXSID8045193,Inactive,Inconclusive,Inactive,Inactive,Inactive in both primary assays
DTXSID8045195,Inconclusive,Inconclusive,Inactive,Inactive,Missing or unavailable data
DTXSID8045220,Inactive,Inconclusive,Inactive,Inactive,Inactive in both primary assays
DTXSID8045222,Inactive,Inactive,,,Missing or unavailable data
DTXSID8045224,Inconclusive,Inactive,Inactive,Inactive,Missing or unavailable data
DTXSID8045226,Inactive,Inactive,,,Missing or unavailable data
DTXSID8045228,Active,Inactive,Inconclusive,Inactive,Missing or unavailable data
DTXSID8045305,Inactive,Inactive,,,Missing or unavailable data
DTXSID8045307,Inactive,Inactive,Inconclusive,Inactive,Missing or unavailable data
DTXSID8045351,Inconclusive,Inactive,Inconclusive,Inactive,Missing or unavailable data
DTXSID8045355,Inactive,Inactive,,,Missing or unavailable data
DTXSID8045357,Inconclusive,Inactive,Inactive,Inactive,Missing or unavailable data
DTXSID8045359,Inactive,Inactive,Active,Active,Possible MDA-kb2 viability interference
DTXSID8045432,Inactive,Inactive,,,Missing or unavailable data
DTXSID8045434,Inactive,Inactive,Inactive,Inconclusive,Inactive in both primary assays
DTXSID8045438,Inactive,Inactive,,,Missing or unavailable data
DTXSID8045480,Inactive,Inconclusive,Inconclusive,Inactive,Missing or unavailable data
DTXSID8045484,Inconclusive,Inconclusive,Inconclusive,Inactive,Missing or unavailable data
DTXSID8045486,Inconclusive,Inactive,Inconclusive,Inactive,Missing or unavailable data
DTXSID8045488,Inactive,Inactive,Inactive,Inactive,Inactive in both primary assays
DTXSID8045511,Inactive,Inactive,Inconclusive,Inactive,Missing or unavailable data
DTXSID8045513,Inactive,Inactive,Inactive,Inactive,Inactive in both primary assays
DTXSID8045515,Inconclusive,Inconclusive,Inactive,Inactive,Missing or unavailable data
DTXSID8045519,Inactive,Inactive,Inconclusive,Inactive,Missing or unavailable data
DTXSID8045561,Inconclusive,Inconclusive,,,Missing or unavailable data
DTXSID8045563,Inconclusive,Inactive,,,Missing or unavailable data
DTXSID8045565,Inactive,Inactive,Active,Active,Possible MDA-kb2 viability interference
DTXSID8045567,Inactive,Inconclusive,Inactive,Inconclusive,Inactive in both primary assays
DTXSID8045569,Inconclusive,Inactive,,,Missing or unavailable data
DTXSID8045640,Inactive,Inactive,Inactive,Inactive,Inactive in both primary assays
DTXSID8045642,Inactive,Inactive,Inconclusive,Inactive,Missing or unavailable data
DTXSID8045646,Inactive,Inactive,Inconclusive,Inactive,Missing or unavailable data
DTXSID8045648,Inactive,Inconclusive,Inconclusive,Inactive,Missing or unavailable data
DTXSID8045690,Inconclusive,Inactive,Inactive,Inactive,Missing or unavailable data
DTXSID8045692,Inactive,Inconclusive,Inactive,Inactive,Inactive in both primary assays
DTXSID8045694,Inactive,Inactive,,,Missing or unavailable data
DTXSID8045696,Inactive,Inactive,,,Missing or unavailable data
DTXSID8045698,Inactive,Inconclusive,Inconclusive,Inactive,Missing or unavailable data
DTXSID8045771,Inconclusive,Inactive,Inactive,Inactive,Missing or unavailable data
DTXSID8045773,Inactive,Inactive,,,Missing or unavailable data
DTXSID8045775,Inactive,Inconclusive,,,Missing or unavailable data
DTXSID8045777,Inactive,Inconclusive,Inconclusive,Inactive,Missing or unavailable data
DTXSID8045779,Inactive,Inconclusive,Inconclusive,Inactive,Missing or unavailable data
DTXSID8045800,Inactive,Inactive,,,Missing or unavailable data
DTXSID8045802,Inconclusive,Inactive,Inactive,Inactive,Missing or unavailable data
DTXSID8045804,Inactive,Active,Active,Active,Possible MDA-kb2 viability interference
DTXSID8045806,Active,Active,Active,Inactive,Possible BLA viability interference
DTXSID8045850,Inconclusive,Inconclusive,Inconclusive,Inactive,Missing or unavailable data
DTXSID8045852,Inactive,Inactive,Inconclusive,Inconclusive,Missing or unavailable data
DTXSID8045854,Active,Active,Inactive,Inactive,Possible BLA viability interference
DTXSID8045856,Active,Inconclusive,,,Missing or unavailable data
DTXSID8045933,Inactive,Inconclusive,Inconclusive,Inconclusive,Missing or unavailable data
DTXSID8045935,Inconclusive,Inactive,Inconclusive,Inactive,Missing or unavailable data
DTXSID8045937,Inactive,Inactive,Inactive,Inactive,Inactive in both primary assays
DTXSID8045939,Inconclusive,Inactive,Inconclusive,Inactive,Missing or unavailable data
DTXSID8045983,Inconclusive,Inconclusive,Inconclusive,Inactive,Missing or unavailable data
DTXSID8045985,Inconclusive,Inconclusive,Inactive,Inactive,Missing or unavailable data
DTXSID8045987,Inactive,Inactive,Inconclusive,Inactive,Missing or unavailable data
DTXSID8045989,Inactive,Inconclusive,Inactive,Inactive,Inactive in both primary assays
DTXSID8046030,Active,Inactive,Inconclusive,Inactive,Missing or unavailable data
DTXSID8046034,Inactive,Inconclusive,Inconclusive,Inactive,Missing or unavailable data
DTXSID8046036,Inactive,Inconclusive,,,Missing or unavailable data
DTXSID8046038,Inactive,Inactive,Inconclusive,Inactive,Missing or unavailable data
DTXSID8046084,Inactive,Inactive,,,Missing or unavailable data
DTXSID8046086,Inactive,Inactive,Inactive,Inactive,Inactive in both primary assays
DTXSID8046088,Active,Active,Active,Active,Possible BLA viability interference
DTXSID8046113,Inconclusive,Inactive,Inconclusive,Inactive,Missing or unavailable data
DTXSID8046115,Inconclusive,Inactive,,,Missing or unavailable data
DTXSID8046117,Inactive,Inactive,Inactive,Inactive,Inactive in both primary assays
DTXSID8046119,Inconclusive,Inactive,Inactive,Inactive,Missing or unavailable data
DTXSID8046161,Inconclusive,Inconclusive,Inconclusive,Inactive,Missing or unavailable data
DTXSID8046163,Inactive,Inactive,Inconclusive,Inactive,Missing or unavailable data
DTXSID8046165,Inactive,Inactive,,,Missing or unavailable data
DTXSID8046167,Active,Inactive,,,Missing or unavailable data
DTXSID8046169,Inactive,Inconclusive,,,Missing or unavailable data
DTXSID8046240,Inactive,Inactive,,,Missing or unavailable data
DTXSID8046242,Inactive,Inconclusive,Active,Inactive,MDA-kb2 active only
DTXSID8046244,Inactive,Inconclusive,Inconclusive,Inactive,Missing or unavailable data
DTXSID8046246,Inactive,Inactive,,,Missing or unavailable data
DTXSID8046248,Inactive,Inactive,,,Missing or unavailable data
DTXSID8046290,Inactive,Inconclusive,,,Missing or unavailable data
DTXSID8046292,Inactive,Inconclusive,,,Missing or unavailable data
DTXSID8046294,Inactive,Inactive,Inactive,Inactive,Inactive in both primary assays
DTXSID8046296,Active,Inactive,Inactive,Inactive,BLA active only
DTXSID8046298,Inactive,Inconclusive,,,Missing or unavailable data
DTXSID8046321,Inconclusive,Inactive,Inactive,Inactive,Missing or unavailable data
DTXSID8046323,Inconclusive,Inconclusive,,,Missing or unavailable data
DTXSID8046325,Inconclusive,Inconclusive,,,Missing or unavailable data
DTXSID8046327,Inactive,Inactive,,,Missing or unavailable data
DTXSID8046400,Inactive,Inactive,Active,Inactive,MDA-kb2 active only
DTXSID8046402,Inactive,Inactive,Active,Inactive,MDA-kb2 active only
DTXSID8046404,Inactive,Inactive,Inconclusive,Inactive,Missing or unavailable data
DTXSID8046406,Inactive,Inactive,Inactive,Inactive,Inactive in both primary assays
DTXSID8046450,Inactive,Inactive,Inconclusive,Inactive,Missing or unavailable data
DTXSID8046452,Inactive,Inconclusive,,,Missing or unavailable data
DTXSID8046454,Active,Active,Inactive,Inactive,Possible BLA viability interference
DTXSID8046456,Active,Active,Active,Inactive,Possible BLA viability interference
DTXSID8046458,Active,Inconclusive,Inactive,Inactive,BLA active only
DTXSID8046531,Active,Inactive,Inactive,Inactive,BLA active only
DTXSID8046535,Inactive,Inactive,Inconclusive,Inactive,Missing or unavailable data
DTXSID8046537,Inactive,Inactive,,,Missing or unavailable data
DTXSID8046539,Inactive,Inactive,Inconclusive,Inactive,Missing or unavailable data
DTXSID8046581,Inactive,Inactive,,,Missing or unavailable data
DTXSID8046583,Inactive,Inactive,,,Missing or unavailable data
DTXSID8046585,Inconclusive,Inconclusive,Inactive,Inactive,Missing or unavailable data
DTXSID8046589,Inactive,Inactive,Inactive,Active,Inactive in both primary assays
DTXSID8046610,Inactive,Inactive,Inactive,Inactive,Inactive in both primary assays
DTXSID8046614,Inactive,Inactive,,,Missing or unavailable data
DTXSID8046618,Inconclusive,Inactive,,,Missing or unavailable data
DTXSID8046660,Inactive,Inactive,,,Missing or unavailable data
DTXSID8046662,Inconclusive,Inactive,Active,Inactive,Missing or unavailable data
DTXSID8046664,Inactive,Inactive,Inactive,Inconclusive,Inactive in both primary assays
DTXSID8046666,Active,Active,,,Possible BLA viability interference
DTXSID8046743,Inactive,Inactive,Inactive,Inactive,Inactive in both primary assays
DTXSID8046749,Inconclusive,Inactive,,,Missing or unavailable data
DTXSID8046791,Inactive,Inactive,,,Missing or unavailable data
DTXSID8046793,Inactive,Inconclusive,,,Missing or unavailable data
DTXSID8046795,Inconclusive,Inconclusive,,,Missing or unavailable data
DTXSID8046799,Inactive,Inconclusive,Inconclusive,Inactive,Missing or unavailable data
DTXSID8046820,Inactive,Inconclusive,Inconclusive,Inactive,Missing or unavailable data
DTXSID8046822,Inconclusive,Inactive,,,Missing or unavailable data
DTXSID8046824,Inactive,Inactive,,,Missing or unavailable data
DTXSID8046826,Inactive,Inconclusive,,,Missing or unavailable data
DTXSID8046828,Inactive,Inactive,Inconclusive,Inactive,Missing or unavailable data
DTXSID8046870,Inactive,Inactive,,,Missing or unavailable data
DTXSID8046872,Active,Active,,,Possible BLA viability interference
DTXSID8046876,Inconclusive,Inconclusive,,,Missing or unavailable data
DTXSID8046878,Inactive,Inconclusive,,,Missing or unavailable data
DTXSID8046901,Inactive,Inconclusive,,,Missing or unavailable data
DTXSID8046903,Active,Active,Active,Active,Possible BLA viability interference
DTXSID8046905,Inactive,Inconclusive,,,Missing or unavailable data
DTXSID8046909,Inconclusive,Inactive,,,Missing or unavailable data
DTXSID8046951,Inactive,Inactive,Active,Active,Possible MDA-kb2 viability interference
DTXSID8047000,Inconclusive,Inconclusive,Inactive,Inactive,Missing or unavailable data
DTXSID8047006,Inconclusive,Inactive,Inactive,Inactive,Missing or unavailable data
DTXSID8047050,Inactive,Inactive,Active,Inactive,MDA-kb2 active only
DTXSID8047052,Inactive,Inactive,Active,Inactive,MDA-kb2 active only
DTXSID8047056,Inconclusive,Inactive,Inconclusive,Inactive,Missing or unavailable data
DTXSID8047058,Inactive,Inconclusive,Inactive,Inactive,Inactive in both primary assays
DTXSID8047131,Inactive,Inconclusive,Inactive,Inactive,Inactive in both primary assays
DTXSID8047133,Inconclusive,Inactive,Inactive,Inactive,Missing or unavailable data
DTXSID8047135,Inactive,Inactive,Inactive,Inactive,Inactive in both primary assays
DTXSID8047137,Inactive,Inactive,Inconclusive,Inactive,Missing or unavailable data
DTXSID8047139,Inactive,Inconclusive,Inactive,Inactive,Inactive in both primary assays
DTXSID8047183,Active,Inconclusive,Inactive,Inactive,BLA active only
DTXSID8047185,Inconclusive,Inactive,Inactive,Inactive,Missing or unavailable data
DTXSID8047187,Inconclusive,Inactive,Inconclusive,Inactive,Missing or unavailable data
DTXSID8047189,Inactive,Inactive,Inconclusive,Inactive,Missing or unavailable data
DTXSID8047218,,,Inactive,Inactive,Missing or unavailable data
DTXSID8047262,Inactive,Inactive,Inactive,Inactive,Inactive in both primary assays
DTXSID8047264,Inconclusive,Inactive,Inconclusive,Inactive,Missing or unavailable data
DTXSID8047266,Inactive,Inactive,Active,Inactive,MDA-kb2 active only
DTXSID8047268,Active,Active,Inconclusive,Inactive,Possible BLA viability interference
DTXSID8047341,Inactive,Active,Inactive,Inactive,Inactive in both primary assays
DTXSID8047347,Active,Active,Inactive,Active,Possible BLA viability interference
DTXSID8047349,Active,Inactive,Active,Inactive,Both primary assays active - no viability interference detected
DTXSID8047391,Active,Active,Active,Inactive,Possible BLA viability interference
DTXSID8047395,Inconclusive,Inactive,Inconclusive,Inactive,Missing or unavailable data
DTXSID8047397,Inconclusive,Inactive,Inconclusive,Inactive,Missing or unavailable data
DTXSID8047399,Inactive,Inactive,Inactive,Inactive,Inactive in both primary assays
DTXSID8047420,Inactive,Inactive,Inactive,Inactive,Inactive in both primary assays
DTXSID8047422,Inactive,Inactive,Inactive,Inactive,Inactive in both primary assays
DTXSID8047424,Inactive,Inactive,Inconclusive,Inactive,Missing or unavailable data
DTXSID8047426,Inactive,Inconclusive,Inconclusive,Inactive,Missing or unavailable data
DTXSID8047428,Inactive,Inactive,Inactive,Inactive,Inactive in both primary assays
DTXSID8047470,Inactive,Inactive,Inconclusive,Inactive,Missing or unavailable data
DTXSID8047472,,,Inconclusive,Inactive,Missing or unavailable data
DTXSID8047474,Inactive,Inconclusive,Inactive,Inactive,Inactive in both primary assays
DTXSID8047476,Active,Active,Active,Inactive,Possible BLA viability interference
DTXSID8047501,Inactive,Inactive,Inactive,Inactive,Inactive in both primary assays
DTXSID8047505,Inactive,Inconclusive,Inactive,Inactive,Inactive in both primary assays
DTXSID8047551,Inconclusive,Inconclusive,Inconclusive,Inconclusive,Missing or unavailable data
DTXSID8047553,Inconclusive,Inactive,Inactive,Inactive,Missing or unavailable data
DTXSID8047559,Inactive,Inconclusive,Inconclusive,Inactive,Missing or unavailable data
DTXSID8047630,Inactive,Inactive,Active,Active,Possible MDA-kb2 viability interference
DTXSID8047636,Inactive,Inconclusive,Inconclusive,Inactive,Missing or unavailable data
DTXSID8047680,Inconclusive,Inactive,Inactive,Inactive,Missing or unavailable data
DTXSID8047682,Inactive,Inconclusive,Inactive,Inactive,Inactive in both primary assays
DTXSID8047684,Inactive,Inactive,Inconclusive,Inactive,Missing or unavailable data
DTXSID8047686,Active,Active,Active,Inactive,Possible BLA viability interference
DTXSID8047711,Inactive,Inactive,Inconclusive,Inactive,Missing or unavailable data
DTXSID8047713,Inactive,Inactive,Inactive,Inactive,Inactive in both primary assays
DTXSID8047717,Inactive,Inactive,Inconclusive,Inactive,Missing or unavailable data
DTXSID8047769,,,Inconclusive,Inconclusive,Missing or unavailable data
DTXSID8047840,Inconclusive,Inconclusive,Inactive,Inactive,Missing or unavailable data
DTXSID8047842,Inconclusive,Inconclusive,Inconclusive,Inactive,Missing or unavailable data
DTXSID8047844,Inactive,Inactive,Inactive,Inactive,Inactive in both primary assays
DTXSID8047846,Inactive,Inactive,Inactive,Inactive,Inactive in both primary assays
DTXSID8047848,Inactive,Inactive,Inactive,Inactive,Inactive in both primary assays
DTXSID8047890,Active,Inactive,Active,Active,Possible MDA-kb2 viability interference
DTXSID8047892,Inactive,Inconclusive,Inactive,Inactive,Inactive in both primary assays
DTXSID8047894,Inactive,Inactive,Active,Inactive,MDA-kb2 active only
DTXSID8047896,Inactive,Inactive,Active,Inactive,MDA-kb2 active only
DTXSID8047898,Inactive,Inactive,Inactive,Inactive,Inactive in both primary assays
DTXSID8047921,Inactive,Inconclusive,Inconclusive,Inactive,Missing or unavailable data
DTXSID8047923,Active,Active,Active,Active,Possible BLA viability interference
DTXSID8047925,Active,Active,Active,Active,Possible BLA viability interference
DTXSID8047927,Inactive,Inactive,Inconclusive,Inactive,Missing or unavailable data
DTXSID8047929,Inactive,Inactive,Active,Inactive,MDA-kb2 active only
DTXSID8047971,Inactive,Inconclusive,Inactive,Inactive,Inactive in both primary assays
DTXSID8047973,Active,Active,Active,Inactive,Possible BLA viability interference
DTXSID8048494,,,Inconclusive,Inactive,Missing or unavailable data
DTXSID8048521,Inactive,Inactive,Inconclusive,Inactive,Missing or unavailable data
DTXSID8048575,Inactive,Inconclusive,,,Missing or unavailable data
DTXSID8048577,Inactive,Inactive,,,Missing or unavailable data
DTXSID8048579,Active,Active,,,Possible BLA viability interference
DTXSID8048600,Inactive,Inactive,Inconclusive,Inactive,Missing or unavailable data
DTXSID8048602,Inconclusive,Inactive,,,Missing or unavailable data
DTXSID8048604,Inconclusive,Inactive,,,Missing or unavailable data
DTXSID8048606,Inactive,Inactive,Inactive,Inactive,Inactive in both primary assays
DTXSID8048608,Inactive,Inactive,Inconclusive,Inactive,Missing or unavailable data
DTXSID8048650,Inactive,Inactive,Inconclusive,Inactive,Missing or unavailable data
DTXSID8048652,Inconclusive,Inactive,,,Missing or unavailable data
DTXSID8048654,Active,Inactive,,,Missing or unavailable data
DTXSID8048656,Inactive,Inactive,Inconclusive,Inactive,Missing or unavailable data
DTXSID8048658,Inactive,Inconclusive,,,Missing or unavailable data
DTXSID8048731,Active,Active,,,Possible BLA viability interference
DTXSID8048733,Active,Inactive,Active,Inactive,Both primary assays active - no viability interference detected
DTXSID8048735,Inactive,Inconclusive,Inactive,Inactive,Inactive in both primary assays
DTXSID8048737,Inactive,Inactive,Active,Inactive,MDA-kb2 active only
DTXSID8048739,Inactive,Inconclusive,Inconclusive,Inactive,Missing or unavailable data
DTXSID8048781,Inactive,Inactive,Inactive,Inactive,Inactive in both primary assays
DTXSID8048783,Inconclusive,Inconclusive,Inactive,Inactive,Missing or unavailable data
DTXSID8048785,Inactive,Inconclusive,Inactive,Inactive,Inactive in both primary assays
DTXSID8048787,Inconclusive,Inactive,Inactive,Inactive,Missing or unavailable data
DTXSID8048789,Inactive,Inactive,Inactive,Inactive,Inactive in both primary assays
DTXSID8048810,Inactive,Inactive,Inconclusive,Inactive,Missing or unavailable data
DTXSID8048812,Active,Inactive,Inactive,Inactive,BLA active only
DTXSID8048814,Active,Inactive,Inconclusive,Inactive,Missing or unavailable data
DTXSID8048816,Inactive,Inactive,,,Missing or unavailable data
DTXSID8048818,Active,Inactive,Active,Inactive,Both primary assays active - no viability interference detected
DTXSID8048860,Inactive,Inconclusive,Inactive,Inconclusive,Inactive in both primary assays
DTXSID8048862,Inactive,Inactive,,,Missing or unavailable data
DTXSID8048864,Inactive,Inactive,,,Missing or unavailable data
DTXSID8048866,Inactive,Inactive,Inactive,Inactive,Inactive in both primary assays
DTXSID8048868,Inactive,Inactive,Inconclusive,Inactive,Missing or unavailable data
DTXSID8048941,Active,Active,Inactive,Inactive,Possible BLA viability interference
DTXSID8048943,Active,Inactive,Active,Active,Possible MDA-kb2 viability interference
DTXSID8048945,Active,Active,Active,Active,Possible BLA viability interference
DTXSID8048947,Inactive,Active,Inactive,Active,Inactive in both primary assays
DTXSID8048949,Inactive,Inactive,,,Missing or unavailable data
DTXSID8048991,Inactive,Inactive,,,Missing or unavailable data
DTXSID8048993,Active,Active,,,Possible BLA viability interference
DTXSID8048995,Inactive,Inactive,,,Missing or unavailable data
DTXSID8048997,Inconclusive,Inactive,,,Missing or unavailable data
DTXSID8048999,Inactive,Inactive,Inactive,Inactive,Inactive in both primary assays
DTXSID8049040,Inconclusive,Inactive,Inactive,Inconclusive,Missing or unavailable data
DTXSID8049042,Inconclusive,Inactive,Inactive,Inactive,Missing or unavailable data
DTXSID8049044,Inactive,Inactive,Inactive,Inactive,Inactive in both primary assays
DTXSID8049046,Inactive,Inactive,Active,Inactive,MDA-kb2 active only
DTXSID8049048,Inactive,Inactive,Inactive,Inactive,Inactive in both primary assays
DTXSID8049200,Inactive,Inconclusive,Inconclusive,Inactive,Missing or unavailable data
DTXSID8049202,Inactive,Inactive,Active,Inactive,MDA-kb2 active only
DTXSID8049204,Inactive,Inactive,Inactive,Inactive,Inactive in both primary assays
DTXSID8049206,Inactive,Inactive,Inactive,Inactive,Inactive in both primary assays
DTXSID8049208,Inactive,Inconclusive,Inactive,Inactive,Inactive in both primary assays
DTXSID8049250,Active,Active,Active,Active,Possible BLA viability interference
DTXSID8049252,Inactive,Active,Active,Active,Possible MDA-kb2 viability interference
DTXSID8049254,Active,Active,Active,Active,Possible BLA viability interference
DTXSID8049256,Active,Inactive,Active,Inactive,Both primary assays active - no viability interference detected
DTXSID8049258,Inconclusive,Inactive,Inconclusive,Inactive,Missing or unavailable data
DTXSID8049331,Inconclusive,Inactive,Inactive,Inactive,Missing or unavailable data
DTXSID8049333,Inactive,Inactive,Inconclusive,Inactive,Missing or unavailable data
DTXSID8049335,Inactive,Inactive,Active,Inactive,MDA-kb2 active only
DTXSID8049337,Inconclusive,Active,Inactive,Inactive,Missing or unavailable data
DTXSID8049339,Inactive,Inactive,Inactive,Inactive,Inactive in both primary assays
DTXSID8049381,Inactive,Inactive,Inactive,Inactive,Inactive in both primary assays
DTXSID8049383,Inactive,Inactive,Inactive,Inactive,Inactive in both primary assays
DTXSID8049385,Inactive,Inconclusive,Inactive,Inactive,Inactive in both primary assays
DTXSID8049387,Inactive,Inconclusive,Inactive,Inactive,Inactive in both primary assays
DTXSID8049389,Inactive,Inactive,Inactive,Inactive,Inactive in both primary assays
DTXSID8049410,Inconclusive,Inconclusive,Inconclusive,Inactive,Missing or unavailable data
DTXSID8049412,Active,Inactive,Active,Active,Possible MDA-kb2 viability interference
DTXSID8049414,Active,Active,Active,Inactive,Possible BLA viability interference
DTXSID8049416,Active,Inactive,Inactive,Inactive,BLA active only
DTXSID8049418,Inactive,Inactive,Inactive,Inactive,Inactive in both primary assays
DTXSID8049460,Inactive,Inconclusive,Inconclusive,Inactive,Missing or unavailable data
DTXSID8049462,Inactive,Inactive,Inactive,Inactive,Inactive in both primary assays
DTXSID8049464,Inactive,Inconclusive,Inactive,Inactive,Inactive in both primary assays
DTXSID8049466,Inactive,Inactive,Inactive,Inactive,Inactive in both primary assays
DTXSID8049468,Inactive,Inactive,Inactive,Inactive,Inactive in both primary assays
DTXSID8049541,Inactive,Inactive,Inconclusive,Inactive,Missing or unavailable data
DTXSID8049543,Inconclusive,Inactive,Inconclusive,Inactive,Missing or unavailable data
DTXSID8049545,Inconclusive,Inactive,Inconclusive,Inactive,Missing or unavailable data
DTXSID8049547,Active,Inactive,Inconclusive,Inactive,Missing or unavailable data
DTXSID8049549,Inconclusive,Inactive,Inconclusive,Inactive,Missing or unavailable data
DTXSID8051540,,,Inactive,Inactive,Missing or unavailable data
DTXSID8051542,,,Inconclusive,Inactive,Missing or unavailable data
DTXSID8051544,,,Inactive,Inactive,Missing or unavailable data
DTXSID8051629,,,Inactive,Inactive,Missing or unavailable data
DTXSID8051704,,,Inconclusive,Inactive,Missing or unavailable data
DTXSID8051708,,,Inactive,Inactive,Missing or unavailable data
DTXSID8051754,,,Inconclusive,Inactive,Missing or unavailable data
DTXSID8051914,,,Inactive,Inactive,Missing or unavailable data
DTXSID8052198,,,Inconclusive,Inactive,Missing or unavailable data
DTXSID8052300,,,Inconclusive,Inactive,Missing or unavailable data
DTXSID8052308,,,Inactive,Inactive,Missing or unavailable data
DTXSID8052641,,,Inactive,Inactive,Missing or unavailable data
DTXSID8052724,,,Active,Inconclusive,Missing or unavailable data
DTXSID8057641,,,Inactive,Inconclusive,Missing or unavailable data
DTXSID8057643,,,Active,Active,Possible MDA-kb2 viability interference
DTXSID8057645,,,Active,Active,Possible MDA-kb2 viability interference
DTXSID8057647,,,Inactive,Inactive,Missing or unavailable data
DTXSID8057649,,,Active,Inconclusive,Missing or unavailable data
DTXSID8057691,,,Inactive,Inactive,Missing or unavailable data
DTXSID8057693,,,Inconclusive,Inactive,Missing or unavailable data
DTXSID8057695,,,Inactive,Inactive,Missing or unavailable data
DTXSID8057697,,,Active,Inactive,Missing or unavailable data
DTXSID8057699,,,Inactive,Inactive,Missing or unavailable data
DTXSID8057720,,,Inactive,Inactive,Missing or unavailable data
DTXSID8057722,,,Inconclusive,Inactive,Missing or unavailable data
DTXSID8057724,,,Inactive,Inactive,Missing or unavailable data
DTXSID8057726,,,Inactive,Inactive,Missing or unavailable data
DTXSID8057728,,,Inactive,Inactive,Missing or unavailable data
DTXSID8057770,,,Inactive,Inactive,Missing or unavailable data
DTXSID8057772,,,Inconclusive,Inactive,Missing or unavailable data
DTXSID8057774,,,Inactive,Inactive,Missing or unavailable data
DTXSID8057776,,,Inconclusive,Inactive,Missing or unavailable data
DTXSID8057778,,,Inconclusive,Inactive,Missing or unavailable data
DTXSID8057801,,,Inactive,Inactive,Missing or unavailable data
DTXSID8057803,,,Inactive,Inactive,Missing or unavailable data
DTXSID8057805,,,Active,Active,Possible MDA-kb2 viability interference
DTXSID8057807,,,Inconclusive,Inactive,Missing or unavailable data
DTXSID8057809,,,Active,Inactive,Missing or unavailable data
DTXSID8057851,,,Inconclusive,Inactive,Missing or unavailable data
DTXSID8057853,,,Inactive,Inactive,Missing or unavailable data
DTXSID8057855,,,Inactive,Inactive,Missing or unavailable data
DTXSID8057857,,,Active,Inactive,Missing or unavailable data
DTXSID9020031,Active,Active,Active,Active,Possible BLA viability interference
DTXSID9020081,Inactive,Inactive,Inactive,Inactive,Inactive in both primary assays
DTXSID9020083,Inconclusive,Inconclusive,Inactive,Inactive,Missing or unavailable data
DTXSID9020087,Inconclusive,Inactive,Inactive,Inactive,Missing or unavailable data
DTXSID9020089,Inactive,Inconclusive,Inactive,Inactive,Inactive in both primary assays
DTXSID9020110,Active,Active,Active,Active,Possible BLA viability interference
DTXSID9020112,Inactive,Inactive,Inactive,Inactive,Inactive in both primary assays
DTXSID9020114,Active,Active,Active,Active,Possible BLA viability interference
DTXSID9020116,Active,Active,Active,Inactive,Possible BLA viability interference
DTXSID9020118,Inconclusive,Inactive,Inconclusive,Inactive,Missing or unavailable data
DTXSID9020160,Active,Inactive,Active,Inactive,Both primary assays active - no viability interference detected
DTXSID9020164,Inactive,Inactive,Inconclusive,Inactive,Missing or unavailable data
DTXSID9020166,Active,Active,Active,Active,Possible BLA viability interference
DTXSID9020168,Inactive,Inconclusive,Inactive,Inactive,Inactive in both primary assays
DTXSID9020241,Inactive,Inactive,Active,Inactive,MDA-kb2 active only
DTXSID9020243,Active,Active,Active,Inactive,Possible BLA viability interference
DTXSID9020245,Inactive,Inconclusive,Inactive,Inactive,Inactive in both primary assays
DTXSID9020247,Inactive,Inconclusive,Inactive,Inactive,Inactive in both primary assays
DTXSID9020249,Inactive,Inactive,Inactive,Inactive,Inactive in both primary assays
DTXSID9020293,Inactive,Inconclusive,Inactive,Inactive,Inactive in both primary assays
DTXSID9020295,Inactive,Inactive,Inactive,Inactive,Inactive in both primary assays
DTXSID9020299,Active,Active,Active,Inactive,Possible BLA viability interference
DTXSID9020322,Inactive,Inconclusive,Inconclusive,Inactive,Missing or unavailable data
DTXSID9020326,Inconclusive,Inactive,Inconclusive,Inactive,Missing or unavailable data
DTXSID9020328,Inactive,Inactive,Active,Inactive,MDA-kb2 active only
DTXSID9020370,Inactive,Inconclusive,Inactive,Inactive,Inactive in both primary assays
DTXSID9020372,Inactive,Inconclusive,Active,Inactive,MDA-kb2 active only
DTXSID9020374,Inactive,Inactive,Active,Inactive,MDA-kb2 active only
DTXSID9020376,,,Inconclusive,Inactive,Missing or unavailable data
DTXSID9020378,Inactive,Inactive,Inconclusive,Inactive,Missing or unavailable data
DTXSID9020401,Inactive,Inactive,Inactive,Active,Inactive in both primary assays
DTXSID9020407,Inactive,Inactive,Inactive,Inactive,Inactive in both primary assays
DTXSID9020409,Inconclusive,Inactive,Inconclusive,Inactive,Missing or unavailable data
DTXSID9020451,Active,Active,Active,Inactive,Possible BLA viability interference
DTXSID9020453,Active,Active,Active,Inactive,Possible BLA viability interference
DTXSID9020459,Inconclusive,Inactive,Inactive,Inactive,Missing or unavailable data
DTXSID9020538,Active,Inactive,Active,Inactive,Both primary assays active - no viability interference detected
DTXSID9020580,Inconclusive,Inactive,Inconclusive,Inactive,Missing or unavailable data
DTXSID9020582,Inconclusive,Active,Active,Inactive,Missing or unavailable data
DTXSID9020584,Inactive,Inactive,Inactive,Inconclusive,Inactive in both primary assays
DTXSID9020615,Inactive,Inactive,Inconclusive,Inactive,Missing or unavailable data
DTXSID9020617,Inconclusive,Inactive,Inactive,Inconclusive,Missing or unavailable data
DTXSID9020663,Inactive,Inconclusive,Inconclusive,Inconclusive,Missing or unavailable data
DTXSID9020667,Inactive,Inconclusive,Inconclusive,Inactive,Missing or unavailable data
DTXSID9020669,Inconclusive,Inactive,Inactive,Inactive,Missing or unavailable data
DTXSID9020740,Inconclusive,Inactive,Inconclusive,Inactive,Missing or unavailable data
DTXSID9020742,Inactive,Inactive,Inconclusive,Inactive,Missing or unavailable data
DTXSID9020790,Inactive,Inconclusive,Inactive,Inactive,Inactive in both primary assays
DTXSID9020792,Inactive,Inactive,Inconclusive,Inactive,Missing or unavailable data
DTXSID9020794,Inactive,Inconclusive,Inactive,Inactive,Inactive in both primary assays
DTXSID9020796,Active,Inactive,Active,Inactive,Both primary assays active - no viability interference detected
DTXSID9020821,Inactive,Inactive,,,Missing or unavailable data
DTXSID9020825,Inactive,Inactive,Active,Inactive,MDA-kb2 active only
DTXSID9020827,Active,Inactive,Active,Inactive,Both primary assays active - no viability interference detected
DTXSID9020829,Inactive,Inconclusive,Inactive,Inactive,Inactive in both primary assays
DTXSID9020875,Inactive,Inactive,Inconclusive,Inactive,Missing or unavailable data
DTXSID9020877,Inactive,Inconclusive,Inactive,Inactive,Inactive in both primary assays
DTXSID9020902,Inactive,Inconclusive,Inconclusive,Inactive,Missing or unavailable data
DTXSID9020956,Inactive,Inactive,Inconclusive,Inactive,Missing or unavailable data
DTXSID9020958,Inactive,Inactive,Inconclusive,Active,Missing or unavailable data
DTXSID9021053,Inactive,Inactive,Inactive,Inactive,Inactive in both primary assays
DTXSID9021059,Inactive,Inactive,Inactive,Inactive,Inactive in both primary assays
DTXSID9021130,Inconclusive,Inactive,Inconclusive,Inactive,Missing or unavailable data
DTXSID9021132,Active,Active,Inactive,Inactive,Possible BLA viability interference
DTXSID9021134,Inactive,Inactive,Inconclusive,Inactive,Missing or unavailable data
DTXSID9021136,Inactive,Inconclusive,Inactive,Inactive,Inactive in both primary assays
DTXSID9021138,Inconclusive,Inactive,Inconclusive,Inactive,Missing or unavailable data
DTXSID9021182,Inconclusive,Inactive,Inconclusive,Inactive,Missing or unavailable data
DTXSID9021184,Inactive,Inconclusive,Inconclusive,Inactive,Missing or unavailable data
DTXSID9021188,Inconclusive,Inconclusive,Inconclusive,Inactive,Missing or unavailable data
DTXSID9021215,Inconclusive,Inactive,Inconclusive,Inactive,Missing or unavailable data
DTXSID9021217,Inactive,Active,Active,Inactive,MDA-kb2 active only
DTXSID9021219,Inconclusive,Inconclusive,Active,Inactive,Missing or unavailable data
DTXSID9021267,Inactive,Inconclusive,Inconclusive,Inactive,Missing or unavailable data
DTXSID9021340,Inconclusive,Inactive,Inconclusive,Inactive,Missing or unavailable data
DTXSID9021342,Active,Active,Active,Active,Possible BLA viability interference
DTXSID9021344,Inactive,Inactive,Inactive,Inactive,Inactive in both primary assays
DTXSID9021346,Active,Active,Active,Inactive,Possible BLA viability interference
DTXSID9021348,Inactive,Inactive,Inconclusive,Inactive,Missing or unavailable data
DTXSID9021390,Inconclusive,Inactive,Inactive,Inactive,Missing or unavailable data
DTXSID9021392,Inactive,Inactive,Inconclusive,Inactive,Missing or unavailable data
DTXSID9021396,Inactive,Inconclusive,Inconclusive,Inactive,Missing or unavailable data
DTXSID9021398,Inconclusive,Inconclusive,Inconclusive,Inactive,Missing or unavailable data
DTXSID9021425,Inactive,Inactive,,,Missing or unavailable data
DTXSID9021427,Inconclusive,Inactive,Inconclusive,Inactive,Missing or unavailable data
DTXSID9021477,Inconclusive,Inactive,Inconclusive,Inactive,Missing or unavailable data
DTXSID9021479,Inactive,Inactive,Inconclusive,Inactive,Missing or unavailable data
DTXSID9021550,,,Inactive,Inactive,Missing or unavailable data
DTXSID9021552,Inactive,Inactive,Inconclusive,Inactive,Missing or unavailable data
DTXSID9021554,Inactive,Inactive,Inconclusive,Inactive,Missing or unavailable data
DTXSID9021631,Inconclusive,Inactive,Inactive,Inactive,Missing or unavailable data
DTXSID9021633,Inconclusive,Inconclusive,Inactive,Inactive,Missing or unavailable data
DTXSID9021635,Inactive,Inactive,Inconclusive,Inactive,Missing or unavailable data
DTXSID9021637,Inconclusive,Inconclusive,Inactive,Inactive,Missing or unavailable data
DTXSID9021639,Inactive,Inactive,Inconclusive,Inactive,Missing or unavailable data
DTXSID9021683,Inconclusive,Inconclusive,Inconclusive,Inactive,Missing or unavailable data
DTXSID9021685,Inactive,Inconclusive,Inconclusive,Inactive,Missing or unavailable data
DTXSID9021689,Inconclusive,Inactive,Inactive,Inactive,Missing or unavailable data
DTXSID9021710,,,Inactive,Inactive,Missing or unavailable data
DTXSID9021716,Active,Active,Active,Inactive,Possible BLA viability interference
DTXSID9021718,Inconclusive,Inactive,Inactive,Inconclusive,Missing or unavailable data
DTXSID9021762,Active,Inconclusive,Inactive,Inactive,BLA active only
DTXSID9021764,Inconclusive,Inactive,Inconclusive,Inactive,Missing or unavailable data
DTXSID9021841,Inactive,Inactive,Inactive,Inactive,Inactive in both primary assays
DTXSID9021843,Inconclusive,Inactive,Inconclusive,Inactive,Missing or unavailable data
DTXSID9021847,Inconclusive,Inactive,Inactive,Inactive,Missing or unavailable data
DTXSID9021897,Inactive,Inactive,Inactive,Inactive,Inactive in both primary assays
DTXSID9021899,Inactive,Inactive,Inactive,Inactive,Inactive in both primary assays
DTXSID9021922,Inactive,Inactive,Inactive,Inactive,Inactive in both primary assays
DTXSID9021924,Inactive,Inconclusive,Inactive,Inactive,Inactive in both primary assays
DTXSID9021928,Inactive,Inactive,Inactive,Inactive,Inactive in both primary assays
DTXSID9021974,Inactive,Inactive,Inactive,Inactive,Inactive in both primary assays
DTXSID9021976,Inactive,Inactive,Inactive,Inactive,Inactive in both primary assays
DTXSID9021978,,,Inconclusive,Inactive,Missing or unavailable data
DTXSID9022027,Inactive,Inactive,Inconclusive,Inconclusive,Missing or unavailable data
DTXSID9022079,Active,Active,Active,Active,Possible BLA viability interference
DTXSID9022100,Inconclusive,Inactive,Inactive,Inactive,Missing or unavailable data
DTXSID9022104,,,Inactive,Inactive,Missing or unavailable data
DTXSID9022310,Active,Inconclusive,Inconclusive,Inactive,Missing or unavailable data
DTXSID9022312,Active,Inactive,Inactive,Inactive,BLA active only
DTXSID9022360,Active,Active,Active,Inactive,Possible BLA viability interference
DTXSID9022364,Inactive,Inactive,Inconclusive,Inactive,Missing or unavailable data
DTXSID9022366,Active,Inactive,Active,Inactive,Both primary assays active - no viability interference detected
DTXSID9022445,Active,Inactive,Active,Inactive,Both primary assays active - no viability interference detected
DTXSID9022520,Inactive,Inconclusive,Inactive,Inactive,Inactive in both primary assays
DTXSID9022522,Inactive,Inactive,Inactive,Inactive,Inactive in both primary assays
DTXSID9022524,Inconclusive,Inactive,Inconclusive,Inactive,Missing or unavailable data
DTXSID9022526,Inactive,Inconclusive,Inactive,Inconclusive,Inactive in both primary assays
DTXSID9022528,Inconclusive,Inconclusive,Inactive,Inactive,Missing or unavailable data
DTXSID9022574,Active,Inconclusive,,,Missing or unavailable data
DTXSID9022576,Active,Inactive,Active,Inconclusive,Missing or unavailable data
DTXSID9022578,Active,Inactive,,,Missing or unavailable data
DTXSID9022601,Inconclusive,Inactive,Inconclusive,Active,Missing or unavailable data
DTXSID9022603,Inactive,Inactive,Inactive,Inactive,Inactive in both primary assays
DTXSID9022607,Inactive,Inactive,Inconclusive,Inactive,Missing or unavailable data
DTXSID9022609,Active,Inconclusive,Inconclusive,Inactive,Missing or unavailable data
DTXSID9022655,Inactive,Inactive,Active,Inactive,MDA-kb2 active only
DTXSID9022657,,,Inactive,Inactive,Missing or unavailable data
DTXSID9022659,Inconclusive,Inactive,,,Missing or unavailable data
DTXSID9022730,Inconclusive,Inconclusive,Inactive,Inactive,Missing or unavailable data
DTXSID9022732,Inactive,Inactive,,,Missing or unavailable data
DTXSID9022734,Inconclusive,Inconclusive,Inactive,Inactive,Missing or unavailable data
DTXSID9022736,Inactive,Inactive,Inactive,Inactive,Inactive in both primary assays
DTXSID9022738,Inactive,Inconclusive,Inconclusive,Inactive,Missing or unavailable data
DTXSID9022780,Inactive,Inconclusive,Inactive,Inactive,Inactive in both primary assays
DTXSID9022782,Inconclusive,Inactive,,,Missing or unavailable data
DTXSID9022813,Inconclusive,Inconclusive,Inactive,Inactive,Missing or unavailable data
DTXSID9022815,Inactive,Inactive,,,Missing or unavailable data
DTXSID9022817,Inconclusive,Inactive,Inactive,Active,Missing or unavailable data
DTXSID9022861,Inactive,Inconclusive,,,Missing or unavailable data
DTXSID9022940,Inconclusive,Inactive,Inconclusive,Inactive,Missing or unavailable data
DTXSID9022944,Inactive,Inconclusive,Inactive,Inactive,Inactive in both primary assays
DTXSID9022946,Inconclusive,Inactive,,,Missing or unavailable data
DTXSID9022948,Inactive,Inactive,Inactive,Inactive,Inactive in both primary assays
DTXSID9022994,Inconclusive,Inactive,Inconclusive,Inactive,Missing or unavailable data
DTXSID9022998,Inactive,Inactive,,,Missing or unavailable data
DTXSID9023041,Inactive,Inactive,Inactive,Inconclusive,Inactive in both primary assays
DTXSID9023043,Inactive,Inactive,Inconclusive,Inactive,Missing or unavailable data
DTXSID9023049,Inactive,Inactive,,,Missing or unavailable data
DTXSID9023095,Inconclusive,Inactive,Inconclusive,Inconclusive,Missing or unavailable data
DTXSID9023097,Inconclusive,Inconclusive,,,Missing or unavailable data
DTXSID9023122,Inactive,Inactive,Inactive,Inactive,Inactive in both primary assays
DTXSID9023128,Active,Inactive,Active,Active,Possible MDA-kb2 viability interference
DTXSID9023170,Active,Inconclusive,Inconclusive,Inactive,Missing or unavailable data
DTXSID9023174,Inconclusive,Inconclusive,Inactive,Inconclusive,Missing or unavailable data
DTXSID9023176,Inactive,Inactive,,,Missing or unavailable data
DTXSID9023201,Inactive,Inactive,Inconclusive,Inactive,Missing or unavailable data
DTXSID9023205,Inconclusive,Inactive,Inactive,Inactive,Missing or unavailable data
DTXSID9023209,Inconclusive,Inconclusive,,,Missing or unavailable data
DTXSID9023255,Inactive,Inconclusive,Inconclusive,Inactive,Missing or unavailable data
DTXSID9023380,Inactive,Inactive,Inconclusive,Inactive,Missing or unavailable data
DTXSID9023386,Inactive,Inconclusive,Inactive,Inactive,Inactive in both primary assays
DTXSID9023388,Inactive,Inactive,Inactive,Inactive,Inactive in both primary assays
DTXSID9023411,Inactive,Inactive,Active,Inactive,MDA-kb2 active only
DTXSID9023413,Active,Active,,,Possible BLA viability interference
DTXSID9023415,Inactive,Inconclusive,,,Missing or unavailable data
DTXSID9023419,Inactive,Inconclusive,Inconclusive,Inactive,Missing or unavailable data
DTXSID9023463,Inconclusive,Inconclusive,,,Missing or unavailable data
DTXSID9023540,Inconclusive,Inconclusive,Inactive,Inconclusive,Missing or unavailable data
DTXSID9023542,Inconclusive,Inactive,Inconclusive,Inactive,Missing or unavailable data
DTXSID9023546,Inactive,Inactive,Inconclusive,Inactive,Missing or unavailable data
DTXSID9023548,Inactive,Inactive,Inactive,Inactive,Inactive in both primary assays
DTXSID9023590,Inconclusive,Inactive,Inconclusive,Inactive,Missing or unavailable data
DTXSID9023621,Inactive,Inactive,Inactive,Inactive,Inactive in both primary assays
DTXSID9023623,Inactive,Inconclusive,,,Missing or unavailable data
DTXSID9023629,Active,Inactive,,,Missing or unavailable data
DTXSID9023673,Active,Inactive,,,Missing or unavailable data
DTXSID9023677,Inactive,Inactive,Active,Inactive,MDA-kb2 active only
DTXSID9023679,Inactive,Inconclusive,Inconclusive,Inactive,Missing or unavailable data
DTXSID9023702,Inconclusive,Inactive,Inactive,Inactive,Missing or unavailable data
DTXSID9023706,Inactive,Inconclusive,Inconclusive,Inactive,Missing or unavailable data
DTXSID9023752,Inactive,Inactive,Inactive,Inactive,Inactive in both primary assays
DTXSID9023756,Inactive,Active,Active,Inactive,MDA-kb2 active only
DTXSID9023833,Inactive,Inconclusive,Inactive,Inactive,Inactive in both primary assays
DTXSID9023835,Active,Active,Active,Active,Possible BLA viability interference
DTXSID9023837,Inactive,Inactive,Inconclusive,Inactive,Missing or unavailable data
DTXSID9023881,Inactive,Inactive,Inconclusive,Inactive,Missing or unavailable data
DTXSID9023883,Inactive,Inactive,Active,Inactive,MDA-kb2 active only
DTXSID9023889,Inactive,Inactive,Inactive,Inactive,Inactive in both primary assays
DTXSID9023914,Inactive,Inactive,Inconclusive,Inactive,Missing or unavailable data
DTXSID9023966,Inactive,Inactive,Inconclusive,Inactive,Missing or unavailable data
DTXSID9024015,Inactive,Inactive,Inconclusive,Inactive,Missing or unavailable data
DTXSID9024063,Inactive,Inactive,Inconclusive,Inactive,Missing or unavailable data
DTXSID9024065,Inactive,Inactive,Inactive,Inactive,Inactive in both primary assays
DTXSID9024194,Inconclusive,Inactive,Inconclusive,Inactive,Missing or unavailable data
DTXSID9024300,Inconclusive,Inactive,Active,Active,Possible MDA-kb2 viability interference
DTXSID9024304,Inactive,Inactive,Inactive,Inactive,Inactive in both primary assays
DTXSID9024431,Inconclusive,Inactive,Inconclusive,Inactive,Missing or unavailable data
DTXSID9024437,Inconclusive,Inconclusive,Inactive,Inactive,Missing or unavailable data
DTXSID9024481,Inactive,Inactive,Inconclusive,Inactive,Missing or unavailable data
DTXSID9024483,Inactive,Inactive,Active,Active,Possible MDA-kb2 viability interference
DTXSID9024485,Inconclusive,Inconclusive,Inconclusive,Inactive,Missing or unavailable data
DTXSID9024487,Inactive,Inactive,Inactive,Inactive,Inactive in both primary assays
DTXSID9024489,Inactive,Inactive,Inactive,Inactive,Inactive in both primary assays
DTXSID9024512,Inconclusive,Inconclusive,Inactive,Inactive,Missing or unavailable data
DTXSID9024568,Inactive,Inactive,Inconclusive,Inactive,Missing or unavailable data
DTXSID9024641,Inactive,Inactive,Inactive,Inactive,Inactive in both primary assays
DTXSID9024691,Inactive,Inconclusive,Inactive,Inactive,Inactive in both primary assays
DTXSID9024699,Inconclusive,Inconclusive,Inactive,Inactive,Missing or unavailable data
DTXSID9024724,Inactive,Inactive,Inactive,Inactive,Inactive in both primary assays
DTXSID9024726,Inconclusive,Inconclusive,Inconclusive,Inactive,Missing or unavailable data
DTXSID9024770,Inconclusive,Inconclusive,Inactive,Inactive,Missing or unavailable data
DTXSID9024772,Inactive,Inactive,Inactive,Inactive,Inactive in both primary assays
DTXSID9024774,Inactive,Inactive,Inactive,Inactive,Inactive in both primary assays
DTXSID9024809,,,Inactive,Inactive,Missing or unavailable data
DTXSID9024853,Inconclusive,Inconclusive,Inactive,Inactive,Missing or unavailable data
DTXSID9024855,Inactive,Inconclusive,Inconclusive,Inactive,Missing or unavailable data
DTXSID9024930,Inconclusive,Inactive,Inconclusive,Inactive,Missing or unavailable data
DTXSID9024934,Active,Inactive,Inactive,Inactive,BLA active only
DTXSID9024980,Inactive,Inactive,Inconclusive,Inactive,Missing or unavailable data
DTXSID9024986,Active,Inactive,Active,Inactive,Both primary assays active - no viability interference detected
DTXSID9025035,Inconclusive,Inactive,Active,Inactive,Missing or unavailable data
DTXSID9025037,Inconclusive,Inconclusive,Active,Inactive,Missing or unavailable data
DTXSID9025085,Inactive,Inconclusive,Inactive,Inactive,Inactive in both primary assays
DTXSID9025087,Inactive,Inactive,Inactive,Inactive,Inactive in both primary assays
DTXSID9025110,Inactive,Inconclusive,Inactive,Inactive,Inactive in both primary assays
DTXSID9025112,Inactive,Inactive,Inactive,Inactive,Inactive in both primary assays
DTXSID9025114,Active,Active,Active,Active,Possible BLA viability interference
DTXSID9025164,Inactive,Inactive,Active,Inactive,MDA-kb2 active only
DTXSID9025166,Active,Inactive,Active,Inactive,Both primary assays active - no viability interference detected
DTXSID9025243,Inconclusive,Inconclusive,Inactive,Inactive,Missing or unavailable data
DTXSID9025245,Inactive,Inactive,Inconclusive,Inactive,Missing or unavailable data
DTXSID9025249,Inconclusive,Inactive,Inconclusive,Inactive,Missing or unavailable data
DTXSID9025291,Inactive,Inactive,Inconclusive,Inactive,Missing or unavailable data
DTXSID9025293,Inconclusive,Inactive,Inconclusive,Inactive,Missing or unavailable data
DTXSID9025297,Inactive,Inconclusive,Inconclusive,Inactive,Missing or unavailable data
DTXSID9025299,Inactive,Inactive,Active,Inactive,MDA-kb2 active only
DTXSID9025324,Inactive,Inactive,,,Missing or unavailable data
DTXSID9025326,Inactive,Inactive,Inactive,Inactive,Inactive in both primary assays
DTXSID9025328,Active,Inconclusive,Inconclusive,Inconclusive,Missing or unavailable data
DTXSID9025370,Inconclusive,Inactive,Active,Inconclusive,Missing or unavailable data
DTXSID9025401,Active,Active,Active,Inactive,Possible BLA viability interference
DTXSID9025403,Inconclusive,Inactive,Inactive,Inactive,Missing or unavailable data
DTXSID9025409,Inconclusive,Inactive,Inactive,Inactive,Missing or unavailable data
DTXSID9025451,Inactive,Inactive,Inactive,Inactive,Inactive in both primary assays
DTXSID9025453,Inactive,Inactive,Inactive,Inactive,Inactive in both primary assays
DTXSID9025455,Inactive,Inconclusive,Inactive,Inactive,Inactive in both primary assays
DTXSID9025534,Inactive,Inconclusive,Inactive,Inactive,Inactive in both primary assays
DTXSID9025536,Inconclusive,Inactive,Inactive,Inactive,Missing or unavailable data
DTXSID9025538,Inconclusive,Active,Inconclusive,Inactive,Missing or unavailable data
DTXSID9025580,Inactive,Inactive,Inactive,Inactive,Inactive in both primary assays
DTXSID9025588,Inactive,Inactive,Inconclusive,Inactive,Missing or unavailable data
DTXSID9025611,Inconclusive,Inconclusive,Inconclusive,Inactive,Missing or unavailable data
DTXSID9025617,Inactive,Inconclusive,Inactive,Inactive,Inactive in both primary assays
DTXSID9025661,Inconclusive,Inconclusive,Inconclusive,Inactive,Missing or unavailable data
DTXSID9025665,Inactive,Inactive,Inconclusive,Inactive,Missing or unavailable data
DTXSID9025740,Inconclusive,Inactive,Inconclusive,Inactive,Missing or unavailable data
DTXSID9025742,Inactive,Inconclusive,Inactive,Inactive,Inactive in both primary assays
DTXSID9025744,Active,Inactive,Active,Active,Possible MDA-kb2 viability interference
DTXSID9025746,Inconclusive,Inconclusive,Inactive,Inactive,Missing or unavailable data
DTXSID9025794,Inconclusive,Inactive,Inactive,Inactive,Missing or unavailable data
DTXSID9025796,Inconclusive,Inactive,Inactive,Inactive,Missing or unavailable data
DTXSID9025825,Inactive,Inactive,Active,Active,Possible MDA-kb2 viability interference
DTXSID9025873,Inactive,Inactive,Inconclusive,Inactive,Missing or unavailable data
DTXSID9025879,Inactive,Inactive,Inactive,Inactive,Inactive in both primary assays
DTXSID9026051,Inactive,Inactive,Inconclusive,Inactive,Missing or unavailable data
DTXSID9026053,Inconclusive,Inactive,,,Missing or unavailable data
DTXSID9026059,Inactive,Inactive,Inactive,Inactive,Inactive in both primary assays
DTXSID9026130,Inactive,Inactive,Inconclusive,Inactive,Missing or unavailable data
DTXSID9026132,Inactive,Inactive,Inactive,Inactive,Inactive in both primary assays
DTXSID9026219,Active,Inactive,Active,Inactive,Both primary assays active - no viability interference detected
DTXSID9026261,Active,Inactive,Active,Inactive,Both primary assays active - no viability interference detected
DTXSID9026265,Active,Inactive,Inactive,Inactive,BLA active only
DTXSID9026267,Inactive,Inactive,Inactive,Inactive,Inactive in both primary assays
DTXSID9026342,Inactive,Inactive,Inconclusive,Inactive,Missing or unavailable data
DTXSID9026423,Inactive,Inactive,Inconclusive,Inactive,Missing or unavailable data
DTXSID9026500,Inactive,Inactive,Inactive,Inactive,Inactive in both primary assays
DTXSID9026558,Inconclusive,Inactive,Inconclusive,Inactive,Missing or unavailable data
DTXSID9026631,Inactive,Inactive,Inconclusive,Inactive,Missing or unavailable data
DTXSID9026633,Inconclusive,Inactive,Inactive,Inactive,Missing or unavailable data
DTXSID9026689,Inactive,Inactive,Inactive,Inactive,Inactive in both primary assays
DTXSID9026710,Inconclusive,Inconclusive,Inactive,Inactive,Missing or unavailable data
DTXSID9026712,Inconclusive,Inactive,Inconclusive,Inconclusive,Missing or unavailable data
DTXSID9026714,Inactive,Inconclusive,Inactive,Inactive,Inactive in both primary assays
DTXSID9026716,Inconclusive,Inactive,Inactive,Inconclusive,Missing or unavailable data
DTXSID9026718,Inactive,Inactive,Inconclusive,Inactive,Missing or unavailable data
DTXSID9026766,Inconclusive,Inconclusive,Inconclusive,Inactive,Missing or unavailable data
DTXSID9026841,Inactive,Inactive,Inconclusive,Inactive,Missing or unavailable data
DTXSID9026849,Inconclusive,Inconclusive,Inactive,Inactive,Missing or unavailable data
DTXSID9026899,Inconclusive,Inconclusive,Inconclusive,Inactive,Missing or unavailable data
DTXSID9026922,Inconclusive,Inconclusive,Inactive,Inactive,Missing or unavailable data
DTXSID9026924,Inconclusive,Inactive,Inactive,Inactive,Missing or unavailable data
DTXSID9026926,Inactive,Inconclusive,Inactive,Inconclusive,Inactive in both primary assays
DTXSID9026974,Active,Active,Active,Active,Possible BLA viability interference
DTXSID9027021,Inactive,Inactive,Inconclusive,Inactive,Missing or unavailable data
DTXSID9027104,Inactive,Inconclusive,Inconclusive,Inactive,Missing or unavailable data
DTXSID9027158,Inconclusive,Inconclusive,Inactive,Inactive,Missing or unavailable data
DTXSID9027233,Inactive,Inactive,Inconclusive,Inactive,Missing or unavailable data
DTXSID9027239,Inactive,Active,Inactive,Active,Inactive in both primary assays
DTXSID9027281,Inconclusive,Inactive,Inconclusive,Inactive,Missing or unavailable data
DTXSID9027310,Inconclusive,Inconclusive,Inactive,Inactive,Missing or unavailable data
DTXSID9027312,Inactive,Inconclusive,Inactive,Inactive,Inactive in both primary assays
DTXSID9027314,Inconclusive,Inconclusive,Inactive,Inactive,Missing or unavailable data
DTXSID9027360,Inconclusive,Inactive,Inactive,Inactive,Missing or unavailable data
DTXSID9027364,Inconclusive,Inactive,Inactive,Inactive,Missing or unavailable data
DTXSID9027368,Inactive,Inactive,Inconclusive,Inactive,Missing or unavailable data
DTXSID9027441,Inactive,Inactive,Inactive,Inconclusive,Inactive in both primary assays
DTXSID9027443,Inconclusive,Inconclusive,Inconclusive,Inactive,Missing or unavailable data
DTXSID9027449,Inconclusive,Inconclusive,Inconclusive,Inactive,Missing or unavailable data
DTXSID9027520,Inconclusive,Inactive,Inconclusive,Inactive,Missing or unavailable data
DTXSID9027522,Inactive,Inconclusive,Inactive,Inactive,Inactive in both primary assays
DTXSID9027528,Inconclusive,Inactive,Inconclusive,Inactive,Missing or unavailable data
DTXSID9027570,Inconclusive,Inconclusive,Inactive,Inactive,Missing or unavailable data
DTXSID9027603,Inactive,Inactive,Inconclusive,Inactive,Missing or unavailable data
DTXSID9027653,Inactive,Inconclusive,Active,Active,Possible MDA-kb2 viability interference
DTXSID9027738,Inconclusive,Inactive,Inactive,Inactive,Missing or unavailable data
DTXSID9027863,Inactive,Inconclusive,Inactive,Inactive,Inactive in both primary assays
DTXSID9027948,Inactive,Inactive,Inconclusive,Inactive,Missing or unavailable data
DTXSID9028120,Inconclusive,Inactive,Inactive,Inactive,Missing or unavailable data
DTXSID9029017,Inactive,Inactive,Inconclusive,Inactive,Missing or unavailable data
DTXSID9029061,Inconclusive,Inactive,Inactive,Inactive,Missing or unavailable data
DTXSID9029146,Inactive,Inconclusive,Inactive,Inactive,Inactive in both primary assays
DTXSID9029192,Inconclusive,Inconclusive,Inconclusive,Inactive,Missing or unavailable data
DTXSID9029194,Inactive,Inconclusive,Inactive,Inactive,Inactive in both primary assays
DTXSID9029221,Inconclusive,Inactive,Inactive,Inactive,Missing or unavailable data
DTXSID9029223,Inactive,Inconclusive,Inactive,Inconclusive,Inactive in both primary assays
DTXSID9029225,,,Inactive,Inactive,Missing or unavailable data
DTXSID9029275,Inconclusive,Inconclusive,Inactive,Inactive,Missing or unavailable data
DTXSID9029277,Inactive,Inactive,Inconclusive,Inactive,Missing or unavailable data
DTXSID9029279,Inactive,Inactive,Inactive,Inactive,Inactive in both primary assays
DTXSID9029300,Inactive,Inactive,Inconclusive,Inactive,Missing or unavailable data
DTXSID9029302,Inactive,Inactive,Inconclusive,Inactive,Missing or unavailable data
DTXSID9029304,Inconclusive,Inconclusive,Inconclusive,Inactive,Missing or unavailable data
DTXSID9029649,Active,Inactive,Inactive,Inactive,BLA active only
DTXSID9029691,Inactive,Inconclusive,Inconclusive,Inactive,Missing or unavailable data
DTXSID9029695,Inconclusive,Inactive,Inactive,Inactive,Missing or unavailable data
DTXSID9030048,Inconclusive,Inactive,Active,Inactive,Missing or unavailable data
DTXSID9030258,Inactive,Inactive,Inactive,Inactive,Inactive in both primary assays
DTXSID9030707,Inactive,Active,Active,Active,Possible MDA-kb2 viability interference
DTXSID9031800,Active,Inactive,Inconclusive,Inactive,Missing or unavailable data
DTXSID9032113,Active,Active,Active,Inactive,Possible BLA viability interference
DTXSID9032327,Inconclusive,Inactive,Inactive,Inactive,Missing or unavailable data
DTXSID9032329,Active,Active,Active,Inactive,Possible BLA viability interference
DTXSID9032375,Inactive,Inactive,Inconclusive,Inactive,Missing or unavailable data
DTXSID9032379,Active,Inactive,Active,Inactive,Both primary assays active - no viability interference detected
DTXSID9032406,Inactive,Inactive,Inactive,Inactive,Inactive in both primary assays
DTXSID9032531,Active,Inactive,Active,Inactive,Both primary assays active - no viability interference detected
DTXSID9032533,Active,Active,Active,Active,Possible BLA viability interference
DTXSID9032535,Inactive,Inconclusive,Inactive,Inactive,Inactive in both primary assays
DTXSID9032537,Active,Active,Active,Active,Possible BLA viability interference
DTXSID9032581,Active,Active,Active,Active,Possible BLA viability interference
DTXSID9032589,Active,Inactive,Inconclusive,Inactive,Missing or unavailable data
DTXSID9032610,Inactive,Inactive,Inactive,Inactive,Inactive in both primary assays
DTXSID9032614,Inactive,Inactive,Inactive,Inactive,Inactive in both primary assays
DTXSID9032878,Inactive,Inconclusive,Inconclusive,Inactive,Missing or unavailable data
DTXSID9033008,Inactive,Inactive,Inactive,Inactive,Inactive in both primary assays
DTXSID9033058,Inconclusive,Inactive,Inactive,Inactive,Missing or unavailable data
DTXSID9033187,Inactive,Inactive,Inactive,Inactive,Inactive in both primary assays
DTXSID9033264,Inactive,Inactive,Inactive,Inactive,Inactive in both primary assays
DTXSID9033896,Inactive,Inactive,Inactive,Inconclusive,Inactive in both primary assays
DTXSID9033923,Active,Inactive,Active,Inactive,Both primary assays active - no viability interference detected
DTXSID9033979,Inactive,Inactive,Inconclusive,Inactive,Missing or unavailable data
DTXSID9034070,Inactive,Inactive,Inconclusive,Inactive,Missing or unavailable data
DTXSID9034232,Inactive,Inconclusive,Inactive,Inactive,Inactive in both primary assays
DTXSID9034282,Inconclusive,Inactive,Inconclusive,Inactive,Missing or unavailable data
DTXSID9034286,Inconclusive,Inconclusive,Inactive,Inactive,Missing or unavailable data
DTXSID9034317,Active,Active,Active,Active,Possible BLA viability interference
DTXSID9034361,Inconclusive,Inconclusive,Inactive,Inactive,Missing or unavailable data
DTXSID9034365,Active,Inactive,Inactive,Inactive,BLA active only
DTXSID9034490,Inactive,Inactive,Inactive,Inactive,Inactive in both primary assays
DTXSID9034492,Active,Active,Active,Active,Possible BLA viability interference
DTXSID9034816,Inactive,Inconclusive,Inactive,Inactive,Inactive in both primary assays
DTXSID9034818,Active,Inactive,Active,Inactive,Both primary assays active - no viability interference detected
DTXSID9034864,Inactive,Inconclusive,Inconclusive,Inactive,Missing or unavailable data
DTXSID9034997,Active,Active,Active,Active,Possible BLA viability interference
DTXSID9035175,Inactive,Inactive,Inactive,Inactive,Inactive in both primary assays
DTXSID9035204,Active,Active,Active,Active,Possible BLA viability interference
DTXSID9035206,Inconclusive,Inconclusive,Inconclusive,Inactive,Missing or unavailable data
DTXSID9035620,Inactive,Inactive,Inactive,Inactive,Inactive in both primary assays
DTXSID9035753,Inactive,Inactive,Inactive,Inactive,Inactive in both primary assays
DTXSID9036226,Inconclusive,Inactive,Inactive,Inactive,Missing or unavailable data
DTXSID9036438,Inactive,Inactive,Inactive,Inactive,Inactive in both primary assays
DTXSID9036515,Inconclusive,Inactive,Inconclusive,Inactive,Missing or unavailable data
DTXSID9036646,Inactive,Inactive,Inactive,Inactive,Inactive in both primary assays
DTXSID9036690,Inconclusive,Inconclusive,Inactive,Inactive,Missing or unavailable data
DTXSID9036933,Inconclusive,Inactive,Inactive,Inactive,Missing or unavailable data
DTXSID9037038,Active,Active,Active,Active,Possible BLA viability interference
DTXSID9037246,Inconclusive,Inactive,Inconclusive,Inactive,Missing or unavailable data
DTXSID9037248,Inactive,Inactive,Inactive,Inactive,Inactive in both primary assays
DTXSID9037535,,,Inactive,Inactive,Missing or unavailable data
DTXSID9037539,Active,Inactive,Active,Inactive,Both primary assays active - no viability interference detected
DTXSID9037612,Inactive,Inactive,Inactive,Inactive,Inactive in both primary assays
DTXSID9037616,,,Inconclusive,Inactive,Missing or unavailable data
DTXSID9037741,Inactive,Inactive,Inactive,Inactive,Inactive in both primary assays
DTXSID9037745,Inconclusive,Inactive,Inconclusive,Inactive,Missing or unavailable data
DTXSID9037749,Active,Active,Active,Active,Possible BLA viability interference
DTXSID9038686,Inactive,Inactive,Inconclusive,Inactive,Missing or unavailable data
DTXSID9039232,Inactive,Inactive,Inconclusive,Inactive,Missing or unavailable data
DTXSID9039238,Inactive,Inactive,Active,Inactive,MDA-kb2 active only
DTXSID9040001,Inconclusive,Inactive,Inconclusive,Inconclusive,Missing or unavailable data
DTXSID9040130,Inconclusive,Inactive,Inconclusive,Inactive,Missing or unavailable data
DTXSID9040134,Inconclusive,Inconclusive,Inactive,Inactive,Missing or unavailable data
DTXSID9040215,,,Inconclusive,Inactive,Missing or unavailable data
DTXSID9040265,Active,Active,Active,Inactive,Possible BLA viability interference
DTXSID9040269,Active,Active,Active,Active,Possible BLA viability interference
DTXSID9040342,Inactive,Inconclusive,Inactive,Inactive,Inactive in both primary assays
DTXSID9040502,Active,Inactive,Active,Inactive,Both primary assays active - no viability interference detected
DTXSID9040554,Inactive,Inactive,Inconclusive,Inactive,Missing or unavailable data
DTXSID9040635,Inactive,Inconclusive,Inactive,Inactive,Inactive in both primary assays
DTXSID9040683,Active,Inconclusive,Inconclusive,Inactive,Missing or unavailable data
DTXSID9040685,Inactive,Inactive,Inconclusive,Inactive,Missing or unavailable data
DTXSID9040687,Inactive,Inactive,Inconclusive,Inactive,Missing or unavailable data
DTXSID9040710,Inactive,Inconclusive,Inconclusive,Inactive,Missing or unavailable data
DTXSID9040712,Active,Active,Active,Active,Possible BLA viability interference
DTXSID9040714,Inconclusive,Inconclusive,Inconclusive,Inactive,Missing or unavailable data
DTXSID9040716,Inactive,Inactive,Inactive,Inactive,Inactive in both primary assays
DTXSID9040718,Inactive,Inactive,Inactive,Inactive,Inactive in both primary assays
DTXSID9040760,Active,Active,Inactive,Inactive,Possible BLA viability interference
DTXSID9041021,Inconclusive,Inconclusive,,,Missing or unavailable data
DTXSID9041023,Inconclusive,Inconclusive,,,Missing or unavailable data
DTXSID9041075,Active,Inactive,Inactive,Inactive,BLA active only
DTXSID9041104,Inactive,Inactive,,,Missing or unavailable data
DTXSID9041152,Inconclusive,Inactive,Inactive,Inactive,Missing or unavailable data
DTXSID9041233,,,Inactive,Inactive,Missing or unavailable data
DTXSID9041237,Inactive,Inactive,Inactive,Inactive,Inactive in both primary assays
DTXSID9041289,Active,Active,Active,Active,Possible BLA viability interference
DTXSID9041362,Inactive,Inactive,Inactive,Inactive,Inactive in both primary assays
DTXSID9041366,Inactive,Inactive,Inactive,Inactive,Inactive in both primary assays
DTXSID9041368,Inactive,Inconclusive,Inconclusive,Inactive,Missing or unavailable data
DTXSID9041441,Inconclusive,Inconclusive,Inconclusive,Inactive,Missing or unavailable data
DTXSID9041491,Inactive,Inactive,Inactive,Inactive,Inactive in both primary assays
DTXSID9041520,,,Inconclusive,Inactive,Missing or unavailable data
DTXSID9041524,Active,Active,Active,Inactive,Possible BLA viability interference
DTXSID9041528,Inconclusive,Inconclusive,Inactive,Inactive,Missing or unavailable data
DTXSID9041570,,,Inconclusive,Inactive,Missing or unavailable data
DTXSID9041607,Inactive,Inactive,Inactive,Inactive,Inactive in both primary assays
DTXSID9041653,Inactive,Inactive,Active,Inactive,MDA-kb2 active only
DTXSID9041659,Inconclusive,Inactive,Inactive,Inactive,Missing or unavailable data
DTXSID9041813,Inactive,Inactive,Inconclusive,Inactive,Missing or unavailable data
DTXSID9041815,Inconclusive,Inactive,Inactive,Inactive,Missing or unavailable data
DTXSID9041861,Inconclusive,Inconclusive,Inactive,Inactive,Missing or unavailable data
DTXSID9042097,Inconclusive,Inactive,Inactive,Inactive,Missing or unavailable data
DTXSID9042124,Active,Active,Active,Active,Possible BLA viability interference
DTXSID9042170,Inconclusive,Inconclusive,Inactive,Inactive,Missing or unavailable data
DTXSID9042203,Active,Inactive,Inactive,Inactive,BLA active only
DTXSID9042209,Inconclusive,Inconclusive,Inactive,Inactive,Missing or unavailable data
DTXSID9042259,Inactive,Inactive,Active,Inactive,MDA-kb2 active only
DTXSID9042336,,,Inactive,Inactive,Missing or unavailable data
DTXSID9042338,Inactive,Inconclusive,Inactive,Inactive,Inactive in both primary assays
DTXSID9042382,Inactive,Inactive,Inactive,Inactive,Inactive in both primary assays
DTXSID9042415,Inactive,Inactive,Inconclusive,Inactive,Missing or unavailable data
DTXSID9042465,Inconclusive,Inconclusive,,,Missing or unavailable data
DTXSID9042592,Inactive,Inactive,Inactive,Inactive,Inactive in both primary assays
DTXSID9042594,Inactive,Inactive,Active,Inactive,MDA-kb2 active only
DTXSID9043853,Active,Inactive,Inconclusive,Inactive,Missing or unavailable data
DTXSID9043855,,,Inactive,Active,Missing or unavailable data
DTXSID9043938,Inconclusive,Inconclusive,Inconclusive,Inactive,Missing or unavailable data
DTXSID9043988,Active,Inactive,,,Missing or unavailable data
DTXSID9044112,Active,Inactive,Inactive,Inactive,BLA active only
DTXSID9044164,,,Active,Inactive,Missing or unavailable data
DTXSID9044241,Inconclusive,Inactive,Inconclusive,Inactive,Missing or unavailable data
DTXSID9044247,Inactive,Inactive,Inactive,Inactive,Inactive in both primary assays
DTXSID9044299,,,Inactive,Inconclusive,Missing or unavailable data
DTXSID9044320,Inactive,Inactive,Inactive,Inactive,Inactive in both primary assays
DTXSID9044322,Inactive,Active,Inactive,Inactive,Inactive in both primary assays
DTXSID9044328,Inconclusive,Inactive,,,Missing or unavailable data
DTXSID9044370,Inconclusive,Inactive,Inactive,Inactive,Missing or unavailable data
DTXSID9044372,,,Inconclusive,Inactive,Missing or unavailable data
DTXSID9044374,Inactive,Inactive,Inconclusive,Inactive,Missing or unavailable data
DTXSID9044378,Inactive,Inconclusive,Inactive,Inactive,Inactive in both primary assays
DTXSID9044401,Inactive,Inconclusive,Inactive,Inactive,Inactive in both primary assays
DTXSID9044403,,,Inconclusive,Inactive,Missing or unavailable data
DTXSID9044405,Inactive,Inconclusive,Inactive,Inactive,Inactive in both primary assays
DTXSID9044407,Inactive,Inactive,Inactive,Inactive,Inactive in both primary assays
DTXSID9044409,Inactive,Inconclusive,Inconclusive,Inactive,Missing or unavailable data
DTXSID9044451,Inactive,Inactive,Inactive,Inactive,Inactive in both primary assays
DTXSID9044455,Inactive,Inconclusive,Inactive,Inactive,Inactive in both primary assays
DTXSID9044457,Inconclusive,Inactive,Inconclusive,Inactive,Missing or unavailable data
DTXSID9044459,Inactive,Active,Active,Active,Possible MDA-kb2 viability interference
DTXSID9044532,Inactive,Inactive,Inactive,Inactive,Inactive in both primary assays
DTXSID9044534,Inactive,Inconclusive,Inactive,Inactive,Inactive in both primary assays
DTXSID9044536,Inactive,Inactive,Inactive,Inactive,Inactive in both primary assays
DTXSID9044538,Active,Active,Active,Active,Possible BLA viability interference
DTXSID9044580,Inactive,Inconclusive,Inactive,Inactive,Inactive in both primary assays
DTXSID9044582,Inactive,Inactive,Inactive,Inactive,Inactive in both primary assays
DTXSID9044584,Inactive,Inactive,Inconclusive,Inactive,Missing or unavailable data
DTXSID9044588,Inactive,Inactive,Inactive,Inactive,Inactive in both primary assays
DTXSID9044611,,,Inactive,Inconclusive,Missing or unavailable data
DTXSID9044613,Inconclusive,Inactive,Inactive,Inactive,Missing or unavailable data
DTXSID9044615,Inconclusive,Inconclusive,Active,Inactive,Missing or unavailable data
DTXSID9044617,Inactive,Inactive,Inconclusive,Inactive,Missing or unavailable data
DTXSID9044619,Inconclusive,Inactive,Inactive,Inactive,Missing or unavailable data
DTXSID9044661,,,Inconclusive,Inactive,Missing or unavailable data
DTXSID9044663,Inconclusive,Inconclusive,Inactive,Active,Missing or unavailable data
DTXSID9044667,Inactive,Inactive,Inconclusive,Inactive,Missing or unavailable data
DTXSID9044740,Inconclusive,Inactive,Inactive,Inactive,Missing or unavailable data
DTXSID9044742,Inconclusive,Inactive,Inactive,Inactive,Missing or unavailable data
DTXSID9044744,Inconclusive,Inconclusive,Inactive,Inactive,Missing or unavailable data
DTXSID9044746,Inactive,Inactive,Inconclusive,Inactive,Missing or unavailable data
DTXSID9044748,Inactive,Inactive,Inactive,Inactive,Inactive in both primary assays
DTXSID9044790,Active,Inactive,Active,Inactive,Both primary assays active - no viability interference detected
DTXSID9044794,Inconclusive,Inactive,Inconclusive,Inactive,Missing or unavailable data
DTXSID9044796,Active,Active,Active,Active,Possible BLA viability interference
DTXSID9044798,Active,Active,Inactive,Inactive,Possible BLA viability interference
DTXSID9044821,Active,Inactive,Active,Inactive,Both primary assays active - no viability interference detected
DTXSID9044823,Inconclusive,Inconclusive,Inconclusive,Inconclusive,Missing or unavailable data
DTXSID9044825,Inactive,Inactive,Inactive,Inactive,Inactive in both primary assays
DTXSID9044827,Inconclusive,Inactive,Inactive,Inactive,Missing or unavailable data
DTXSID9044829,Inconclusive,Inconclusive,Active,Inconclusive,Missing or unavailable data
DTXSID9044871,Inactive,Inactive,Inactive,Inactive,Inactive in both primary assays
DTXSID9044873,Inactive,Inactive,Inactive,Inactive,Inactive in both primary assays
DTXSID9044875,Inactive,Inconclusive,Inconclusive,Inactive,Missing or unavailable data
DTXSID9044877,Inconclusive,Inconclusive,Inactive,Inactive,Missing or unavailable data
DTXSID9044879,Inconclusive,Inactive,Inactive,Inactive,Missing or unavailable data
DTXSID9044900,Inactive,Inactive,Inactive,Inactive,Inactive in both primary assays
DTXSID9044902,Inactive,Inactive,Inactive,Inactive,Inactive in both primary assays
DTXSID9044904,Inconclusive,Inactive,Inactive,Inactive,Missing or unavailable data
DTXSID9044908,Inconclusive,Inactive,Inactive,Inactive,Missing or unavailable data
DTXSID9044950,Active,Inactive,Inactive,Inactive,BLA active only
DTXSID9044958,Inactive,Inactive,Inactive,Inconclusive,Inactive in both primary assays
DTXSID9045003,Inactive,Inconclusive,Inconclusive,Inactive,Missing or unavailable data
DTXSID9045005,Inconclusive,Inactive,Inactive,Inactive,Missing or unavailable data
DTXSID9045007,Inactive,Inactive,Inactive,Inactive,Inactive in both primary assays
DTXSID9045053,Inconclusive,Inconclusive,Inconclusive,Inconclusive,Missing or unavailable data
DTXSID9045132,Inactive,Inactive,Active,Inactive,MDA-kb2 active only
DTXSID9045136,Inactive,Inactive,Active,Inactive,MDA-kb2 active only
DTXSID9045138,Inactive,Inactive,Inactive,Inactive,Inactive in both primary assays
DTXSID9045180,Inconclusive,Inconclusive,,,Missing or unavailable data
DTXSID9045182,Inconclusive,Inactive,Inactive,Inactive,Missing or unavailable data
DTXSID9045184,Inactive,Inactive,Inactive,Inactive,Inactive in both primary assays
DTXSID9045186,Inactive,Inconclusive,,,Missing or unavailable data
DTXSID9045188,Inconclusive,Inactive,Inconclusive,Inconclusive,Missing or unavailable data
DTXSID9045215,Inconclusive,Inactive,Inactive,Inactive,Missing or unavailable data
DTXSID9045217,Inactive,Inconclusive,Inconclusive,Inconclusive,Missing or unavailable data
DTXSID9045265,Inactive,Inactive,Inconclusive,Inactive,Missing or unavailable data
DTXSID9045267,Inactive,Inactive,Inconclusive,Inactive,Missing or unavailable data
DTXSID9045342,Inconclusive,Inconclusive,Inactive,Inactive,Missing or unavailable data
DTXSID9045344,Inactive,Inactive,,,Missing or unavailable data
DTXSID9045346,Inactive,Inactive,Inactive,Inconclusive,Inactive in both primary assays
DTXSID9045348,Inactive,Inactive,Inactive,Inactive,Inactive in both primary assays
DTXSID9045390,Inconclusive,Inactive,Inactive,Inactive,Missing or unavailable data
DTXSID9045392,Inactive,Inactive,Inactive,Inactive,Inactive in both primary assays
DTXSID9045394,Inconclusive,Inconclusive,Inconclusive,Inactive,Missing or unavailable data
DTXSID9045398,Inactive,Inactive,,,Missing or unavailable data
DTXSID9045425,Active,Inactive,Inactive,Inactive,BLA active only
DTXSID9045429,Inconclusive,Inactive,Inactive,Inactive,Missing or unavailable data
DTXSID9045479,Inconclusive,Inconclusive,,,Missing or unavailable data
DTXSID9045500,Inactive,Inactive,Inactive,Inactive,Inactive in both primary assays
DTXSID9045502,Active,Inactive,,,Missing or unavailable data
DTXSID9045506,Inconclusive,Inconclusive,Inconclusive,Inactive,Missing or unavailable data
DTXSID9045508,Inconclusive,Inactive,Inconclusive,Inactive,Missing or unavailable data
DTXSID9045550,Inactive,Inactive,,,Missing or unavailable data
DTXSID9045552,Inactive,Inactive,,,Missing or unavailable data
DTXSID9045556,Inconclusive,Inactive,Inactive,Inactive,Missing or unavailable data
DTXSID9045558,Inconclusive,Inactive,Active,Inactive,Missing or unavailable data
DTXSID9045631,Active,Inactive,Active,Inactive,Both primary assays active - no viability interference detected
DTXSID9045633,Active,Inactive,Inconclusive,Inactive,Missing or unavailable data
DTXSID9045635,Inconclusive,Active,Active,Active,Possible MDA-kb2 viability interference
DTXSID9045637,Inactive,Inactive,,,Missing or unavailable data
DTXSID9045639,Inactive,Inactive,,,Missing or unavailable data
DTXSID9045683,Inconclusive,Inconclusive,Inactive,Inactive,Missing or unavailable data
DTXSID9045685,Inactive,Inconclusive,Inactive,Inactive,Inactive in both primary assays
DTXSID9045687,Inactive,Inactive,Inconclusive,Inactive,Missing or unavailable data
DTXSID9045689,Inconclusive,Inactive,,,Missing or unavailable data
DTXSID9045710,Inconclusive,Inconclusive,Inactive,Inactive,Missing or unavailable data
DTXSID9045762,Inconclusive,Inactive,Inactive,Inactive,Missing or unavailable data
DTXSID9045764,Inconclusive,Inactive,,,Missing or unavailable data
DTXSID9045766,Inactive,Inactive,,,Missing or unavailable data
DTXSID9045768,Inactive,Inactive,Inactive,Inactive,Inactive in both primary assays
DTXSID9045843,Inconclusive,Inconclusive,Inconclusive,Inactive,Missing or unavailable data
DTXSID9045845,Inactive,Inconclusive,Inconclusive,Inactive,Missing or unavailable data
DTXSID9045847,Inactive,Inactive,Inconclusive,Inactive,Missing or unavailable data
DTXSID9045849,Inactive,Inconclusive,Inactive,Inactive,Inactive in both primary assays
DTXSID9045891,Inactive,Inconclusive,Inactive,Inconclusive,Inactive in both primary assays
DTXSID9045895,Active,Active,,,Possible BLA viability interference
DTXSID9045897,Inconclusive,Inconclusive,Inactive,Inactive,Missing or unavailable data
DTXSID9045899,Active,Inactive,Active,Inactive,Both primary assays active - no viability interference detected
DTXSID9045922,Inconclusive,Inactive,Inconclusive,Inactive,Missing or unavailable data
DTXSID9045924,Active,Inactive,,,Missing or unavailable data
DTXSID9045928,Inactive,Inactive,,,Missing or unavailable data
DTXSID9045972,Inactive,Inconclusive,,,Missing or unavailable data
DTXSID9045976,Inconclusive,Inactive,,,Missing or unavailable data
DTXSID9045978,Inactive,Inactive,,,Missing or unavailable data
DTXSID9046023,Inactive,Inactive,Inconclusive,Inactive,Missing or unavailable data
DTXSID9046029,Active,Active,Active,Inactive,Possible BLA viability interference
DTXSID9046071,Inactive,Inconclusive,Inactive,Inactive,Inactive in both primary assays
DTXSID9046073,Inactive,Inconclusive,Inactive,Inactive,Inactive in both primary assays
DTXSID9046100,Inactive,Inconclusive,Inconclusive,Inactive,Missing or unavailable data
DTXSID9046102,Inactive,Inactive,,,Missing or unavailable data
DTXSID9046104,Inactive,Inconclusive,Active,Active,Possible MDA-kb2 viability interference
DTXSID9046106,Inconclusive,Inconclusive,,,Missing or unavailable data
DTXSID9046108,Inconclusive,Inconclusive,Inactive,Inactive,Missing or unavailable data
DTXSID9046150,Inactive,Inconclusive,Inconclusive,Inactive,Missing or unavailable data
DTXSID9046152,Active,Inactive,Active,Inactive,Both primary assays active - no viability interference detected
DTXSID9046154,Inactive,Inconclusive,,,Missing or unavailable data
DTXSID9046156,Active,Active,,,Possible BLA viability interference
DTXSID9046158,Inactive,Inactive,Inactive,Inactive,Inactive in both primary assays
DTXSID9046231,Active,Inactive,,,Missing or unavailable data
DTXSID9046233,Inactive,Inconclusive,Inactive,Inactive,Inactive in both primary assays
DTXSID9046235,Inactive,Inactive,Active,Inactive,MDA-kb2 active only
DTXSID9046237,Active,Active,,,Possible BLA viability interference
DTXSID9046239,Inactive,Inconclusive,,,Missing or unavailable data
DTXSID9046281,Inactive,Inconclusive,Inactive,Inactive,Inactive in both primary assays
DTXSID9046283,Inconclusive,Inactive,Active,Inactive,Missing or unavailable data
DTXSID9046285,Inactive,Inactive,Active,Active,Possible MDA-kb2 viability interference
DTXSID9046287,Inactive,Inactive,Inactive,Inactive,Inactive in both primary assays
DTXSID9046289,Inactive,Inactive,Inconclusive,Inactive,Missing or unavailable data
DTXSID9046310,Active,Active,Active,Active,Possible BLA viability interference
DTXSID9046318,Active,Active,Active,Active,Possible BLA viability interference
DTXSID9046360,Inconclusive,Inactive,Inconclusive,Inactive,Missing or unavailable data
DTXSID9046443,Active,Active,Active,Active,Possible BLA viability interference
DTXSID9046445,Active,Inactive,Active,Active,Possible MDA-kb2 viability interference
DTXSID9046449,Active,Active,Active,Active,Possible BLA viability interference
DTXSID9046491,Inactive,Inconclusive,Inactive,Inactive,Inactive in both primary assays
DTXSID9046495,Inactive,Inactive,Inactive,Inactive,Inactive in both primary assays
DTXSID9046497,Active,Inactive,,,Missing or unavailable data
DTXSID9046499,Inconclusive,Inactive,Inconclusive,Inactive,Missing or unavailable data
DTXSID9046520,Inconclusive,Inconclusive,,,Missing or unavailable data
DTXSID9046524,Inactive,Inactive,,,Missing or unavailable data
DTXSID9046526,Inactive,Inactive,Inconclusive,Inactive,Missing or unavailable data
DTXSID9046528,Active,Active,,,Possible BLA viability interference
DTXSID9046570,Inactive,Inactive,Inactive,Inactive,Inactive in both primary assays
DTXSID9046572,Inactive,Inactive,Inactive,Inactive,Inactive in both primary assays
DTXSID9046574,Inactive,Inactive,,,Missing or unavailable data
DTXSID9046576,Active,Active,Active,Active,Possible BLA viability interference
DTXSID9046578,Inconclusive,Inactive,,,Missing or unavailable data
DTXSID9046601,Inactive,Inconclusive,,,Missing or unavailable data
DTXSID9046603,Inactive,Inactive,,,Missing or unavailable data
DTXSID9046605,Inactive,Inactive,,,Missing or unavailable data
DTXSID9046607,Inactive,Inactive,,,Missing or unavailable data
DTXSID9046609,Inconclusive,Inactive,,,Missing or unavailable data
DTXSID9046651,Active,Inactive,Active,Inactive,Both primary assays active - no viability interference detected
DTXSID9046653,Inconclusive,Inactive,,,Missing or unavailable data
DTXSID9046657,Inconclusive,Inactive,,,Missing or unavailable data
DTXSID9046659,Inactive,Inconclusive,,,Missing or unavailable data
DTXSID9046730,Inactive,Inconclusive,,,Missing or unavailable data
DTXSID9046732,Inconclusive,Inconclusive,,,Missing or unavailable data
DTXSID9046734,Inconclusive,Inactive,Inconclusive,Inactive,Missing or unavailable data
DTXSID9046736,Inactive,Inactive,,,Missing or unavailable data
DTXSID9046738,Inactive,Inactive,Inconclusive,Inactive,Missing or unavailable data
DTXSID9046780,Inactive,Inactive,Inactive,Inactive,Inactive in both primary assays
DTXSID9046782,Active,Inactive,,,Missing or unavailable data
DTXSID9046784,Inactive,Inactive,,,Missing or unavailable data
DTXSID9046786,Inactive,Inactive,Inactive,Inactive,Inactive in both primary assays
DTXSID9046788,Active,Inactive,,,Missing or unavailable data
DTXSID9046813,Inconclusive,Inconclusive,Active,Inactive,Missing or unavailable data
DTXSID9046815,Inactive,Inconclusive,,,Missing or unavailable data
DTXSID9046817,Inactive,Inactive,Inactive,Inactive,Inactive in both primary assays
DTXSID9046819,Inactive,Inactive,,,Missing or unavailable data
DTXSID9046861,Inactive,Inactive,Inactive,Inactive,Inactive in both primary assays
DTXSID9046863,Inactive,Inactive,,,Missing or unavailable data
DTXSID9046865,Active,Active,,,Possible BLA viability interference
DTXSID9046867,Active,Active,,,Possible BLA viability interference
DTXSID9046869,Inconclusive,Inactive,,,Missing or unavailable data
DTXSID9046942,Inconclusive,Inactive,Active,Active,Possible MDA-kb2 viability interference
DTXSID9046946,Inconclusive,Inactive,Inconclusive,Inactive,Missing or unavailable data
DTXSID9046992,Active,Active,Active,Inactive,Possible BLA viability interference
DTXSID9046994,Inactive,Inactive,Inactive,Inactive,Inactive in both primary assays
DTXSID9046998,Inconclusive,Inconclusive,Inactive,Inactive,Missing or unavailable data
DTXSID9047041,Inactive,Inactive,Inconclusive,Inactive,Missing or unavailable data
DTXSID9047043,Inconclusive,Inactive,Inconclusive,Inactive,Missing or unavailable data
DTXSID9047045,Inconclusive,Inconclusive,Inactive,Inactive,Missing or unavailable data
DTXSID9047047,,,Inactive,Inactive,Missing or unavailable data
DTXSID9047049,,,Inactive,Inactive,Missing or unavailable data
DTXSID9047091,Inactive,Inconclusive,Inconclusive,Inactive,Missing or unavailable data
DTXSID9047093,Inconclusive,Inconclusive,Inactive,Inactive,Missing or unavailable data
DTXSID9047095,Inconclusive,Inconclusive,Inactive,Inactive,Missing or unavailable data
DTXSID9047099,Inactive,Inactive,Inconclusive,Inactive,Missing or unavailable data
DTXSID9047120,Inactive,Inactive,Inactive,Inactive,Inactive in both primary assays
DTXSID9047124,Inactive,Inactive,Inactive,Inactive,Inactive in both primary assays
DTXSID9047126,Inconclusive,Inconclusive,Inactive,Inactive,Missing or unavailable data
DTXSID9047128,Inactive,Inconclusive,Inactive,Inactive,Inactive in both primary assays
DTXSID9047174,Inactive,Active,Inconclusive,Inactive,Missing or unavailable data
DTXSID9047176,Inactive,Inactive,Inconclusive,Inactive,Missing or unavailable data
DTXSID9047178,Inactive,Inactive,Inconclusive,Inactive,Missing or unavailable data
DTXSID9047201,Inconclusive,Inactive,Inactive,Inactive,Missing or unavailable data
DTXSID9047203,Inconclusive,Inactive,Inactive,Inactive,Missing or unavailable data
DTXSID9047205,Inactive,Inactive,Inactive,Inactive,Inactive in both primary assays
DTXSID9047251,Active,Active,Active,Active,Possible BLA viability interference
DTXSID9047253,Active,Inactive,Inconclusive,Inactive,Missing or unavailable data
DTXSID9047255,Inactive,Inactive,Active,Inactive,MDA-kb2 active only
DTXSID9047257,Active,Inactive,Inactive,Inactive,BLA active only
DTXSID9047259,Inconclusive,Inactive,Inconclusive,Inactive,Missing or unavailable data
DTXSID9047330,Active,Inactive,Active,Inactive,Both primary assays active - no viability interference detected
DTXSID9047334,Active,Active,Active,Active,Possible BLA viability interference
DTXSID9047338,Active,Inactive,Active,Inactive,Both primary assays active - no viability interference detected
DTXSID9047411,Inactive,Inactive,Inconclusive,Inactive,Missing or unavailable data
DTXSID9047413,Inconclusive,Inactive,Inactive,Inactive,Missing or unavailable data
DTXSID9047415,Inconclusive,Inactive,Inconclusive,Inactive,Missing or unavailable data
DTXSID9047417,Inactive,Inactive,Inconclusive,Inactive,Missing or unavailable data
DTXSID9047419,Active,Inactive,Inactive,Inactive,BLA active only
DTXSID9047461,Inactive,Inconclusive,Inconclusive,Inactive,Missing or unavailable data
DTXSID9047463,Inconclusive,Inactive,Inconclusive,Inactive,Missing or unavailable data
DTXSID9047465,Inconclusive,Inconclusive,Inactive,Inactive,Missing or unavailable data
DTXSID9047467,Inactive,Inactive,Inactive,Inactive,Inactive in both primary assays
DTXSID9047469,Inconclusive,Inconclusive,Inconclusive,Inactive,Missing or unavailable data
DTXSID9047540,Active,Inactive,Active,Inactive,Both primary assays active - no viability interference detected
DTXSID9047542,Active,Active,Active,Active,Possible BLA viability interference
DTXSID9047546,,,Inconclusive,Inactive,Missing or unavailable data
DTXSID9047548,Inconclusive,Inconclusive,Inconclusive,Inactive,Missing or unavailable data
DTXSID9047590,Inactive,Inactive,Inconclusive,Inactive,Missing or unavailable data
DTXSID9047592,Active,Active,Active,Active,Possible BLA viability interference
DTXSID9047594,Inactive,Inactive,Inactive,Inactive,Inactive in both primary assays
DTXSID9047598,Active,Inactive,Inactive,Inactive,BLA active only
DTXSID9047623,Inactive,Inactive,Inactive,Inactive,Inactive in both primary assays
DTXSID9047629,Active,Inactive,Inactive,Inactive,BLA active only
DTXSID9047673,Inconclusive,Inactive,Active,Inactive,Missing or unavailable data
DTXSID9047675,Inactive,Inconclusive,Inactive,Inactive,Inactive in both primary assays
DTXSID9047677,Inactive,Inactive,Inconclusive,Inactive,Missing or unavailable data
DTXSID9047679,Active,Inactive,Inactive,Inactive,BLA active only
DTXSID9047700,Inconclusive,Inactive,Inactive,Inactive,Missing or unavailable data
DTXSID9047702,Inactive,Inactive,Inactive,Inactive,Inactive in both primary assays
DTXSID9047704,Inconclusive,Inactive,Active,Active,Possible MDA-kb2 viability interference
DTXSID9047706,Inconclusive,Inconclusive,Inactive,Inactive,Missing or unavailable data
DTXSID9047708,Inactive,Inactive,Inactive,Inactive,Inactive in both primary assays
DTXSID9047831,Inconclusive,Inactive,,,Missing or unavailable data
DTXSID9047833,Active,Active,Active,Inactive,Possible BLA viability interference
DTXSID9047835,Inconclusive,Inactive,Inactive,Inactive,Missing or unavailable data
DTXSID9047837,Inconclusive,Inconclusive,Inconclusive,Inactive,Missing or unavailable data
DTXSID9047839,Active,Active,Active,Active,Possible BLA viability interference
DTXSID9047881,Inconclusive,Inactive,Active,Inactive,Missing or unavailable data
DTXSID9047883,Inactive,Inactive,Inactive,Inactive,Inactive in both primary assays
DTXSID9047885,Active,Inactive,Active,Inactive,Both primary assays active - no viability interference detected
DTXSID9047887,Inactive,Inactive,Inconclusive,Inactive,Missing or unavailable data
DTXSID9047889,Inconclusive,Inactive,Inactive,Inactive,Missing or unavailable data
DTXSID9047910,Inactive,Inconclusive,Inactive,Inactive,Inactive in both primary assays
DTXSID9047912,Inconclusive,Inactive,Inconclusive,Inactive,Missing or unavailable data
DTXSID9047914,Inconclusive,Inconclusive,Inconclusive,Inactive,Missing or unavailable data
DTXSID9047916,Active,Active,Active,Active,Possible BLA viability interference
DTXSID9047918,Active,Active,Active,Active,Possible BLA viability interference
DTXSID9047960,Active,Inactive,Active,Inconclusive,Missing or unavailable data
DTXSID9047962,Active,Inactive,Active,Inactive,Both primary assays active - no viability interference detected
DTXSID9047964,Inactive,Inactive,Inconclusive,Inactive,Missing or unavailable data
DTXSID9047966,Active,Inactive,Inconclusive,Inactive,Missing or unavailable data
DTXSID9047968,Inconclusive,Inconclusive,Inactive,Inactive,Missing or unavailable data
DTXSID9048190,Inactive,Inactive,Inconclusive,Inactive,Missing or unavailable data
DTXSID9048192,Inconclusive,Inconclusive,Inactive,Inactive,Missing or unavailable data
DTXSID9048194,Inactive,Inactive,Inconclusive,Inactive,Missing or unavailable data
DTXSID9048196,Inconclusive,Inconclusive,Inactive,Inactive,Missing or unavailable data
DTXSID9048198,Inconclusive,Inconclusive,Inconclusive,Inactive,Missing or unavailable data
DTXSID9048271,Inactive,Inconclusive,,,Missing or unavailable data
DTXSID9048510,Active,Inactive,Active,Inactive,Both primary assays active - no viability interference detected
DTXSID9048512,Inconclusive,Inactive,Active,Active,Possible MDA-kb2 viability interference
DTXSID9048514,Inactive,Inactive,Inconclusive,Inactive,Missing or unavailable data
DTXSID9048516,Inconclusive,Inactive,Inconclusive,Inactive,Missing or unavailable data
DTXSID9048518,Inconclusive,Inactive,Inconclusive,Inactive,Missing or unavailable data
DTXSID9048641,Active,Inactive,,,Missing or unavailable data
DTXSID9048643,Inconclusive,Inactive,,,Missing or unavailable data
DTXSID9048645,Active,Active,,,Possible BLA viability interference
DTXSID9048647,Inactive,Inactive,Inactive,Inconclusive,Inactive in both primary assays
DTXSID9048649,Active,Inactive,Inactive,Inactive,BLA active only
DTXSID9048691,Active,Inactive,Inactive,Inactive,BLA active only
DTXSID9048693,Inconclusive,Inconclusive,Inactive,Inactive,Missing or unavailable data
DTXSID9048695,Inactive,Inactive,Inconclusive,Inactive,Missing or unavailable data
DTXSID9048697,Inactive,Inactive,,,Missing or unavailable data
DTXSID9048699,Inactive,Inactive,,,Missing or unavailable data
DTXSID9048720,Inactive,Inactive,,,Missing or unavailable data
DTXSID9048722,Inactive,Inactive,Inactive,Inactive,Inactive in both primary assays
DTXSID9048724,Inactive,Inactive,,,Missing or unavailable data
DTXSID9048726,Inactive,Inactive,,,Missing or unavailable data
DTXSID9048728,Inconclusive,Active,Active,Active,Possible MDA-kb2 viability interference
DTXSID9048772,Active,Active,,,Possible BLA viability interference
DTXSID9048774,Inactive,Inactive,Inactive,Inactive,Inactive in both primary assays
DTXSID9048776,Inactive,Inactive,Active,Inactive,MDA-kb2 active only
DTXSID9048778,Inactive,Inactive,Inactive,Inactive,Inactive in both primary assays
DTXSID9048801,Inactive,Inactive,Inactive,Inactive,Inactive in both primary assays
DTXSID9048803,Inactive,Inactive,Inconclusive,Inactive,Missing or unavailable data
DTXSID9048805,Inactive,Inactive,Inactive,Inactive,Inactive in both primary assays
DTXSID9048807,Inactive,Inactive,Inconclusive,Inactive,Missing or unavailable data
DTXSID9048809,Inactive,Inactive,Inactive,Inconclusive,Inactive in both primary assays
DTXSID9048851,Inactive,Inactive,Inactive,Inactive,Inactive in both primary assays
DTXSID9048853,Inactive,Inactive,Inactive,Inactive,Inactive in both primary assays
DTXSID9048855,Inactive,Inconclusive,Inconclusive,Inactive,Missing or unavailable data
DTXSID9048857,Inconclusive,Inactive,,,Missing or unavailable data
DTXSID9048859,Inactive,Inactive,Inactive,Inactive,Inactive in both primary assays
DTXSID9048930,Active,Active,Active,Active,Possible BLA viability interference
DTXSID9048932,Inactive,Inactive,Inconclusive,Inactive,Missing or unavailable data
DTXSID9048934,Inactive,Inactive,Inconclusive,Inactive,Missing or unavailable data
DTXSID9048936,Inactive,Inactive,Active,Active,Possible MDA-kb2 viability interference
DTXSID9048938,Inactive,Inconclusive,Inactive,Inactive,Inactive in both primary assays
DTXSID9048980,Inactive,Inactive,,,Missing or unavailable data
DTXSID9048982,Inactive,Inactive,,,Missing or unavailable data
DTXSID9048984,Inconclusive,Inactive,,,Missing or unavailable data
DTXSID9048986,Inactive,Inactive,,,Missing or unavailable data
DTXSID9048988,Inactive,Inactive,Inactive,Inactive,Inactive in both primary assays
DTXSID9049031,Inactive,Inactive,,,Missing or unavailable data
DTXSID9049033,Inconclusive,Inactive,,,Missing or unavailable data
DTXSID9049035,Inactive,Inactive,Inactive,Inactive,Inactive in both primary assays
DTXSID9049037,Inactive,Inactive,Inactive,Inactive,Inactive in both primary assays
DTXSID9049039,Inactive,Inconclusive,Inconclusive,Inactive,Missing or unavailable data
DTXSID9049083,Inactive,Inactive,Inconclusive,Inactive,Missing or unavailable data
DTXSID9049241,Inactive,Inactive,Inconclusive,Inactive,Missing or unavailable data
DTXSID9049243,Active,Inactive,Active,Inactive,Both primary assays active - no viability interference detected
DTXSID9049245,Inactive,Inactive,Inactive,Inactive,Inactive in both primary assays
DTXSID9049247,Inactive,Inconclusive,Inactive,Inactive,Inactive in both primary assays
DTXSID9049249,Inactive,Inactive,Inconclusive,Inactive,Missing or unavailable data
DTXSID9049291,Inactive,Inconclusive,Inconclusive,Inactive,Missing or unavailable data
DTXSID9049293,Inconclusive,Inactive,Inactive,Inactive,Missing or unavailable data
DTXSID9049295,Inactive,Inactive,Inactive,Inactive,Inactive in both primary assays
DTXSID9049297,Active,Active,Active,Active,Possible BLA viability interference
DTXSID9049299,Active,Active,Active,Active,Possible BLA viability interference
DTXSID9049320,Inactive,Inactive,Inconclusive,Inactive,Missing or unavailable data
DTXSID9049322,Inactive,Inactive,Inactive,Inactive,Inactive in both primary assays
DTXSID9049324,Inactive,Inactive,Inconclusive,Inactive,Missing or unavailable data
DTXSID9049326,Inactive,Inactive,Inactive,Inactive,Inactive in both primary assays
DTXSID9049328,Inactive,Inactive,Inactive,Inactive,Inactive in both primary assays
DTXSID9049370,Inactive,Inconclusive,Inactive,Inactive,Inactive in both primary assays
DTXSID9049372,Inactive,Inactive,Inconclusive,Inactive,Missing or unavailable data
DTXSID9049374,Inactive,Inconclusive,Inconclusive,Inactive,Missing or unavailable data
DTXSID9049376,Inactive,Inactive,Inactive,Inactive,Inactive in both primary assays
DTXSID9049378,Inactive,Inconclusive,Inconclusive,Inactive,Missing or unavailable data
DTXSID9049401,Active,Active,Active,Active,Possible BLA viability interference
DTXSID9049403,Inactive,Inactive,Inconclusive,Inactive,Missing or unavailable data
DTXSID9049405,Inactive,Inactive,Inactive,Inactive,Inactive in both primary assays
DTXSID9049407,Inactive,Inactive,Inactive,Inactive,Inactive in both primary assays
DTXSID9049409,Inactive,Inactive,Inconclusive,Inactive,Missing or unavailable data
DTXSID9049451,Inactive,Inactive,Inactive,Inactive,Inactive in both primary assays
DTXSID9049453,Inconclusive,Inactive,Inconclusive,Inactive,Missing or unavailable data
DTXSID9049455,Inactive,Inactive,Inconclusive,Inactive,Missing or unavailable data
DTXSID9049457,Inactive,Inactive,Inactive,Inactive,Inactive in both primary assays
DTXSID9049459,Inactive,Inconclusive,Inconclusive,Inactive,Missing or unavailable data
DTXSID9049530,Inactive,Inactive,Inactive,Inactive,Inactive in both primary assays
DTXSID9049532,Inactive,Inconclusive,Inactive,Inactive,Inactive in both primary assays
DTXSID9049534,Inactive,Inactive,Inactive,Inconclusive,Inactive in both primary assays
DTXSID9049536,Inactive,Inactive,Inactive,Inactive,Inactive in both primary assays
DTXSID9049538,Inconclusive,Inactive,Inconclusive,Inactive,Missing or unavailable data
DTXSID9051454,,,Inconclusive,Inactive,Missing or unavailable data
DTXSID9051581,,,Inconclusive,Inactive,Missing or unavailable data
DTXSID9051618,,,Inconclusive,Inactive,Missing or unavailable data
DTXSID9051662,,,Inactive,Inactive,Missing or unavailable data
DTXSID9051824,,,Inactive,Inactive,Missing or unavailable data
DTXSID9051907,,,Inconclusive,Inactive,Missing or unavailable data
DTXSID9052505,,,Inactive,Inactive,Missing or unavailable data
DTXSID9052509,,,Inactive,Inactive,Missing or unavailable data
DTXSID9057630,,,Inconclusive,Inactive,Missing or unavailable data
DTXSID9057632,,,Inactive,Inactive,Missing or unavailable data
DTXSID9057634,,,Inconclusive,Inactive,Missing or unavailable data
DTXSID9057636,,,Inconclusive,Inactive,Missing or unavailable data
DTXSID9057638,,,Active,Active,Possible MDA-kb2 viability interference
DTXSID9057680,,,Inactive,Inactive,Missing or unavailable data
DTXSID9057682,,,Inactive,Inactive,Missing or unavailable data
DTXSID9057684,,,Inactive,Inactive,Missing or unavailable data
DTXSID9057686,,,Inconclusive,Inactive,Missing or unavailable data
DTXSID9057688,,,Inactive,Inactive,Missing or unavailable data
DTXSID9057711,,,Inconclusive,Inactive,Missing or unavailable data
DTXSID9057713,,,Inconclusive,Inactive,Missing or unavailable data
DTXSID9057715,,,Inactive,Inactive,Missing or unavailable data
DTXSID9057717,,,Inactive,Inactive,Missing or unavailable data
DTXSID9057719,,,Inactive,Inactive,Missing or unavailable data
DTXSID9057761,,,Inactive,Inactive,Missing or unavailable data
DTXSID9057763,,,Inconclusive,Inconclusive,Missing or unavailable data
DTXSID9057765,,,Inactive,Inconclusive,Missing or unavailable data
DTXSID9057767,,,Inactive,Inactive,Missing or unavailable data
DTXSID9057769,,,Inactive,Inactive,Missing or unavailable data
DTXSID9057840,,,Active,Inactive,Missing or unavailable data
DTXSID9057842,,,Active,Active,Possible MDA-kb2 viability interference
DTXSID9057844,,,Inactive,Inactive,Missing or unavailable data
DTXSID9057846,,,Inconclusive,Inactive,Missing or unavailable data
DTXSID9057848,,,Inactive,Inactive,Missing or unavailable data
DTXSID9057890,,,Inconclusive,Inactive,Missing or unavailable data
DTXSID9057898,,,Inactive,Inactive,Missing or unavailable data
DTXSID9058654,,,Active,Active,Possible MDA-kb2 viability interference
