DTXSID,PREFERRED NAME,CASRN,MOLECULAR FORMULA,MONOISOTOPIC MASS,TOXCAST ACTIVE,TOXCAST TOTAL,% TOXCAST ACTIVE,HIT CALL,CONTINUOUS HIT CALL,TOP,SCALED TOP,AC50,LOGAC50
https://comptox.epa.gov/dashboard/chemical/details/DTXSID2057732,Ethyl protocatechuate,3943-89-3,C9H10O4,182.057909,5,166,3,Active,0.9399955842318447,-44.547116969857505,1.3866100519545392,23.0414746543779,1.3625102704874896
https://comptox.epa.gov/dashboard/chemical/details/DTXSID9045631,Bifonazole,60628-96-8,C22H18N2,310.146999,78,244,32,Active,0.9999691560655654,-93.22374523188397,2.9017586549281202,20.796405847715423,1.3179882842233341
https://comptox.epa.gov/dashboard/chemical/details/DTXSID4023753,Ziprasidone,146939-27-7,C21H21ClN4OS,412.112460,95,256,37,Active,0.9997291588913696,-83.92785047934551,2.6124070204664993,22.962777230686875,1.3610244126031723
https://comptox.epa.gov/dashboard/chemical/details/DTXSID7025635,N-Methyl-4-nitroaniline,100-15-2,C7H8N2O2,152.058578,29,244,12,Active,0.9999695122184088,-61.58490047465368,1.9169420572055444,16.5349158573991,1.2184019892249112
https://comptox.epa.gov/dashboard/chemical/details/DTXSID0020319,Chlorothalonil,1897-45-6,C8Cl4N2,263.881559,349,748,47,Active,1,-102.28419664495175,3.1837816871505282,2.204367594688225,0.3432840180531559
https://comptox.epa.gov/dashboard/chemical/details/DTXSID9049401,Thioridazine hydrochloride,130-61-0,C21H27ClN2S2,406.130419,157,244,64,Active,0.9999999995269223,-109.5525127817784,3.4100212488022206,25.746465962915675,1.4107176249058992
https://comptox.epa.gov/dashboard/chemical/details/DTXSID6045161,Idazoxan,79944-58-4,C11H12N2O2,204.089878,58,244,24,Active,0.97298508224911,-48.65256733842395,1.5143996629568988,23.0414746543779,1.3625102704874896
https://comptox.epa.gov/dashboard/chemical/details/DTXSID4021478,Lynestrenol,52-76-6,C20H28O,284.214016,280,474,59,Active,0.9998883440385544,-46.0597551932136,1.4336936683173094,0.9781262629347482,-0.009605080021776395
https://comptox.epa.gov/dashboard/chemical/details/DTXSID7022382,Dienestrol,84-17-3,C18H18O2,266.130680,47,244,19,Active,0.9999611021546735,-72.89724642188771,2.269059403255921,15.236247011746793,1.182878004876872
https://comptox.epa.gov/dashboard/chemical/details/DTXSID8022614,Apomorphine,58-00-4,C17H17NO2,267.125929,71,244,29,Active,0.995842327742479,-61.954641631887256,1.9284509233256188,23.116142279507827,1.3639153588785717
https://comptox.epa.gov/dashboard/chemical/details/DTXSID8045804,Triflupromazine hydrochloride,1098-60-8,C18H20ClF3N2S,388.098782,85,244,35,Active,0.9998642035268175,-100.63823238270425,3.132548055292048,33.93121597728146,1.5305994235343263
https://comptox.epa.gov/dashboard/chemical/details/DTXSID2024163,Linuron,330-55-2,C9H10Cl2N2O2,248.011933,128,799,16,Active,0.9999999268152794,-81.56904898000634,2.5389850328716066,14.178197323988766,1.1516210163186735
https://comptox.epa.gov/dashboard/chemical/details/DTXSID4027527,"1,2,5,6,9,10-Hexabromocyclododecane",3194-55-6,C12H18Br6,635.650879,173,475,36,Active,0.9998761666503314,-90.82029046000116,2.82694675299593,86.44229602439962,1.9367262938137502
https://comptox.epa.gov/dashboard/chemical/details/DTXSID5020653,Gentian Violet,548-62-9,C25H30ClN3,407.212826,489,724,68,Active,1,-110.7516649038673,3.4473470399962087,1.5980214597787095,0.20358260714374105
https://comptox.epa.gov/dashboard/chemical/details/DTXSID2047353,SSR 241586 HCl,NOCAS_47353,C32H43Cl3N4O3,636.240074,421,687,61,Active,0.999999976627745,-100.5791597388588,3.1307093117925073,30.967402644894413,1.4909047809365692
https://comptox.epa.gov/dashboard/chemical/details/DTXSID8047391,SAR102608,1068967-96-3,C20H16FN5O,361.133888,99,646,15,Active,0.9906798430231281,-50.51573112699571,1.5723940251828403,46.08294930875575,1.6635402661514704
https://comptox.epa.gov/dashboard/chemical/details/DTXSID9047540,3-Hydroxyfluorene,6344-67-8,C13H10O,182.073165,190,662,29,Active,0.9999999999779399,-76.825185466644,2.3913236513914202,7.095479121134073,0.8509817264515984
https://comptox.epa.gov/dashboard/chemical/details/DTXSID0024266,Pirimiphos-methyl,29232-93-7,C11H20N3O3PS,305.096300,143,726,20,Active,0.9607333619913471,-44.894576418522284,1.39742535936245,46.08294930875575,1.6635402661514704
https://comptox.epa.gov/dashboard/chemical/details/DTXSID1022425,"4,4'-Dihydoxybenzophenone",611-99-4,C13H10O3,214.062994,21,244,9,Active,0.9636166264066073,-45.69294573419049,1.422276056637128,46.0783410138249,1.6634968345316632
https://comptox.epa.gov/dashboard/chemical/details/DTXSID6045791,Octoclothepine maleate,4789-68-8,C23H25ClN2O4S,460.122356,94,244,39,Active,0.9985181221170412,-58.421630559273204,1.818479526741904,23.0414746543779,1.3625102704874896
https://comptox.epa.gov/dashboard/chemical/details/DTXSID9020160,Bifenthrin,82657-04-3,C23H22ClF3O2,422.126042,149,825,18,Active,0.9936832733805147,-61.7607829886792,1.9224167204048677,59.66826193165423,1.7757433875259256
https://comptox.epa.gov/dashboard/chemical/details/DTXSID5020366,Cyproterone acetate,427-51-0,C24H29ClO4,416.175437,176,698,25,Active,0.9992135450478622,-91.00645258642105,2.8327413878308105,75.042494925742,1.8753072645297273
https://comptox.epa.gov/dashboard/chemical/details/DTXSID6042602,GR 103691,162408-66-4,C30H35N3O3,485.267842,17,244,7,Active,0.9999999840980103,-78.31821423589892,2.437796887823466,9.41614295023618,0.9738730430838392
https://comptox.epa.gov/dashboard/chemical/details/DTXSID9045899,Exalamide,53370-90-4,C13H19NO2,221.141579,32,244,13,Active,0.9999999993932018,-84.83587508971442,2.6406709382641784,6.421903280649232,0.807663760433747
https://comptox.epa.gov/dashboard/chemical/details/DTXSID4046101,Geliomycin,20004-62-0,C22H16O6,376.094688,81,244,33,Active,1,-104.23682362767977,3.2445607540382992,1.3942051197814567,0.144326673213824
https://comptox.epa.gov/dashboard/chemical/details/DTXSID3047895,Menthyl anthranilate,134-09-8,C17H25NO2,275.188529,116,244,48,Active,0.9999267548260831,-97.92944260719648,3.0482320459329637,56.9908254158724,1.7558049470416093
https://comptox.epa.gov/dashboard/chemical/details/DTXSID4022652,Benzbromarone,3562-84-3,C17H12Br2O3,421.915320,55,244,23,Active,0.9521250566298889,-45.981001100850676,1.4312423039298705,37.81759247867394,1.5776938775892007
https://comptox.epa.gov/dashboard/chemical/details/DTXSID9045136,Clemizole hydrochloride,1163-36-6,C19H21Cl2N3,361.111253,47,244,19,Active,0.9922895116185814,-57.47533731910254,1.7890244282266596,28.848517268176195,1.4601234965628997
https://comptox.epa.gov/dashboard/chemical/details/DTXSID1045085,Trifluoperazine dihydrochloride,440-17-5,C21H26Cl2F3N3S,479.117659,109,244,45,Active,0.9998715182361888,-86.14734446820917,2.681492808381651,35.621052111786646,1.5517067427407922
https://comptox.epa.gov/dashboard/chemical/details/DTXSID4026137,Fenticlor,97-24-5,C12H8Cl2O2S,285.962206,147,244,60,Active,0.9999999997179305,-102.19609262033526,3.181039289113108,10.094632937961432,1.0040905317079765
https://comptox.epa.gov/dashboard/chemical/details/DTXSID4022810,Chlorprothixene,113-59-7,C18H18ClNS,315.084849,72,244,30,Active,0.9998628148778356,-83.86117822899654,2.610331725389988,32.774905378758746,1.5155414465545776
https://comptox.epa.gov/dashboard/chemical/details/DTXSID0045125,Docebenone,80809-81-0,C21H26O3,326.188195,48,244,20,Active,0.9999805252659942,-91.69363672700668,2.8541312442725757,25.210489976837415,1.4015812864606134
https://comptox.epa.gov/dashboard/chemical/details/DTXSID0023458,Phenoxybenzamine,59-96-1,C18H22ClNO,303.138992,24,244,10,Active,0.9999235836054224,-95.41049560478172,2.9698252382319748,21.983189765210902,1.3420907088755216
https://comptox.epa.gov/dashboard/chemical/details/DTXSID3022663,Bepridil,64706-54-3,C24H34N2O,366.267114,83,244,34,Active,0.9999064158026095,-100.66223472473085,3.133295171850614,33.36053097584328,1.5232329543770802
https://comptox.epa.gov/dashboard/chemical/details/DTXSID9045132,Cilostazol,73963-72-1,C20H27N5O2,369.216475,19,244,8,Active,0.9985014423973588,-62.05888958432796,1.9316958304842071,38.63915317971274,1.587027599798116
https://comptox.epa.gov/dashboard/chemical/details/DTXSID4020329,Cimetidine,51481-61-9,C10H16N6S,252.115716,6,244,2,Active,0.9544031720242864,-41.05200914985825,1.2778184630587834,20.787299027561758,1.3177980634714548
https://comptox.epa.gov/dashboard/chemical/details/DTXSID3022821,Cinnarizine,298-57-7,C26H28N2,368.225249,22,244,9,Active,0.9895777862127912,-54.04932867991889,1.6823836770330511,38.11873489203919,1.581138478573747
https://comptox.epa.gov/dashboard/chemical/details/DTXSID8022872,Cyproheptadine,129-03-3,C21H21N,287.167400,29,244,12,Active,0.9981742896626254,-53.257586147145595,1.6577392504308484,18.239621101237077,1.261015812317447
https://comptox.epa.gov/dashboard/chemical/details/DTXSID5022855,Clozapine,5786-21-0,C18H19ClN4,326.129824,42,244,17,Active,0.9999995633051079,-89.66980356812078,2.791135755619765,6.467522466050435,0.8107379459876979
https://comptox.epa.gov/dashboard/chemical/details/DTXSID6022844,Clomipramine,303-49-1,C19H23ClN2,314.154976,82,244,34,Active,0.9999553540912127,-92.85384541219364,2.8902448501504545,32.25736513551676,1.5086288902122937
https://comptox.epa.gov/dashboard/chemical/details/DTXSID0022808,Chlorpromazine,50-53-3,C17H19ClN2S,318.095748,84,244,34,Active,0.9997221763930666,-93.11553658409628,2.8983904639219022,34.200720960915994,1.5340352612037154
https://comptox.epa.gov/dashboard/chemical/details/DTXSID1042570,Vanoxerine dihydrochloride,67469-78-7,C28H34Cl2F2N2O,522.201625,136,244,56,Active,0.9999999999966045,-100.56298483296644,3.1302058384226155,8.768122034431602,0.9429065856785498
https://comptox.epa.gov/dashboard/chemical/details/DTXSID9046942,Desipramine hydrochloride,58-28-6,C18H23ClN2,302.154976,52,244,21,Active,0.9999235578679574,-86.51765110063508,2.6930192759457503,38.75646828318478,1.5883441947201355
https://comptox.epa.gov/dashboard/chemical/details/DTXSID8045145,Doxepin hydrochloride,1229-29-4,C19H22ClNO,315.138992,20,244,8,Active,0.9266597069441518,-38.1506137308008,1.187507252672663,21.199089974921343,1.3263172181290899
https://comptox.epa.gov/dashboard/chemical/details/DTXSID6040668,Dipyridamole,58-32-2,C24H40N8O4,504.317252,77,244,32,Active,0.9352483815994268,-59.25534425723704,1.844430382210981,36.370756266532254,1.5607523315459708
https://comptox.epa.gov/dashboard/chemical/details/DTXSID4024066,"1,2-Dinitrobenzene",528-29-0,C6H4N2O4,168.017107,113,611,18,Active,0.9999989539023476,-96.20249328873639,2.994477606878847,38.17064459138119,1.5817294939841056
https://comptox.epa.gov/dashboard/chemical/details/DTXSID7045152,Fluspirilene,1841-19-6,C29H31F2N3O,475.243519,128,244,52,Active,0.9998833035484896,-102.60012269958192,3.193615460306285,39.86589372243806,1.6006015046484272
https://comptox.epa.gov/dashboard/chemical/details/DTXSID7023067,Fluoxetine,54910-89-3,C17H18F3NO,309.134049,79,244,32,Active,0.9999996145898709,-108.71000404124374,3.3837966316339445,21.237853312345624,1.3271106168482973
https://comptox.epa.gov/dashboard/chemical/details/DTXSID7032004,Flutamide,13311-84-7,C11H11F3N2O3,276.072177,208,723,29,Active,0.999999999998306,-57.47209408567774,1.7889234766865025,0.5337360569703455,-0.27267345709091595
https://comptox.epa.gov/dashboard/chemical/details/DTXSID2023068,Fluphenazine,69-23-8,C22H26F3N3OS,437.174868,78,244,32,Active,0.9944079820008974,-59.27207068286623,1.8449510226359584,36.05349545975061,1.5569473768304707
https://comptox.epa.gov/dashboard/chemical/details/DTXSID2029874,Fenofibrate,49562-28-9,C20H21ClO4,360.112837,154,648,24,Active,0.9998995329178303,-78.64799077187804,2.4480617824068083,23.7316599684019,1.3753281170586122
https://comptox.epa.gov/dashboard/chemical/details/DTXSID4023042,Felodipine,72509-76-3,C18H19Cl2NO4,383.069114,38,256,15,Active,0.9999999958868441,-82.83418168882042,2.5783645898536007,7.155608157504745,0.8546465504961196
https://comptox.epa.gov/dashboard/chemical/details/DTXSID7023190,Ketotifen,34580-13-7,C19H19NOS,309.118735,10,244,4,Active,0.9442540866790208,-44.97560731603054,1.3999475934518046,23.0414746543779,1.3625102704874896
https://comptox.epa.gov/dashboard/chemical/details/DTXSID6045165,Loperamide,53179-11-6,C29H33ClN2O2,476.223056,62,244,25,Active,0.9999321743739011,-91.61483223726935,2.85167831117518,34.93434667785896,1.543252625739672
https://comptox.epa.gov/dashboard/chemical/details/DTXSID2023224,Loratadine,79794-75-5,C22H23ClN2O2,382.144806,146,332,44,Active,0.9999678226743796,-95.64866636590793,2.9772387364317066,23.0414746543779,1.3625102704874896
https://comptox.epa.gov/dashboard/chemical/details/DTXSID0045173,Mitoxantrone dihydrochloride,70476-82-3,C22H30Cl2N4O6,516.154240,102,244,42,Active,0.999999997571629,-119.28719223144122,3.7130308551610613,4.861027264198897,0.686728056922707
https://comptox.epa.gov/dashboard/chemical/details/DTXSID7045029,Maprotiline,10262-69-8,C20H23N,277.183050,56,244,23,Active,0.999038897704411,-77.10167146616367,2.3999297810859206,36.439382752348884,1.5615710118377544
https://comptox.epa.gov/dashboard/chemical/details/DTXSID0023373,Nitrendipine,39562-70-4,C18H20N2O6,360.132136,35,256,14,Active,0.9999874280447132,-81.36705854304704,2.532697713077691,17.05773946721255,1.231921476892234
https://comptox.epa.gov/dashboard/chemical/details/DTXSID2024585,Benzo(f)quinoline,85-02-9,C13H9N,179.073499,70,444,16,Active,0.9999999998885686,-67.20627431030175,2.091917543757863,5.756050452001715,0.7601245918889457
https://comptox.epa.gov/dashboard/chemical/details/DTXSID7040362,5-Chloro-N-(2-chloro-4-nitrophenyl)-2-hydroxybenzamide,50-65-7,C13H8Cl2N2O4,325.986112,324,716,45,Active,0.999999999981732,-114.52566806252551,3.564819753650037,1.7609832446235447,0.24575522376843814
https://comptox.epa.gov/dashboard/chemical/details/DTXSID3034165,Nilutamide,63612-50-0,C12H10F3N3O4,317.062340,116,648,18,Active,1,-88.56492971114538,2.7567445469303116,0.3772620102775689,-0.423356925404601
https://comptox.epa.gov/dashboard/chemical/details/DTXSID4045181,Oxatomide,60607-34-3,C27H30N4O,426.241962,67,244,27,Active,0.9999568508092288,-101.1814072341547,3.1494553606402205,35.73029575357721,1.5530366110419305
https://comptox.epa.gov/dashboard/chemical/details/DTXSID4046949,Promazine hydrochloride,53-60-1,C17H21ClN2S,320.111398,40,244,16,Active,0.9224029380799809,-41.79476733024437,1.3009381625848324,36.89979507708991,1.5670239543125513
https://comptox.epa.gov/dashboard/chemical/details/DTXSID9025825,Papaverine hydrochloride,61-25-6,C20H22ClNO4,375.123736,37,244,15,Active,0.9999999999960403,-109.24202328491026,3.400356698396523,7.076888456919388,0.8498423504835724
https://comptox.epa.gov/dashboard/chemical/details/DTXSID7023518,Promethazine,60-87-7,C17H20N2S,284.134720,64,244,26,Active,0.9991116486395435,-63.703730700032615,1.9828945023634097,23.0414746543779,1.3625102704874896
https://comptox.epa.gov/dashboard/chemical/details/DTXSID4045187,Propionylpromazine hydrochloride,7681-67-6,C20H25ClN2OS,376.137612,39,244,16,Active,0.9982495761877812,-77.1482330852166,2.401379096179819,36.79145652371359,1.5657469812991973
https://comptox.epa.gov/dashboard/chemical/details/DTXSID1023441,Perphenazine,58-39-9,C21H26ClN3OS,403.148511,80,244,33,Active,0.9985358988382322,-65.79807880309329,2.0480848969283567,42.90166510673966,1.6324741484233067
https://comptox.epa.gov/dashboard/chemical/details/DTXSID8046951,Protriptyline hydrochloride,1225-55-4,C19H22ClN,299.144077,59,244,24,Active,0.9996060302683931,-101.15782895313644,3.148721443751955,38.639152658707744,1.5870275939421492
https://comptox.epa.gov/dashboard/chemical/details/DTXSID9042594,Ritanserin,87051-43-2,C27H25F2N3OS,477.168640,54,256,21,Active,0.9979110286814366,-56.95529765074906,1.7728372475379077,41.78359106197922,1.6210057623886982
https://comptox.epa.gov/dashboard/chemical/details/DTXSID0045204,Sanguinarine,2447-54-3,C20H14NO4,332.091734,140,244,57,Active,0.9999999568643859,-104.95265440059703,3.266842289022866,6.943134149081517,0.8415555563905048
https://comptox.epa.gov/dashboard/chemical/details/DTXSID5045205,Spiperone,749-02-0,C23H26FN3O2,395.200905,52,244,21,Active,0.9999999999993704,-96.65344172335796,3.008514197232888,6.5784186201455075,0.8181215065188597
https://comptox.epa.gov/dashboard/chemical/details/DTXSID9020114,Auramine hydrochloride,2465-27-2,C17H22ClN3,303.150225,155,408,38,Active,0.9999999981599836,-99.78318852353584,3.105933259753492,18.53525096575074,1.267998470716422
https://comptox.epa.gov/dashboard/chemical/details/DTXSID6023656,Thioridazine,50-52-2,C21H26N2S2,370.153741,117,244,48,Active,0.9999051545853596,-83.0271326323209,2.5843705389697447,33.438802727095265,1.524250719175936
https://comptox.epa.gov/dashboard/chemical/details/DTXSID2023642,Terfenadine,50679-08-8,C32H41NO2,471.313730,93,244,38,Active,0.9999999997734228,-114.62894268832187,3.568034364246228,13.259507998317797,1.122527409620801
https://comptox.epa.gov/dashboard/chemical/details/DTXSID3045227,Loxapine succinate,27833-64-3,C22H24ClN3O5,445.140449,22,244,9,Active,0.9974984259350923,-59.701468349766316,1.8583168061413728,21.857440326967417,1.339599301393993
https://comptox.epa.gov/dashboard/chemical/details/DTXSID7041752,Cantharidin,56-25-7,C10H12O4,196.073559,98,244,40,Active,0.9999999964160979,-103.82470240439913,3.2317327312683544,8.568881246909811,0.9329241241390929
https://comptox.epa.gov/dashboard/chemical/details/DTXSID2020717,4-(Benzyloxyl)phenol,103-16-2,C13H12O2,200.083730,50,259,19,Active,0.9746437840177254,-51.7712275457764,1.611473635108039,14.687556082940548,1.1669495379283295
https://comptox.epa.gov/dashboard/chemical/details/DTXSID9022655,Benzonatate,104-31-4,C30H53NO11,603.361862,12,244,5,Active,0.9999142186233716,-80.30696311599631,2.4997003144766947,19.00702932720234,1.2789142448181516
https://comptox.epa.gov/dashboard/chemical/details/DTXSID6023810,Benzethonium chloride,121-54-0,C27H42ClNO2,447.290407,287,466,62,Active,0.9999999999999557,-112.76522297245077,3.5100226977718,8.240665565801645,0.9159622893526875
https://comptox.epa.gov/dashboard/chemical/details/DTXSID8045359,Metixene hydrochloride,1553-34-0,C20H24ClNS,345.131799,76,259,29,Active,0.9999764971799133,-107.97590365233286,3.360946421617069,37.011525478195686,1.5683369854763445
https://comptox.epa.gov/dashboard/chemical/details/DTXSID1045291,Oxyphenbutazone,129-20-4,C19H20N2O3,324.147393,77,244,32,Active,0.9999781599442741,-108.65214467474517,3.3819956535989144,25.526492529010092,1.406991144614494
https://comptox.epa.gov/dashboard/chemical/details/DTXSID7022837,Clioquinol,130-26-7,C9H5ClINO,304.910440,86,244,35,Active,0.9998754355726392,-90.89097029974296,2.8291467915825534,28.3426134221751,1.4524398932826479
https://comptox.epa.gov/dashboard/chemical/details/DTXSID3022403,"2,2′-Dihydroxy-4-methoxybenzophenone",131-53-3,C14H12O4,244.073559,61,368,17,Active,0.9999990708889296,-86.34937013605457,2.6877812248009856,12.076494255708852,1.0819408791220433
https://comptox.epa.gov/dashboard/chemical/details/DTXSID3022405,2-Hydroxy-4-methoxybenzophenone,131-57-7,C14H12O3,228.078644,70,522,13,Active,0.9996866312936309,-57.68383171036709,1.7955141954297578,16.21237317666702,1.2098465917820906
https://comptox.epa.gov/dashboard/chemical/details/DTXSID1045297,Hexetidine,141-94-6,C21H45N3,339.361348,51,244,21,Active,0.99996068689641,-111.34114800393422,3.4656957738225347,36.572932340822895,1.5631597825525323
https://comptox.epa.gov/dashboard/chemical/details/DTXSID1022974,Dydrogesterone,152-62-5,C21H28O2,312.208930,28,259,11,Active,1,-68.44287209635118,2.130408899360541,0.46929190465017473,-0.3285569373623652
https://comptox.epa.gov/dashboard/chemical/details/DTXSID5023110,Gossypol,303-45-7,C30H30O8,518.194068,129,244,53,Active,0.9999999211612794,-95.26396584314998,2.9652642328469003,16.06439245940808,1.2058643055790494
https://comptox.epa.gov/dashboard/chemical/details/DTXSID6045583,Ciclopirox olamine,41621-49-2,C14H24N2O3,268.178693,63,244,26,Active,0.9999983890401272,-77.60680399474607,2.4156529499315162,9.385422847497495,0.9724538439470245
https://comptox.epa.gov/dashboard/chemical/details/DTXSID2045315,Trimipramine hydrogen maleate,521-78-8,C24H30N2O4,410.220557,40,244,16,Active,0.9997439925437915,-77.22750778832435,2.4038466655237407,35.61677167036318,1.5516545521489449
https://comptox.epa.gov/dashboard/chemical/details/DTXSID5022724,Canadine,522-97-4,C20H21NO4,339.147058,27,256,11,Active,0.9873858259831079,-47.594931535591826,1.481478824634043,23.0414746543779,1.3625102704874896
https://comptox.epa.gov/dashboard/chemical/details/DTXSID6045323,Dyclonine hydrochloride,536-43-6,C18H28ClNO2,325.180857,51,244,21,Active,0.9999995286054142,-116.53109700421399,3.6272423775632157,20.100156525324355,1.3031994394015816
https://comptox.epa.gov/dashboard/chemical/details/DTXSID1045326,Thonzonium bromide,553-08-2,C32H55BrN4O,590.355925,95,244,39,Active,0.9999699450011227,-98.84303630346895,3.076669311660191,32.9384650283553,1.5177033566659215
https://comptox.epa.gov/dashboard/chemical/details/DTXSID1021299,Chlorotrianisene,569-57-3,C23H21ClO3,380.117922,36,359,10,Active,0.9972256911879391,-57.30900247694439,1.7838469536825083,23.0414746543779,1.3625102704874896
https://comptox.epa.gov/dashboard/chemical/details/DTXSID1022681,Bisacodyl,603-50-9,C22H19NO4,361.131408,56,244,23,Active,0.9999999999964725,-71.19114448216024,2.215953876788608,1.119748862880527,0.04912063008527813
https://comptox.epa.gov/dashboard/chemical/details/DTXSID7047776,Proguanil hydrochloride,637-32-1,C11H17Cl2N5,289.086101,27,259,10,Active,0.9071736349933801,-40.90351649549544,1.2731963590667292,35.85332952449811,1.5545294926948534
https://comptox.epa.gov/dashboard/chemical/details/DTXSID4045343,Nifuroxazide,965-52-6,C12H9N3O5,275.054220,64,244,26,Active,0.9999999999936724,-100.09255375459307,3.115562815340657,3.8398425160113288,0.5843134129535246
https://comptox.epa.gov/dashboard/chemical/details/DTXSID2047779,Ethaverine hydrochloride,985-13-7,C24H30ClNO4,431.186336,49,244,20,Active,0.9999999953735631,-110.00272433619435,3.4240349024193923,10.67357375703504,1.0283098555161154
https://comptox.epa.gov/dashboard/chemical/details/DTXSID9023128,Hycanthone,3105-97-3,C20H24N2O2S,356.155849,99,244,41,Active,0.9823878094309106,-54.450085579982726,1.6948579645698778,20.31973458513824,1.30791803092671
https://comptox.epa.gov/dashboard/chemical/details/DTXSID3023716,Trioxsalen,3902-71-4,C14H12O3,228.078644,7,244,3,Active,0.9336176483089534,-36.16030808915556,1.1255553689843316,6.604671633799281,0.8198512305540301
https://comptox.epa.gov/dashboard/chemical/details/DTXSID6045377,Lidoflazine,3416-26-0,C30H35F2N3O,491.274819,81,244,33,Active,0.999945880035394,-110.26284583231933,3.432131657176842,27.29886155905209,1.4361445360909082
https://comptox.epa.gov/dashboard/chemical/details/DTXSID5045380,Furaltadone hydrochloride,3759-92-0,C13H17ClN4O6,360.083662,9,244,4,Active,0.9456650276131184,-46.1669909750712,1.4370315771016997,33.92954882178222,1.5305780846520993
https://comptox.epa.gov/dashboard/chemical/details/DTXSID7023481,Piperacetazine,3819-00-9,C24H30N2O2S,410.202799,52,244,21,Active,0.9959675247850655,-63.47652841062772,1.9758224177989008,37.24383641127352,1.5710544103982154
https://comptox.epa.gov/dashboard/chemical/details/DTXSID0020365,Cyclosporin A,59865-13-3,C62H111N11O12,1201.841368,170,482,35,Active,0.9998571440114817,-87.65202405430945,2.7283286976821683,20.990341952498884,1.3220195137073962
https://comptox.epa.gov/dashboard/chemical/details/DTXSID6047785,Clemastine fumarate,14976-57-9,C25H30ClNO5,459.181251,72,244,30,Active,0.9997996526624077,-91.22422097095821,2.8395198249449667,36.02672376949834,1.556624769657331
https://comptox.epa.gov/dashboard/chemical/details/DTXSID3045435,Famprofazone,22881-35-2,C24H31N3O,377.246713,28,244,11,Active,0.9581536185093326,-43.52948026467983,1.354934258309082,35.040233685851,1.5445669938469897
https://comptox.epa.gov/dashboard/chemical/details/DTXSID7045447,Isoconazole,27523-40-6,C18H14Cl4N2O,413.986024,85,244,35,Active,0.9999996964814131,-100.03596284578654,3.1138013203587604,10.798994503816694,1.033383320137589
https://comptox.epa.gov/dashboard/chemical/details/DTXSID2045448,Etofenamate,30544-47-9,C18H18F3NO4,369.118793,22,244,9,Active,0.9999991092594586,-90.13519461532232,2.805621898563111,18.89612478649822,1.2763727482789997
https://comptox.epa.gov/dashboard/chemical/details/DTXSID6045452,Butoconazole nitrate,64872-77-1,C19H18Cl3N3O3S,473.013446,75,244,31,Active,0.9999364778184741,-99.25815913591289,3.0895907649756116,27.735088841766395,1.4430295613605948
https://comptox.epa.gov/dashboard/chemical/details/DTXSID5023740,Vinpocetine,42971-09-5,C22H26N2O2,350.199428,31,259,12,Active,0.9826784568073015,-46.920530672220885,1.4604868709498187,29.607188384490534,1.47139716702868
https://comptox.epa.gov/dashboard/chemical/details/DTXSID5023669,Ticlopidine,55142-85-3,C14H14ClNS,263.053548,21,256,8,Active,0.9999999967909096,-81.5851437167679,2.539486010831465,10.33223490173768,1.0141942712303533
https://comptox.epa.gov/dashboard/chemical/details/DTXSID2045490,Sulconazole nitrate,61318-91-0,C18H16Cl3N3O3S,458.997796,83,244,34,Active,0.999999919329455,-94.75650878271142,2.949468708718694,16.139369429136796,1.2078865626787378
https://comptox.epa.gov/dashboard/chemical/details/DTXSID3022825,Cisapride,81098-60-4,C23H29ClFN3O4,465.183062,30,244,12,Active,0.9986091649676753,-87.012145662391,2.7084113187222014,35.55448187860511,1.5508943542207725
https://comptox.epa.gov/dashboard/chemical/details/DTXSID3045514,Alfuzosin hydrochloride,81403-68-1,C19H28ClN5O4,425.182982,20,244,8,Active,0.9994253953776902,-69.57383926653408,2.1656123098902795,32.60158066646365,1.5132386570642882
https://comptox.epa.gov/dashboard/chemical/details/DTXSID7022629,Atovaquone,95233-18-4,C22H19ClO3,366.102272,43,244,18,Active,0.9999999457384041,-109.2051931339753,3.399210292950443,18.67319929825859,1.271218732440026
https://comptox.epa.gov/dashboard/chemical/details/DTXSID3020625,Finasteride,98319-26-7,C23H36N2O2,372.277678,44,447,10,Active,0.9999997038499966,-68.25994959448903,2.1247151037332648,4.524055912012488,0.6555279636558149
https://comptox.epa.gov/dashboard/chemical/details/DTXSID1033539,Z-Guggulsterone,39025-23-5,C21H28O2,312.208930,44,256,17,Active,1,-86.169549460426,2.682183979157804,1.539625126440882,0.187414990098301
https://comptox.epa.gov/dashboard/chemical/details/DTXSID9045558,Thioproperazine dimethanesulfonate,2347-80-0,C24H38N4O8S4,638.157249,68,244,28,Active,0.9924648340489701,-58.316487756883156,1.8152067657508086,37.10094526443135,1.5693849747874649
https://comptox.epa.gov/dashboard/chemical/details/DTXSID3045560,Trimeprazine tartrate,4330-99-8,C40H50N4O6S2,746.317178,47,244,19,Active,0.999576371138164,-67.86278815727866,2.1123527315183077,27.759943607217576,1.4434185795386134
https://comptox.epa.gov/dashboard/chemical/details/DTXSID8045565,Quinacrine dihydrochloride dihydrate,6151-30-0,C23H36Cl3N3O3,507.182225,106,244,43,Active,0.9999999966351899,-107.28115759218832,3.339321186673042,11.897145301232781,1.0754427657075145
https://comptox.epa.gov/dashboard/chemical/details/DTXSID7045601,Clofilium tosylate,92953-10-1,C28H44ClNO3S,509.273043,49,259,19,Active,1,-103.42470981572055,3.219282234313763,4.4494842228764355,0.6483096711739726
https://comptox.epa.gov/dashboard/chemical/details/DTXSID1045615,Fasudil hydrochloride,105628-07-7,C14H18ClN3O2S,327.080826,20,244,8,Active,0.9806711397093044,-48.71134365316004,1.516229182673855,36.23336327255794,1.5591086482194747
https://comptox.epa.gov/dashboard/chemical/details/DTXSID6023155,Iodoquinol,83-73-8,C9H5I2NO,396.846050,38,259,15,Active,0.9990434237470732,-78.77066332685305,2.4518801888357222,29.919304198627124,1.4759514893859236
https://comptox.epa.gov/dashboard/chemical/details/DTXSID3023180,Itraconazole,84625-61-6,C35H38Cl2N8O4,704.239307,41,244,17,Active,0.9999995490486373,-51.2781550704165,1.596125857357601,4.993163441668809,0.6983757820881835
https://comptox.epa.gov/dashboard/chemical/details/DTXSID9045635,Homochlorcyclizine,848-53-3,C19H23ClN2,314.154976,74,244,30,Active,0.9892685666538719,-61.84266005058864,1.9249652929004784,37.302278210598054,1.5717353568509622
https://comptox.epa.gov/dashboard/chemical/details/DTXSID4045638,Suloctidil,54767-75-8,C20H35NOS,337.243936,148,244,61,Active,0.9999979288893354,-112.2704725080234,3.494622689559184,21.45009181939101,1.331429155568272
https://comptox.epa.gov/dashboard/chemical/details/DTXSID9025370,Halazone,80-13-7,C7H5Cl2NO4S,268.931634,19,244,8,Active,0.9991256602071183,-64.90623911255956,2.020324764202756,46.341013824884804,1.665965530829372
https://comptox.epa.gov/dashboard/chemical/details/DTXSID5022980,Emetine,483-18-1,C29H40N2O4,480.298808,81,244,33,Active,1,-101.08350193601386,3.146407880134724,0.16903880296893736,-0.7720135913569844
https://comptox.epa.gov/dashboard/chemical/details/DTXSID7022883,Daunorubicin,20830-81-3,C27H29NO10,527.179146,111,244,45,Active,1,-99.26585870480525,3.0898304280637774,0.39010259381912327,-0.4088211620245653
https://comptox.epa.gov/dashboard/chemical/details/DTXSID6042579,AMI-193,510-74-7,C22H26FN3O2,383.200905,54,244,22,Active,0.999999999992418,-101.30325515571887,3.15324809885412,6.827243563356015,0.8342453966754153
https://comptox.epa.gov/dashboard/chemical/details/DTXSID2044000,Metitepine,20229-30-5,C20H24N2S2,356.138091,88,244,36,Active,0.9997221294943991,-90.0183554035566,2.8019850655531,32.811896610162535,1.5160313344251166
https://comptox.epa.gov/dashboard/chemical/details/DTXSID6045662,"4-[(R)-[(2S,5R)-2,5-Dimethyl-4-(2-propen-1-yl)-1-piperazinyl](3-methoxyphenyl)methyl]-N,N-diethylbenzamide",156727-74-1,C28H39N3O2,449.304228,25,244,10,Active,0.9997900456837856,-92.83046255319925,2.8895170161281767,38.17592674958457,1.5817895886844604
https://comptox.epa.gov/dashboard/chemical/details/DTXSID1045663,Bifemelane,90293-01-9,C18H23NO,269.177964,57,244,23,Active,0.9995099242253954,-81.3263645957393,2.5314310399408235,34.964046574912246,1.543621690079475
https://comptox.epa.gov/dashboard/chemical/details/DTXSID6045666,Guanabenz,5051-62-7,C8H8Cl2N4,230.012602,29,244,12,Active,0.9999456194636541,-93.4030767900116,2.907340675899325,23.00649829576193,1.361850521903913
https://comptox.epa.gov/dashboard/chemical/details/DTXSID8040484,Forskolin,66575-29-9,C22H34O7,410.230453,97,381,25,Active,0.99999995130672,-86.79859468284003,2.7017641560101797,10.681337434539754,1.0286256350965477
https://comptox.epa.gov/dashboard/chemical/details/DTXSID0045676,Loreclezole hydrochloride,NOCAS_45676,C10H7Cl4N3,308.939408,11,256,4,Active,0.9999986209357071,-73.76832735938555,2.2961733820307484,12.59987017086271,1.1003660701676894
https://comptox.epa.gov/dashboard/chemical/details/DTXSID5023322,Mifepristone,84371-65-3,C29H35NO2,429.266779,363,736,49,Active,0.9999746094992008,-45.90645207853824,1.428921829997253,0.4041118794920182,-0.39349838261352793
https://comptox.epa.gov/dashboard/chemical/details/DTXSID2048161,Rimcazole dihydrochloride,75859-03-9,C21H29Cl2N3,393.173853,89,244,36,Active,0.9999949268684635,-113.36496472569125,3.5286907508398087,24.303662936567036,1.3856717334030069
https://comptox.epa.gov/dashboard/chemical/details/DTXSID5045700,"4,5-Diphenylimidazole",668-94-0,C15H12N2,220.100048,23,244,9,Active,0.9999945981527669,-80.74843826590356,2.513442031611021,13.803130024992923,1.1399775790422697
https://comptox.epa.gov/dashboard/chemical/details/DTXSID9020116,5-Azacytidine,320-67-2,C8H12N4O5,244.080770,118,408,29,Active,0.9999999999999909,-95.59089568060355,2.9754405187601667,3.732074211972282,0.5719502710684621
https://comptox.epa.gov/dashboard/chemical/details/DTXSID3040770,"(Z,E)-Diethylstilbestrol",6898-97-1,C18H20O2,268.146330,51,256,20,Active,0.9999999216514573,-78.16112931424307,2.4329073338816056,14.517935719517373,1.1619048691632494
https://comptox.epa.gov/dashboard/chemical/details/DTXSID2032005,4-Hydroxyphenyl retinamide,65646-68-6,C26H33NO2,391.251129,147,244,60,Active,0.9999999075315636,-110.7973131986283,3.4487679262100803,17.66071871767999,1.247008373577398
https://comptox.epa.gov/dashboard/chemical/details/DTXSID4020375,DDT,50-29-3,C14H9Cl5,351.914689,268,713,38,Active,0.9999898368900364,-71.20815318831161,2.2164833037083387,13.234843419314947,1.1217188075542726
https://comptox.epa.gov/dashboard/chemical/details/DTXSID6020690,Hexachlorophene,70-30-4,C13H6Cl6O2,403.849896,333,556,60,Active,0.9999999999992961,-107.34906258893005,3.3414348532235336,5.96061493977923,0.7752910669845621
https://comptox.epa.gov/dashboard/chemical/details/DTXSID4020379,Dehydroepiandrosterone,53-43-0,C19H28O2,288.208930,77,423,18,Active,0.9999999995529436,-71.16575945246223,2.215163721561004,3.475768625125037,0.541050858635113
https://comptox.epa.gov/dashboard/chemical/details/DTXSID9020328,Danthron,117-10-2,C14H8O4,240.042259,13,244,5,Active,0.9917859942709363,-49.07027001855753,1.5274014187246958,12.895352891416351,1.1104332314447038
https://comptox.epa.gov/dashboard/chemical/details/DTXSID8020620,Fenthion,55-38-9,C10H15O3PS2,278.020024,118,752,16,Active,0.9999986884210191,-76.15645369599893,2.370508158531013,11.66598403986977,1.0669213779399396
https://comptox.epa.gov/dashboard/chemical/details/DTXSID5021126,Phenothiazine,92-84-2,C12H9NS,199.045570,112,669,17,Active,0.9999997062892809,-78.49896882844335,2.4434232033295546,10.750624233073435,1.0314336822151913
https://comptox.epa.gov/dashboard/chemical/details/DTXSID8025757,Nitrogen mustard hydrochloride,55-86-7,C5H12Cl3N,191.003533,112,244,46,Active,0.9999999024851796,-99.56834059026716,3.0992457269977,17.009604224767294,1.2306942086743393
https://comptox.epa.gov/dashboard/chemical/details/DTXSID6045743,Tricirbine,35943-35-2,C13H16N6O4,320.123303,31,244,13,Active,0.9987242076820051,-38.06933630047086,1.1849773448007623,0.2616582046707835,-0.5822656427803021
https://comptox.epa.gov/dashboard/chemical/details/DTXSID1045744,Eliprodil,119431-25-3,C20H23ClFNO,347.145220,41,244,17,Active,0.9967854430642228,-69.40444341894656,2.1603395559838225,37.672142970063085,1.5760203256346994
https://comptox.epa.gov/dashboard/chemical/details/DTXSID4022947,"(5Z,11alpha,13E,15S)-11,15-Dihydroxy-9-oxoprosta-5,13-dien-1-oic acid",363-24-6,C20H32O5,352.224974,11,244,5,Active,0.9999996529946404,-41.381653544742335,1.288079244510163,0.04233349147849121,-1.3733159113674587
https://comptox.epa.gov/dashboard/chemical/details/DTXSID0047797,Idarubicin hydrochloride,57852-57-0,C26H28ClNO9,533.145259,105,244,43,Active,1,-104.668857543137,3.2580085955756903,0.6029481787874138,-0.2197200122939852
https://comptox.epa.gov/dashboard/chemical/details/DTXSID1040243,Sertraline hydrochloride,79559-97-0,C17H18Cl3N,341.050483,104,244,43,Active,0.9996871827694936,-100.63105237060225,3.1323245643541155,34.922851916595675,1.5431097024180116
https://comptox.epa.gov/dashboard/chemical/details/DTXSID0020814,Mestranol,72-33-3,C21H26O2,310.193280,137,539,25,Active,0.9999999999999748,-98.23147661824376,3.0576334039609967,2.348745494190807,0.370835959963315
https://comptox.epa.gov/dashboard/chemical/details/DTXSID5045750,Amperozide hydrochloride,75529-73-6,, ,57,244,23,Active,0.9999999895848063,-111.81361602554256,3.480402200468113,13.68402580936507,1.1362138846342074
https://comptox.epa.gov/dashboard/chemical/details/DTXSID8044204,Mibefradil dihydrochloride,116666-63-8,C29H40Cl2FN3O3,567.243076,133,244,55,Active,0.9999999866371663,-110.158425303694,3.428881378270572,17.749178127161553,1.2491782479205584
https://comptox.epa.gov/dashboard/chemical/details/DTXSID2045781,Stilonium iodide,2551-76-0,C22H30INO,451.137210,37,244,15,Active,0.9999999991223832,-107.66932658229815,3.3514036526137114,7.814924416665125,0.8929247820245598
https://comptox.epa.gov/dashboard/chemical/details/DTXSID1045798,Salmeterol xinafoate,94749-08-3,C36H45NO7,603.319603,58,244,24,Active,0.9988083148748231,-75.10996129716592,2.3379341789287476,39.876742260999315,1.6007196713080776
https://comptox.epa.gov/dashboard/chemical/details/DTXSID1041132,SU-5416,204005-46-9,C15H14N2O,238.110613,56,259,22,Active,0.9999118027423087,-66.26087992144684,2.062490423624934,15.894796820543522,1.2012549808018609
https://comptox.epa.gov/dashboard/chemical/details/DTXSID8045806,Trequinsin hydrochloride,78416-81-6,C24H28ClN3O3,441.181919,74,244,30,Active,0.9797149162455363,-54.77055462039692,1.7048331464223696,37.92351938086946,1.5789086339605323
https://comptox.epa.gov/dashboard/chemical/details/DTXSID7045811,Zolantidine dimaleate,104076-39-3,C30H35N3O9S,613.209401,47,244,19,Active,0.9999806827903404,-111.4173704253291,3.4680683353456963,26.633556574263206,1.425429164840799
https://comptox.epa.gov/dashboard/chemical/details/DTXSID0020446,Diuron,330-54-1,C9H10Cl2N2O,232.017018,88,711,12,Active,0.9997683594502307,-55.564015862781346,1.729531070987747,16.475171858321982,1.2168299535684222
https://comptox.epa.gov/dashboard/chemical/details/DTXSID0032316,"4-Chloro-3,5-dimethylphenol",88-04-0,C8H9ClO,156.034193,53,409,13,Active,0.9302131680010202,-40.429967565956325,1.2584562871955114,23.0414746543779,1.3625102704874896
https://comptox.epa.gov/dashboard/chemical/details/DTXSID0047741,Dibenzothiophene,132-65-0,C12H8S,184.034671,18,471,4,Active,0.9931700420422789,-52.365595449175096,1.6299744173240787,23.0414746543779,1.3625102704874896
https://comptox.epa.gov/dashboard/chemical/details/DTXSID1045958,Tilorone,27591-97-5,C25H34N2O3,410.256943,59,244,24,Active,0.9742744956862361,-51.136623337334,1.5917204247031032,21.090943728860083,1.324096012981144
https://comptox.epa.gov/dashboard/chemical/details/DTXSID4045848,Acriflavine hydrochloride,69235-50-3,, ,112,259,43,Active,0.9999998447055476,-78.01254456358333,2.428282363224776,5.388723543701349,0.7314859036693728
https://comptox.epa.gov/dashboard/chemical/details/DTXSID5022801,Chloroxine,773-76-2,C9H5Cl2NO,212.974819,76,244,31,Active,0.9999999999950593,-94.74782892612834,2.9491985323929,9.364496885498676,0.9714844495466947
https://comptox.epa.gov/dashboard/chemical/details/DTXSID2045860,Fendiline hydrochloride,13636-18-5,C23H26ClN,351.175378,109,244,45,Active,0.9999999824945407,-110.71203187655563,3.446113389924153,19.906181871408638,1.29898796765202
https://comptox.epa.gov/dashboard/chemical/details/DTXSID7045863,Pimethixene maleate,13187-06-9,C23H23NO4S,409.134779,52,244,21,Active,0.9999924719943155,-86.34716668681945,2.687712638435218,20.22659048983325,1.3059226817700782
https://comptox.epa.gov/dashboard/chemical/details/DTXSID9046104,Tenidap,120210-48-2,C14H9ClN2O3S,320.002241,59,256,23,Active,0.9999996146461408,-105.79185793427172,3.2929640256150785,14.955567738976342,1.17480290424293
https://comptox.epa.gov/dashboard/chemical/details/DTXSID5045881,Alexidine dihydrochloride,1715-30-6,C26H58Cl2N10,580.422297,147,244,60,Active,0.9999999999997539,-107.69235289926523,3.352120388616799,7.933172061153069,0.8994468737238394
https://comptox.epa.gov/dashboard/chemical/details/DTXSID5045889,Clofoctol,37693-01-9,C21H26Cl2O,364.136071,143,259,55,Active,0.9999610681160406,-108.37406054774671,3.373339779279461,33.84821733765946,1.5295358009146818
https://comptox.epa.gov/dashboard/chemical/details/DTXSID0045886,Bromhexine hydrochloride,611-75-6,C14H21Br2ClN2,409.976002,44,244,18,Active,0.9999999999569674,-94.28297240271986,2.934729027474973,5.351393220111898,0.7284668640840304
https://comptox.epa.gov/dashboard/chemical/details/DTXSID1046134,Benziodarone,68-90-6,C17H12I2O3,517.887580,61,244,25,Active,0.9991261644372279,-61.335925079460296,1.9091922451156151,35.76126795766751,1.5534129088167183
https://comptox.epa.gov/dashboard/chemical/details/DTXSID1021114,Perhexiline maleate,6724-53-4,C23H39NO4,393.287909,131,244,54,Active,0.9997214637303746,-97.49651108497586,3.0347562647522133,44.048669661319366,1.6439327965738877
https://comptox.epa.gov/dashboard/chemical/details/DTXSID8025258,Ethidium bromide,1239-45-8,C21H20BrN3,393.084061,106,244,43,Active,0.999987590215357,-100.75409768664252,3.136154573649281,18.530498433888727,1.2678871011416808
https://comptox.epa.gov/dashboard/chemical/details/DTXSID5045916,Carvedilol tartrate,NOCAS_45916,C28H32N2O10,556.205695,77,244,32,Active,0.9999112679868376,-92.2362065269929,2.8710197162932665,38.19740526363686,1.5820338624416064
https://comptox.epa.gov/dashboard/chemical/details/DTXSID1044223,Ezetimibe,163222-33-1,C24H21F2NO3,409.148950,32,244,13,Active,0.9966580465081795,-67.62719572241281,2.1050194884136983,21.697231427977165,1.336404321301953
https://comptox.epa.gov/dashboard/chemical/details/DTXSID3045930,Canrenone,976-71-6,C22H28O3,340.203845,25,256,10,Active,0.9999999934241675,-49.64914867425023,1.5454200699291847,0.5825505638925833,-0.23466637302042304
https://comptox.epa.gov/dashboard/chemical/details/DTXSID2045943,Oxiconazole nitrate,64211-46-7,C18H14Cl4N4O4,489.976916,112,244,46,Active,0.999999999986958,-124.16525363712583,3.864869390160993,10.995420970309013,1.041211861398709
https://comptox.epa.gov/dashboard/chemical/details/DTXSID1045952,Topotecan hydrochloride,119413-54-6,C23H24ClN3O5,457.140449,88,259,34,Active,1,-98.43232372426314,3.0638851354995587,0.4625326476224682,-0.334857607396568
https://comptox.epa.gov/dashboard/chemical/details/DTXSID6045953,Irinotecan hydrochloride,100286-90-6,C33H39ClN4O6,622.255813,42,244,17,Active,0.9999166200543806,-66.43998774751084,2.068065480528664,10.049083518782666,1.002126455698315
https://comptox.epa.gov/dashboard/chemical/details/DTXSID6045955,Tegaserod,145158-71-0,C16H23N5O,301.190260,105,244,43,Active,0.9999999994895513,-103.5293717601185,3.222540027725119,10.755696536066706,1.031638540430133
https://comptox.epa.gov/dashboard/chemical/details/DTXSID6045957,Cepharanthine,481-49-2,C37H38N2O6,606.272987,80,244,33,Active,0.9998250594277778,-81.59197449523457,2.539698631237202,43.02929857380284,1.6337642666493752
https://comptox.epa.gov/dashboard/chemical/details/DTXSID2020898,Mitomycin C,50-07-7,C15H18N4O5,334.127720,92,244,38,Active,0.999993290276375,-76.4227790352787,2.3787980191921503,11.580887436697582,1.0637418404012267
https://comptox.epa.gov/dashboard/chemical/details/DTXSID7047853,Vinrosidine sulfate (1:x),18556-44-0,, ,63,259,24,Active,0.9997920496280365,-77.76394605990858,2.4205442825689722,14.95704254324985,1.1748457289481196
https://comptox.epa.gov/dashboard/chemical/details/DTXSID4045973,Cloxyquin,130-16-5,C9H6ClNO,179.013791,54,244,22,Active,0.9999999132936163,-98.03634941190865,3.0515597147052556,11.972287705655077,1.0781771448100748
https://comptox.epa.gov/dashboard/chemical/details/DTXSID9046152,Metochalcone,18493-30-6,C18H18O4,298.120509,48,244,20,Active,0.9999775704338636,-73.38655556203243,2.284290040351852,19.450214136260968,1.2889243870336844
https://comptox.epa.gov/dashboard/chemical/details/DTXSID0040678,Idebenone,58186-27-9,C19H30O5,338.209324,67,244,27,Active,0.9999615517563394,-98.07582289501897,3.052788398673816,24.474393050014747,1.388711930371075
https://comptox.epa.gov/dashboard/chemical/details/DTXSID4046024,Clopidogrel hydrogen sulfate,135046-48-9,C16H18ClNO6S2,419.026407,22,256,9,Active,0.9999968668012525,-84.9232392489002,2.643390306644169,13.3423281426545,1.1252316175331476
https://comptox.epa.gov/dashboard/chemical/details/DTXSID1044196,Desloratadine,100643-71-8,C19H19ClN2,310.123676,55,244,23,Active,0.9974310418123822,-80.90132520229707,2.518200915624979,31.04955774983965,1.4920554187421613
https://comptox.epa.gov/dashboard/chemical/details/DTXSID9046029,Efavirenz,154598-52-4,C14H9ClF3NO2,315.027391,91,259,35,Active,0.9999999995785888,-94.54119335594169,2.942766624377258,5.766320503582227,0.7608987776756384
https://comptox.epa.gov/dashboard/chemical/details/DTXSID5046481,Adapalene,106685-40-9,C28H28O3,412.203845,61,244,25,Active,0.99678240864649,-75.27521214505767,2.343077912179448,22.221938400444156,1.3467819393887916
https://comptox.epa.gov/dashboard/chemical/details/DTXSID9023411,Oxyphenisatin acetate,115-33-3,C24H19NO5,401.126323,39,244,16,Active,1,-84.53835451972421,2.6314100692995086,0.3251799531657501,-0.48787623582659045
https://comptox.epa.gov/dashboard/chemical/details/DTXSID5023372,Nitrazepam,146-22-5,C15H11N3O3,281.080041,3,244,1,Active,0.9999596245198397,-67.40144305578038,2.0979925259950107,11.980865448122707,1.0784881908219468
https://comptox.epa.gov/dashboard/chemical/details/DTXSID9046283,Flazalone,21221-18-1,C19H19F2NO2,331.138385,21,244,9,Active,0.9976632649185804,-64.67433367357911,2.0131062855521447,26.557599341486238,1.4241888146769166
https://comptox.epa.gov/dashboard/chemical/details/DTXSID9023677,Tinoridine,24237-54-5,C17H20N2O2S,316.124549,27,244,11,Active,0.9957793829351721,-57.640471904578725,1.7941645425981811,27.721946429186424,1.4428237199433123
https://comptox.epa.gov/dashboard/chemical/details/DTXSID8041034,Gefitinib,184475-35-2,C22H24ClFN4O3,446.152097,72,256,28,Active,0.9903838290828747,-63.0764404119956,1.9633689510359438,36.26923525358565,1.5595383984630025
https://comptox.epa.gov/dashboard/chemical/details/DTXSID9040502,Imatinib mesylate,220127-57-1,C30H35N7O4S,589.247124,52,256,20,Active,0.9991084715831496,-58.34411971532166,1.8160668607228794,27.166241713822615,1.4340295605435522
https://comptox.epa.gov/dashboard/chemical/details/DTXSID5046069,Benzoxiquine,86-75-9,C16H11NO2,249.078979,73,244,30,Active,0.9999998217027463,-99.09015125055952,3.0843612139185534,8.01903404205041,0.9041220571279349
https://comptox.epa.gov/dashboard/chemical/details/DTXSID3046083,Aripiprazole,129722-12-9,C23H27Cl2N3O2,447.148032,98,244,40,Active,0.9999999997982555,-109.28129816690279,3.401579200544014,10.715518479861798,1.0300131896097908
https://comptox.epa.gov/dashboard/chemical/details/DTXSID8046088,Nefazodone hydrochloride,82752-99-6,C25H33Cl2N5O2,505.201131,77,244,32,Active,0.9999999855788716,-105.37112641584172,3.2798679917455043,12.489877986486901,1.096558195775714
https://comptox.epa.gov/dashboard/chemical/details/DTXSID7046091,Zaldaride,109826-26-8,C26H28N4O2,428.221226,66,244,27,Active,0.9998916185984491,-81.37930753531077,2.533078985244208,35.95675268082157,1.5557804629143253
https://comptox.epa.gov/dashboard/chemical/details/DTXSID2046094,Eplerenone,107724-20-9,C24H30O6,414.204239,4,256,2,Active,0.9999689929940221,-63.263825516097874,1.9692016532759242,15.972793527005104,1.2033808777706696
https://comptox.epa.gov/dashboard/chemical/details/DTXSID4046284,Nitroxoline,4008-48-4,C9H6N2O3,190.037842,81,244,33,Active,0.9999999999682052,-106.68642417134961,3.320809027061764,7.426431245430866,0.8707801646683608
https://comptox.epa.gov/dashboard/chemical/details/DTXSID2046123,Fluperlapine,67121-76-0,C19H20FN3,309.164126,21,256,8,Active,0.9993444632845716,-72.47060227891043,2.2557793281915766,11.594288151597027,1.064244089642951
https://comptox.epa.gov/dashboard/chemical/details/DTXSID9046285,Proroxan,33743-96-3,C21H23NO3,337.167794,54,244,22,Active,0.9999971286873772,-106.51547150827844,3.315487814441354,22.45137339692791,1.3512429128432875
https://comptox.epa.gov/dashboard/chemical/details/DTXSID7046128,Nafamostat mesylate,82956-11-4,C21H25N5O8S2,539.114455,5,244,2,Active,0.9993067877487741,-54.43547309623231,1.6944031244313777,30.846089174148887,1.4892001097711602
https://comptox.epa.gov/dashboard/chemical/details/DTXSID6046137,Indocate,31386-25-1,C22H26N2O2,350.199428,60,244,25,Active,0.9989165203183211,-78.97734265963769,2.4583134590418356,34.16093256247396,1.533529718024235
https://comptox.epa.gov/dashboard/chemical/details/DTXSID5046140,Chlormidazole,3689-76-7,C15H13ClN2,256.076726,44,259,17,Active,0.9999999999999999,-110.8697156416899,3.4510215839586436,2.341036642238433,0.3694082113888136
https://comptox.epa.gov/dashboard/chemical/details/DTXSID0046309,Cilnidipine,132203-70-4,C27H28N2O7,492.189651,64,256,25,Active,0.9999735325459019,-102.97749802188034,3.205361953701416,22.607945540666247,1.3542610983519434
https://comptox.epa.gov/dashboard/chemical/details/DTXSID9046310,cis-Flupentixol,53772-82-0,C23H25F3N2OS,434.163969,97,244,40,Active,0.9999514954096744,-98.42541431593479,3.0636700675963398,32.50607685691681,1.5119645578626606
https://comptox.epa.gov/dashboard/chemical/details/DTXSID1032278,(+)-Vincristine,57-22-7,C46H56N4O10,824.399644,48,244,20,Active,0.9888203637505741,-57.67786662324742,1.7953285212419867,23.0414746543779,1.3625102704874896
https://comptox.epa.gov/dashboard/chemical/details/DTXSID0046222,Fomocaine,17692-39-6,C20H25NO2,311.188529,34,244,14,Active,0.9999377642913202,-107.81461424936124,3.355925995545826,33.97456512208041,1.5311539064261797
https://comptox.epa.gov/dashboard/chemical/details/DTXSID5046227,Rafoxanide,22662-39-1,C19H11Cl2I2NO3,624.820540,56,244,23,Active,0.9979843794884475,-59.43331619743029,1.8499700826006784,28.818627445969376,1.4596732926876674
https://comptox.epa.gov/dashboard/chemical/details/DTXSID9046235,Broquinaldol,15599-52-7,C10H7Br2NO,314.889440,47,244,19,Active,0.9999999999939648,-110.68815559007439,3.4453701970737463,6.375621138746091,0.804522501888594
https://comptox.epa.gov/dashboard/chemical/details/DTXSID1046267,Sulazepam,2898-13-7,C16H13ClN2S,300.048797,18,244,7,Active,0.9999876231856448,-73.93113203837268,2.301240973824434,12.668112488288191,1.102711911095986
https://comptox.epa.gov/dashboard/chemical/details/DTXSID3046401,Tiliquinol,5541-67-3,C10H9NO,159.068414,61,244,25,Active,0.9999999947139878,-96.0347216677646,2.9892554099804576,6.618603945068439,0.8207663938367233
https://comptox.epa.gov/dashboard/chemical/details/DTXSID3041827,Cypromid,2759-71-9,C10H9Cl2NO,229.006119,31,256,12,Active,0.9999999999999089,-117.17697558604894,3.6473465233493614,7.841418699475609,0.8943946440127257
https://comptox.epa.gov/dashboard/chemical/details/DTXSID0046272,Salicylaldehyde isonicotinoylhydrazone,495-84-1,C13H11N3O2,241.085127,51,244,21,Active,0.9949456941710095,-59.61816768815222,1.8557239215152652,20.8597876560216,1.319309883175485
https://comptox.epa.gov/dashboard/chemical/details/DTXSID5046277,Tenonitrozole,3810-35-3,C8H5N3O3S2,254.977233,66,244,27,Active,0.9904983354189949,-84.76446703932652,2.638448232796497,40.93980892770866,1.612145811413067
https://comptox.epa.gov/dashboard/chemical/details/DTXSID0046305,Pinokalant hydrochloride,143482-60-4,C41H49ClN2O9,748.312659,42,244,17,Active,0.9991769139847474,-70.78770393932322,2.2033960559886148,22.123906474036342,1.344861813877051
https://comptox.epa.gov/dashboard/chemical/details/DTXSID0046307,Falnidamol dihydrochloride,1216920-18-1,C18H21Cl3FN7,459.090805,105,244,43,Active,0.9963291660644837,-59.24350450959747,1.8440618485278533,39.124868602612224,1.5924528920176033
https://comptox.epa.gov/dashboard/chemical/details/DTXSID9020031,Actinomycin D,50-76-0,C62H86N12O16,1254.628475,112,252,44,Active,1,-96.74182784908406,3.011265376180519,0.0164615997560593,-1.7835279618656181
https://comptox.epa.gov/dashboard/chemical/details/DTXSID1047819,Mefloquine hydrochloride,51773-92-3,C17H17ClF6N2O,414.093360,124,244,51,Active,0.9999588547353357,-96.24198167059029,2.9957067545979035,36.15780494024259,1.558202057553438
https://comptox.epa.gov/dashboard/chemical/details/DTXSID9046318,(+/-) -Niguldipine hydrochloride (1:x),102992-93-8,, ,118,244,48,Active,0.9999998570550013,-103.36373983471904,3.2173844327437675,20.05081477915572,1.302132025180722
https://comptox.epa.gov/dashboard/chemical/details/DTXSID6023490,Pizotyline,15574-96-6,C19H21NS,295.139471,31,244,13,Active,0.9970293209842449,-61.8849718680621,1.926282325189344,23.0414746543779,1.3625102704874896
https://comptox.epa.gov/dashboard/chemical/details/DTXSID8046402,Nifuroxime,6236-05-1,C5H4N2O4,156.017107,7,244,3,Active,0.9630066306185294,-42.65943702702923,1.3278525798296932,23.0414746543779,1.3625102704874896
https://comptox.epa.gov/dashboard/chemical/details/DTXSID3034662,Imazalil sulfate,58594-72-2,C14H16Cl2N2O5S,394.015698,51,244,21,Active,0.9999959629716269,-84.92703395789744,2.643508423864714,17.975569198715405,1.2546826512633964
https://comptox.epa.gov/dashboard/chemical/details/DTXSID4026214,Triclocarban,101-20-2,C13H9Cl3N2O,313.978046,259,647,40,Active,0.9999999545949106,-110.81910141000873,3.4494461239245284,14.168371733802259,1.1513199428616607
https://comptox.epa.gov/dashboard/chemical/details/DTXSID9022360,"4-(1,1,3,3-Tetramethylbutyl)phenol",140-66-9,C14H22O,206.167065,315,709,44,Active,0.9994654496165006,-57.1852896564844,1.7799961670980131,16.566927859970907,1.219241981131368
https://comptox.epa.gov/dashboard/chemical/details/DTXSID5037028,Hexadecyltrimethylammonium bromide,57-09-0,C19H42BrN,363.250063,205,379,54,Active,0.9999999718904045,-106.77902873902892,3.3236915126890136,16.31241345960635,1.2125182206752991
https://comptox.epa.gov/dashboard/chemical/details/DTXSID2046385,Amindocate,31386-24-0,C19H29N3O2,331.225977,25,244,10,Active,0.9239617912633927,-40.144787795950485,1.2495795480796725,23.0414746543779,1.3625102704874896
https://comptox.epa.gov/dashboard/chemical/details/DTXSID7046386,Cyclovalone,579-23-7,C22H22O5,366.146724,120,244,49,Active,0.9999999998298852,-118.09152351083837,3.675813491175029,14.235068447770345,1.1533595597455304
https://comptox.epa.gov/dashboard/chemical/details/DTXSID1041897,Dipyrithione,3696-28-4,C10H8N2O2S2,252.002720,113,244,46,Active,1,-103.08959932964942,3.2088513108307457,0.2569549972881152,-0.5901429316914032
https://comptox.epa.gov/dashboard/chemical/details/DTXSID8046400,Myralact,15518-87-3,C19H41NO4,347.303559,49,244,20,Active,0.9916597411579653,-55.819484951935365,1.7374830111149684,37.68514586005534,1.5761702005443767
https://comptox.epa.gov/dashboard/chemical/details/DTXSID3046405,Guaiacol carbonate,553-17-3,C15H14O5,274.084124,8,244,3,Active,0.9967627433166337,-53.30763577355209,1.6592971360987083,20.226222019836865,1.3059147701082554
https://comptox.epa.gov/dashboard/chemical/details/DTXSID6046420,Buformin,692-13-7,C6H15N5,157.132746,10,244,4,Active,0.9317752717488339,-46.56796254245002,1.4495125465492096,23.0414746543779,1.3625102704874896
https://comptox.epa.gov/dashboard/chemical/details/DTXSID1046427,Lomerizine dihydrochloride,101477-54-7,C27H32Cl2F2N2O3,540.175805,101,244,41,Active,0.9999680271529714,-108.46671705672375,3.37622388167409,22.39598225211845,1.3501701146628249
https://comptox.epa.gov/dashboard/chemical/details/DTXSID6046428,Lanoconazole,101530-10-3,C14H10ClN3S2,319.000467,20,244,8,Active,0.9361928185875193,-41.75077200091409,1.2995687279269241,28.470801077667232,1.4543996869824296
https://comptox.epa.gov/dashboard/chemical/details/DTXSID1046429,Lacidipine,103890-78-4,C26H33NO6,455.230788,100,244,41,Active,0.9999976340288382,-120.13168758361138,3.739317309230364,24.001492905578775,1.3802382558987
https://comptox.epa.gov/dashboard/chemical/details/DTXSID5046439,Entacapone,130929-57-6,C14H15N3O5,305.101171,36,244,15,Active,0.9999439605085144,-70.51863552010309,2.195020811974359,19.228972343178427,1.283956074794243
https://comptox.epa.gov/dashboard/chemical/details/DTXSID9046443,Duloxetine hydrochloride,136434-34-9,C18H20ClNOS,333.095413,100,244,41,Active,0.9999999913615519,-108.22429522246225,3.3686780610898373,15.52984078428932,1.1911670032585628
https://comptox.epa.gov/dashboard/chemical/details/DTXSID9046449,Perospirone hydrochloride,129273-38-7,C23H31ClN4O2S,462.185625,42,244,17,Active,0.9287033196551917,-49.37762384260439,1.5369683656096855,20.801235875668198,1.3180891387145914
https://comptox.epa.gov/dashboard/chemical/details/DTXSID3046453,Rimonabant,168273-06-1,C22H21Cl3N4O,462.078094,68,244,28,Active,0.9999560185125057,-92.08665393273776,2.866364619743912,33.56187604908036,1.5258462291230275
https://comptox.epa.gov/dashboard/chemical/details/DTXSID6046507,Triparanol,78-41-1,C27H32ClNO2,437.212157,120,244,49,Active,0.9998954824210586,-98.5233155236434,3.0667174207796917,37.14714805647153,1.569925476753888
https://comptox.epa.gov/dashboard/chemical/details/DTXSID8046456,Lopinavir,192725-17-0,C37H48N4O5,628.362471,73,244,30,Active,0.9996764274703823,-83.8589144543742,2.6102612612868046,21.715606097868573,1.3367719553324355
https://comptox.epa.gov/dashboard/chemical/details/DTXSID3023051,Feprazone,30748-29-9,C20H20N2O2,320.152478,42,244,17,Active,0.9891789078077259,-48.47810075795857,1.508969073265379,19.059594852268287,1.280113664649929
https://comptox.epa.gov/dashboard/chemical/details/DTXSID7046465,Drospirenone,67392-87-4,C24H30O3,366.219495,32,256,12,Active,0.997798767302752,-40.263803516319236,1.2532841288792693,0.21004777466098898,-0.6776819152094091
https://comptox.epa.gov/dashboard/chemical/details/DTXSID6046472,Ebastine,90729-43-4,C32H39NO2,469.298079,114,244,47,Active,0.9999788840009971,-119.70160736610728,3.7259302800957625,25.781762050442563,1.4113125958192865
https://comptox.epa.gov/dashboard/chemical/details/DTXSID4046492,Sunitinib malate,341031-54-7,C26H33FN4O7,532.233328,118,267,44,Active,0.9999814655330863,-96.63143838695662,3.007829303360827,18.002274340974786,1.255327375733271
https://comptox.epa.gov/dashboard/chemical/details/DTXSID5047825,Vinorelbine tartrate,125317-39-7,C53H66N4O20,1078.427041,70,244,29,Active,0.999975873651848,-113.80672673790485,3.542441397085255,21.52730441161639,1.3329896520969662
https://comptox.epa.gov/dashboard/chemical/details/DTXSID4022866,Cyclofenil,2624-43-3,C23H24O4,364.167459,16,244,7,Active,0.9997157445105692,-59.22415756462269,1.843459639671222,13.497763333191541,1.1302618090483658
https://comptox.epa.gov/dashboard/chemical/details/DTXSID6046503,Ganaxolone,38398-32-2,C22H36O2,332.271530,5,244,2,Active,0.994502231251281,-42.986781364236855,1.3380417678018266,8.272608823476936,0.9176424888720452
https://comptox.epa.gov/dashboard/chemical/details/DTXSID1046504,Indoramin hydrochloride,38821-52-2,C22H26ClN3O,383.176440,18,244,7,Active,0.9702485771716368,-44.81398144012143,1.3949166940482995,36.55996659951067,1.563005790298806
https://comptox.epa.gov/dashboard/chemical/details/DTXSID3047843,Diphenoxylate hydrochloride,3810-80-8,C30H33ClN2O2,488.223056,58,256,23,Active,0.9990508782192882,-63.33047596500043,1.9712762697427566,33.42617414238893,1.524086671419571
https://comptox.epa.gov/dashboard/chemical/details/DTXSID4046529,Decominol hydrochloride,60812-23-9,C13H30ClNO2,267.196507,100,244,41,Active,0.9998769510710529,-106.01807095369918,3.3000053173519452,43.65911513764171,1.6400749293865484
https://comptox.epa.gov/dashboard/chemical/details/DTXSID9022366,Estriol,50-27-1,C18H24O3,288.172545,73,562,13,Active,0.9999999999999872,-76.9551175366218,2.395368023430679,1.7563432520930813,0.2446093964914608
https://comptox.epa.gov/dashboard/chemical/details/DTXSID2046545,Diphenylcyclopropenone,886-38-4,C15H10O,206.073165,96,244,39,Active,0.9999996817177366,-96.5099286560413,3.00404709194608,20.279949151478718,1.3070668617431578
https://comptox.epa.gov/dashboard/chemical/details/DTXSID6024961,Dibutyltin dilaurate,77-58-7,C32H64O4Sn,632.382663,38,244,16,Active,0.9999996651727387,-90.92090903732792,2.8300786892518506,13.727405978075014,1.1375884778162688
https://comptox.epa.gov/dashboard/chemical/details/DTXSID0044367,Tetradonium bromide,1119-97-7,C17H38BrN,335.218763,290,465,62,Active,0.9999999999925222,-111.48541088546699,3.4701862184408165,7.892562642647934,0.8972180375390242
https://comptox.epa.gov/dashboard/chemical/details/DTXSID4020614,Ethynodiol diacetate,297-76-7,C24H32O4,384.230060,69,247,28,Active,0.9999999661355539,-92.91471638403317,2.892139569880175,13.972403338351846,1.1452711138316456
https://comptox.epa.gov/dashboard/chemical/details/DTXSID6046553,Quinestrol,152-43-2,C25H32O2,364.240230,63,256,25,Active,0.9999999995768738,-92.61476897245838,2.882803161056484,5.921970984027498,0.7724662751391269
https://comptox.epa.gov/dashboard/chemical/details/DTXSID0043761,"4,4'-Dinitrodiphenylurea",587-90-6,C13H10N4O5,302.065119,29,244,12,Active,0.9999983782454558,-56.41141501336439,1.7559079110649904,5.542390048960927,0.7436970862514434
https://comptox.epa.gov/dashboard/chemical/details/DTXSID1027479,2-(2H-Benzotriazol-2-yl)-4-methylphenol,2440-22-4,C13H11N3O,225.090212,42,482,9,Active,0.9177277050345147,-46.82312189302832,1.4574548454998122,29.665093340067973,1.4722457191663998
https://comptox.epa.gov/dashboard/chemical/details/DTXSID4043777,Proflavin hemisulfate,1811-28-5,C26H24N6O4S,516.157974,112,259,43,Active,0.9999999602293043,-116.85595437935221,3.6373541543168724,18.896422775756587,1.276379596988543
https://comptox.epa.gov/dashboard/chemical/details/DTXSID9046576,Carbocyanine,605-91-4,C25H25IN2,480.106240,132,244,54,Active,1,-115.12988039643513,3.583626961673867,2.4070243446040562,0.3814804827443858
https://comptox.epa.gov/dashboard/chemical/details/DTXSID2046591,"3,3'-Diethylthiacarbocyanine iodide",905-97-5,C21H21IN2S2,492.019090,121,244,50,Active,1,-111.45528886978184,3.469248615907247,0.4797966148533187,-0.3189428204692935
https://comptox.epa.gov/dashboard/chemical/details/DTXSID5039721,Polyoxyethylene (9) lauryl ether,3055-99-0,C30H62O10,582.434298,116,244,48,Active,0.9999999999989964,-108.40290325159677,3.37423756090495,7.982827475221786,0.9021567434049833
https://comptox.epa.gov/dashboard/chemical/details/DTXSID4046606,Benzyldimethyltetradecylammonium chloride dihydrate,147228-81-7,C23H46ClNO2,403.321707,103,244,42,Active,0.999999995219322,-130.12081401016255,4.050247040612819,16.557222457783006,1.2189874838721149
https://comptox.epa.gov/dashboard/chemical/details/DTXSID3046619,Tioconazole,65899-73-2,C16H13Cl3N2OS,385.981417,103,244,42,Active,0.9999999979470755,-114.39391391554054,3.560718666149365,12.020894418942198,1.0799367827049648
https://comptox.epa.gov/dashboard/chemical/details/DTXSID3020120,Azelnidipine,123524-52-7,C33H34N4O6,582.247835,135,244,55,Active,0.9999999412451245,-128.41191320902203,3.9970543944925776,25.726094552798017,1.4103738614958037
https://comptox.epa.gov/dashboard/chemical/details/DTXSID8046903,Nitrovin,804-36-4,C14H12N6O6,360.081832,150,244,61,Active,0.9999999999999966,-108.64871229742394,3.3818888146109067,1.9309579821351153,0.2857728235849877
https://comptox.epa.gov/dashboard/chemical/details/DTXSID0046648,Calcipotriene,112965-21-6,C27H40O3,412.297745,95,244,39,Active,0.993738957931366,-61.50610271881395,1.9144893337129611,42.721615161892586,1.6306476635578901
https://comptox.epa.gov/dashboard/chemical/details/DTXSID9046651,Anethole trithione,532-11-6,C10H8OS3,239.973728,30,244,12,Active,0.9999999999993762,-84.39345993000775,2.6268999616148605,2.1570025035770417,0.3338506491772151
https://comptox.epa.gov/dashboard/chemical/details/DTXSID9047839,Sorafenib tosylate,475207-59-1,C28H24ClF3N4O6S,636.105718,102,244,42,Active,0.9999905342143423,-117.57513243265643,3.6597398794925664,14.136942511837626,1.150355491934824
https://comptox.epa.gov/dashboard/chemical/details/DTXSID8046662,Sarpogrelate hydrochloride,135159-51-2,C24H32ClNO6,465.191816,30,244,12,Active,0.9875706924868618,-47.56716378866961,1.480614502998402,18.681525897678075,1.2714123462986116
https://comptox.epa.gov/dashboard/chemical/details/DTXSID3046665,Lercanidipine hydrochloride,132866-11-6,C36H42ClN3O6,647.276214,50,244,20,Active,0.9999830038723098,-94.38870846874099,2.9380202548757994,25.998491863511955,1.4149481558803774
https://comptox.epa.gov/dashboard/chemical/details/DTXSID9020796,Manidipine dihydrochloride,89226-75-5,C35H40Cl2N4O6,682.232490,67,256,26,Active,0.9999988228290748,-93.66483561494259,2.9154883954943487,20.13520823465925,1.3039561253611718
https://comptox.epa.gov/dashboard/chemical/details/DTXSID9047833,Lofepramine hydrochloride,26786-32-3,C26H28Cl2N2O,454.157869,28,244,11,Active,0.9999999998799769,-98.60060684511335,3.0691232537621405,8.717263317374217,0.9403801646681743
https://comptox.epa.gov/dashboard/chemical/details/DTXSID7046675,Lapatinib,231277-92-2,C29H26ClFN4O4S,580.134732,81,244,33,Active,0.9999997000678031,-81.26021006293745,2.529371859764753,11.232158145863743,1.050463209582066
https://comptox.epa.gov/dashboard/chemical/details/DTXSID6023024,Ethylestrenol,965-90-2,C20H32O,288.245316,60,271,22,Active,0.9999999999999918,-71.0563883582382,2.2117593472948323,0.8344174717043458,-0.0786166108790497
https://comptox.epa.gov/dashboard/chemical/details/DTXSID2046755,Pirarubicin,72496-41-4,C32H37NO12,627.231576,101,244,41,Active,1,-101.74104954872703,3.1668752457342473,1.2904071801661956,0.11072677091677176
https://comptox.epa.gov/dashboard/chemical/details/DTXSID5046772,Rotigotine,99755-59-6,C19H25NOS,315.165686,39,244,16,Active,0.9999677443499901,-68.97677245417596,2.147027519223256,16.681858969220727,1.2222444452878898
https://comptox.epa.gov/dashboard/chemical/details/DTXSID3046792,Cinacalcet hydrochloride,364782-34-3,C22H23ClF3N,393.147112,147,244,60,Active,0.9999996059596662,-111.6355403394636,3.4748592707989974,20.430368604958304,1.3102762022494459
https://comptox.epa.gov/dashboard/chemical/details/DTXSID4023672,Timepidium bromide,35035-05-3,C17H22BrNOS2,399.032620,9,244,4,Active,0.9758967217053345,-48.33737111884354,1.504588607244719,34.52008732452003,1.538071885667425
https://comptox.epa.gov/dashboard/chemical/details/DTXSID3040980,Bortezomib,179324-69-7,C19H25BN4O4,384.196885,115,256,45,Active,1,-94.90152465753295,2.953982591622869,0.027817076861598088,-1.555688509483364
https://comptox.epa.gov/dashboard/chemical/details/DTXSID9046813,Robenidine,25875-51-8,C15H13Cl2N5,333.054801,86,244,35,Active,0.9340142390271599,-44.214860936747854,1.3762679785125225,39.900813681692135,1.6009817521746117
https://comptox.epa.gov/dashboard/chemical/details/DTXSID5048920,L-αlpha-Noracetylmethadol hydrochloride,55096-75-8,C22H30ClNO2,375.196507,85,244,35,Active,0.9999999979378079,-110.17129061673089,3.429281834542311,26.85315003175083,1.428995238309855
https://comptox.epa.gov/dashboard/chemical/details/DTXSID4040979,Dasatinib,302962-49-8,C22H26ClN7O2S,487.155722,89,256,35,Active,0.9999926496905382,-81.99227392942112,2.552158679316416,16.52477610037501,1.2181355837988042
https://comptox.epa.gov/dashboard/chemical/details/DTXSID1048623,Tocophersolan,9002-96-4,(C2H4)nC33H54O6, ,51,244,21,Active,0.9999976994021249,-93.83970395207972,2.9209314905931176,0.00005904436015594305,-4.228821579339689
https://comptox.epa.gov/dashboard/chemical/details/DTXSID6046892,Riboflavin tetrabutyrate,752-56-7,C33H44N4O10,656.305744,63,244,26,Active,0.9999998634686368,-106.40110536677906,3.311927960242179,18.386990472483028,1.2645106510351096
https://comptox.epa.gov/dashboard/chemical/details/DTXSID2046919,Vatalanib,212141-54-3,C20H15ClN4,346.098524,47,259,18,Active,0.9999539163728952,-105.19069012640385,3.274251584002637,22.486017710404916,1.3519125483865404
https://comptox.epa.gov/dashboard/chemical/details/DTXSID6046925,Oxapium iodide,6577-41-9,C22H34INO2,471.163420,16,244,7,Active,0.9998168108267196,-77.69889935968921,2.418519585697305,22.733195919881283,1.3566604948011423
https://comptox.epa.gov/dashboard/chemical/details/DTXSID6048919,Etonitazene,911-65-9,C22H28N4O3,396.216141,63,256,25,Active,0.9999999999997944,-99.20095775037538,3.0878102677949366,12.842531450506595,1.10865063795602
https://comptox.epa.gov/dashboard/chemical/details/DTXSID5048922,1-(2-Phenylethyl)-4-phenyl-4-acetoxypiperidine,64-52-8,C21H25NO2,323.188529,30,244,12,Active,0.9976136131110005,-60.46943939754535,1.882221302030097,79.65628602627444,1.901220053568458
https://comptox.epa.gov/dashboard/chemical/details/DTXSID9048930,(±)-cis-3-Methyl fentanyl hydrochloride,78995-18-3,C23H31ClN2O,386.212491,47,244,19,Active,0.9999905302855383,-109.78865916348765,3.4173717345100227,49.15250479217654,1.6915456542068674
https://comptox.epa.gov/dashboard/chemical/details/DTXSID9048936,(±)-cis-3-Methyl thiofentanyl hydrochloride,131690-45-4,C21H29ClN2OS,392.168912,46,244,19,Active,0.9999704787480974,-106.80710913301029,3.3245655660331113,45.81578963926812,1.6610151760701148
https://comptox.epa.gov/dashboard/chemical/details/DTXSID7048875,Mecloqualone,340-57-8,C15H11ClN2O,270.055991,34,244,14,Active,0.9224079893322878,-43.524160894770624,1.3547686832441195,55.16179423785557,1.7416383839528125
https://comptox.epa.gov/dashboard/chemical/details/DTXSID5048928,Sufentanil citrate,60561-17-3,C28H38N2O9S,578.229802,35,244,14,Active,0.9970363890161146,-58.80297399104737,1.83034953476291,79.81791169886029,1.9021003610134557
https://comptox.epa.gov/dashboard/chemical/details/DTXSID7048904,Codeine hydrochloride,1422-07-7,C18H22ClNO3,335.128821,42,244,17,Active,0.9995226166671856,-73.13188269512888,2.276362884090595,45.48387096774195,1.6578574188211073
https://comptox.epa.gov/dashboard/chemical/details/DTXSID7048877,Ibogaine hydrochloride (1:x),36415-61-9,, ,50,244,20,Active,0.9974963039673623,-62.946369443433674,1.9593202555255818,68.61471221688089,1.836417246166732
https://comptox.epa.gov/dashboard/chemical/details/DTXSID2048905,Buprenorphine hydrochloride,53152-21-9,C29H42ClNO4,503.280237,144,244,59,Active,0.9999998254726328,-110.53141500762749,3.4404913613161563,40.767422444330826,1.6103132536745932
https://comptox.epa.gov/dashboard/chemical/details/DTXSID6049066,Posaconazole,171228-49-2,C37H42F2N8O4,700.329708,70,244,29,Active,0.9999999946848898,-114.7981550800535,3.573301407755444,13.553234143856914,1.1320429412055815
https://comptox.epa.gov/dashboard/chemical/details/DTXSID3048607,Luliconazole,187164-19-8,C14H9Cl2N3S2,352.961495,45,256,18,Active,0.9999999975461663,-104.11789806914346,3.2408589796897522,9.415471848686462,0.9738420892115266
https://comptox.epa.gov/dashboard/chemical/details/DTXSID0048632,l-Oxyfedrine hydrochloride,16777-42-7,C19H24ClNO3,349.144471,49,244,20,Active,0.9997849600450763,-91.46952843852154,2.847155466115033,23.0414746543779,1.3625102704874896
https://comptox.epa.gov/dashboard/chemical/details/DTXSID1049067,Prasugrel hydrochloride,389574-19-0,C20H21ClFNO3S,409.091471,7,244,3,Active,0.9999827308876063,-60.97766832031526,1.8980408517774718,11.768939162894277,1.0707373178591737
https://comptox.epa.gov/dashboard/chemical/details/DTXSID3048653,Dronedarone,141626-36-0,C31H44N2O5S,556.297094,145,244,59,Active,0.9999929245583338,-115.66546198463588,3.600297912890383,34.46549083835248,1.5373844678547253
https://comptox.epa.gov/dashboard/chemical/details/DTXSID3048657,Bazedoxifene acetate,198481-33-3,C32H38N2O5,530.278072,105,244,43,Active,0.9999366910743943,-105.2856046756448,3.277205972008112,37.0027580588978,1.5682340960972287
https://comptox.epa.gov/dashboard/chemical/details/DTXSID0048684,Cloflucarban,369-77-7,C14H9Cl2F3N2O,348.004403,124,244,51,Active,0.9999999999995055,-104.87894628098749,3.264547989716574,9.285567540369128,0.9678084532688969
https://comptox.epa.gov/dashboard/chemical/details/DTXSID5048685,PP242,1092351-67-1,C16H16N6O,308.138559,84,244,34,Active,0.9985099532009788,-99.55735234191107,3.0989036977787445,21.512124880367015,1.3326833103521396
https://comptox.epa.gov/dashboard/chemical/details/DTXSID4048690,Carfilzomib,868540-17-4,C40H57N5O7,719.425799,107,256,42,Active,1,-104.26398167546577,3.2454060976792136,0.1311211234896369,-0.8823273382412531
https://comptox.epa.gov/dashboard/chemical/details/DTXSID4048698,Benzyldodecyldimethylammonium bromide,7281-04-1,C21H38BrN,383.218763,130,244,53,Active,0.9999999830513494,-118.1645555997502,3.678086747796078,10.651451610388083,1.0274087987063347
https://comptox.epa.gov/dashboard/chemical/details/DTXSID1022843,Clomiphene,911-45-5,C26H28ClNO,405.185942,102,244,42,Active,0.999909385920981,-86.08802958027047,2.679646524594038,39.203210053795566,1.5933216295605586
https://comptox.epa.gov/dashboard/chemical/details/DTXSID3023425,(-)-Paroxetine,61869-08-7,C19H20FNO3,329.142722,54,244,22,Active,0.9630556320357917,-47.063405240178625,1.4649341017825774,44.18407698697218,1.645265786937241
https://comptox.epa.gov/dashboard/chemical/details/DTXSID9023756,Zotepine,26615-21-4,C18H18ClNOS,331.079763,42,244,17,Active,0.9858704827106802,-47.24822888467736,1.4706870739328117,29.83373130578287,1.4747075739846065
https://comptox.epa.gov/dashboard/chemical/details/DTXSID4048727,Dicyclopentamethylenethiuram disulfide,94-37-1,C12H20N2S4,320.050933,85,244,35,Active,1,-105.97130118044454,3.298549523079863,0.10977476810075258,-0.9594974716698956
https://comptox.epa.gov/dashboard/chemical/details/DTXSID9048728,Tolonium chloride,92-31-9,C15H16ClN3S,305.075346,93,244,38,Active,1,-105.41055185985635,3.2810951804098227,1.6658087559850359,0.22162514053543317
https://comptox.epa.gov/dashboard/chemical/details/DTXSID3048944,Selumetinib,606143-52-6,C17H15BrClFN4O3,456.000009,18,244,7,Active,0.9990441567845082,-52.114264645919235,1.6221512888734497,7.032893728999502,0.8471340550278241
https://comptox.epa.gov/dashboard/chemical/details/DTXSID8048945,C.I. 1040,212631-79-3,C17H14ClF2IN2O2,477.975660,87,244,36,Active,0.9999999983026285,-104.412065054447,3.2500154622304978,9.166578903606814,0.9622072810893199
https://comptox.epa.gov/dashboard/chemical/details/DTXSID8048733,Pazopanib,444731-52-6,C21H23N7O2S,437.163394,55,259,21,Active,0.9999999679275285,-110.40079695987698,3.4364256369708506,13.894348865310244,1.1428381991285954
https://comptox.epa.gov/dashboard/chemical/details/DTXSID8048737,Imperatorin,482-44-0,C16H14O4,270.089209,20,244,8,Active,0.9720881859194394,-44.36915847353695,1.3810707700298355,23.0414746543779,1.3625102704874896
https://comptox.epa.gov/dashboard/chemical/details/DTXSID7048744,"2-Chloro-N,N-bis(2-chloroethyl)ethanamine",555-77-1,C6H12Cl3N,203.003533,24,244,10,Active,0.9444710121756749,-55.9833098386189,1.7425823587290779,23.0414746543779,1.3625102704874896
https://comptox.epa.gov/dashboard/chemical/details/DTXSID9048776,Zanapezil fumarate (1:x),263248-42-6,, ,41,244,17,Active,0.9999675052187695,-97.13829657072426,3.023606186363226,34.40405831080761,1.5366096750724874
https://comptox.epa.gov/dashboard/chemical/details/DTXSID2048797,Diponium bromide,2001-81-2,C20H38BrNO2,403.208592,16,244,7,Active,0.9996949695176015,-91.19011551921872,2.8384582307178827,22.675348490536685,1.3555539703232713
https://comptox.epa.gov/dashboard/chemical/details/DTXSID7048798,Minopafant,128420-61-1,C46H73ClN4O9,860.506608,121,244,50,Active,0.999999867330531,-108.70952614452605,3.3837817562292583,15.121134349777797,1.1795843720759154
https://comptox.epa.gov/dashboard/chemical/details/DTXSID3048811,Monatepil,103377-41-9,C28H30FN3OS,475.209362,59,244,24,Active,0.9950867901147205,-54.94816744860516,1.7103616687982681,34.4921063042604,1.5377197159210745
https://comptox.epa.gov/dashboard/chemical/details/DTXSID3023508,Prifinium bromide,4630-95-9,C22H28BrN,385.140513,10,244,4,Active,0.9702198035213696,-48.814660961101055,1.5194451218294422,27.048128999939518,1.4321372290320509
https://comptox.epa.gov/dashboard/chemical/details/DTXSID7048619,Temoporfin,122341-38-2,C44H32N4O4,680.242356,110,244,45,Active,0.9970519571740077,-58.689003965919575,1.8268020104063811,23.0414746543779,1.3625102704874896
https://comptox.epa.gov/dashboard/chemical/details/DTXSID8048818,Tolindate,27877-51-6,C18H19NOS,297.118735,20,244,8,Active,0.999853536829719,-94.96474263861948,2.9559503662848785,28.51152733689069,1.4550204826976307
https://comptox.epa.gov/dashboard/chemical/details/DTXSID5020312,Israpafant,117279-73-9,C28H29ClN4S,488.180146,122,244,50,Active,0.9999953173710838,-112.82004951658762,3.511729273693773,22.25053925523289,1.3473405408330863
https://comptox.epa.gov/dashboard/chemical/details/DTXSID1048839,Bisoxatin acetate,14008-48-1,C24H19NO6,417.121237,34,244,14,Active,0.9999591944610188,-56.51704508845758,1.7591958393053753,4.163882640437984,0.619498480365767
https://comptox.epa.gov/dashboard/chemical/details/DTXSID0048842,Proglumetacin,57132-53-3,C46H58ClN5O8,843.397392,83,244,34,Active,0.9986976839447412,-73.63413607229525,2.2919964341108634,36.70937817817774,1.5647770280323618
https://comptox.epa.gov/dashboard/chemical/details/DTXSID5048843,Ethyl 4-nitrophenyl ethylphosphonate,546-71-4,C10H14NO5P,259.060960,21,244,9,Active,0.999534724755665,-58.1447721297211,1.8098618044851515,23.0414746543779,1.3625102704874896
https://comptox.epa.gov/dashboard/chemical/details/DTXSID0048846,Mosapramine,89419-40-9,C28H35ClN4O,478.249939,100,244,41,Active,0.9999952829069052,-113.5508962141112,3.5344782066473845,28.584841040150692,1.4561357814522555
https://comptox.epa.gov/dashboard/chemical/details/DTXSID5048849,Difeterol,14587-50-9,C25H29NO2,375.219829,72,244,30,Active,0.9967015982627934,-73.19110820082068,2.2782063856931773,37.83137049307424,1.5778520744885827
https://comptox.epa.gov/dashboard/chemical/details/DTXSID4048856,Lanperisone hydrochloride,116287-13-9,C15H19ClF3NO,321.110726,26,244,11,Active,0.9491828483452436,-52.948298755690715,1.6481121177429054,40.17491729983996,1.6039549914401083
https://comptox.epa.gov/dashboard/chemical/details/DTXSID8048943,Canertinib,267243-28-7,C24H25ClFN5O3,485.162996,91,244,37,Active,0.9999999934931845,-108.21475789939423,3.3683811945598707,8.984838051781534,0.9535102535260728
https://comptox.epa.gov/dashboard/chemical/details/DTXSID5044029,Enzastaurin,170364-57-5,C32H29N5O2,515.232125,37,244,15,Active,0.9971978942236405,-58.15765934820733,1.8102629426038503,23.0414746543779,1.3625102704874896
https://comptox.epa.gov/dashboard/chemical/details/DTXSID3048948,MK 2206 dihydrochloride,1032350-13-2,C25H23Cl2N5O,479.127966,83,244,34,Active,0.986837462580165,-56.28211279222215,1.751883144216505,38.711019300160366,1.5878346068810048
https://comptox.epa.gov/dashboard/chemical/details/DTXSID4036514,5alpha-Androstan-3beta-ol,1224-92-6,C19H32O,276.245316,16,244,7,Active,0.9999999999991335,-68.24625840879855,2.1242889406728263,2.197278881660398,0.34188518167232473
https://comptox.epa.gov/dashboard/chemical/details/DTXSID6048961,Flavopiridol hydrochloride,131740-09-5,C21H21Cl2NO5,437.079678,77,256,30,Active,1,-101.54541938707278,3.160785901079265,0.16541242712396154,-0.781431865831701
https://comptox.epa.gov/dashboard/chemical/details/DTXSID6048967,Sertindole,106516-24-9,C24H26ClFN4O,440.177917,113,244,46,Active,0.9999999989486505,-112.68322521541101,3.5074703684207,12.664410581446026,1.1025849819526794
https://comptox.epa.gov/dashboard/chemical/details/DTXSID4048983,Maduramicin ammonium,84878-61-5,C47H83NO17,933.566100,95,244,39,Active,1,-100.281680276468,3.1214497223766484,0.7379243449789898,-0.1319881615406302
https://comptox.epa.gov/dashboard/chemical/details/DTXSID3026190,"2,2',4'-Trichloroacetophenone",4252-78-2,C8H5Cl3O,221.940598,106,244,43,Active,0.9999999977694319,-112.98433745166244,3.5168430345313992,14.358806683107394,1.1571183485082206
https://comptox.epa.gov/dashboard/chemical/details/DTXSID4035708,Methylbenzethonium chloride,25155-18-4,C28H44ClNO2, ,207,395,52,Active,0.9999999447553981,-112.76501876042302,3.5100163413009513,14.122531105020762,1.1499125399475045
https://comptox.epa.gov/dashboard/chemical/details/DTXSID5049021,Penfluridol,26864-56-2,C28H27ClF5NO,523.170133,148,244,61,Active,0.9999999982243578,-107.80376569780728,3.3555883146439607,12.982976238051808,1.1133742622329734
https://comptox.epa.gov/dashboard/chemical/details/DTXSID3049047,Aprepitant,170729-80-3,C23H21F7N4O3,534.150188,109,244,45,Active,0.999843404316711,-89.19028302051827,2.776209806273272,31.717993821337668,1.5013057101753144
https://comptox.epa.gov/dashboard/chemical/details/DTXSID6024882,Cycloheximide,66-81-9,C15H23NO4,281.162708,259,632,41,Active,1,-101.00057826094154,3.1438267299005105,0.4001324928149293,-0.3977961802449752
https://comptox.epa.gov/dashboard/chemical/details/DTXSID8049046,Alpidem,82626-01-5,C21H23Cl2N3O,403.121818,26,244,11,Active,0.9189267498819347,-44.78828838304898,1.394116950908329,37.61416513758762,1.5753514269112192
https://comptox.epa.gov/dashboard/chemical/details/DTXSID2049050,rac Benidipine hydrochloride,91599-74-5,C28H32ClN3O6,541.197964,50,256,20,Active,0.949365191857139,-48.63478051995376,1.51384601587577,36.990073236304944,1.5680851911718858
https://comptox.epa.gov/dashboard/chemical/details/DTXSID7049051,Bosutinib methanoate,918639-10-8,C27H33Cl2N5O4,561.190960,112,244,46,Active,0.9999472107533425,-58.994326870065166,1.8363057412149695,9.747143014458027,0.9888773382749967
https://comptox.epa.gov/dashboard/chemical/details/DTXSID1049065,rac Nebivolol hydrochloride,169293-50-9,C22H26ClF2NO4,441.151842,105,244,43,Active,0.9999926366417017,-106.35976385419801,3.3106411304581846,20.25310452543233,1.3064916040900725
https://comptox.epa.gov/dashboard/chemical/details/DTXSID8023262,Mequitazine,29216-28-2,C20H22N2S,322.150370,96,244,39,Active,0.9999256686968728,-97.35724031529412,3.0304212086965134,36.09145928928994,1.5574044422832114
https://comptox.epa.gov/dashboard/chemical/details/DTXSID8049414,"10,11-Dihydro-5H-dibenz[b,f]azepine",494-19-9,C14H13N,195.104799,47,256,18,Active,0.9999999999997267,-76.69358373516074,2.3872273081005004,2.520255868145357,0.40144463462385127
https://comptox.epa.gov/dashboard/chemical/details/DTXSID9057638,Nitromersol,133-58-4,C7H5HgNO3,352.997586,108,166,65,Active,0.9999999998937781,-122.22685836873481,3.8045333112710664,6.795185910187091,0.832201343138254
https://comptox.epa.gov/dashboard/chemical/details/DTXSID4057689,Estriol tripropionate,2236-31-9,C27H36O6,456.251189,17,178,10,Active,0.9999999957588477,-83.20763591585943,2.589989032025865,9.297988103510043,0.9683889861809845
https://comptox.epa.gov/dashboard/chemical/details/DTXSID7057818,Omoconazole,74512-12-2,C20H17Cl3N2O2,422.035561,35,166,21,Active,0.978207247968999,-54.316419226238104,1.6906973561552903,23.0414746543779,1.3625102704874896
https://comptox.epa.gov/dashboard/chemical/details/DTXSID8057697,"(16alpha, 17beta)-Estra-1,3,5(10)-triene-3,16,17-triol 16,17-diacetate 3-benzoate",2508-47-6,C29H32O6,476.219889,13,178,7,Active,0.9999957198093765,-63.266677219637415,1.9692904177361652,8.181675233778321,0.9128422364704368
https://comptox.epa.gov/dashboard/chemical/details/DTXSID5057838,1-(4-Fluorobenzyl)-1H-benzimidazol-2-amine,83783-69-1,C14H12FN3,241.101526,29,166,17,Active,0.9999978915389216,-102.87697517460626,3.2022329972175285,11.92601735033923,1.0764954368352366
https://comptox.epa.gov/dashboard/chemical/details/DTXSID2057651,Simetride,154-82-5,C28H38N2O6,498.272987,31,166,19,Active,0.9998544363284627,-94.54303284956822,2.942823881962632,24.759850454037988,1.3937480172793313
https://comptox.epa.gov/dashboard/chemical/details/DTXSID4057633,Neticonazole,130726-68-0,C17H22N2OS,302.145285,49,166,30,Active,0.9999988924607438,-98.25916556624205,3.0584952728367862,20.591062708140726,1.3136787612062495
https://comptox.epa.gov/dashboard/chemical/details/DTXSID0057831,Methodichlorophen,7761-45-7,C11H10Cl2N4,268.028252,31,166,19,Active,0.9999368307232104,-73.5280407169205,2.2886940231753172,13.971237101965242,1.1452348630053673
https://comptox.epa.gov/dashboard/chemical/details/DTXSID9057842,Amidoflumet,84466-05-7,C9H7ClF3NO4S,316.973641,9,166,5,Active,0.9999999999999999,-102.14844939912768,3.179556307184589,0.00005905110339010852,-4.228771983033387
https://comptox.epa.gov/dashboard/chemical/details/DTXSID8057649,Pleconaril,153168-05-9,C18H18F3N3O3,381.130026,16,166,10,Active,0.9993119457235853,-81.34981436774989,2.5321609567524526,22.930440917014565,1.3604124056233267
https://comptox.epa.gov/dashboard/chemical/details/DTXSID8057643,Cyclomethycaine,139-62-8,C22H33NO3,359.246044,32,166,19,Active,0.9999535787927538,-100.46324191058663,3.1271011585198343,43.00568947839681,1.6335259147800472
https://comptox.epa.gov/dashboard/chemical/details/DTXSID0057702,Gimatecan,292618-32-7,C25H25N3O5,447.179421,69,166,42,Active,1,-100.43357769418132,3.1261778058216385,0.12563297273191823,-0.9008963638136724
https://comptox.epa.gov/dashboard/chemical/details/DTXSID5023247,Menadiol,481-85-6,C11H10O2,174.068080,111,244,45,Active,0.9999999917842808,-107.24368101558129,3.3381546600519965,12.660218325691687,1.1024411951620303
https://comptox.epa.gov/dashboard/chemical/details/DTXSID1057749,Clocapramine,47739-98-0,C28H37ClN4O,480.265589,101,166,61,Active,0.9999998755720191,-115.87262931737163,3.6067463729827023,19.841037974132433,1.297564388314457
https://comptox.epa.gov/dashboard/chemical/details/DTXSID8057805,Isosulfan blue,68238-36-8,C27H31N2NaO6S2,566.152123,37,166,22,Active,0.9999971450021637,-70.62026530170814,2.1981842238029374,9.224569677750765,0.9649461156509023
https://comptox.epa.gov/dashboard/chemical/details/DTXSID4057849,Buparvaquone,88426-33-9,C21H26O3,326.188195,41,166,25,Active,0.999999999997552,-111.4192560392961,3.468127028510565,8.00745868458992,0.903494706548984
https://comptox.epa.gov/dashboard/chemical/details/DTXSID3057721,6-Methoxy-2-naphthalaldehyde,3453-33-6,C12H10O2,186.068080,3,166,2,Active,0.9326519136729308,-41.415854825855405,1.289143821600824,18.892104116469095,1.2762803303560388
https://comptox.epa.gov/dashboard/chemical/details/DTXSID0057623,4'-Methylbiphenyl-2-carbonitrile,114772-53-1,C14H11N,193.089149,5,166,3,Active,0.9999333602302518,-65.1187653450132,2.026940029797242,13.184303337400834,1.120057186483187
https://comptox.epa.gov/dashboard/chemical/details/DTXSID9046445,Levosimendan,141505-33-1,C14H12N6O,280.107259,90,256,35,Active,0.9968653375424961,-55.24515270046171,1.7196058750122232,15.798275827132837,1.1986096920416816
https://comptox.epa.gov/dashboard/chemical/details/DTXSID4057685,Brofoxine,21440-97-1,C10H10BrNO2,254.989492,6,178,3,Active,0.9978629323876439,-60.05166425724788,1.8692172908078857,16.05595741154731,1.2056362075141498
https://comptox.epa.gov/dashboard/chemical/details/DTXSID0057627,Dapoxetine,119356-77-3,C21H23NO,305.177964,55,166,33,Active,0.9998742265337206,-93.46524648526045,2.9092758207576854,28.817824738261912,1.45966119577626
https://comptox.epa.gov/dashboard/chemical/details/DTXSID7057731,3-Trifluoromethyl-4-nitroanilide,393-11-3,C7H5F3N2O2,206.030312,4,166,2,Active,0.9998855953211784,-66.55472494317088,2.0716368844635795,13.852697522195768,1.1415343513739442
https://comptox.epa.gov/dashboard/chemical/details/DTXSID7057737,3'-Acetyl-4'-hydroxybutyranilide,40188-45-2,C12H15NO3,221.105193,2,166,1,Active,0.9581295351335167,-46.78653577104387,1.4563160358987328,19.512837392351397,1.2903204254295848
https://comptox.epa.gov/dashboard/chemical/details/DTXSID3057854,2-Chlorophenothiazine,92-39-7,C12H8ClNS,233.006598,12,178,7,Active,0.9999903955096276,-77.35391897634366,2.407781443707157,10.835406348821984,1.0348452028493758
https://comptox.epa.gov/dashboard/chemical/details/DTXSID8057645,"Methyl 3-amino-5,6-dichloropyrazine-2-carboxylate",1458-18-0,C6H5Cl2N3O2,220.975882,80,166,48,Active,0.9999993050735109,-109.40053466521456,3.4052906534587075,17.928224143146437,1.2535372732192818
https://comptox.epa.gov/dashboard/chemical/details/DTXSID2057730,Promestriene,39219-28-8,C22H32O2,328.240230,8,178,4,Active,0.9995098753004079,-59.510886122009694,1.8523845876117195,12.914921490738905,1.1110917704595873
https://comptox.epa.gov/dashboard/chemical/details/DTXSID5057832,2-Amino-5-chloro-2'-fluorobenzophenone,784-38-3,C13H9ClFNO,249.035670,23,178,13,Active,0.9999973183716222,-81.41377026285652,2.534151700330687,13.098648306061452,1.1172264816476218
https://comptox.epa.gov/dashboard/chemical/details/DTXSID4057766,"Ethyl 4-(5-chloro-2,3-dihydro-2-oxo-1h-benzimidazol-2-yl)piperidine-1-carboxylate",53786-46-2,C15H18ClN3O3,323.103669,24,166,14,Active,0.9999971309438873,-125.09520647536074,3.8938158639409393,23.033443365677112,1.3623588673141132
https://comptox.epa.gov/dashboard/chemical/details/DTXSID1057797,Lofemizole,65571-68-8,C10H9ClN2,192.045426,9,166,5,Active,0.9733125385954684,-39.925728192605284,1.2427609194312428,22.361881224069062,1.349508336372955
https://comptox.epa.gov/dashboard/chemical/details/DTXSID6057821,Artemotil,75887-54-6,C17H28O5,312.193674,14,166,8,Active,0.9984664827650014,-54.61440661067264,1.6999727555687283,10.72739793715237,1.0304943912501634
https://comptox.epa.gov/dashboard/chemical/details/DTXSID4057714,"2-Chlorodibenz(b,f)-1,4-oxazepin-11(10H)-one",3158-91-6,C13H8ClNO2,245.024356,11,166,7,Active,0.999997789567658,-60.56764739360953,1.885278204559099,5.037479858514976,0.7022133227018625
https://comptox.epa.gov/dashboard/chemical/details/DTXSID8057809,Ticlatone,70-10-0,C7H4ClNOS,184.970213,59,166,36,Active,0.999999999998401,-75.91966644625234,2.3631377246397363,0.00005451898597700906,-4.26345223039945
https://comptox.epa.gov/dashboard/chemical/details/DTXSID8057857,Dehydropregnenolone acetate,979-02-2,C23H32O3,356.235145,8,178,4,Active,0.9999985134017341,-89.56897949603352,2.787997422965605,17.5791009923278,1.2449966611783336
https://comptox.epa.gov/dashboard/chemical/details/DTXSID5057674,3-Trifluoromethylisobutyranilide,1939-27-1,C11H12F3NO,231.087098,3,166,2,Active,0.9486884812724243,-42.61702444559956,1.32653241107939,23.0414746543779,1.3625102704874896
https://comptox.epa.gov/dashboard/chemical/details/DTXSID4057681,Dabigatran etexilate,211915-06-9,C34H41N7O5,627.316917,65,166,39,Active,0.9999996438146257,-111.15844040041975,3.4600086672972545,19.318868920241375,1.2859816957814678
https://comptox.epa.gov/dashboard/chemical/details/DTXSID6057613,Moxaverine,10539-19-2,C20H21NO2,307.157229,22,166,13,Active,0.9999999999999671,-93.0510413249056,2.896382931655387,3.968284814144671,0.5986028350477661
https://comptox.epa.gov/dashboard/chemical/details/DTXSID5057622,Etifelmine hydrochloride,1146-95-8,C17H20ClN,273.128427,26,166,16,Active,0.9987145866486544,-72.12701334032943,2.245084497450921,37.33400261555367,1.5721045535657803
https://comptox.epa.gov/dashboard/chemical/details/DTXSID1057662,LY335979 trihydrochloride,167465-36-3,C32H34Cl3F2N3O2,635.168467,51,166,31,Active,0.9997931734005938,-96.4235059241119,3.0013570272020074,36.27477267958257,1.5596046995574029
https://comptox.epa.gov/dashboard/chemical/details/DTXSID6057619,Nemorubicin,108852-90-0,C32H37NO13,643.226490,63,166,38,Active,1,-98.71839980578022,3.072789773941677,0.11631557488341143,-0.9343621284956317
https://comptox.epa.gov/dashboard/chemical/details/DTXSID3020099,Sodium aristolochate-I,10190-99-5,C17H10NNaO7,363.035496,102,247,41,Active,0.9999999999940529,-105.64808789828764,3.288488921711042,14.739150144980188,1.1684724429541011
https://comptox.epa.gov/dashboard/chemical/details/DTXSID7021289,Sulfallate,95-06-7,C8H14ClNS2,223.025620,18,244,7,Active,0.955292021880273,-47.4794624181893,1.4778846383034439,49.6267281105991,1.6957156431128335
https://comptox.epa.gov/dashboard/chemical/details/DTXSID1047869,Palmatine chloride hydrate,171869-95-7,C21H24ClNO5,405.134301,28,244,11,Active,0.9999996712203754,-122.68368341430356,3.8187528218310614,34.49651654918157,1.5377752423240232
https://comptox.epa.gov/dashboard/chemical/details/DTXSID5057703,Almitrine dimethanesulfonate,29608-49-9,C28H37F2N7O6S2,669.221481,13,166,8,Active,0.9999999999127309,-99.33932144659076,3.092117089538926,8.446910549857014,0.9266978951641537
https://comptox.epa.gov/dashboard/chemical/details/DTXSID1024835,3-Phenylprop-2-enal,104-55-2,C9H8O,132.057515,3,249,1,Active,0.9769095200334232,-46.776792979576705,1.4560127737910724,45.2488479262673,1.6556075261791374
https://comptox.epa.gov/dashboard/chemical/details/DTXSID9020299,Chlorobenzilate,510-15-6,C16H14Cl2O3,324.032000,222,627,35,Active,0.9999998467792833,-77.3234832554493,2.4068340765282854,12.779193991689958,1.1065034628990487
https://comptox.epa.gov/dashboard/chemical/details/DTXSID9044829,"1-(4-tert-Butylphenyl)-3-(4-methoxyphenyl)propane-1,3-dione",70356-09-1,C20H22O3,310.156895,40,244,16,Active,0.9999369661206228,-90.97502724355039,2.831763216867692,44.52073732718895,1.6485623482610057
https://comptox.epa.gov/dashboard/chemical/details/DTXSID2044266,Atomoxetine hydrochloride,82248-59-7,C17H22ClNO,291.138992,21,244,9,Active,0.9943476824556984,-54.0792402205403,1.683314728147384,35.404124980310094,1.549053865184549
https://comptox.epa.gov/dashboard/chemical/details/DTXSID3025257,Ethacrynic acid,58-54-8,C13H12Cl2O4,302.011264,94,244,39,Active,0.998748163999841,-93.10026437226375,2.897915088546726,21.674109228288625,1.3359412576966498
https://comptox.epa.gov/dashboard/chemical/details/DTXSID6045616,Flunarizine,52468-60-7,C26H26F2N2,404.206405,61,244,25,Active,0.9999232069052865,-96.84530831097587,3.0144863937996202,38.73727453705614,1.5881290615262076
https://comptox.epa.gov/dashboard/chemical/details/DTXSID9022576,Alphaxalone,23930-19-0,C21H32O3,332.235145,11,244,5,Active,0.9928125562736793,-51.692836509711846,1.6090335715083275,23.0414746543779,1.3625102704874896
https://comptox.epa.gov/dashboard/chemical/details/DTXSID8021301,Tamoxifen citrate,54965-24-1,C32H37NO8,563.251917,403,700,58,Active,0.9998318472379106,-79.02404185051233,2.459767056308944,37.69605805376935,1.5762959376062038
https://comptox.epa.gov/dashboard/chemical/details/DTXSID8047973,"4,4'-Propane-2,2-diylbis(2,6-dimethylphenol)",5613-46-7,C19H24O2,284.177630,127,244,52,Active,0.9999142414914988,-115.71749881791138,3.601917653986996,27.154136829979006,1.4338360020859233
https://comptox.epa.gov/dashboard/chemical/details/DTXSID8022377,17alpha-Estradiol,57-91-0,C18H24O2,272.177630,195,664,29,Active,1,-79.57454531929145,2.476902478203058,0.4953931987229544,-0.30504996015907737
https://comptox.epa.gov/dashboard/chemical/details/DTXSID4022448,Metolachlor,51218-45-2,C15H22ClNO2,283.133907,105,759,14,Active,0.9863381389102934,-52.5674693194031,1.6362581087664345,43.8479262672811,1.6419490587745096
https://comptox.epa.gov/dashboard/chemical/details/DTXSID6021240,Retinol acetate,127-47-9,C22H32O2,328.240230,66,382,17,Active,0.9992547893704877,-71.77100655078493,2.2340031385095447,65.20395026691459,1.814273907498091
https://comptox.epa.gov/dashboard/chemical/details/DTXSID5020869,"4,4'-Methylenebis(N,N-dimethylaniline)",101-61-1,C17H22N2,254.178299,106,611,17,Active,0.9867942397331004,-50.39686656880586,1.5686941495810434,69.90000042466231,1.8444771783841434
https://comptox.epa.gov/dashboard/chemical/details/DTXSID2047351,SSR 240612,464930-42-5,C42H53ClN4O7S,792.332349,347,656,53,Active,0.999999984854238,-105.66548461940707,3.2890304263024963,25.585485702188986,1.407993665817745
https://comptox.epa.gov/dashboard/chemical/details/DTXSID4047389,SAR 150640,433212-21-6,C25H35ClN2O7S,542.185350,262,695,38,Active,0.98647776352833,-70.92539979363691,2.207682089938534,69.33112049401893,1.8409282191002159
https://comptox.epa.gov/dashboard/chemical/details/DTXSID5023796,Pentamidine isethionate,140-64-7,C23H36N4O10S2,592.187286,251,662,38,Active,0.9999996286254296,-80.52505414870555,2.5064887946021406,32.773277419892764,1.5155198742234397
https://comptox.epa.gov/dashboard/chemical/details/DTXSID1020485,C.I. Disperse Black 6 dihydrochloride,20325-40-0,C14H18Cl2N2O2,316.074533,231,632,37,Active,0.9999999999990914,-110.01679227341725,3.4244727925566316,15.147469536103458,1.1803400877362868
https://comptox.epa.gov/dashboard/chemical/details/DTXSID6047280,CP-607366,289716-94-5,C14H12Cl2FNO,299.027998,198,622,32,Active,0.9999989879205584,-114.68687921187679,3.5698377439349946,43.17596638051913,1.635242066888714
https://comptox.epa.gov/dashboard/chemical/details/DTXSID3041617,Barban,101-27-9,C11H9Cl2NO2,257.001034,126,249,51,Active,0.9999999999911111,-104.29891624823111,3.2464934998064923,15.75102647650135,1.1973088615258802
https://comptox.epa.gov/dashboard/chemical/details/DTXSID9032329,Bensulide,741-58-2,C14H24NO4PS3,397.060509,314,811,39,Active,0.9994023275131835,-67.92763162291463,2.1143711023438594,46.08294930875575,1.6635402661514704
https://comptox.epa.gov/dashboard/chemical/details/DTXSID0022220,"2,3,4,5-Tetrachlorophenol",4901-51-3,C6H2Cl4O,229.885976,77,244,32,Active,0.9998184587671552,-112.3432438641084,3.4968878303966955,70.47716135299508,1.8480484034409208
https://comptox.epa.gov/dashboard/chemical/details/DTXSID8047896,Enzacamene,36861-47-9,C18H22O,254.167065,43,259,17,Active,0.9913058154036978,-54.04258839924033,1.6821738735355944,45.80875576036865,1.660948495798249
https://comptox.epa.gov/dashboard/chemical/details/DTXSID9020372,Mitotane,53-19-0,C14H10Cl4,317.953661,160,417,38,Active,0.9999999715317063,-79.7789616348776,2.483265307882183,10.393237633198359,1.016750857201292
https://comptox.epa.gov/dashboard/chemical/details/DTXSID7046889,Furazabol,1239-29-8,C20H30N2O2,330.230728,68,256,27,Active,0.994362358504399,-102.66485626679959,3.1956304103436493,36.04330785511571,1.556824641277637
https://comptox.epa.gov/dashboard/chemical/details/DTXSID8021729,Dicumarol,66-76-2,C19H12O6,336.063388,37,259,14,Active,0.9960320294539613,-54.76858471434133,1.7047718295129064,38.940135921067835,1.590397463097385
https://comptox.epa.gov/dashboard/chemical/details/DTXSID2022381,meso-Hexestrol,84-16-2,C18H22O2,270.161980,335,722,46,Active,0.9997745957688698,-72.34749477325505,2.2519473831315113,23.0414746543779,1.3625102704874896
https://comptox.epa.gov/dashboard/chemical/details/DTXSID9057840,Dienestrol diacetate,84-19-5,C22H22O4,350.151809,20,178,11,Active,0.9999994957524251,-78.37428987607481,2.439542344131902,10.565259134636733,1.0238801534813418
https://comptox.epa.gov/dashboard/chemical/details/DTXSID8025830,Pentabromoethane,75-95-6,C2HBr5,419.599515,46,244,19,Active,0.9996059674168972,-81.63138173447581,2.540925253244832,46.32027649769585,1.6657711431430664
https://comptox.epa.gov/dashboard/chemical/details/DTXSID6021824,Dichlorophen,97-23-4,C13H10Cl2O2,268.005785,191,412,46,Active,0.9999999999851975,-99.0932872031851,3.084458826148679,14.132096437133763,1.1502065923894809
https://comptox.epa.gov/dashboard/chemical/details/DTXSID0024002,Fenpropathrin,39515-41-8,C22H23NO3,349.167794,124,687,18,Active,0.9994883422259809,-91.04161350257866,2.833835835307918,67.32435773445324,1.8281722189908878
https://comptox.epa.gov/dashboard/chemical/details/DTXSID2045105,Cyclobenzaprine hydrochloride,6202-23-9,C20H22ClN,311.144077,35,244,14,Active,0.9988277216299829,-63.51198866996666,1.9769261828770663,38.84482353374142,1.5893331528533559
https://comptox.epa.gov/dashboard/chemical/details/DTXSID6025513,Malachite green oxalate,2437-29-8,C52H54N4O12,926.373823,165,244,68,Active,1,-110.30263581482822,3.4333701927649307,1.0830882618529145,0.03466384912190474
https://comptox.epa.gov/dashboard/chemical/details/DTXSID6045111,Adriamycin hydrochloride-DNA complex,NOCAS_45111,, ,67,244,27,Active,0.999999999999886,-109.56354534034773,3.4103646572571686,1.1017122898437663,0.04206819410998225
https://comptox.epa.gov/dashboard/chemical/details/DTXSID1045116,Domperidone,57808-66-9,C22H24ClN5O2,425.161853,46,244,19,Active,0.9998635116424317,-88.01150928249793,2.7395183293540137,38.18653308134479,1.5819102309842639
https://comptox.epa.gov/dashboard/chemical/details/DTXSID1021320,Tetrachlorovinphos,961-11-5,C10H9Cl4O4P,363.899257,52,244,21,Active,0.9999952435274521,-98.90485805886553,3.078593626257707,41.99992528158199,1.6232485177830076
https://comptox.epa.gov/dashboard/chemical/details/DTXSID9020110,Astemizole,68844-77-9,C28H31FN4O,458.248190,233,464,50,Active,0.9999999999995155,-113.49118090065606,3.5326194588871527,9.833065300105275,0.9926889232647642
https://comptox.epa.gov/dashboard/chemical/details/DTXSID5047871,1-Methyl-3-hexylimidazolium trifluoromethylsulfonate,460345-16-8,C11H19F3N2O3S,316.106848,28,244,11,Active,0.9999999999997382,-118.36884266178828,3.6844455542233927,13.64419807439121,1.1349480154840188
https://comptox.epa.gov/dashboard/chemical/details/DTXSID9030707,alpha-Solanine,20562-02-1,C45H73NO15,867.498021,128,244,52,Active,0.9999999999654074,-119.21123581201864,3.7106665734331754,20.748472315241855,1.3169861256512434
https://comptox.epa.gov/dashboard/chemical/details/DTXSID3020419,Dibutyltin diacetate,1067-33-0,C12H24O4Sn,352.069661,94,244,39,Active,1,-105.70476703614803,3.2902531629827387,0.2196870347309848,-0.6581955730792223
https://comptox.epa.gov/dashboard/chemical/details/DTXSID1027714,9-Octadecen-1-ol-ethylene oxide copolymer,9004-98-2,(C2H4O)nC18H36O, ,141,244,58,Active,0.9999999999999994,-111.71691941148788,3.4773923424535322,6.5377182907126965,0.8154262029643183
https://comptox.epa.gov/dashboard/chemical/details/DTXSID6026664,Benzenemethanethiol,100-53-8,C7H8S,124.034671,9,244,4,Active,0.9996498767316647,-61.407495406960365,1.9114200017536132,21.80037463833881,1.338463956997505
https://comptox.epa.gov/dashboard/chemical/details/DTXSID5047873,1-Methyl-3-octylimidazolium chloride,64697-40-1,C12H23ClN2,230.154976,53,244,22,Active,1,-114.38092644312712,3.5603144074448094,1.582721526729391,0.19940450927577869
https://comptox.epa.gov/dashboard/chemical/details/DTXSID1025013,"2,3-Dichloroquinoxaline",2213-63-0,C8H4Cl2N2,197.975154,9,244,4,Active,0.9999999999938693,-118.0975758706845,3.6760018818851696,16.227839814589267,1.2102607121218059
https://comptox.epa.gov/dashboard/chemical/details/DTXSID9030048,"2,2',4,4',5-Pentabromodiphenyl ether",60348-60-9,C12H5Br5O,559.625730,36,285,13,Active,0.9990149673696102,-61.299615364332226,1.9080620391807563,22.103324967978907,1.3444576088267324
https://comptox.epa.gov/dashboard/chemical/details/DTXSID0025654,1-Methylpyrene,2381-21-7,C17H12,216.093900,23,244,9,Active,0.9997887835872847,-56.287195603704376,1.752041355970101,16.333417455143532,1.2130770620564368
https://comptox.epa.gov/dashboard/chemical/details/DTXSID6020983,1-Nitropyrene,5522-43-0,C16H9NO2,247.063329,32,256,12,Active,0.9999999332205106,-66.3147886794878,2.0641684317851157,3.5789163767553314,0.5537515509918487
https://comptox.epa.gov/dashboard/chemical/details/DTXSID4024646,"2-Bromo-4,6-dinitroaniline",1817-73-8,C6H4BrN3O4,260.938519,27,244,11,Active,0.999822205753644,-81.29947740903819,2.530594127343903,34.0756993967473,1.5324447784034345
https://comptox.epa.gov/dashboard/chemical/details/DTXSID5023794,Oxymetholone,434-07-1,C21H32O3,332.235145,117,256,46,Active,0.9874840083717601,-76.60881558155103,2.384588745116494,80.63762541136519,1.9065377303374993
https://comptox.epa.gov/dashboard/chemical/details/DTXSID5024471,2-Amino-4-chloro-5-nitrophenol,6358-07-2,C6H5ClN2O3,187.998870,46,244,19,Active,0.9953283121953032,-65.57233643705811,2.0410582551344967,45.7880184331797,1.6607518489839752
https://comptox.epa.gov/dashboard/chemical/details/DTXSID4021181,Prazepam,2955-38-6,C19H17ClN2O,324.102941,47,256,18,Active,0.9995623565530148,-74.16277799032426,2.3084513754692355,62.576602405489346,1.7964119794460862
https://comptox.epa.gov/dashboard/chemical/details/DTXSID7021235,C.I. Acid Red 52,3520-42-1,C27H29N2NaO7S2,580.131388,55,244,23,Active,0.9998990505609361,-52.94585181243542,1.6480359521828165,14.57782218186393,1.1636926484645085
https://comptox.epa.gov/dashboard/chemical/details/DTXSID2021070,Norharman,244-63-3,C11H8N2,168.068748,21,244,9,Active,0.9998601490482208,-66.57278797815741,2.0721991292862483,18.37554903379857,1.2642403240167448
https://comptox.epa.gov/dashboard/chemical/details/DTXSID1024885,N-Cyclohexyl-4-methylbenzenesulfonamide,80-30-8,C13H19NO2S,253.113650,18,244,7,Active,0.9947277504583132,-54.71344140626196,1.7030553937369926,45.8110599078341,1.6609703399489417
https://comptox.epa.gov/dashboard/chemical/details/DTXSID2024113,Fonofos,944-22-9,C10H15OPS2,246.030194,11,244,5,Active,0.9988908663534929,-56.97500679062772,1.773450730369796,20.19729633309073,1.3052932374562216
https://comptox.epa.gov/dashboard/chemical/details/DTXSID5021120,(2-Isothiocyanatoethyl)benzene,2257-09-2,C9H9NS,163.045570,57,244,23,Active,0.9999824291647059,-106.35936400246064,3.3106286843454833,43.45839051603251,1.6380736381614684
https://comptox.epa.gov/dashboard/chemical/details/DTXSID7020635,Fluoxetine hydrochloride,56296-78-7,C17H19ClF3NO,345.110726,177,308,57,Active,0.9999999974578058,-106.74294110023119,3.322568219283919,25.92210724154218,1.4136703029923594
https://comptox.epa.gov/dashboard/chemical/details/DTXSID0020101,Aroclor 1260,11096-82-5,, ,35,244,14,Active,0.9991264991286422,-44.24470333455862,1.3771968774310952,13.439201911242717,1.1283734788491486
https://comptox.epa.gov/dashboard/chemical/details/DTXSID6025149,"N,N-Dimethyl-p-phenylenediamine",99-98-9,C8H12N2,136.100048,89,244,36,Active,0.9990015529754255,-105.29052199752056,3.277359032596662,81.92413139260094,1.9134118454355529
https://comptox.epa.gov/dashboard/chemical/details/DTXSID0047874,Methyl triclosan,4640-01-1,C13H9Cl3O2,301.966813,17,244,7,Active,0.9999999824212696,-60.69126910203143,1.8891261551156655,3.4876518027724734,0.5425331197000447
https://comptox.epa.gov/dashboard/chemical/details/DTXSID2021363,3-Methylaniline hydrochloride,638-03-9,C7H10ClN,143.050177,10,244,4,Active,0.9999943085071762,-67.37831624171194,2.097272661836828,0.00014479009461993412,-3.8392611480770595
https://comptox.epa.gov/dashboard/chemical/details/DTXSID3027950,Trimethylolpropane ethoxylate triacrylate,28961-43-5,(C2H4O)n(C2H4O)n(C2H4O)nC15H20O6, ,109,244,45,Active,0.9999999900361256,-106.26095733880118,3.307565597926179,25.766976374710882,1.4110634592641058
https://comptox.epa.gov/dashboard/chemical/details/DTXSID9020825,2-Methoxy-3-aminodibenzofuran,5834-17-3,C13H11NO2,213.078979,27,244,11,Active,0.9999895562126616,-84.43312866441337,2.628134723135171,28.186605056804492,1.4500427703063248
https://comptox.epa.gov/dashboard/chemical/details/DTXSID4026212,"3,4,5-Trichlorophenol",609-19-8,C6H3Cl3O,195.924948,79,244,32,Active,0.9999992147475429,-112.68923412676298,3.5076574067174224,39.43425836409234,1.595873677508665
https://comptox.epa.gov/dashboard/chemical/details/DTXSID5033468,Domiphen bromide,538-71-6,C22H40BrNO,413.229328,152,244,62,Active,0.999999991225062,-107.95860452047509,3.3604079546689096,28.54994932762689,1.4556053417674515
https://comptox.epa.gov/dashboard/chemical/details/DTXSID5021463,Zinc diethyldithiocarbamate,14324-55-1,C10H20N2S4Zn,359.980075,137,244,56,Active,0.9999999735797566,-91.81527102095328,2.857917332938266,9.079259873713854,0.9580504469943271
https://comptox.epa.gov/dashboard/chemical/details/DTXSID9025037,3-Diethylaminophenol,91-68-9,C10H15NO,165.115364,13,244,5,Active,0.9005483613119045,-40.728054381262154,1.2677347815756945,30.769987355517106,1.4881273177804362
https://comptox.epa.gov/dashboard/chemical/details/DTXSID5024269,Potassium silver cyanide,506-61-6,C2AgKN2,197.874940,155,244,64,Active,0.9999999980213725,-114.45698617412395,3.5626819049333793,21.61551722476748,1.3347656319665897
https://comptox.epa.gov/dashboard/chemical/details/DTXSID9025299,"2-Ethylhexyl-2-cyano-3,3-diphenylacrylate",6197-30-4,C24H27NO2,361.204179,36,244,15,Active,0.9999999970663643,-98.45071704085501,3.064457660938013,18.790122514679275,1.273929611780978
https://comptox.epa.gov/dashboard/chemical/details/DTXSID4026139,Thiocarbanilide,102-08-9,C13H12N2S,228.072120,46,244,19,Active,0.996136652061176,-62.16846328706649,1.93510651130896,61.95170783411663,1.7920532831529126
https://comptox.epa.gov/dashboard/chemical/details/DTXSID1025431,3-Hydroxy-N-phenylaniline,101-18-8,C12H11NO,185.084064,28,244,11,Active,0.9999999165897959,-93.7130574383494,2.9169893874688615,17.491068866629394,1.2428163497128215
https://comptox.epa.gov/dashboard/chemical/details/DTXSID6033538,Guggulsterone E,39025-24-6,C21H28O2,312.208930,75,271,28,Active,1,-116.06199949812158,3.6126408643444217,1.4876330505773303,0.17249581846611622
https://comptox.epa.gov/dashboard/chemical/details/DTXSID9020241,Capsaicin,404-86-4,C18H27NO3,305.199094,46,365,13,Active,0.9942263687950269,-54.66417602392802,1.7015219190925202,45.0622119815668,1.6538125062473386
https://comptox.epa.gov/dashboard/chemical/details/DTXSID2025634,5-Methyl-2-nitroaniline,578-46-1,C7H8N2O2,152.058578,5,244,2,Active,0.9929738567768244,-54.850006165904006,1.707306220307667,45.14976958525345,1.6546555383016106
https://comptox.epa.gov/dashboard/chemical/details/DTXSID9022079,Pentabromophenol,608-71-9,C6HBr5O,483.594430,79,244,32,Active,0.9999444571153228,-111.8021560349657,3.480045487414383,75.17396849783515,1.8760674776269388
https://comptox.epa.gov/dashboard/chemical/details/DTXSID7020558,Emetine dihydrochloride,316-42-7,C29H42Cl2N2O4,552.252163,84,244,34,Active,1,-110.99871827626822,3.4550370256303453,0.1776916561970968,-0.7503329647250038
https://comptox.epa.gov/dashboard/chemical/details/DTXSID8024602,Berberine chloride,633-65-8,C20H18ClNO4,371.092436,86,263,33,Active,1,-103.59061342370643,3.2244462859098384,3.1260406899832787,0.4949946266966666
https://comptox.epa.gov/dashboard/chemical/details/DTXSID8025331,"1-Fluoro-2,4-dinitrobenzene",70-34-8,C6H3FN2O4,186.007685,69,244,28,Active,0.9997539830285033,-97.94587209347264,3.0487434435804115,46.45391705069125,1.6670223401117243
https://comptox.epa.gov/dashboard/chemical/details/DTXSID9020538,"N,N'-Diphenyl-p-phenylenediamine",74-31-7,C18H16N2,260.131349,47,244,19,Active,0.9970863728801602,-61.01383459916093,1.899166592997114,56.88926399599739,1.755030315125749
https://comptox.epa.gov/dashboard/chemical/details/DTXSID5023954,Technical chlordane,12789-03-6,, ,122,247,49,Active,0.999330609785108,-78.75223644071542,2.451306618484089,63.11057804716149,1.8001021580157333
https://comptox.epa.gov/dashboard/chemical/details/DTXSID2022256,"2',3',4'-Trichloroacetophenone",13608-87-2,C8H5Cl3O,221.940598,3,244,1,Active,0.9999863496136717,-61.75633579549965,1.9222782934272045,23.317709730115574,1.3676858916950936
https://comptox.epa.gov/dashboard/chemical/details/DTXSID5026207,"2,3,4-Trichlorophenol",15950-66-0,C6H3Cl3O,195.924948,28,244,11,Active,0.9992444480758935,-73.58770788023367,2.2905512721747896,61.17578682425234,1.7865795638224946
https://comptox.epa.gov/dashboard/chemical/details/DTXSID7024956,"N,N'-Bis(1-methylpropyl)-1,4-benzenediamine",101-96-2,C14H24N2,220.193949,143,244,59,Active,1,-105.99749656050201,3.2993649019365248,3.725786690986137,0.5712179870123184
https://comptox.epa.gov/dashboard/chemical/details/DTXSID2025715,Nifedipine,21829-25-4,C17H18N2O6,346.116486,78,244,32,Active,0.9990759005375038,-62.53666253865299,1.9465673828108676,61.36943921834272,1.7879521548059778
https://comptox.epa.gov/dashboard/chemical/details/DTXSID8024236,Octabromodiphenyl ether,32536-52-0,C12O, ,31,259,12,Active,0.9326857264677301,-43.901703292958274,1.366520377180233,46.2672811059908,1.6652739789604711
https://comptox.epa.gov/dashboard/chemical/details/DTXSID6024599,Benzyl sulfide,538-74-9,C14H14S,214.081622,7,244,3,Active,0.9888131417545427,-47.123517894470424,1.4668052174991586,30.565857913182317,1.485236589941999
https://comptox.epa.gov/dashboard/chemical/details/DTXSID3030056,"2,2',4,4'-Tetrabromodiphenyl ether",5436-43-1,C12H6Br4O,481.715217,56,304,18,Active,0.9999999919845267,-77.0781045768062,2.39919621878382,9.443301862343345,0.9751238724622573
https://comptox.epa.gov/dashboard/chemical/details/DTXSID8025703,alpha-Naphylisothiocyanate,551-06-4,C11H7NS,185.029920,84,244,34,Active,0.9999922541118633,-64.73391780823204,2.014960950133528,31.768017534868196,1.5019901137717167
https://comptox.epa.gov/dashboard/chemical/details/DTXSID5020071,4-Biphenylamine,92-67-1,C12H11N,169.089149,17,244,7,Active,0.9999992861604313,-73.11323029055808,2.2757822940674854,19.0132272696481,1.279055839455754
https://comptox.epa.gov/dashboard/chemical/details/DTXSID9024483,4-(4-Amino-3-methylanilino)phenol,6219-89-2,C13H14N2O,214.110613,93,244,38,Active,0.9999999865820216,-111.901739197426,3.483145194499048,21.213945077591596,1.3266214401388385
https://comptox.epa.gov/dashboard/chemical/details/DTXSID3025629,2-Methyl-4-nitroaniline,99-52-5,C7H8N2O2,152.058578,24,244,10,Active,0.9995882738983948,-61.99249373496231,1.9296291388911067,23.368804817626526,1.3686365012504655
https://comptox.epa.gov/dashboard/chemical/details/DTXSID1021168,Piperonyl sulfoxide,120-62-7,C18H28O3S,324.175916,78,244,32,Active,0.9560456051630709,-44.048117551214666,1.3710777873126363,83.27319254570392,1.9205052150534465
https://comptox.epa.gov/dashboard/chemical/details/DTXSID3022956,Sodium diethyldithiocarbamate,148-18-5,C5H10NNaS2,171.015236,64,244,26,Active,0.9999999999892448,-111.37043608193653,3.4666074185286986,16.429567824691734,1.2156261395872128
https://comptox.epa.gov/dashboard/chemical/details/DTXSID0026676,"1,1'-Oxybis(4-nitrobenzene)",101-63-3,C12H8N2O5,260.043321,12,244,5,Active,0.9999999978933014,-74.56179034776397,2.3208713609433653,8.381365125164118,0.9233147606399836
https://comptox.epa.gov/dashboard/chemical/details/DTXSID1026902,"N,N,N-Trimethyloctadecan-1-aminium chloride",112-03-8,C21H46ClN,347.331878,296,447,66,Active,0.9999999778153774,-108.71998103562021,3.3841071837331986,27.676644705999827,1.442113438602834
https://comptox.epa.gov/dashboard/chemical/details/DTXSID6027052,"2,6-Di-tert-butylphenol",128-39-2,C14H22O,206.167065,82,590,14,Active,0.9593508698163601,-53.962106375904796,1.6796687241533304,68.96512070221495,1.8386295006436675
https://comptox.epa.gov/dashboard/chemical/details/DTXSID8025040,"N,N'-Diethylcarbanilide",85-98-3,C17H20N2O,268.157563,21,244,9,Active,0.999999999384911,-100.98318378237502,3.1432852951125945,23.095812765475685,1.3635332501223032
https://comptox.epa.gov/dashboard/chemical/details/DTXSID0025315,N-Ethyl-N-phenyl benzylamine,92-59-1,C15H17N,211.136100,20,244,8,Active,0.9997461217771274,-93.44745441354138,2.908722010159629,51.09083634335405,1.708343012025202
https://comptox.epa.gov/dashboard/chemical/details/DTXSID9021342,Bithionol,97-18-7,C12H6Cl4O2S,353.884261,241,453,53,Active,0.999999999999942,-114.08952640153467,3.5512440510604564,12.0543506655412,1.0811438211035536
https://comptox.epa.gov/dashboard/chemical/details/DTXSID3021221,Quinapril hydrochloride,82586-55-8,C25H31ClN2O5,474.192150,21,244,9,Active,0.9605210659751,-49.1677833221883,1.5304366976879835,0.00011702137600481836,-3.9317347995103265
https://comptox.epa.gov/dashboard/chemical/details/DTXSID9024300,Selenious acid,7783-00-8,H2O3Se,129.916916,75,259,29,Active,0.9999999999981136,-112.42018010681309,3.499282610906647,14.996107041004336,1.1759785317196123
https://comptox.epa.gov/dashboard/chemical/details/DTXSID2025139,Benzalkonium chloride C18 (BAC C18),122-19-0,C27H50ClN,423.363178,280,460,61,Active,0.9999999999850349,-114.60329068612,3.5672358990137885,19.510847529411286,1.2902761350711978
https://comptox.epa.gov/dashboard/chemical/details/DTXSID2029662,Dichloro(dioctyl)stannane,3542-36-7,C16H34Cl2Sn,416.105958,63,244,26,Active,0.999933598588171,-94.60112758397295,2.9446321862519027,50.34701658673694,1.7019737406631088
https://comptox.epa.gov/dashboard/chemical/details/DTXSID7020398,C.I. Oxidation Base 12A,39156-41-7,C7H12N2O5S,236.046693,102,244,42,Active,0.9998362811984884,-111.27701409726069,3.463699489310457,69.0640854813257,1.8392522654341605
https://comptox.epa.gov/dashboard/chemical/details/DTXSID4020749,Isobutylparaben,4247-02-3,C11H14O3,194.094294,38,244,16,Active,0.9877436528056319,-57.89447056615712,1.8020707129922364,66.50170704216472,1.8228327934155468
https://comptox.epa.gov/dashboard/chemical/details/DTXSID6021080,Omeprazole,73590-58-6,C17H19N3O3S,345.114713,60,244,25,Active,0.9913963398624454,-52.19981983288075,1.6248143497022338,75.23747487725147,1.8764342113164265
https://comptox.epa.gov/dashboard/chemical/details/DTXSID2020054,3-Amino-9-ethylcarbazole hydrochloride,6109-97-3,C14H15ClN2,246.092376,47,244,19,Active,0.999998968224866,-113.7597410963376,3.5409788835192537,39.517192504466564,1.5967860825975508
https://comptox.epa.gov/dashboard/chemical/details/DTXSID1029120,"4,4'-Biphenyldiol",92-88-6,C12H10O2,186.068080,47,244,19,Active,0.999999999935098,-72.68727249717016,2.262523582882658,3.5867941367472973,0.5547064511559431
https://comptox.epa.gov/dashboard/chemical/details/DTXSID8021191,Proflavin hydrochloride,952-23-8,C13H12ClN3,245.071975,122,259,47,Active,0.9999998260105505,-115.24266953604304,3.5871377288204243,33.73484598694688,1.5280787317679758
https://comptox.epa.gov/dashboard/chemical/details/DTXSID3021770,"2,2',6,6'-Tetrachlorobisphenol A",79-95-8,C15H12Cl4O2,363.959140,241,566,43,Active,0.9936833324399834,-54.55691171806667,1.6981831224466246,43.53627891174541,1.6388513067180228
https://comptox.epa.gov/dashboard/chemical/details/DTXSID5022485,"Bis(4-hydroxyphenyl)-2,2-dichloroethylene",14868-03-2,C14H10Cl2O2,280.005785,69,244,28,Active,0.9999999999999963,-72.88222587961067,2.2685918615534746,0.3994290306083159,-0.3985603736795965
https://comptox.epa.gov/dashboard/chemical/details/DTXSID3047893,"4,4'-Octahydro-1H-4,7-methanoindene-5,5-diyldiphenol",1943-97-1,C22H24O2,320.177630,127,244,52,Active,0.9999113720866073,-101.76173454086715,3.1675191037429595,51.683001146626246,1.7133477244834638
https://comptox.epa.gov/dashboard/chemical/details/DTXSID8047894,Benzophenone 7,85-19-8,C13H9ClO2,232.029107,25,244,10,Active,0.9998695715752506,-69.55860887971069,2.1651382363945975,30.384240450156028,1.4826483842598044
https://comptox.epa.gov/dashboard/chemical/details/DTXSID5047904,Methyltrioctylammonium trifluoromethanesulfonate,121107-18-4,C26H54F3NO3S,517.377650,151,244,62,Active,0.9999999999999984,-111.66921424382468,3.4759074323288943,2.9242832564529686,0.4660194376279493
https://comptox.epa.gov/dashboard/chemical/details/DTXSID4047913,1-Decyl-3-methylimidazolium bis(trifluoromethylsulfonyl)imide,433337-23-6,C16H27F6N3O4S2,503.134718,88,244,36,Active,1,-104.0243390160212,3.237946783966773,0.34213410154960444,-0.465803636201642
https://comptox.epa.gov/dashboard/chemical/details/DTXSID4047919,1-Dodecyl-3-methylimidazolium hexafluorophosphate,219947-93-0,C16H31F6N2P,396.212905,135,244,55,Active,1,-111.23906880948843,3.4625183732017555,0.8530968477543487,-0.06900166278587253
https://comptox.epa.gov/dashboard/chemical/details/DTXSID8047929,1-Benzyl-3-methylimidazolium chloride,36443-80-8,C11H13ClN2,208.076726,14,244,6,Active,0.9891898082318352,-69.79345605411787,2.1724482819117172,75.03399239148746,1.8752580549063027
https://comptox.epa.gov/dashboard/chemical/details/DTXSID2047935,1-Hexylpyridinium chloride,6220-15-1,C11H18ClN,199.112777,40,244,16,Active,0.9999999824038163,-100.80117697318408,3.137620002085459,26.892377415046123,1.4296291976340672
https://comptox.epa.gov/dashboard/chemical/details/DTXSID7047936,1-Hexylpyridinium hexafluorophosphate,797789-00-5,C11H18F6NP,309.108106,27,244,11,Active,0.9999933390720578,-138.35590370518244,4.306579187934234,56.46829960078651,1.7518047102600955
https://comptox.epa.gov/dashboard/chemical/details/DTXSID0026208,"2,3,5-Trichlorophenol",933-78-8,C6H3Cl3O,195.924948,48,244,20,Active,0.9999388587148171,-108.02400068696414,3.362443529313939,67.15192131815672,1.8270584430052754
https://comptox.epa.gov/dashboard/chemical/details/DTXSID6047941,1-Ethyl-1-methylpyrrolidinium iodide,4186-68-9,C7H16IN,241.032740,17,244,7,Active,0.9999998946088193,-114.57484012814707,3.5663503236420833,36.264549165938625,1.5594822827639268
https://comptox.epa.gov/dashboard/chemical/details/DTXSID7020211,"2,6-Di-tert-butyl-4-(hydroxymethyl)phenol",88-26-6,C15H24O2,236.177630,31,244,13,Active,0.999287367166809,-62.89602332669839,1.957753141056889,61.87870883760115,1.7915412431243682
https://comptox.epa.gov/dashboard/chemical/details/DTXSID5020861,4-Methylcatechol,452-86-8,C7H8O2,124.052429,69,244,28,Active,0.9428893666636082,-39.67139294731154,1.2348442722567632,69.56977185407169,1.8424205791420367
https://comptox.epa.gov/dashboard/chemical/details/DTXSID5020865,"4,4'-Methylenebis(2-chloroaniline)",101-14-4,C13H12Cl2N2,266.037754,56,244,23,Active,0.9999999999812738,-100.2717858671688,3.121141740888156,12.64448410818061,1.1019011149346007
https://comptox.epa.gov/dashboard/chemical/details/DTXSID1021667,Tribromoacetaldehyde,115-17-3,C2HBr3O,277.757754,115,244,47,Active,0.9999999999978827,-122.67417976955917,3.818457003600183,11.617266571660762,1.065103954862278
https://comptox.epa.gov/dashboard/chemical/details/DTXSID4047880,3-Hydroxybenzophenone,13020-57-0,C13H10O2,198.068080,18,244,7,Active,0.9907005698957837,-63.30793165655888,1.9705745371318544,33.64309548451358,1.526895948183978
https://comptox.epa.gov/dashboard/chemical/details/DTXSID6038875,"2,2'-Dihydroxy-4,4'-dimethoxybenzophenone",131-54-4,C15H14O5,274.084124,35,244,14,Active,0.9239105780279007,-41.978491410793296,1.306656908806897,41.25814768775486,1.615509726132414
https://comptox.epa.gov/dashboard/chemical/details/DTXSID9047881,2-Hydroxy-5-methylbenzophenone,1470-57-1,C14H12O2,212.083730,12,244,5,Active,0.9943054629479638,-51.54355344320798,1.6043868645005337,36.016481801392295,1.55650128736009
https://comptox.epa.gov/dashboard/chemical/details/DTXSID9047885,Nonylparaben,38713-56-3,C16H24O3,264.172545,116,244,48,Active,0.9988773057459546,-88.51886834818202,2.7553108032172235,47.645730910500255,1.6780239936402064
https://comptox.epa.gov/dashboard/chemical/details/DTXSID8047890,"3,3'-Dimethylbisphenol A",79-97-0,C17H20O2,256.146330,200,466,43,Active,0.9999999999999994,-116.19431017190928,3.616759274754214,8.815769784557538,0.9452602404684906
https://comptox.epa.gov/dashboard/chemical/details/DTXSID1025649,2-Methylphenanthrene,2531-84-2,C15H12,192.093900,13,244,5,Active,0.999978422337577,-66.81551259153338,2.079754374421228,17.56105114151137,1.2445505076575234
https://comptox.epa.gov/dashboard/chemical/details/DTXSID5047900,Tetraoctylphosphonium bromide,23906-97-0,C32H68BrP,562.424202,160,244,66,Active,1,-115.17126284177243,3.5849150655643607,1.4667663911002786,0.1663609501521349
https://comptox.epa.gov/dashboard/chemical/details/DTXSID4047915,1-Decyl-3-methylimidazolium tetrafluoroborate,244193-56-4,C14H27BF4N2,310.220342,66,244,27,Active,1,-110.25421670625215,3.4318630599306403,0.3744298986449839,-0.4266294796505642
https://comptox.epa.gov/dashboard/chemical/details/DTXSID9047916,1-Decyl-3-methylimidazolium trifluoromethanesulfonate,412009-62-2,C15H27F3N2O3S,372.169448,72,244,30,Active,1,-108.50933713013907,3.3775505089898985,0.43523145368772936,-0.3612797262018752
https://comptox.epa.gov/dashboard/chemical/details/DTXSID4047917,1-Dodecyl-3-methylimidazolium bis(trifluoromethylsulfonyl)imide,404001-48-5,C18H31F6N3O4S2,531.166018,132,244,54,Active,0.9999999999948588,-113.79044026448642,3.5419344509731605,0.8292883439453066,-0.08129443879687752
https://comptox.epa.gov/dashboard/chemical/details/DTXSID9047918,1-Dodecyl-3-methylimidazolium chloride,114569-84-5,C16H31ClN2,286.217577,143,244,59,Active,1,-114.84920235232207,3.5748903469655917,0.9314477191040776,-0.030841516443321042
https://comptox.epa.gov/dashboard/chemical/details/DTXSID8047923,1-Hexadecyl-3-methylimidazolium chloride,61546-01-8,C20H39ClN2,342.280177,133,244,55,Active,0.9999999999984283,-113.41586038848389,3.5302749709292236,4.602870868056295,0.6630287910840129
https://comptox.epa.gov/dashboard/chemical/details/DTXSID8047925,1-Hexyl-3-methylimidazolium bromide,85100-78-3,C10H19BrN2,246.073162,31,244,13,Active,0.9999999999989709,-120.43455072137806,3.7487444753358146,12.457193784803373,1.0954202204102494
https://comptox.epa.gov/dashboard/chemical/details/DTXSID3047926,Methyltrioctylammonium bis(trifluoromethylsulfonyl)imide,375395-33-8,C27H54F6N2O4S2,648.342920,132,244,54,Active,1,-114.40170155979366,3.560961070743353,3.1007113830425537,0.49146134360416877
https://comptox.epa.gov/dashboard/chemical/details/DTXSID7047934,1-Hexylpyridinium bromide,74440-81-6,C11H18BrN,243.062263,33,244,14,Active,0.9999980870766693,-99.32899957345514,3.09179580246092,46.45391705069125,1.6670223401117243
https://comptox.epa.gov/dashboard/chemical/details/DTXSID0026202,"2,3,4-Trichloronitrobenzene",17700-09-3,C6H2Cl3NO2,224.915111,6,244,2,Active,0.9999906597563258,-84.8309359294154,2.6405171979149777,38.975942597666375,1.5907966270043061
https://comptox.epa.gov/dashboard/chemical/details/DTXSID7025005,"3,4-Dichlorophenol",95-77-2,C6H4Cl2O,161.963920,20,244,8,Active,0.9999425438550971,-74.89479747039601,2.3312368134130836,31.26704108630112,1.4950867843227564
https://comptox.epa.gov/dashboard/chemical/details/DTXSID2020684,"alpha-1,2,3,4,5,6-Hexachlorocyclohexane",319-84-6,C6H6Cl6,287.860066,28,244,11,Active,0.9701466592489864,-41.14272463917177,1.28064214768545,46.43087557603685,1.6668068735058443
https://comptox.epa.gov/dashboard/chemical/details/DTXSID6047943,1-Methyl-3-octylimidazolium tetrafluoroborate,244193-52-0,C12H23BF4N2,282.189041,43,244,18,Active,1,-107.4532865378087,3.344679013227587,2.251143458699451,0.3524031721823536
https://comptox.epa.gov/dashboard/chemical/details/DTXSID1047944,Trihexyltetradecylphosphonium chloride,258864-54-9,C32H68ClP,518.474717,158,244,65,Active,1,-104.57406246831702,3.255057926428906,2.579482817123603,0.41153263922492805
https://comptox.epa.gov/dashboard/chemical/details/DTXSID5026205,"3,4,5-Trichloronitrobenzene",20098-48-0,C6H2Cl3NO2,224.915111,10,244,4,Active,0.9999999471088649,-84.19276497280808,2.620652965985088,22.25817254803223,1.3474895047927111
https://comptox.epa.gov/dashboard/chemical/details/DTXSID7027178,"1,1-Dimethoxyethane",534-15-6,C4H10O2,90.068080,1,244,0,Active,0.99995041781615,-64.72727263398285,2.0147541069966954,0.0001597053004297201,-3.7966806699029743
https://comptox.epa.gov/dashboard/chemical/details/DTXSID4025749,2-Nitrodiphenylamine,119-75-5,C12H10N2O2,214.074228,9,244,4,Active,1,-81.45632424621799,2.5354762704733442,2.8042631615002453,0.4478187668640141
https://comptox.epa.gov/dashboard/chemical/details/DTXSID0023909,Benzo[k]fluoranthene,207-08-9,C20H12,252.093900,57,277,21,Active,0.9999999999999823,-68.45353252381577,2.130740724557905,3.2793760669386023,0.5157912228392991
https://comptox.epa.gov/dashboard/chemical/details/DTXSID5020946,5-Nitro-2-furanmethanediol diacetate,92-55-7,C9H9NO7,243.037902,123,244,50,Active,0.999994104264661,-108.46289350991309,3.376104866824142,51.393978646408414,1.7109122397380305
https://comptox.epa.gov/dashboard/chemical/details/DTXSID6022131,Diphenyl disulfide,882-33-7,C12H10S2,218.022393,23,244,9,Active,0.9973166971007925,-56.388948253040475,1.7552085922803184,61.57051637241576,1.7893727958969938
https://comptox.epa.gov/dashboard/chemical/details/DTXSID7026655,1-Ethoxy-4-nitrobenzene,100-29-8,C8H9NO3,167.058243,98,244,40,Active,0.9962552584788232,-53.44437804707859,1.6635534881119542,60.752951676733645,1.7835673829415737
https://comptox.epa.gov/dashboard/chemical/details/DTXSID6047949,1-Hexyl-3-methylimidazolium hexafluorophosphate,304680-35-1,C10H19F6N2P,312.119005,28,244,11,Active,0.9999999900303023,-96.4617002916128,3.0025458963703677,14.79500392555493,1.1701150847279203
https://comptox.epa.gov/dashboard/chemical/details/DTXSID8029602,"4,4'-Butane-1,1-diylbis(2-tert-butyl-5-methylphenol)",85-60-9,C26H38O2,382.287180,153,244,63,Active,0.9999999930190594,-115.3751429660785,3.5912612053145003,20.726217527191842,1.3165200518790041
https://comptox.epa.gov/dashboard/chemical/details/DTXSID5047950,Trihexyltetradecylphosphonium hexafluorophosphate,374683-44-0,C32H68F6P2,628.470045,147,244,60,Active,1,-117.01696717784941,3.6423659705706743,2.2899563841018664,0.3598272105825634
https://comptox.epa.gov/dashboard/chemical/details/DTXSID0047951,1-Hexyl-3-methylimidazolium iodide,178631-05-5,C10H19IN2,294.059290,35,244,14,Active,0.9999999999421035,-107.30241684660294,3.3399829196396964,15.822055005049544,1.1992628899955566
https://comptox.epa.gov/dashboard/chemical/details/DTXSID0033960,Rifabutin,72559-06-9,C46H62N4O11,846.441509,62,244,25,Active,0.999546704980202,-76.92072474344083,2.3942974851785226,68.12613507210668,1.8333137512692246
https://comptox.epa.gov/dashboard/chemical/details/DTXSID5047952,1-Methyl-3-octylimidazolium hexafluorophosphate,304680-36-2,C12H23F6N2P,340.150305,48,244,20,Active,1,-110.84382666566425,3.4502157424848563,2.1198603898778314,0.3263072600314944
https://comptox.epa.gov/dashboard/chemical/details/DTXSID6033247,(E)-beta-Nitrostyrene,5153-67-3,C8H7NO2,149.047678,75,244,31,Active,0.9999997820005189,-109.31312858604335,3.4025699802429132,30.026315586050313,1.4775020448591305
https://comptox.epa.gov/dashboard/chemical/details/DTXSID7021283,Strobane,8001-50-1,, ,120,244,49,Active,0.9999993087102951,-102.93511810529598,3.204042801703844,36.95457556888144,1.5676682186791946
https://comptox.epa.gov/dashboard/chemical/details/DTXSID3027116,Chloro(methyl)diphenylsilane,144-79-6,C13H13ClSi,232.047505,21,244,9,Active,0.9999999997399941,-86.15147354473812,2.681621333399874,12.379061305879853,1.092687713736376
https://comptox.epa.gov/dashboard/chemical/details/DTXSID2020470,Diglycidyl resorcinol ether,101-90-6,C12H14O4,222.089209,86,244,35,Active,0.9996371334143068,-64.2346276923851,1.9994196370123367,80.93761234677011,1.908150388591288
https://comptox.epa.gov/dashboard/chemical/details/DTXSID0039227,2-Acetylaminofluorene,53-96-3,C15H13NO,223.099714,26,244,11,Active,0.9990446890147122,-52.48476184055973,1.6336836880331322,27.422748271832152,1.4381109770574692
https://comptox.epa.gov/dashboard/chemical/details/DTXSID6047945,Tetrabutylphosphonium bromide,3115-68-2,C16H36BrP,338.173801,18,244,7,Active,0.9999999413481828,-129.04901544706433,4.016885360613011,39.365838004035645,1.5951195009616979
https://comptox.epa.gov/dashboard/chemical/details/DTXSID1047946,1-Methyl-3-octylimidazolium trifluoromethanesulfonate,403842-84-2,C13H23F3N2O3S,344.138148,50,244,20,Active,1,-113.84666337362924,3.5436844975214554,1.8491638673682496,0.26697539874187287
https://comptox.epa.gov/dashboard/chemical/details/DTXSID2020139,Benzo[a]pyrene,50-32-8,C20H12,252.093900,71,267,27,Active,0.9999999999999922,-55.52685316541198,1.728374314428956,1.0682939308157149,0.028690761090038954
https://comptox.epa.gov/dashboard/chemical/details/DTXSID1047948,1-Hexyl-3-methylimidazolium chloride,171058-17-6,C10H19ClN2,202.123676,26,244,11,Active,0.9999999998908855,-101.04539676828097,3.145221787471408,16.16542785828002,1.2085872037840104
https://comptox.epa.gov/dashboard/chemical/details/DTXSID0025076,"1,8-Dihydroxy-4,5-dinitroanthraquinone",81-55-0,C14H6N2O8,330.012415,141,244,58,Active,1,-114.25192798976207,3.556299095920977,3.913641017979942,0.5925809871215726
https://comptox.epa.gov/dashboard/chemical/details/DTXSID4030384,4-Chloro-2-nitroaniline,89-63-4,C6H5ClN2O2,172.003955,8,244,3,Active,0.9870575322151046,-46.81956953532853,1.4573442719042637,29.603244512712394,1.4713393123004066
https://comptox.epa.gov/dashboard/chemical/details/DTXSID0047953,Trihexyltetradecylphosphonium bromide,654057-97-3,C32H68BrP,562.424202,159,244,65,Active,1,-109.96647257472478,3.4229065003975787,2.828834626222638,0.4516075593275296
https://comptox.epa.gov/dashboard/chemical/details/DTXSID9039238,2-Amino-4-(p-nitrophenyl)thiazole,2104-09-8,C9H7N3O2S,221.025898,11,244,5,Active,0.9999993270134945,-60.069415748376045,1.8697698382612293,7.174642532210223,0.8558002677536296
https://comptox.epa.gov/dashboard/chemical/details/DTXSID8024498,2-Aminophenol,95-55-6,C6H7NO,109.052764,66,244,27,Active,0.9999386517858105,-84.38049703148528,2.626496467817363,45.58294930875575,1.658802421482351
https://comptox.epa.gov/dashboard/chemical/details/DTXSID4024064,Dinex,131-89-5,C12H14N2O5,266.090272,89,244,36,Active,0.9999999999999842,-127.75606022255539,3.9766397772176956,7.13844603830282,0.8536036809020122
https://comptox.epa.gov/dashboard/chemical/details/DTXSID7024457,9-Aminoacridine hydrochloride monohydrate,52417-22-8,C13H13ClN2O,248.071641,121,259,47,Active,0.999999967485775,-107.16197981944418,3.3356115616984696,15.97911524340423,1.2035527289488794
https://comptox.epa.gov/dashboard/chemical/details/DTXSID7025429,6-Hydroxy-2-naphthyl disulfide,6088-51-3,C20H14O2S2,350.043522,169,408,41,Active,0.9999999695493302,-104.54383301581056,3.2541169797288334,32.559048839442326,1.5126717091835231
https://comptox.epa.gov/dashboard/chemical/details/DTXSID9025744,2-Nitrobenzyl chloride,612-23-7,C7H6ClNO2,171.008706,48,244,20,Active,0.9999999999999998,-112.88490093084911,3.513747891934754,0.0007289380842869459,-3.137309358917263
https://comptox.epa.gov/dashboard/chemical/details/DTXSID0047955,1-Methyl-3-octylimidazolium bis(trifluoromethylsulfonyl)imide,178631-04-4,C14H23F6N3O4S2,475.103418,57,244,23,Active,1,-110.64155351474206,3.443919622704557,1.9636990362948885,0.29307492698851806
https://comptox.epa.gov/dashboard/chemical/details/DTXSID9026219,Triethanolamine stearate,4568-28-9,C24H51NO5,433.376724,27,244,11,Active,0.9982314786056301,-63.06739364832401,1.9630873540595744,40.27692191777825,1.605056273073156
https://comptox.epa.gov/dashboard/chemical/details/DTXSID5047956,"2,3,4,4'-Tetrahydroxybenzophenone",31127-54-5,C13H10O5,246.052823,32,244,13,Active,0.9976930395650236,-63.536408215636335,1.9776862856579633,46.24193548387095,1.6650360034482303
https://comptox.epa.gov/dashboard/chemical/details/DTXSID5026097,"2,3,4,5-Tetrachloronitrobenzene",879-39-0,C6HCl4NO2,258.876139,24,244,10,Active,0.9999999999172794,-114.7556813702096,3.571979336272048,19.518664301842453,1.2904500947760087
https://comptox.epa.gov/dashboard/chemical/details/DTXSID0047957,Octylparaben,1219-38-1,C15H22O3,250.156895,154,406,38,Active,0.9936534451179978,-50.14364209414458,1.5608120771631173,43.4680337503186,1.6381699955922653
https://comptox.epa.gov/dashboard/chemical/details/DTXSID2026101,"2,3,5,6-Tetrachlorophenol",935-95-5,C6H2Cl4O,229.885976,71,244,29,Active,0.9999765361915836,-114.03408372984245,3.5495182970475163,74.19118557893643,1.870352311184423
https://comptox.epa.gov/dashboard/chemical/details/DTXSID5024473,2-Amino-4-chlorophenol,95-85-2,C6H6ClNO,143.013791,45,244,18,Active,0.9546416764439881,-44.430781742455395,1.3829889063746506,35.28262000944276,1.5475608274063568
https://comptox.epa.gov/dashboard/chemical/details/DTXSID5026203,"2,4,5-Trichloronitrobenzene",89-69-0,C6H2Cl3NO2,224.915111,7,244,3,Active,0.9999927561057275,-138.36025902923956,4.306714755318341,62.04738945476398,1.7927235139694675
https://comptox.epa.gov/dashboard/chemical/details/DTXSID0047959,"2,4-Dichloro-1-(trifluoromethyl)benzene",320-60-5,C7H3Cl2F3,213.956390,5,244,2,Active,0.9999773631288065,-79.46604307820458,2.473525148571323,0.00016233406042866463,-3.7895903482928124
https://comptox.epa.gov/dashboard/chemical/details/DTXSID2025058,"N,N-Diethyl-4-aminoaniline",93-05-0,C10H16N2,164.131349,104,244,43,Active,0.9999999999999992,-111.81376530474971,3.4804068470549914,5.7717218995612924,0.7613053971969892
https://comptox.epa.gov/dashboard/chemical/details/DTXSID9025114,6PPD,793-24-8,C18H24N2,268.193949,122,244,50,Active,0.9999759174037859,-104.04744137210233,3.238665886825609,41.5937686122859,1.6190282714919293
https://comptox.epa.gov/dashboard/chemical/details/DTXSID0033382,Daunomycin hydrochloride,23541-50-6,C27H30ClNO10,563.155824,141,244,58,Active,1,-105.9865476297436,3.29902409654932,0.43844549074524336,-0.3580843921270322
https://comptox.epa.gov/dashboard/chemical/details/DTXSID6025565,4-(Methylamino)phenol hemisulfate,55-55-0,C14H20N2O6S,344.104208,133,244,55,Active,0.9999999684645142,-127.26016470610521,3.96120412717789,42.272404773751866,1.6260569544830048
https://comptox.epa.gov/dashboard/chemical/details/DTXSID7021368,Toxaphene,8001-35-2,, ,144,256,56,Active,0.999999416954719,-100.01842237058767,3.113255341160078,34.93439468392411,1.543253222537862
https://comptox.epa.gov/dashboard/chemical/details/DTXSID2033736,Nelfinavir mesylate,159989-65-8,C33H51N3O8S2,681.311758,178,300,59,Active,0.9999998728425552,-101.30799280200216,3.1533955667130047,41.820024799131474,1.6213842860168697
https://comptox.epa.gov/dashboard/chemical/details/DTXSID7022384,(Z)-4-Hydroxytamoxifen,68047-06-3,C26H29NO2,387.219829,158,248,64,Active,0.9999903693631318,-105.76735044933574,3.2922011855645463,69.03195470599749,1.8390501710271494
https://comptox.epa.gov/dashboard/chemical/details/DTXSID3020380,Dehydroepiandrosterone 3-acetate,853-23-6,C21H30O3,330.219495,50,256,20,Active,0.9999999924954776,-92.34205483931615,2.874314437564435,12.373916601615953,1.0925071846126997
https://comptox.epa.gov/dashboard/chemical/details/DTXSID8024947,"1,2-Dibromo-4-(1,2-dibromoethyl)cyclohexane",3322-93-8,C8H12Br4,423.767252,24,244,10,Active,0.991094396787267,-43.14535474399132,1.342977652709681,10.765543238050213,1.0320359495645202
https://comptox.epa.gov/dashboard/chemical/details/DTXSID1020275,[4-(4-Chlorophenoxy)phenyl]amine,101-79-1,C12H10ClNO,219.045092,31,244,13,Active,0.9999985528671237,-87.50928992302568,2.723885838196357,31.295211524721687,1.495477891301009
https://comptox.epa.gov/dashboard/chemical/details/DTXSID9047962,4-Benzylphenol,101-53-1,C13H12O,184.088815,39,244,16,Active,0.9999958991871704,-74.37672066410393,2.315110730376662,21.053024775219043,1.3233145015405152
https://comptox.epa.gov/dashboard/chemical/details/DTXSID4047963,"1,1-Bis(4-hydroxyphenyl)cyclohexane",843-55-0,C18H20O2,268.146330,117,247,47,Active,0.9999999897291497,-104.79801924397705,3.262028988474148,23.237908177468647,1.3661970312970235
https://comptox.epa.gov/dashboard/chemical/details/DTXSID7020550,Dopamine hydrochloride,62-31-7,C8H12ClNO2,189.055656,37,244,15,Active,0.9999998747454453,-85.6118582314088,2.664824825150927,26.636685274464472,1.4254801793354717
https://comptox.epa.gov/dashboard/chemical/details/DTXSID0025997,13-cis-Retinal,472-86-6,C20H28O,284.214016,96,244,39,Active,0.9990248101222541,-70.69663846200704,2.2005614773486974,70.59418225238028,1.8487689118195638
https://comptox.epa.gov/dashboard/chemical/details/DTXSID4021341,"4,4'-Thiobis(6-tert-butyl-m-cresol)",96-69-5,C22H30O2S,358.196651,153,244,63,Active,0.9999999945731632,-106.82863303175466,3.325235536535948,25.56424234918072,1.4076329260104952
https://comptox.epa.gov/dashboard/chemical/details/DTXSID7034042,Tetra-N-octylammonium bromide,14866-33-2,C32H68BrN,545.453514,157,244,64,Active,1,-111.24312526106053,3.462644637636083,1.5165028130003417,0.18084322023151117
https://comptox.epa.gov/dashboard/chemical/details/DTXSID3024499,4-Aminophenol,123-30-8,C6H7NO,109.052764,113,244,46,Active,0.9999999884781129,-101.50366270850354,3.159486148498654,25.43990360711818,1.4055154614191443
https://comptox.epa.gov/dashboard/chemical/details/DTXSID1024625,"1,2-Bis(phenylthio)ethane",622-20-8,C14H14S2,246.053693,13,244,5,Active,0.9807886687106735,-46.68332730938916,1.4531034847818105,22.30495002624351,1.3484012545513635
https://comptox.epa.gov/dashboard/chemical/details/DTXSID0021460,Zearalenone,17924-92-4,C18H22O5,318.146724,163,429,38,Active,0.9999999243171185,-100.85057933372791,3.139157740425893,26.3480409853369,1.4207483303308779
https://comptox.epa.gov/dashboard/chemical/details/DTXSID0021331,Tetrakis(hydroxymethyl)phosphonium sulfate,55566-30-8,C8H24O12P2S,406.046371,41,341,12,Active,0.9924866554313873,-53.77031213824125,1.6736987796105403,72.13605711628885,1.8581524005352144
https://comptox.epa.gov/dashboard/chemical/details/DTXSID8046242,Mexenone,1641-17-4,C15H14O3,242.094294,28,244,11,Active,0.9998275083989968,-75.54432606536466,2.3514545724978038,45.399786915096584,1.6570538144911369
https://comptox.epa.gov/dashboard/chemical/details/DTXSID2025006,"3,5-Dichlorophenol",591-35-5,C6H4Cl2O,161.963920,35,244,14,Active,0.9969760171046381,-64.81645193656473,2.017529975016841,71.4858980812335,1.8542203776117223
https://comptox.epa.gov/dashboard/chemical/details/DTXSID4025165,"1,5-Dinitronaphthalene",605-71-0,C10H6N2O4,218.032757,10,244,4,Active,0.9945073915079602,-45.50390972857663,1.416391967084422,22.826652623506696,1.3584422297676837
https://comptox.epa.gov/dashboard/chemical/details/DTXSID9047960,"4,4'-Thiodiphenol",2664-63-3,C12H10O2S,218.040151,48,244,20,Active,0.9999999999999784,-100.03763786749438,3.1138534584564717,9.376894565160349,0.9720590327802849
https://comptox.epa.gov/dashboard/chemical/details/DTXSID4047961,4-Hydroxy-4'-chlorobenzophenone,42019-78-3,C13H9ClO2,232.029107,54,244,22,Active,0.999999998457063,-121.27395040194918,3.7748723173569916,30.502254658903805,1.4843319426166213
https://comptox.epa.gov/dashboard/chemical/details/DTXSID5025998,Retinal,116-31-4,C20H28O,284.214016,149,244,61,Active,0.9999981227179505,-112.00785659694485,3.4864482915986805,42.25632768610696,1.6258917517092197
https://comptox.epa.gov/dashboard/chemical/details/DTXSID8026220,"2,4,5-Triethoxyacetophenone",63213-29-6,C14H20O4,252.136159,35,244,14,Active,0.998823123739654,-61.26941569229667,1.9071220194520144,45.4078341013825,1.6571307870749101
https://comptox.epa.gov/dashboard/chemical/details/DTXSID1024887,4H-Cyclopenta(def)phenanthrene,203-64-5,C15H10,190.078250,18,263,7,Active,0.9999898429213201,-79.83856906955315,2.4851206977191564,40.57056818412356,1.6082110899695874
https://comptox.epa.gov/dashboard/chemical/details/DTXSID7023932,Bromoxynil octanoate,1689-99-2,C15H17Br2NO2,400.962605,46,244,19,Active,0.9996218547890506,-92.17775233451833,2.869200223217677,72.62520726214053,1.8610873848156058
https://comptox.epa.gov/dashboard/chemical/details/DTXSID3025045,Diethylene glycol diacrylate,4074-88-8,C10H14O5,214.084124,101,244,41,Active,0.9994184606582165,-96.68490270050907,3.009493477377809,45.89736868664856,1.6617877879855045
https://comptox.epa.gov/dashboard/chemical/details/DTXSID3024108,Flurprimidol,56425-91-3,C15H15F3N2O2,312.108562,19,244,8,Active,0.9999999999786342,-79.48735978408962,2.4741886698195055,6.933708120144663,0.840965555739965
https://comptox.epa.gov/dashboard/chemical/details/DTXSID8031077,Curcumin,458-37-7,C21H20O6,368.125988,255,473,54,Active,0.9999999732341162,-93.41780552043421,2.907799134426963,24.75501047389944,1.3936631144184932
https://comptox.epa.gov/dashboard/chemical/details/DTXSID2020846,Methylnitronitrosoguanidine,70-25-7,C2H5N5O3,147.039239,36,244,15,Active,0.9998984350888748,-102.37478234222516,3.18660133176384,60.05750018132326,1.7785672512720312
https://comptox.epa.gov/dashboard/chemical/details/DTXSID2024246,Pentabromodiphenyl ether,32534-81-9,C12O, ,25,244,10,Active,0.9999239750078848,-54.43250483735847,1.6943107319743294,11.061255577253053,1.043804427088312
https://comptox.epa.gov/dashboard/chemical/details/DTXSID9021219,Quercetin dihydrate,6151-25-3,C15H14O9,338.063782,62,256,24,Active,0.9999308532957324,-63.071983397143995,1.9632302183408712,20.2396812362902,1.306203668325353
https://comptox.epa.gov/dashboard/chemical/details/DTXSID7025342,Fumaronitrile,764-42-1,C4H2N2,78.021798,40,244,16,Active,0.9939506529319208,-79.43641929382596,2.472603054393509,76.47684300131705,1.8835299517653485
https://comptox.epa.gov/dashboard/chemical/details/DTXSID9022445,Bis(4-hydroxyphenyl)methane,620-92-8,C13H12O2,200.083730,43,465,9,Active,0.9996856711478486,-62.16492132420552,1.9349962612716796,23.778721368609116,1.3761884979913748
https://comptox.epa.gov/dashboard/chemical/details/DTXSID7020768,Kaempferol,520-18-3,C15H10O6,286.047738,97,410,24,Active,0.9988931382033414,-57.98771267009293,1.8049730430952209,45.94930875576035,1.662278982407288
https://comptox.epa.gov/dashboard/chemical/details/DTXSID8020678,Hematoxylin,517-28-2,C16H14O6,302.079038,52,244,21,Active,0.9968722924644614,-88.23006973511897,2.7463214210281426,67.93866039701716,1.8321169792734986
https://comptox.epa.gov/dashboard/chemical/details/DTXSID0020155,Benzyl isothiocyanate,622-78-6,C8H7NS,149.029920,49,244,20,Active,0.9987769650785019,-84.2493782461928,2.622415157105165,46.48387096774195,1.6673022869797167
https://comptox.epa.gov/dashboard/chemical/details/DTXSID4022315,Zearalanol,26538-44-3,C18H26O5,322.178024,74,256,29,Active,0.9999999999422288,-101.73058303261239,3.166549456380397,6.58611673525626,0.8186294240722665
https://comptox.epa.gov/dashboard/chemical/details/DTXSID8033562,Hydroxyflutamide,52806-53-8,C11H11F3N2O4,292.067091,130,676,19,Active,0.999999999999998,-66.75235909674825,2.077788607012658,0.12330021855479084,-0.9090361535984651
https://comptox.epa.gov/dashboard/chemical/details/DTXSID5021679,"1,1,1-Trichloropropanone",918-00-3,C3H3Cl3O,159.924948,81,244,33,Active,0.9999999775210213,-126.51460325086666,3.937997170622584,8.93634151498001,0.9511597576049985
https://comptox.epa.gov/dashboard/chemical/details/DTXSID5036684,4-Hydroxybenzophenone,1137-42-4,C13H10O2,198.068080,24,250,10,Active,0.9997247023156628,-71.97466166967956,2.240342274556943,33.85360273353642,1.5296048935244433
https://comptox.epa.gov/dashboard/chemical/details/DTXSID3021275,Sodium diethyldithiocarbamate trihydrate,20624-25-3,C5H16NNaO3S2,225.046930,99,326,30,Active,0.9999999999999972,-98.77940560800857,3.074688690512521,5.405757411644881,0.7328565524341248
https://comptox.epa.gov/dashboard/chemical/details/DTXSID9033187,Amitriptyline hydrochloride,549-18-8,C20H24ClN,313.159727,88,334,26,Active,0.9999687436891549,-96.37836105267311,2.9999518109548244,54.613866333308444,1.7373029230615202
https://comptox.epa.gov/dashboard/chemical/details/DTXSID8022406,"2,4-Dihydroxybenzophenone",131-56-6,C13H10O3,214.062994,95,584,16,Active,0.9999991608459513,-90.18945462930614,2.8073108402034883,26.624542294341712,1.4252821505031195
https://comptox.epa.gov/dashboard/chemical/details/DTXSID8022404,"2,2'-Dihydroxybenzophenone",835-11-0,C13H10O3,214.062994,19,244,8,Active,0.999999828580899,-89.94132172837016,2.7995872522799132,24.877993234791475,1.395815345383486
https://comptox.epa.gov/dashboard/chemical/details/DTXSID2034095,Verapamil hydrochloride,152-11-4,C27H39ClN2O4,490.259835,46,251,18,Active,0.9999975096580578,-109.85308479055622,3.4193770993500685,34.64254681440793,1.5396098125250275
https://comptox.epa.gov/dashboard/chemical/details/DTXSID6026082,"1,1,1,2-Tetrabromoethane",630-16-0,C2H2Br4,341.689002,21,244,9,Active,0.9999738621087925,-59.58959049664046,1.854834404444303,47.48387096774195,1.6765461161672075
https://comptox.epa.gov/dashboard/chemical/details/DTXSID6020276,3-Chloro-4-(dichloromethyl)-5-hydroxy-2(5H)-furanone,77439-76-0,C5H3Cl3O3,215.914777,83,244,34,Active,0.9996623422404562,-95.97546624616179,2.987410977190725,68.3974124416198,1.8350396721355766
https://comptox.epa.gov/dashboard/chemical/details/DTXSID5033757,Nitazoxanide,55981-09-4,C12H9N3O5S,307.026292,112,244,46,Active,0.9999999425152217,-118.92623202183636,3.7017953120094718,13.394121120369757,1.1269142218564245
https://comptox.epa.gov/dashboard/chemical/details/DTXSID7024902,Dazomet,533-74-4,C5H10N2S2,162.028541,176,673,26,Active,1,-106.82422981517162,3.325098478409849,2.643459872748273,0.4221727222780064
https://comptox.epa.gov/dashboard/chemical/details/DTXSID5027304,Dimethyltin dichloride,753-73-1,C2H6Cl2Sn,219.886858,54,356,15,Active,0.9971923244086185,-61.24535447943595,1.9063730704316444,57.27811937663109,1.7579887502606988
https://comptox.epa.gov/dashboard/chemical/details/DTXSID9020582,Ethoxyquin,91-53-2,C14H19NO,217.146664,136,652,21,Active,0.9769138332696109,-54.305131095035094,1.6903459925372033,35.27008213338286,1.5474064710095203
https://comptox.epa.gov/dashboard/chemical/details/DTXSID9021346,Thiosemicarbazide,79-19-6,CH5N3S,91.020418,66,330,20,Active,0.9999914478692787,-99.14320417611742,3.0860125827358433,0.0001237022956163807,-3.907622240837525
https://comptox.epa.gov/dashboard/chemical/details/DTXSID5023871,Amitraz,33089-61-1,C19H23N3,293.189198,168,686,24,Active,0.9996256749432911,-86.85287778339388,2.7034538162620465,75.15674036884688,1.8759679360037764
https://comptox.epa.gov/dashboard/chemical/details/DTXSID5020576,17alpha-Ethinylestradiol,57-63-6,C20H24O2,296.177630,220,734,30,Active,1,-78.83474861975354,2.45387496015568,0.2587158667159294,-0.5871769357370055
https://comptox.epa.gov/dashboard/chemical/details/DTXSID5024059,"3,3'-Dimethylbenzidine",119-93-7,C14H16N2,212.131349,90,643,14,Active,0.9999999999981238,-70.57062830329627,2.1966391819320275,3.563329318144162,0.5518559611227498
https://comptox.epa.gov/dashboard/chemical/details/DTXSID7024160,Lactofen,77501-63-4,C19H15ClF3NO7,461.048914,141,742,19,Active,0.9991700435632062,-66.55850438329924,2.0717545264128057,71.99240044150226,1.8572866544797013
https://comptox.epa.gov/dashboard/chemical/details/DTXSID0020284,"2-Chloro-1,4-diaminobenzene sulfate (1:1)",61702-44-1,C6H9ClN2O4S,239.997156,194,448,43,Active,0.9999661486600271,-93.2384633678872,2.902216783685183,40.5558473302431,1.608053479513392
https://comptox.epa.gov/dashboard/chemical/details/DTXSID2026573,"2-(Morpholin-4-yldithio)-1,3-benzothiazole",95-32-9,C11H12N2OS3,284.011177,175,442,40,Active,0.999926642840801,-95.5917910410873,2.9754683884839856,71.16426503917107,1.8522619684657124
https://comptox.epa.gov/dashboard/chemical/details/DTXSID1025930,Pindone,83-26-1,C14H14O3,230.094294,78,331,24,Active,0.9999999961942118,-95.68765511197718,2.978452332078071,23.85643437648013,1.3776055337879494
https://comptox.epa.gov/dashboard/chemical/details/DTXSID3022162,Bromoxynil,1689-84-5,C7H3Br2NO,274.858140,184,673,27,Active,0.9994216247935187,-64.73352257900123,2.0149486479047525,70.824085968969,1.8501809783750438
https://comptox.epa.gov/dashboard/chemical/details/DTXSID7037717,Bisphenol AF,1478-61-1,C15H10F6O2,336.058499,417,807,52,Active,0.9999999999182094,-92.54936573535767,2.8807673663258044,15.934612850414606,1.2023415162583784
https://comptox.epa.gov/dashboard/chemical/details/DTXSID4021391,Tris(methylphenyl) phosphate,1330-78-5,C21H21O4P, ,100,557,18,Active,0.9953364241959535,-77.60394960126521,2.4155641017419587,62.13887804277494,1.7933634075248353
https://comptox.epa.gov/dashboard/chemical/details/DTXSID7027756,3-Phenoxybenzenemethanol,13826-35-2,C13H12O2,200.083730,49,411,12,Active,0.9913564074447624,-54.91470292980411,1.7093200247748228,46.6958525345622,1.669278308802895
https://comptox.epa.gov/dashboard/chemical/details/DTXSID3024235,Flusilazole,85509-19-9,C16H15F2N3Si,315.100330,281,766,37,Active,0.9999997423831,-103.63084278083808,3.225698497832333,17.841046454777405,1.2514203240427288
https://comptox.epa.gov/dashboard/chemical/details/DTXSID6024048,Difenzoquat metilsulfate,43222-48-6,C18H20N2O4S,360.114378,172,693,25,Active,0.9999999999988287,-111.68547603437327,3.4764136101417638,5.309966766481034,0.7250918029686504
https://comptox.epa.gov/dashboard/chemical/details/DTXSID3026697,Bis(2-ethylhexyl) nonanedioate,103-24-2,C25H48O4,412.355260,51,590,9,Active,0.9999999999831323,-103.29798740077068,3.215337768625976,11.444050685481402,1.0585797726194308
https://comptox.epa.gov/dashboard/chemical/details/DTXSID2020424,Chloranocryl,2164-09-2,C10H9Cl2NO,229.006119,66,326,20,Active,0.9999999997866417,-91.6277703631941,2.852081033880509,15.888259265115181,1.2010763180401645
https://comptox.epa.gov/dashboard/chemical/details/DTXSID8026303,p-Xylenol blue,125-31-5,C23H22O5S,410.118795,62,452,14,Active,0.9992510376297334,-63.368717425988685,1.9724666047815789,36.461982835017295,1.5618402822808743
https://comptox.epa.gov/dashboard/chemical/details/DTXSID6022391,Apigenin,520-36-5,C15H10O5,270.052823,169,424,40,Active,0.9997833232517647,-84.28865070649786,2.623637583873228,50.975448200343635,1.707361052990252
https://comptox.epa.gov/dashboard/chemical/details/DTXSID4024359,"2,4,5-Trichlorophenol",95-95-4,C6H3Cl3O,195.924948,159,661,24,Active,0.9998248122130393,-100.57557110623152,3.1305976090738525,46.40179067143924,1.66653474054883
https://comptox.epa.gov/dashboard/chemical/details/DTXSID3033307,Cetylpyridinium bromide,140-72-7,C21H38BrN,383.218763,169,332,51,Active,1,-108.45227078804456,3.375774215282046,2.7315206402380396,0.43640448653012476
https://comptox.epa.gov/dashboard/chemical/details/DTXSID8024151,Imazalil,35554-44-0,C14H14Cl2N2O,296.048318,352,830,42,Active,0.9999999997674222,-106.21303726583582,3.3060739984830745,14.526009696309458,1.1621463297229593
https://comptox.epa.gov/dashboard/chemical/details/DTXSID2024458,2-Aminoanthracene,613-13-8,C14H11N,193.089149,74,329,22,Active,0.9308483069882761,-53.5447869201936,1.6666788969428088,46.7672811059908,1.6699421222072357
https://comptox.epa.gov/dashboard/chemical/details/DTXSID3025461,Isobutyl methacrylate,97-86-9,C8H14O2,142.099380,32,331,10,Active,0.9999999999999712,-102.59722053810907,3.193525125251081,2.7294856726751666,0.4360808189957276
https://comptox.epa.gov/dashboard/chemical/details/DTXSID5021332,Bis(dimethylaminothiocarbonyl) disulfide,137-26-8,C6H12N2S4,239.988333,310,773,40,Active,1,-108.88348013242063,3.3891963905445475,0.12154076870246974,-0.9152780212206827
https://comptox.epa.gov/dashboard/chemical/details/DTXSID8024159,Isoxaben,82558-50-7,C18H24N2O4,332.173607,105,687,15,Active,0.9999673203976102,-100.08037248653221,3.1151836512131523,45.85141968472496,1.661352787153189
https://comptox.epa.gov/dashboard/chemical/details/DTXSID2022179,Pentachloropyridine,2176-62-7,C5Cl5N,248.847338,76,630,12,Active,0.9999999457240119,-93.3179014136349,2.904689437365912,23.151957516126078,1.3645877168447211
https://comptox.epa.gov/dashboard/chemical/details/DTXSID0021127,Phenoxybenzamine hydrochloride,63-92-3,C18H23Cl2NO,339.115670,79,264,30,Active,0.9999999857614257,-105.4586009869509,3.282590796897462,37.61791080395464,1.5753946723544754
https://comptox.epa.gov/dashboard/chemical/details/DTXSID1021617,3-Methylbenzoic acid,99-04-7,C8H8O2,136.052429,7,328,2,Active,0.9992335143914151,-93.61344567275736,2.9138887900596893,79.98908223861564,1.903030713903243
https://comptox.epa.gov/dashboard/chemical/details/DTXSID1020770,Kepone,143-50-0,C10Cl10O,485.683442,450,770,58,Active,0.9996178188298901,-104.27094250209365,3.245622766070541,62.04932152448097,1.7927370370872067
https://comptox.epa.gov/dashboard/chemical/details/DTXSID1025805,2-n-Octyl-4-isothiazolin-3-one,26530-20-1,C11H19NOS,213.118735,381,671,57,Active,0.9999998483546623,-100.77870223392502,3.136920434941916,27.136559048137627,1.4335547776955895
https://comptox.epa.gov/dashboard/chemical/details/DTXSID0020523,"2,4-Dinitrophenol",51-28-5,C6H4N2O5,184.012021,141,584,24,Active,0.998507195210028,-65.695033983655,2.044877439473104,51.88317571915811,1.7150265509721025
https://comptox.epa.gov/dashboard/chemical/details/DTXSID4020870,"2,2'-Methylenebis(4-methyl-6-tert-butylphenol)",119-47-1,C23H32O2,340.240230,209,375,56,Active,0.999999988388749,-100.19626307746012,3.1187909566739367,27.97682024221902,1.4467983524098333
https://comptox.epa.gov/dashboard/chemical/details/DTXSID7024241,Oxyfluorfen,42874-03-3,C15H11ClF3NO4,361.032870,181,718,25,Active,0.9999999986051771,-76.03423415196342,2.3667038528916686,10.599981807236258,1.0253051198851775
https://comptox.epa.gov/dashboard/chemical/details/DTXSID1024209,Naled,300-76-5,C4H7Br2Cl2O4P,377.782577,244,729,33,Active,0.9976085881640536,-66.05875870191346,2.056199032985492,56.99754213067574,1.7558561282672338
https://comptox.epa.gov/dashboard/chemical/details/DTXSID7027041,"2,4,7,9-Tetramethyl-5-decyne-4,7-diol",126-86-3,C14H26O2,226.193280,43,607,7,Active,0.9638825737122644,-44.905601722883866,1.3977685420169856,62.46594065004086,1.795643284230496
https://comptox.epa.gov/dashboard/chemical/details/DTXSID4026262,"Tris(2,3-epoxypropyl)isocyanurate",2451-62-9,C12H15N3O6,297.096085,159,593,27,Active,0.9998752289380773,-79.50162912285913,2.4746328289462554,41.902383560746316,1.6222387279266008
https://comptox.epa.gov/dashboard/chemical/details/DTXSID8027292,Dibutyltin dichloride,683-18-1,C8H18Cl2Sn,303.980758,203,389,52,Active,1,-111.57267103374636,3.4729023492921374,0.1360915467591898,-0.8661688498874274
https://comptox.epa.gov/dashboard/chemical/details/DTXSID3025253,Ergotamine D-tartrate,379-79-3,C70H76N10O16,1312.544076,85,330,26,Active,0.9999293902130939,-75.8583257782441,2.361228384762334,46.25806451612905,1.6651874574975087
https://comptox.epa.gov/dashboard/chemical/details/DTXSID2020971,2-Nitrofluorene,607-57-8,C13H9NO2,211.063329,19,263,7,Active,0.9999999988622351,-65.03655037042736,2.0243809391548773,2.1943704445366623,0.34130994522485514
https://comptox.epa.gov/dashboard/chemical/details/DTXSID4020589,"p,p'-Ethyl-DDD",72-56-0,C18H20Cl2,306.094206,120,442,27,Active,0.9213447991259591,-47.93623467125308,1.492102505600686,36.89686437607763,1.5669894598709913
https://comptox.epa.gov/dashboard/chemical/details/DTXSID0027983,Dipropylene glycol monomethyl ether,34590-94-8,C7H16O3, ,12,631,2,Active,0.973948131936426,-86.23779605905301,2.6843082786883876,70.62569725747193,1.8489627484533744
https://comptox.epa.gov/dashboard/chemical/details/DTXSID2020266,Chloranil,118-75-2,C6Cl4O2,243.865240,251,452,56,Active,0.9999999917203745,-108.26384928989135,3.3699092533919117,26.965468040180895,1.4308079627478156
https://comptox.epa.gov/dashboard/chemical/details/DTXSID0020232,Caffeine,58-08-2,C8H10N4O2,194.080376,54,670,8,Active,0.9999988304783695,-85.03149879363548,2.6467600819104677,39.771965384271766,1.5995770527524855
https://comptox.epa.gov/dashboard/chemical/details/DTXSID5024211,Napropamide,15299-99-7,C17H21NO2,271.157229,161,768,21,Active,0.9999999999997272,-78.45595994354622,2.4420844735490825,6.334845458218488,0.8017360245136038
https://comptox.epa.gov/dashboard/chemical/details/DTXSID8022111,"N-(3,4-Dichlorophenyl)propanamide",709-98-8,C9H9Cl2NO,217.006119,120,743,16,Active,0.9999963412816574,-62.86303141853935,1.956726207899409,11.69969165902497,1.06817441622919
https://comptox.epa.gov/dashboard/chemical/details/DTXSID1020510,"7,12-Dimethylbenz[a]anthracene",57-97-6,C20H16,256.125201,356,712,50,Active,0.9971249510246745,-58.84759242683771,1.8317383647428889,21.488413953549394,1.3322043616691408
https://comptox.epa.gov/dashboard/chemical/details/DTXSID9025035,7-Diethylamino-4-methylcoumarin,91-44-1,C14H17NO2,231.125929,112,455,25,Active,0.9999999994458111,-69.65712604844583,2.168204762485403,0.5672287442540254,-0.24624176944239987
https://comptox.epa.gov/dashboard/chemical/details/DTXSID3022370,Progesterone,57-83-0,C21H30O2,314.224580,261,660,40,Active,0.9995976319997509,-92.27932090782113,2.872361729826503,43.127903400277646,1.6347583460703166
https://comptox.epa.gov/dashboard/chemical/details/DTXSID0028038,3-Iodo-2-propynyl-N-butylcarbamate,55406-53-6,C8H12INO2,280.991270,324,800,40,Active,0.9999999555196537,-96.45476010488633,3.002329870433518,25.931236747571106,1.413823230222382
https://comptox.epa.gov/dashboard/chemical/details/DTXSID2020347,Coumaphos,56-72-4,C14H16ClO5PS,362.014459,197,818,24,Active,0.9792311818664378,-67.19357256954513,2.0915221789709033,46.5184331797235,1.6676250785228846
https://comptox.epa.gov/dashboard/chemical/details/DTXSID5027061,2-Naphthalenol,135-19-3,C10H8O,144.057515,99,626,16,Active,0.9974637134522353,-56.43259599765513,1.7565672077316568,47.03225806451615,1.6723958301476833
https://comptox.epa.gov/dashboard/chemical/details/DTXSID6024911,"(E,E)-2,4-Decadienal",25152-84-5,C10H16O,152.120115,182,447,41,Active,0.9989627628558976,-80.99994569905955,2.5212706579886013,67.94806913595555,1.8321771200013413
https://comptox.epa.gov/dashboard/chemical/details/DTXSID7024245,Pendimethalin,40487-42-1,C13H19N3O4,281.137556,146,703,21,Active,0.9999998345758068,-69.64051418080889,2.1676876878863287,11.115472561963864,1.045927930974786
https://comptox.epa.gov/dashboard/chemical/details/DTXSID1020350,2-Methoxy-5-methylaniline,120-71-8,C8H11NO,137.084064,20,606,3,Active,0.971644443616498,-58.127808046679014,1.809333766540872,39.68100689902465,1.5985826837730206
https://comptox.epa.gov/dashboard/chemical/details/DTXSID8024315,Myclobutanil,88671-89-0,C15H17ClN4,288.114174,125,722,17,Active,0.9520283979470829,-42.62904442332945,1.3269065547519379,63.69762304831191,1.8041232264285634
https://comptox.epa.gov/dashboard/chemical/details/DTXSID8020917,N-(1-Naphthyl)ethylenediamine dihydrochloride,1465-25-4,C12H16Cl2N2,258.069054,76,328,23,Active,0.9997473804810161,-83.50603093560129,2.5992771198297784,67.31175894456183,1.8280909393895528
https://comptox.epa.gov/dashboard/chemical/details/DTXSID0021385,Folpet,133-07-3,C9H4Cl3NO2S,294.902833,179,710,25,Active,0.9999999999999901,-105.68657966524744,3.2896870479785636,8.33661182463738,0.9209895800333466
https://comptox.epa.gov/dashboard/chemical/details/DTXSID9034997,Tributyltetradecylphosphonium chloride,81741-28-8,C26H56ClP,434.380816,222,396,56,Active,1,-105.45005048590065,3.28232464699794,1.550196814062145,0.1903868399992732
https://comptox.epa.gov/dashboard/chemical/details/DTXSID3024239,Oxadiazon,19666-30-9,C15H18Cl2N2O3,344.069448,225,745,30,Active,0.9998409221236882,-82.09554214744153,2.5553730904589247,66.58779951361818,1.8233946632649203
https://comptox.epa.gov/dashboard/chemical/details/DTXSID5044607,sec-Butylparaben,17696-61-6,C11H14O3,194.094294,48,329,15,Active,0.9999985913631304,-78.90900839376908,2.4561864307088808,32.81523044643345,1.516075458456206
https://comptox.epa.gov/dashboard/chemical/details/DTXSID3021198,Propranolol hydrochloride,318-98-9,C16H22ClNO2,295.133907,33,244,14,Active,0.9962783251310112,-59.35593107689108,1.847561329951568,74.56654543186241,1.872544023275278
https://comptox.epa.gov/dashboard/chemical/details/DTXSID6027050,Sodium dimethyldithiocarbamate,128-04-1,C3H6NNaS2,142.983936,159,642,25,Active,0.9999999999998076,-96.07277200861216,2.9904397960572315,7.608218133221752,0.8812829556507646
https://comptox.epa.gov/dashboard/chemical/details/DTXSID6021248,Rotenone,83-79-4,C23H22O6,394.141638,336,788,43,Active,1,-112.11971161616819,3.489929982548997,0.01918038213335333,-1.7171427445713257
https://comptox.epa.gov/dashboard/chemical/details/DTXSID0021464,Ziram,137-30-4,C6H12N2S4Zn,303.917475,379,642,59,Active,1,-101.79780085683502,3.168641733436187,0.21570383291945777,-0.666142137693095
https://comptox.epa.gov/dashboard/chemical/details/DTXSID3020679,Heptachlor,76-44-8,C10H5Cl7,369.821094,282,649,43,Active,0.9996709279336573,-80.04013380941372,2.491394766916483,70.43333635567654,1.847778260968528
https://comptox.epa.gov/dashboard/chemical/details/DTXSID9033923,Procymidone,32809-16-8,C13H11Cl2NO2,283.016684,63,696,9,Active,0.9999999999984942,-73.38817504193295,2.2843404496097737,1.3155705322923623,0.11911413707715028
https://comptox.epa.gov/dashboard/chemical/details/DTXSID7020972,Nitrofurantoin,67-20-9,C8H6N4O5,238.033819,103,601,17,Active,0.9999999999995475,-93.77318241981874,2.9188608868912684,10.287353835243831,1.0123036777223424
https://comptox.epa.gov/dashboard/chemical/details/DTXSID9021716,"2,3,4,6-Tetrachlorophenol",58-90-2,C6H2Cl4O,229.885976,142,443,32,Active,0.981234583130446,-57.2855313380978,1.7831163717892395,75.06762989818911,1.8754527041521565
https://comptox.epa.gov/dashboard/chemical/details/DTXSID2021105,Fartox,82-68-8,C6Cl5NO2,292.837167,96,674,14,Active,0.9999997178422959,-87.2178551587743,2.7148144010060804,28.006562025708316,1.447259799830239
https://comptox.epa.gov/dashboard/chemical/details/DTXSID6020278,"1-Chloro-2,4-dinitrobenzene",97-00-7,C6H3ClN2O4,201.978134,173,372,47,Active,0.9999999999999711,-108.82555467570947,3.3873933553314246,8.742648713615317,0.9416430284509087
https://comptox.epa.gov/dashboard/chemical/details/DTXSID0022777,Celecoxib,169590-42-5,C17H14F3N3O2S,381.075882,266,645,41,Active,0.9993529525624448,-85.2140395348023,2.6524419945416353,69.37539191163937,1.8412054495301073
https://comptox.epa.gov/dashboard/chemical/details/DTXSID1025857,"1,10-Phenanthroline",66-71-7,C12H8N2,180.068748,122,367,33,Active,0.9999999811363723,-84.43885114926155,2.6283128458859206,14.529114862168353,1.1622391571620798
https://comptox.epa.gov/dashboard/chemical/details/DTXSID2025842,Pentaerythritol triacrylate,3524-68-3,C14H18O7,298.105253,274,446,61,Active,0.9999999999997663,-99.78996825408512,3.106144291199939,5.285250164794346,0.7230655484302907
https://comptox.epa.gov/dashboard/chemical/details/DTXSID0026040,C.I. Solvent Black 5,11099-03-9,C8H19ClN2O,194.118591,151,244,62,Active,1,-104.90129863381406,3.265243747359771,1.7461968249510114,0.24209319422204084
https://comptox.epa.gov/dashboard/chemical/details/DTXSID5026251,Triphenylphosphine,603-35-0,C18H15P,262.091137,40,361,11,Active,0.9609896259698623,-52.717682936053926,1.6409337808403293,69.17705181356916,1.8399620493178082
https://comptox.epa.gov/dashboard/chemical/details/DTXSID7025895,"N-Phenyl-1,4-benzenediamine",101-54-2,C12H12N2,184.100048,213,662,32,Active,0.9654922057661224,-43.899688471587,1.3664576621998632,45.2854163247138,1.6559583647186105
https://comptox.epa.gov/dashboard/chemical/details/DTXSID4021426,Urea,57-13-6,CH4N2O,60.032363,31,587,5,Active,0.9999996659849902,-102.40352310427139,3.1874959402652405,20.458100632845607,1.3108653105606491
https://comptox.epa.gov/dashboard/chemical/details/DTXSID8027240,"3,4-Dinitrotoluene",610-39-9,C7H6N2O4,182.032757,121,455,27,Active,0.9999999992994342,-103.41191477469144,3.2188839653860986,18.48097458201161,1.266724869721185
https://comptox.epa.gov/dashboard/chemical/details/DTXSID4022361,Vinclozolin,50471-44-8,C12H9Cl2NO3,284.995949,112,836,13,Active,1,-78.8685281369983,2.4549264090787033,0.8456270003007896,-0.0728211587488353
https://comptox.epa.gov/dashboard/chemical/details/DTXSID2031089,D and C Red No. 27,13473-26-2,C20H4Br4Cl4O5,779.554636,225,455,49,Active,0.9887012499255708,-51.47514416212758,1.6022575011826503,17.628764418641936,1.2462218741274338
https://comptox.epa.gov/dashboard/chemical/details/DTXSID9026261,"Tris(1,3-dichloro-2-propyl) phosphate",13674-87-8,C9H15Cl6O4P,427.883912,237,790,30,Active,0.9999999946743363,-95.30526360623182,2.9665497008481463,15.416034973557565,1.1879726869098404
https://comptox.epa.gov/dashboard/chemical/details/DTXSID9026974,"2,4-Di-tert-pentylphenol",120-95-6,C16H26O,234.198365,292,630,46,Active,0.9999896393337542,-94.11254197460627,2.9294240703676224,45.6774193548387,1.6597015595194775
https://comptox.epa.gov/dashboard/chemical/details/DTXSID0027773,Trimethylolpropane triacrylate,15625-89-5,C15H20O6,296.125988,259,443,58,Active,0.9999999999999982,-93.00455780699491,2.894936047601616,7.12809075803389,0.8529732206952573
https://comptox.epa.gov/dashboard/chemical/details/DTXSID6022056,"1,3-Dichlorobenzene",541-73-1,C6H4Cl2,145.969006,22,590,4,Active,0.9997768207232399,-93.6187995744971,2.914055439990694,74.07588323356009,1.8696768384332167
https://comptox.epa.gov/dashboard/chemical/details/DTXSID7026314,Pyrithione zinc,13463-41-7,C10H8N2O2S2Zn,315.931862,182,383,48,Active,1,-106.87618731100373,3.3267157499842126,0.09362939945248869,-1.0285877622105055
https://comptox.epa.gov/dashboard/chemical/details/DTXSID9027653,Isobornyl methacrylate,7534-94-3,C14H22O2,222.161980,148,435,34,Active,0.9999878590804151,-100.88974715820619,3.140376910213503,7.201606608397562,0.8574293941154655
https://comptox.epa.gov/dashboard/chemical/details/DTXSID4020240,Caprolactam,105-60-2,C6H11NO,113.084064,24,585,4,Active,0.9996653340222768,-95.14388925591159,2.9615266306361487,64.14656738615834,1.8071734213479516
https://comptox.epa.gov/dashboard/chemical/details/DTXSID6020511,"3,3'-Dimethylbenzidine dihydrochloride",612-82-8,C14H18Cl2N2,284.084704,79,401,20,Active,0.9999999999896596,-65.49608411649172,2.038684762945232,3.5322600452968924,0.5480526688806712
https://comptox.epa.gov/dashboard/chemical/details/DTXSID6020432,"3,3'-Dichlorobenzidine",91-94-1,C12H10Cl2N2,252.022104,80,244,33,Active,0.9999999957520725,-69.11043671481292,2.1511880624860598,0.49792350963053067,-0.30283736787643745
https://comptox.epa.gov/dashboard/chemical/details/DTXSID8021270,Sodium bithionolate,6385-58-6,C12H4Cl4Na2O2S,397.848150,111,244,45,Active,0.9999999266115068,-109.64144164839502,3.412789321547376,31.245733883516152,1.4947907296057126
https://comptox.epa.gov/dashboard/chemical/details/DTXSID1022265,Alachlor,15972-60-8,C14H20ClNO2,269.118257,127,664,19,Active,0.9999974751262816,-90.86692390128417,2.828398303687392,34.01261588481614,1.5316400344805874
https://comptox.epa.gov/dashboard/chemical/details/DTXSID1024259,Phosalone,2310-17-0,C12H15ClNO4PS2,366.986865,180,788,23,Active,0.9993818484150228,-62.84823576438851,1.956265666248988,48.85023041474655,1.6888666165218742
https://comptox.epa.gov/dashboard/chemical/details/DTXSID8020040,Aldrin,309-00-2,C12H8Cl6,361.875717,243,643,38,Active,0.9968064257267161,-66.13952689246221,2.058713089842838,58.91963128193782,1.7702600203715295
https://comptox.epa.gov/dashboard/chemical/details/DTXSID1026900,Alkyl trimethyl ammonium compound C12 chloride (ATMAC C12 Cl),112-00-5,C15H34ClN,263.237978,321,656,49,Active,0.9999999999999982,-108.164690660178,3.366822760661268,4.685051606584057,0.6707143790725157
https://comptox.epa.gov/dashboard/chemical/details/DTXSID7021106,Pentachlorophenol,87-86-5,C6HCl5O,263.847003,258,618,42,Active,0.9995870011845506,-88.76388206072593,2.762937300727937,76.3919183072885,1.8830474159029205
https://comptox.epa.gov/dashboard/chemical/details/DTXSID7022253,Resmethrin,10453-86-8,C22H26O3,338.188195,150,725,21,Active,0.9940623972963761,-50.86146610085075,1.5831556551752823,70.74716864736688,1.8497090637662201
https://comptox.epa.gov/dashboard/chemical/details/DTXSID5020811,Mercuric chloride,7487-94-7,Cl2Hg,271.908348,406,721,56,Active,0.9999119092283866,-75.82217902404693,2.3601032512828946,25.38787348425393,1.4046263254215274
https://comptox.epa.gov/dashboard/chemical/details/DTXSID5025948,Potassium dichromate,7778-50-9,Cr2K2O7,293.772827,104,244,43,Active,0.9980900735285663,-68.12246819172081,2.12043574497781,59.61193815005584,1.7753332421816124
https://comptox.epa.gov/dashboard/chemical/details/DTXSID4021218,Quercetin,117-39-5,C15H10O7,302.042653,179,651,27,Active,0.9999904387601689,-65.1651564035496,2.0283840358847947,15.154615781590106,1.1805449300767514
https://comptox.epa.gov/dashboard/chemical/details/DTXSID6027925,"(1,1,3,3-Tetramethylbutyl)phenol",27193-28-8,C14H22O, ,138,244,57,Active,0.9998565709161016,-76.3183276778547,2.3755467806834405,40.832272619184,1.6110035523085964
https://comptox.epa.gov/dashboard/chemical/details/DTXSID8025599,Methylene bis(thiocyanate),6317-18-6,C3H2N2S2,129.965940,304,703,43,Active,0.9998686023041694,-103.68485109497655,3.2273796048571533,46.027530949298914,1.6630176786989923
https://comptox.epa.gov/dashboard/chemical/details/DTXSID9032113,Tebuconazole,107534-96-3,C16H22ClN3O,307.145140,180,746,24,Active,0.9999999530428958,-76.42083962075355,2.37873765138704,19.859826464013235,1.2979754492927593
https://comptox.epa.gov/dashboard/chemical/details/DTXSID1025560,5-Methoxypsoralen,484-20-8,C12H8O4,216.042259,18,329,5,Active,0.9999999462914104,-50.87239188977107,1.5834957402306788,8.318280312787538,0.9200335513073012
https://comptox.epa.gov/dashboard/chemical/details/DTXSID5020867,"4,4'-Methylenebis(o-toluidine)",838-88-0,C15H18N2,226.146999,80,644,12,Active,0.9981626027075248,-58.36405644298212,1.8166874276384841,28.39553119892938,1.4532499974993502
https://comptox.epa.gov/dashboard/chemical/details/DTXSID3047974,"2,3',4,4'-Tetrahydroxybenzophenone",61445-50-9,C13H10O5,246.052823,67,244,27,Active,0.9999999998723965,-84.17825268356536,2.6202012445829053,7.818378289055149,0.8931166797665566
https://comptox.epa.gov/dashboard/chemical/details/DTXSID3029572,Benoxacor,98730-04-2,C11H11Cl2NO2,259.016684,130,481,27,Active,0.9999799907557608,-85.48184544653137,2.6607779407135874,42.17172203285678,1.6250213352832523
https://comptox.epa.gov/dashboard/chemical/details/DTXSID4022442,Bisphenol B,77-40-7,C16H18O2,242.130680,234,687,34,Active,0.9999999966752939,-91.84212220460981,2.8587531248749296,14.41918664252939,1.1589407633914686
https://comptox.epa.gov/dashboard/chemical/details/DTXSID7021150,Phenylmercuric acetate,62-38-4,C8H8HgO2,338.023072,503,740,68,Active,1,-96.87982917564068,3.015560918509688,0.6497118162176128,-0.18727923471001845
https://comptox.epa.gov/dashboard/chemical/details/DTXSID4044533,"2,2'-Dichlorobiphenyl",13029-08-8,C12H8Cl2,222.000306,39,244,16,Active,0.9999991700925391,-64.36257155918113,2.003402122610795,13.637087504114334,1.1347216272153666
https://comptox.epa.gov/dashboard/chemical/details/DTXSID9023883,Aroclor 1016,12674-11-2,, ,19,244,8,Active,0.999999999994976,-70.89396478025279,2.206703617963092,6.020420357652008,0.779626815615836
https://comptox.epa.gov/dashboard/chemical/details/DTXSID2049393,alpha-Amylcinnamyl alcohol,101-85-9,C14H20O,204.151415,29,244,12,Active,0.9905813652291438,-50.212661069134754,1.5629604183130446,63.16547032987588,1.8004797342432115
https://comptox.epa.gov/dashboard/chemical/details/DTXSID6021246,C.I. Basic Violet 14,632-99-5,C20H20ClN3,337.134575,43,244,18,Active,0.9991504138942476,-69.67032519667674,2.168615609984841,2.877880184331795,0.45907270886162443
https://comptox.epa.gov/dashboard/chemical/details/DTXSID5024261,Phosmet,732-11-6,C11H12NO4PS2,316.994537,72,693,10,Active,0.9721074644743292,-45.08400147711975,1.4033215588970023,31.294956073488773,1.4954743463013673
https://comptox.epa.gov/dashboard/chemical/details/DTXSID2026602,"2,4-Di-tert-butylphenol",96-76-4,C14H22O,206.167065,276,614,45,Active,0.9997400980009472,-98.61893508945597,3.0696937537084636,66.58153307673567,1.8233537908071504
https://comptox.epa.gov/dashboard/chemical/details/DTXSID4022525,2-Ethylhexyl p-hydroxybenzoate,5153-25-3,C15H22O3,250.156895,190,441,43,Active,0.9993066033248079,-68.86040111441476,2.143405249580498,45.9377880184332,1.6621700793545091
https://comptox.epa.gov/dashboard/chemical/details/DTXSID4020406,Diazepam,439-14-5,C16H13ClN2O,284.071641,31,277,11,Active,0.9871438072946269,-54.591608313485985,1.6992631170961006,46.66129032258065,1.668956744149729
https://comptox.epa.gov/dashboard/chemical/details/DTXSID7025926,Piperonal acetone,3160-37-0,C11H10O3,190.062994,59,244,24,Active,0.9991596663370108,-90.50841027461158,2.8172389148801824,62.16028846561589,1.7935130212165147
https://comptox.epa.gov/dashboard/chemical/details/DTXSID3030636,Doxorubicin hydrochloride,25316-40-9,C27H30ClNO11,579.150738,173,424,41,Active,1,-105.53633672838342,3.285010463259696,0.8202329421773867,-0.08606279257283754
https://comptox.epa.gov/dashboard/chemical/details/DTXSID8026563,Oleic acid diethanolamide,93-83-4,C22H43NO3,369.324294,68,244,28,Active,0.9997844133500291,-93.9208290078554,2.9234566555298307,70.32738381995284,1.847124461950715
https://comptox.epa.gov/dashboard/chemical/details/DTXSID6024832,Chrysophanic acid,481-74-3,C15H10O4,254.057909,19,244,8,Active,0.9999988005978344,-65.61691134616225,2.042445730267188,7.8598137806342,0.8954122565990719
https://comptox.epa.gov/dashboard/chemical/details/DTXSID9023835,Saquinavir mesylate,149845-06-7,C39H54N6O8S,766.372384,138,244,57,Active,0.9999953004655763,-94.18454946288693,2.931665434430162,39.948600291632935,1.6015015672227404
https://comptox.epa.gov/dashboard/chemical/details/DTXSID1025065,Digitonin,11024-24-1,C56H92O29,1228.572427,158,247,64,Active,0.9999999999436984,-105.43128184052298,3.281740438768262,16.223817427439414,1.2101530504058462
https://comptox.epa.gov/dashboard/chemical/details/DTXSID3025203,C.I. Direct Red 2,992-59-6,C34H26N6Na2O6S2,724.115063,49,244,20,Active,1,-111.2344728872318,3.462375316761013,1.4751983668005637,0.16885042290024305
https://comptox.epa.gov/dashboard/chemical/details/DTXSID6020804,Melphalan,148-82-3,C13H18Cl2N2O2,304.074533,54,244,22,Active,0.9944864229423822,-56.205024687960176,1.7494836367393298,38.5871254268451,1.5864424267248443
https://comptox.epa.gov/dashboard/chemical/details/DTXSID6032061,Sodium dichromate dihydrate,7789-12-0,Cr2H4Na2O9,297.846082,101,244,41,Active,0.9820936826575634,-67.84686285296588,2.1118570274516344,61.42221215123185,1.7883254537184539
https://comptox.epa.gov/dashboard/chemical/details/DTXSID8034085,Triton X 100,9002-93-1,(C2H4O)nC14H22O, ,76,244,31,Active,0.9999999999999969,-100.11402569939146,3.1162311686824147,9.994406401429893,0.9997570051335777
https://comptox.epa.gov/dashboard/chemical/details/DTXSID6026294,Vitamin D3,67-97-0,C27H44O,384.339216,97,244,40,Active,0.9994396400852612,-84.61672249769445,2.6338494151740894,74.2358103568149,1.8706134536437247
https://comptox.epa.gov/dashboard/chemical/details/DTXSID6026901,Hexadecyl trimethyl ammonium chloride,112-02-7,C19H42ClN,319.300578,105,244,43,Active,0.9999988437630575,-102.52359699917551,3.1912334586721904,19.633093558908097,1.2929887361618881
https://comptox.epa.gov/dashboard/chemical/details/DTXSID8020624,Ferbam,14484-64-1,C9H18FeN3S6,415.917436,123,259,47,Active,1,-98.68640410997928,3.0717938497060664,0.2916421746538641,-0.5351496720720927
https://comptox.epa.gov/dashboard/chemical/details/DTXSID4028460,Benzyl-C12-18-alkyldimethylammonium chlorides,68391-01-5,, ,148,244,61,Active,0.9999999999518879,-108.15350056882914,3.3664744487119878,10.460192436951232,1.019539674353174
https://comptox.epa.gov/dashboard/chemical/details/DTXSID9049297,1-Methyl-3-tetradecylimidazolium bis(trifluoromethylsulfonyl)imide,404001-49-6,C20H35F6N3O4S2,559.197318,151,244,62,Active,1,-103.73570796613294,3.2289626174863235,1.0936144543279998,0.03886424167809544
https://comptox.epa.gov/dashboard/chemical/details/DTXSID3029362,"4,4,15,15-Tetraethoxy-3,16-dioxa-8,9,10,11-tetrathia-4,15-disilaoctadecane",40372-72-3,C18H42O6S4Si2,538.140277,35,244,14,Active,0.9993661537740941,-78.60151950381892,2.446615279651951,76.07281916911948,1.8812295109954607
https://comptox.epa.gov/dashboard/chemical/details/DTXSID9021217,Pyrimethamine,58-14-0,C12H13ClN4,248.082874,144,633,23,Active,0.9996507799021008,-81.54409765278324,2.538208377422488,46.08294930875575,1.6635402661514704
https://comptox.epa.gov/dashboard/chemical/details/DTXSID5039224,Acetaldehyde,75-07-0,C2H4O,44.026215,144,328,44,Active,1,-111.33318518323054,3.465447916542857,0.6625202927236234,-0.17880081492636732
https://comptox.epa.gov/dashboard/chemical/details/DTXSID5020813,Methylmercuric(II) chloride,115-09-3,CH3ClHg,251.962971,179,313,57,Active,0.9999999903676238,-104.48411701825161,3.2522582106746256,19.221730176529515,1.2837924765843933
https://comptox.epa.gov/dashboard/chemical/details/DTXSID0025600,Methylene Blue trihydrate,7220-79-3,C16H24ClN3O3S,373.122690,94,244,39,Active,1,-96.28653353880092,2.99709351254087,2.1863025927780426,0.3397102698182668
https://comptox.epa.gov/dashboard/chemical/details/DTXSID6049351,Trihexyltetradecylphosphonium dicyanamide,701921-71-3,C34H68N3P,549.515086,153,244,63,Active,0.99994301587949,-96.56554582298847,3.005778277441257,3.5838286777195316,0.5543472403596669
https://comptox.epa.gov/dashboard/chemical/details/DTXSID1049352,"1,3-Didecyl-2-methylimidazolium chloride",70862-65-6,C24H47ClN2,398.342777,153,244,63,Active,1,-108.7167478372115,3.3840065445511724,3.2569106697956722,0.5128058469447186
https://comptox.epa.gov/dashboard/chemical/details/DTXSID3049253,1-Dodecyl-3-methylimidazolium tetrafluoroborate,244193-59-7,C16H31BF4N2,338.251642,147,244,60,Active,1,-105.98692413451978,3.299035815945383,0.47157888638118683,-0.32644564745610544
https://comptox.epa.gov/dashboard/chemical/details/DTXSID9047889,1-Ethyl-3-methyl-1H-imidazol-3-ium diethyl phosphate,848641-69-0,C10H21N2O4P,264.123894,153,263,58,Active,1,-109.95523895198693,3.422556833454627,2.8600185235979283,0.45636884595083094
https://comptox.epa.gov/dashboard/chemical/details/DTXSID8049254,1-Hexadecyl-3-methylimidazolium tetrafluoroborate,244193-64-4,C20H39BF4N2,394.314242,153,244,63,Active,1,-113.3747633976187,3.528995752328448,2.3935308081431677,0.37903902184114113
https://comptox.epa.gov/dashboard/chemical/details/DTXSID4049298,1-Hexadecyl-3-methylimidazolium bis(trifluoromethylsulfonyl)imide,404001-50-9,C22H39F6N3O4S2,587.228618,153,244,63,Active,1,-105.21431971489991,3.2749870979294835,3.0679961952740356,0.486854816693985
https://comptox.epa.gov/dashboard/chemical/details/DTXSID4049290,1-Hexyl-3-methylimidazolium bis(trifluoromethylsulfonyl)imide,382150-50-7,C12H19F6N3O4S2,447.072117,44,244,18,Active,0.9999999999985493,-107.92171361561886,3.3592596581465113,11.698733704915549,1.068138855358969
https://comptox.epa.gov/dashboard/chemical/details/DTXSID8049252,1-Hexyl-3-methylimidazolium tetrafluoroborate,244193-50-8,C10H19BF4N2,254.157741,30,244,12,Active,0.9999999999119585,-96.44710993459226,3.0020917449665863,15.06555200542433,1.1779850489544657
https://comptox.epa.gov/dashboard/chemical/details/DTXSID8049250,1-Methyl-3-octadecylimidazolium hexafluorophosphate,219947-96-3,C22H43F6N2P,480.306805,120,244,49,Active,0.9999999999999979,-101.88384260206101,3.171319939276057,4.825335182113307,0.6835274861122136
https://comptox.epa.gov/dashboard/chemical/details/DTXSID3049332,1-Methyl-3-octylimidazolium bromide,61545-99-1,C12H25BrN2,276.120112,55,244,23,Active,0.9782332835208677,-52.241954989426965,1.6261258830983725,45.5783410138249,1.658758513436423
https://comptox.epa.gov/dashboard/chemical/details/DTXSID1049229,1-Methyl-3-tetradecylimidazolium chloride,171058-21-2,C18H35ClN2,314.248877,150,244,61,Active,1,-107.80414157043327,3.3556000143632,0.944860283958635,-0.024632405661936675
https://comptox.epa.gov/dashboard/chemical/details/DTXSID3049205,1-Butyl-4-methylpyridinium chloride,112400-86-9,C10H16ClN,185.097127,119,244,49,Active,0.9999983120698256,-79.54618278050083,2.4760196425885193,25.50342572291545,1.4065985205371878
https://comptox.epa.gov/dashboard/chemical/details/DTXSID4049296,1-Butyl-4-methylpyridinium hexafluorophosphate,401788-99-6,C10H16F6NP,295.092455,24,244,10,Active,0.9999999999869221,-91.07083774907815,2.83474549314244,9.778479042084639,0.990271309286772
https://comptox.epa.gov/dashboard/chemical/details/DTXSID3039240,Antimony potassium tartrate trihydrate,28300-74-5,C8H10K2O15Sb2,665.737000,54,244,22,Active,0.9999999999999991,-103.93778939849665,3.2352527696777322,6.641464040262194,0.8222638255309108
https://comptox.epa.gov/dashboard/chemical/details/DTXSID6020513,"Dimethyldithiocarbamic acid, dimethylamine",598-64-1,C5H14N2S2,166.059841,77,244,32,Active,1,-96.40277731208494,3.0007118114449676,1.225119152008248,0.08817832914399108
https://comptox.epa.gov/dashboard/chemical/details/DTXSID4021264,Selenium dioxide,7446-08-4,, ,49,244,20,Active,0.9999999676419337,-93.55734695376293,2.912142615381043,14.39576289925385,1.1582346851332992
https://comptox.epa.gov/dashboard/chemical/details/DTXSID6021408,Triphenyltin acetate,900-95-8,C20H18O2Sn,410.032882,167,244,68,Active,1,-113.55792574201607,3.5346970134909337,0.2865098637648993,-0.5428604218469361
https://comptox.epa.gov/dashboard/chemical/details/DTXSID0021462,Zinc dibutyldithiocarbamate,136-23-2,C18H36N2S4Zn,472.105276,114,244,47,Active,0.9999999917923406,-103.50852319123054,3.221891078092565,24.1024500524404,1.382061191544682
https://comptox.epa.gov/dashboard/chemical/details/DTXSID3023550,Raloxifene,84449-90-1,C28H27NO4S,473.166080,137,244,56,Active,0.9998828172516045,-98.71076021501901,3.0725519777819508,70.80330801774652,1.850053548936827
https://comptox.epa.gov/dashboard/chemical/details/DTXSID1049304,Trihexyltetradecylphosphonium bis(trifluoromethylsulfonyl)imide,460092-03-9,C34H68F6NO4PS2,763.423158,56,244,23,Active,1,-108.67599822765672,3.3827381388256095,2.4126069541562365,0.3824865753092055
https://comptox.epa.gov/dashboard/chemical/details/DTXSID4049244,Ethyltributylphosphonium diethylphosphate,20445-94-7,C18H42O4P2,384.255834,14,244,6,Active,0.9738257594860082,-57.915612496467496,1.8027287940327206,68.15573808157207,1.8335024252808632
https://comptox.epa.gov/dashboard/chemical/details/DTXSID5049237,1-Decyl-3-methylimidazolium bromide,188589-32-4,C14H27BrN2,302.135762,58,244,24,Active,1,-112.95055814022156,3.515791592014396,0.6811421498252049,-0.16676224426575753
https://comptox.epa.gov/dashboard/chemical/details/DTXSID6049228,1-Decyl-3-methylimidazolium chloride,171058-18-7,C14H27ClN2,258.186277,63,244,26,Active,1,-110.43754872985265,3.437569602666989,0.45795363895793195,-0.3391784856726888
https://comptox.epa.gov/dashboard/chemical/details/DTXSID5049283,1-Decyl-3-methylimidazolium hexafluorophosphate,362043-46-7,C14H27F6N2P,368.181605,83,259,32,Active,1,-109.71689835401737,3.415138048774194,0.6081906786088361,-0.2159602403243569
https://comptox.epa.gov/dashboard/chemical/details/DTXSID9049299,1-Dodecyl-3-methylimidazolium trifluoromethanesulfonate,404001-52-1,C17H31F3N2O3S,400.200749,147,244,60,Active,1,-110.93162002430637,3.4529484704786877,0.39664088254795604,-0.40160252424587634
https://comptox.epa.gov/dashboard/chemical/details/DTXSID6049359,1-Dodecyl-3-methylimidazolium iodide,81995-09-7,C16H31IN2,378.153190,117,244,48,Active,1,-114.50731759205902,3.5642485618751767,1.3295460184756667,0.12370337380310419
https://comptox.epa.gov/dashboard/chemical/details/DTXSID4028880,Triphenyl phosphates isopropylated,68937-41-7,, ,187,550,34,Active,0.9947742532602679,-84.75570304374962,2.638175437491462,56.034906152725135,1.7484586489136773
https://comptox.epa.gov/dashboard/chemical/details/DTXSID2020345,Copper dimethyldithiocarbamate,137-29-1,C6H12CuN2S4,302.917931,120,244,49,Active,1,-105.25019870557828,3.276103896782309,0.7714083669085586,-0.11271565496633229
https://comptox.epa.gov/dashboard/chemical/details/DTXSID4020535,Bis(1-piperidinylthioxomethyl)hexasulfide,971-15-3,C12H20N2S8,447.939218,77,244,32,Active,1,-102.03447987578345,3.1760087984469862,0.2176868946472696,-0.6621677159000874
https://comptox.epa.gov/dashboard/chemical/details/DTXSID4021680,"1,1,3-Trichloropropanone",921-03-9,C3H3Cl3O,159.924948,107,244,44,Active,0.9999999995927401,-100.33886775913133,3.123229786805074,17.047135453335468,1.2316514119896667
https://comptox.epa.gov/dashboard/chemical/details/DTXSID2049210,"3,3-Diphenylacrylaldehyde",1210-39-5,C15H12O,208.088815,70,244,29,Active,0.9999999997688992,-101.74660729829179,3.1670482407996285,21.73224326616867,1.337104557790147
https://comptox.epa.gov/dashboard/chemical/details/DTXSID6049222,3-(Dodecyldimethylammonio)propanesulfonate,14933-08-5,C17H37NO3S,335.249415,18,244,7,Active,0.999999932074149,-89.20094452073414,2.7765416648619716,27.66196117441781,1.441882967423117
https://comptox.epa.gov/dashboard/chemical/details/DTXSID6049226,Tetrabutylthiuram disulfide,1634-02-2,C18H36N2S4,408.176134,35,244,14,Active,0.9107895192298584,-39.17473662960056,1.2193849408937312,17.62128865432033,1.246037665426537
https://comptox.epa.gov/dashboard/chemical/details/DTXSID1049273,12-Bromo-1-dodecanol,3344-77-2,C12H25BrO,264.108878,38,244,16,Active,0.999266802077319,-69.85929507184304,2.1744976411070676,41.294306799370815,1.6158901800812924
https://comptox.epa.gov/dashboard/chemical/details/DTXSID3022536,4-Cumylphenol,599-64-4,C15H16O,212.120115,297,724,41,Active,0.9999999999056848,-95.53206439392879,2.973609287941619,10.80083495043975,1.0334573295936598
https://comptox.epa.gov/dashboard/chemical/details/DTXSID0049315,2-Aminodiphenylamine,534-85-0,C12H12N2,184.100048,50,244,20,Active,0.9999997841098965,-64.27445721393968,2.0006594033251486,13.805362631448592,1.1400478189266514
https://comptox.epa.gov/dashboard/chemical/details/DTXSID9037038,2-Nitro-4-thiocyanoaniline,54029-45-7,C7H5N3O2S,195.010248,85,244,35,Active,0.999992832620351,-89.95205769938464,2.7999214289076906,46.315668202765,1.6657279340611584
https://comptox.epa.gov/dashboard/chemical/details/DTXSID0049238,1-Ethylpyridinium bromide,1906-79-2,C7H10BrN,186.999662,67,259,26,Active,0.9999999999999959,-107.42329795226547,3.3437455639499096,9.90215589659643,0.9957297594524043
https://comptox.epa.gov/dashboard/chemical/details/DTXSID6049353,1-Hexylpyridinium iodide,7324-00-7,C11H18IN,291.048390,20,244,8,Active,0.9983874358859492,-62.55037519726009,1.9469942142548977,58.75323090760353,1.7690317539524922
https://comptox.epa.gov/dashboard/chemical/details/DTXSID8049335,1-Hexylpyridinium trifluoromethanesulfonate,623167-81-7,C12H18F3NO3S,313.095949,28,244,11,Active,0.9999999135016403,-100.98675355616896,3.1433964108157553,30.0057616486139,1.477204655117845
https://comptox.epa.gov/dashboard/chemical/details/DTXSID2049391,Tributyltetradecylphosphonium dodecylbenzenesulfonate,817629-57-5,C44H85O3PS,724.595705,142,244,58,Active,1,-110.08505522171846,3.4265976010005668,2.1103388909535368,0.32435220252662716
https://comptox.epa.gov/dashboard/chemical/details/DTXSID3020548,Dodecylguanidine acetate,2439-10-3,C15H33N3O2,287.257277,16,247,6,Active,0.9996001080126717,-81.89960522934243,2.549274197451571,1.4902843552800107,0.17326914233614285
https://comptox.epa.gov/dashboard/chemical/details/DTXSID6025696,"1,4-Naphthalenediamine",2243-61-0,C10H10N2,158.084398,129,244,53,Active,0.9999958834121626,-96.15418850915012,2.9929740327423415,20.321995802439734,1.307966357323646
https://comptox.epa.gov/dashboard/chemical/details/DTXSID2049260,3-Aminofluoranthene,2693-46-1,C16H11N,217.089149,81,244,33,Active,0.9999862563688343,-58.00370247229003,1.8054707547758726,9.144645549651177,0.9611668766999291
https://comptox.epa.gov/dashboard/chemical/details/DTXSID7049261,2-Amino-m-cresol,2835-97-4,C7H9NO,123.068414,35,244,14,Active,0.9821104365224823,-49.939491751112136,1.5544575263635605,22.209396263283022,1.3465367529163952
https://comptox.epa.gov/dashboard/chemical/details/DTXSID2049262,4-Amino-m-cresol,2835-99-6,C7H9NO,123.068414,57,244,23,Active,0.9996368707854971,-74.14336107984461,2.30784698880899,44.66711806958299,1.6499879326183933
https://comptox.epa.gov/dashboard/chemical/details/DTXSID3049417,Maleimide,541-59-3,C4H3NO2,97.016378,137,244,56,Active,0.9991554523180098,-97.15507269366465,3.02412837370742,76.62980369369758,1.884397713004773
https://comptox.epa.gov/dashboard/chemical/details/DTXSID7021233,FD&C Red 3,16423-68-0,C20H6I4Na2O5,879.618940,205,487,42,Active,0.9990585649142218,-56.36814566038855,1.7545610737417474,17.64916559289716,1.2467241778843825
https://comptox.epa.gov/dashboard/chemical/details/DTXSID4049321,9-Bromophenanthrene,573-17-1,C14H9Br,255.988763,26,244,11,Active,0.9999999996692662,-72.2878738655809,2.2500915739229477,3.9357142921476163,0.5950235638834461
https://comptox.epa.gov/dashboard/chemical/details/DTXSID4022816,C.I. Direct Red 28,573-58-0,C32H22N6Na2O6S2,696.083763,67,244,27,Active,0.999710306081535,-59.79652142314187,1.8612755059625286,29.34469638712638,1.4675296204749877
https://comptox.epa.gov/dashboard/chemical/details/DTXSID6049357,2-Acetylfluorene,781-73-7,C15H12O,208.088815,17,244,7,Active,0.9999831789060776,-52.22891498448003,1.6257199892231482,12.951220324581858,1.1123106916035748
https://comptox.epa.gov/dashboard/chemical/details/DTXSID4049400,Dibenzosuberone,1210-35-1,C15H12O,208.088815,20,244,8,Active,0.9999999999993062,-74.11381970760955,2.306927459859061,5.117242237472312,0.7090359758752806
https://comptox.epa.gov/dashboard/chemical/details/DTXSID9049243,3-Acetylphenanthrene,2039-76-1,C16H12O,220.088815,33,244,14,Active,0.9999989159241129,-63.48660169705884,1.976135967163522,9.921346915131927,0.9965706356724104
https://comptox.epa.gov/dashboard/chemical/details/DTXSID7043829,"2,4-Dimethoxyaniline",2735-04-8,C8H11NO2,153.078979,30,244,12,Active,0.9944517070085842,-59.36774063316627,1.8479289238735581,86.7275971790498,1.9381573142637751
https://comptox.epa.gov/dashboard/chemical/details/DTXSID6049224,9-Bromoanthracene,1564-64-3,C14H9Br,255.988763,36,244,15,Active,0.9999999733113286,-59.01669452075209,1.8370019750318982,6.556159281190051,0.816649496164722
https://comptox.epa.gov/dashboard/chemical/details/DTXSID1049306,"1,4-Dichlorophthalazine",4752-10-7,C8H4Cl2N2,197.975154,15,244,6,Active,0.9999999955495247,-85.05877573902602,2.6476091264556114,10.773877369845868,1.0323720280224156
https://comptox.epa.gov/dashboard/chemical/details/DTXSID0049230,2-Chloroanthracene,17135-78-3,C14H9Cl,212.039278,28,244,11,Active,0.999985992451171,-43.78628136595019,1.3629276597365056,7.361135878744117,0.8669448344201505
https://comptox.epa.gov/dashboard/chemical/details/DTXSID8049202,10-Chloro-9-anthraldehyde,10527-16-9,C15H9ClO,240.034193,25,244,10,Active,0.9964152887487496,-62.27654112653907,1.9384706306684154,31.702469267114775,1.5010930902088448
https://comptox.epa.gov/dashboard/chemical/details/DTXSID2025551,2'-Methoxycinnamaldehyde,1504-74-1,C10H10O2,162.068080,29,244,12,Active,0.9999872076602391,-76.28171938216758,2.374407280885529,36.84746620457963,1.5664076292044835
https://comptox.epa.gov/dashboard/chemical/details/DTXSID9025166,"1,8-Dinitronaphthalene",602-38-0,C10H6N2O4,218.032757,27,244,11,Active,0.9957654294919107,-73.46836323356804,2.2868364529458485,46.2373271889401,1.664992721159785
https://comptox.epa.gov/dashboard/chemical/details/DTXSID8049256,9-Cyanophenanthrene,2510-55-6,C15H9N,203.073499,23,244,9,Active,0.9999999968800126,-60.438902354172306,1.881270781004759,0.905584918122347,-0.04307081896364804
https://comptox.epa.gov/dashboard/chemical/details/DTXSID1049271,"9,10-Dihydrobenzo[a]pyren-7(8H)-one",3331-46-2,C20H14O,270.104465,69,244,28,Active,0.9528110768195095,-36.9863259958793,1.1512666789515418,9.92433954340811,0.9967016144580826
https://comptox.epa.gov/dashboard/chemical/details/DTXSID3049209,9-Cyanoanthracene,1210-12-4,C15H9N,203.073499,47,244,19,Active,0.9999654072108518,-58.368153128874745,1.8168149444392294,13.273312918108942,1.1229793329988917
https://comptox.epa.gov/dashboard/chemical/details/DTXSID1049221,9-Anthracenemethanol,1468-95-7,C15H12O,208.088815,25,244,10,Active,0.999999997780986,-62.58145982017758,1.947961779689666,10.26730185612588,1.01145633035973
https://comptox.epa.gov/dashboard/chemical/details/DTXSID3022160,4-Hydroxyazobenzene,1689-82-3,C12H10N2O,198.079313,92,256,36,Active,0.9997474288127869,-75.03338580948281,2.335550627575097,36.57400330716939,1.5631724998255254
https://comptox.epa.gov/dashboard/chemical/details/DTXSID7049211,4-Nitrochalcone,1222-98-6,C15H11NO3,253.073893,53,244,22,Active,0.9999861870770222,-78.52896535016856,2.4443568996353333,34.392971383400386,1.536469698347989
https://comptox.epa.gov/dashboard/chemical/details/DTXSID6024701,tert-Butylphenyl diphenyl phosphate,56803-37-3,C22H23O4P, ,163,511,32,Active,0.9937909600359767,-59.68300309989914,1.8577420416488692,44.66716571533305,1.6499883958736064
https://comptox.epa.gov/dashboard/chemical/details/DTXSID6032192,Tri-o-cresyl phosphate,78-30-8,C21H21O4P,368.117746,200,534,37,Active,0.9999494176146169,-89.50537896454442,2.7860177407264133,33.818209563174534,1.529150611025864
https://comptox.epa.gov/dashboard/chemical/details/DTXSID5020154,Clorophene,120-32-1,C13H11ClO,218.049843,340,868,39,Active,0.9999999999977818,-77.856046092313,2.423411063617984,5.579979991962681,0.7466326416981917
https://comptox.epa.gov/dashboard/chemical/details/DTXSID5020730,8-Hydroxyquinoline,148-24-3,C9H7NO,145.052764,164,608,27,Active,1,-106.33097913860215,3.309745153822595,2.717495584859263,0.4341688471565597
https://comptox.epa.gov/dashboard/chemical/details/DTXSID7020182,Bisphenol A,80-05-7,C15H16O2,228.115030,236,981,24,Active,0.9999999997335421,-90.266071690552,2.8096956856099062,10.248355393548154,1.0106541775075737
https://comptox.epa.gov/dashboard/chemical/details/DTXSID2026107,Tetraethylene glycol diacrylate,17831-71-9,C14H22O7,302.136553,103,244,42,Active,0.9999998890906735,-90.52626698696125,2.8177947375354546,37.50305471272377,1.5740666434836943
https://comptox.epa.gov/dashboard/chemical/details/DTXSID8049412,4-Hydroxyquinazoline,491-36-1,C8H6N2O,146.048013,58,244,24,Active,0.9999999999992286,-112.96835705119581,3.5163456154967108,0.00014028549044334062,-3.8529872451958376
https://comptox.epa.gov/dashboard/chemical/details/DTXSID1023817,Dicyclohexylcarbodiimide,538-75-0,C13H22N2,206.178299,191,454,42,Active,1,-119.75847013535699,3.7277002372284986,3.1314086001226284,0.495739739990165
https://comptox.epa.gov/dashboard/chemical/details/DTXSID9020166,Bis(tributyltin)oxide,56-35-9,C24H54OSn2,598.221870,180,282,64,Active,1,-111.67444532997959,3.476070259401406,0.1264275053721679,-0.8981584313396607
https://comptox.epa.gov/dashboard/chemical/details/DTXSID2049555,NTP Mix25 AR2 2-EQP,NOCAS_49555,, ,22,244,9,Active,0.9999999999994614,-60.644922696251086,1.8876835389263737,0.21801289803491972,-0.6615178119931429
https://comptox.epa.gov/dashboard/chemical/details/DTXSID7049556,NTP Mix26 AR2 2-EQP,NOCAS_49556,, ,29,244,12,Active,0.999999588847748,-50.02480544287859,1.5571130702150908,0.16491728447476892,-0.782733824897436
https://comptox.epa.gov/dashboard/chemical/details/DTXSID2049551,NTP Mix21 AR2 2-EQP,NOCAS_49551,, ,33,244,14,Active,0.9999999999999972,-65.67863923757506,2.0443671231774596,0.1609826646289283,-0.7932208883243255
https://comptox.epa.gov/dashboard/chemical/details/DTXSID7049552,NTP Mix22 AR2 2-EQP,NOCAS_49552,, ,25,244,10,Active,0.9988223914822982,-40.67996725239026,1.2662379822136052,0.16650636912473982,-0.7785691494079613
https://comptox.epa.gov/dashboard/chemical/details/DTXSID0023878,Anthracene,120-12-7,C14H10,178.078250,39,661,6,Active,0.9852064002440174,-48.61794618004197,1.5133220164224386,46.08294930875575,1.6635402661514704
https://comptox.epa.gov/dashboard/chemical/details/DTXSID9020293,2-Chloroacetophenone,532-27-4,C8H7ClO,154.018542,172,576,30,Active,0.9930282683721637,-49.167847325932804,1.5304386899209612,46.08294930875575,1.6635402661514704
https://comptox.epa.gov/dashboard/chemical/details/DTXSID3025091,C.I. Disperse Black 6,119-90-4,C14H16N2O2,244.121178,87,614,14,Active,0.999999996726288,-84.65429624101618,2.635018966285887,13.284295832602282,1.123338538488841
https://comptox.epa.gov/dashboard/chemical/details/DTXSID1025017,Dicumyl peroxide,80-43-3,C18H22O2,270.161980,147,609,24,Active,0.978866698620116,-37.320307380594784,1.1616624571009009,16.878916443921177,1.2273445632890285
https://comptox.epa.gov/dashboard/chemical/details/DTXSID9020374,"p,p'-DDE",72-55-9,C14H8Cl4,315.938011,232,712,33,Active,0.999999997645505,-65.78618730693907,2.0477147524785737,6.537570024216887,0.8154163536486577
https://comptox.epa.gov/dashboard/chemical/details/DTXSID3042390,Sodium (2-pyridylthio)-N-oxide,3811-73-2,C5H4NNaOS,148.991129,208,618,34,Active,1,-101.98548719569453,3.1744838121559664,0.9933284535844165,-0.002907124119816355
https://comptox.epa.gov/dashboard/chemical/details/DTXSID2024086,Ethion,563-12-2,C9H22O4P2S4,383.987618,106,619,17,Active,0.9943829094604503,-51.24018066246637,1.5949438348303902,20.11155609646805,1.3034456746725316
https://comptox.epa.gov/dashboard/chemical/details/DTXSID5047322,SB243213A,200940-23-4,C22H20ClF3N4O2,464.122688,181,633,29,Active,0.9999922124388356,-90.19878675422086,2.8076013195676546,25.386684801544664,1.4046059908934139
https://comptox.epa.gov/dashboard/chemical/details/DTXSID4020373,"p,p'-DDD",72-54-8,C14H10Cl4,317.953661,315,703,45,Active,0.9999999902081698,-87.90348191439229,2.736155781007668,20.110971594592037,1.3034330525946063
https://comptox.epa.gov/dashboard/chemical/details/DTXSID3047348,SSR504734,742693-38-5,C20H20ClF3N2O,396.121625,278,648,43,Active,0.9999999999994034,-96.08211880006732,2.990730731944149,18.710790256332448,1.2720921304565413
https://comptox.epa.gov/dashboard/chemical/details/DTXSID0047246,Darbufelone mesylate,139340-56-0,C19H28N2O5S2,428.143964,321,636,50,Active,0.9999520347302544,-93.0355210430427,2.8958998346492484,85.04161381771706,1.9296314931130663
https://comptox.epa.gov/dashboard/chemical/details/DTXSID5047320,SB236057A,180084-01-9,C33H35ClN4O3,570.239769,372,673,55,Active,0.9999320932778847,-95.76136452344765,2.980746671595885,70.58834165437126,1.848732979050867
https://comptox.epa.gov/dashboard/chemical/details/DTXSID6047311,GSK163929B,NOCAS_47311,C36H40ClF2N5O3S,695.250845,244,658,37,Active,0.9999997163517482,-77.36035174687811,2.4079816753919823,19.58801483699141,1.2919904243037594
https://comptox.epa.gov/dashboard/chemical/details/DTXSID6047315,PharmaGSID_47315,444610-91-7,C33H34F3N3O4S2,657.194283,378,644,59,Active,0.99977514904721,-73.58057342315692,2.2903291992198875,77.54625707173977,1.8895608405465447
https://comptox.epa.gov/dashboard/chemical/details/DTXSID5047328,"Potassium 5-carbamoyl-3-[5'-fluoro-2'-(2,2,3,3,3-pentafluoropropoxy)-3-biphenylyl]-1,2,4-triazol-1-ide hydrate (1:1:1)",NOCAS_47328,C18H13F6KN4O3,486.052891,306,636,48,Active,0.9999806425713174,-100.60937965210843,3.131649961565858,55.49768687114074,1.7442748822211536
https://comptox.epa.gov/dashboard/chemical/details/DTXSID9047330,PharmaGSID_47330,425377-76-0,C21H15F2N5O,391.124466,195,653,30,Active,0.9989526790962584,-59.43597569696423,1.850052864361604,46.08294930875575,1.6635402661514704
https://comptox.epa.gov/dashboard/chemical/details/DTXSID2047357,Surinabant,288104-79-0,C23H23BrCl2N4O,520.043230,261,667,39,Active,0.999998831232707,-96.4627669481671,3.00257909799599,39.70263738673084,1.5988193572532743
https://comptox.epa.gov/dashboard/chemical/details/DTXSID7047358,Nelivaptan,439687-69-1,C30H32ClN3O8S,629.159864,250,655,38,Active,0.9978750946641495,-86.9443154976219,2.706299981452986,64.01799718905181,1.8063020830641427
https://comptox.epa.gov/dashboard/chemical/details/DTXSID0047377,AVE6324,NOCAS_47377,C31H36Cl2N4O7S,678.168176,359,669,54,Active,0.9999976842873777,-105.9420812303734,3.297639998979489,40.367576506511405,1.6060326770436448
https://comptox.epa.gov/dashboard/chemical/details/DTXSID1047364,SSR 103800,1075752-90-7,, ,239,651,37,Active,0.999834591484434,-91.14693354223822,2.8371141131314417,100.15238644489783,2.0006613021817907
https://comptox.epa.gov/dashboard/chemical/details/DTXSID1047366,SAR115740,NOCAS_47366,C24H17F2N3O,401.133969,313,638,49,Active,0.9955631421443176,-102.62267690915004,3.1943175011077627,70.26234254161331,1.846722625045202
https://comptox.epa.gov/dashboard/chemical/details/DTXSID6047369,SR146131 trifluoroacetate (1:1),221671-62-1,C34H37ClF3N3O7S,723.199284,368,613,60,Active,0.9998455954366106,-99.31482847412646,3.0913547012154745,48.68423243932937,1.68738832726434
https://comptox.epa.gov/dashboard/chemical/details/DTXSID0047379,"3-Chloro-2-((3R)-5-chloro-1-(2,4-dimethoxybenzyl)-3-methyl-2-oxo-2,3-dihydro-1H-indol-3-yl)-N-ethyl-N-(3-pyridinylmethyl)benzamide hydrochloride (1:1)",1437319-51-1,C33H32Cl3N3O4,639.145840,304,653,47,Active,0.9999997002743578,-108.07174556566379,3.3639296755168253,19.703807564033987,1.294550157342706
https://comptox.epa.gov/dashboard/chemical/details/DTXSID4047387,SAR102779,NOCAS_47387,C35H38Cl2FN3O7,701.207084,317,653,49,Active,0.9994465837441696,-77.40840916464171,2.409477549941778,70.96589893744846,1.8510497084232176
https://comptox.epa.gov/dashboard/chemical/details/DTXSID9047334,MK-968,NOCAS_47334,C19H21F2N5O,373.171417,213,620,34,Active,0.9999999999969008,-98.15518281774939,3.0552586206335173,15.248152101504687,1.1832172154371363
https://comptox.epa.gov/dashboard/chemical/details/DTXSID7029879,Ketoconazole,65277-42-1,C26H28Cl2N4O4,530.148761,359,640,56,Active,0.9999999139485046,-103.16627604701631,3.2112380131424523,20.59209742454773,1.3137005842826983
https://comptox.epa.gov/dashboard/chemical/details/DTXSID4040713,Octyl gallate,1034-01-1,C15H22O5,282.146724,346,713,49,Active,0.9999999999999928,-96.54244966869125,3.0050593676242268,9.220899934546777,0.9647733090725912
https://comptox.epa.gov/dashboard/chemical/details/DTXSID7020970,Nitrofen,1836-75-5,C12H7Cl2NO3,282.980299,126,696,18,Active,0.9999999999998632,-76.57266708923353,2.383463557534897,3.568647325479154,0.5525036305652511
https://comptox.epa.gov/dashboard/chemical/details/DTXSID4021135,C.I. Solvent Yellow 14,842-07-9,C16H12N2O,248.094963,174,657,26,Active,0.9974051957586232,-42.56663872530562,1.3249640638778903,9.082140965945271,0.9581882383992415
https://comptox.epa.gov/dashboard/chemical/details/DTXSID1020069,o-Aminoazotoluene,97-56-3,C14H15N3,225.126597,314,659,48,Active,0.9921838262275129,-66.28493707153227,2.0632392461840325,44.77926563040046,1.651076966972356
https://comptox.epa.gov/dashboard/chemical/details/DTXSID7029241,"2,4-Bis(1-methyl-1-phenylethyl)phenol",2772-45-4,C24H26O,330.198365,351,643,55,Active,0.9999404900933996,-109.38349693767732,3.4047603231955486,57.978131029416986,1.763264211420953
https://comptox.epa.gov/dashboard/chemical/details/DTXSID1022053,"4,6-Dinitro-o-cresol",534-52-1,C7H6N2O5,198.027671,224,641,35,Active,0.9999999987488319,-104.7247871022397,3.2597495048449856,18.908480816874988,1.2766566372875632
https://comptox.epa.gov/dashboard/chemical/details/DTXSID1021322,Tetraethylthiuram disulfide,97-77-8,C10H20N2S4,296.050933,325,768,42,Active,0.9999999999999999,-114.15693586927071,3.5533422933692225,0.17261010549850922,-0.7629337820057085
https://comptox.epa.gov/dashboard/chemical/details/DTXSID1020699,4-Hexylresorcinol,136-77-6,C12H18O2,194.130680,246,655,38,Active,0.9996280752620846,-70.66804414477849,2.1996714272086466,37.63657449946274,1.5756100891526794
https://comptox.epa.gov/dashboard/chemical/details/DTXSID6032514,"1,2-Benzenedicarboxaldehyde",643-79-8,C8H6O2,134.036779,135,624,22,Active,0.9999409368803535,-95.14817888419024,2.961660153119643,50.699647006714414,1.7050049355942876
https://comptox.epa.gov/dashboard/chemical/details/DTXSID8041248,"2,5-Di-tert-butylbenzene-1,4-diol",88-58-4,C14H22O2,222.161980,255,686,37,Active,0.9999999996844844,-110.10330153691164,3.427165550753075,20.610372048844688,1.3140858315318507
https://comptox.epa.gov/dashboard/chemical/details/DTXSID7037185,Amiodarone hydrochloride,19774-82-4,C25H30ClI2NO3,681.000360,393,705,56,Active,0.9984455230170091,-71.03150919920694,2.210984938211967,53.67353549163876,1.7297602033350759
https://comptox.epa.gov/dashboard/chemical/details/DTXSID8027955,Isooctyl acrylate,29590-42-9,, ,22,586,4,Active,0.9999998876027388,-80.33852145891527,2.5006826253082592,0.00016790023742714155,-3.7749486897272013
https://comptox.epa.gov/dashboard/chemical/details/DTXSID2037712,"4,4',4''-Ethane-1,1,1-triyltriphenol",27955-94-8,C20H18O3,306.125594,295,648,46,Active,0.9999999596027221,-103.14245908449018,3.2104966668580652,23.875342345153285,1.377949607587513
https://comptox.epa.gov/dashboard/chemical/details/DTXSID9035204,Tributyltin methacrylate,2155-70-6,C16H32O2Sn,376.142432,520,765,68,Active,1,-108.80368692642928,3.386712681855158,0.5945018266124815,-0.22584680666933907
https://comptox.epa.gov/dashboard/chemical/details/DTXSID3038939,Perfluorooctanesulfonamide,754-91-6,C8H2F17NO2S,498.953478,343,732,47,Active,0.9999838824386493,-62.85128836927074,1.9563606841289825,0.000444947006487854,-3.3516917107278017
https://comptox.epa.gov/dashboard/chemical/details/DTXSID7029871,Clotrimazole,23593-75-1,C22H17ClN2,344.108026,395,653,60,Active,0.9999996647051356,-121.14646160899275,3.7709039967596216,22.678738836412773,1.3556188997968976
https://comptox.epa.gov/dashboard/chemical/details/DTXSID3020207,Dinoseb,88-85-7,C10H12N2O5,240.074621,255,626,41,Active,0.9999999999998492,-104.707693180485,3.2592174254345845,8.895808080475755,0.9491854048034677
https://comptox.epa.gov/dashboard/chemical/details/DTXSID7022174,O-Ethyl O-(p-nitrophenyl phenyl)phosphonothioate,2104-64-5,C14H14NO4PS,323.038116,101,651,16,Active,0.9999994097830912,-68.26924663069812,2.1250044908976378,12.946041916376881,1.112137008832206
https://comptox.epa.gov/dashboard/chemical/details/DTXSID3047263,PharmaGSID_47263,349495-42-7,C15H16N4O2,284.127326,53,673,8,Active,0.9999834818732021,-67.73005846435797,2.1082212783757575,0.0005518764362961926,-3.2581581487957756
https://comptox.epa.gov/dashboard/chemical/details/DTXSID8047266,CP-544439,230954-09-3,C18H19FN2O6S,410.094786,69,632,11,Active,0.9983972852871253,-75.20175737679004,2.3407914988945477,68.82016794408796,1.8377157281091145
https://comptox.epa.gov/dashboard/chemical/details/DTXSID2047270,Besonprodil,253450-09-8,C21H23FN2O3S,402.141342,132,644,20,Active,0.9991792862708108,-63.394560214768084,1.973271008593307,77.93715966124789,1.891744574334217
https://comptox.epa.gov/dashboard/chemical/details/DTXSID7047271,PD 0343701,676116-04-4,C26H34N4O4S2,530.202148,366,651,56,Active,0.9999999999982374,-106.98646418028724,3.330148318146818,10.806697531038484,1.0336929961574752
https://comptox.epa.gov/dashboard/chemical/details/DTXSID2047272,CJ-013610,249296-43-3,C23H27N3O5S2,489.139213,239,639,37,Active,1,-107.18670994307439,3.3363813317833646,3.9306775570117947,0.5944674190543648
https://comptox.epa.gov/dashboard/chemical/details/DTXSID7047277,Elzasonan,361343-19-3,C22H23Cl2N3OS,447.093889,292,631,46,Active,0.9999999978595806,-107.46550106013697,3.345059212454659,36.606023304229204,1.56355255185789
https://comptox.epa.gov/dashboard/chemical/details/DTXSID6047288,UK-337312,203942-49-8,C34H42Cl2F6N2O4S,758.214653,390,658,59,Active,0.9998407711777729,-97.75563651275809,3.042822015070533,69.78040678898266,1.843733496864679
https://comptox.epa.gov/dashboard/chemical/details/DTXSID0047290,UK-416244,402910-27-4,C17H22N2O3S2,366.107185,150,664,23,Active,0.9656924542548774,-47.48011160387294,1.4779048453887897,73.27396215484808,1.8649496758499533
https://comptox.epa.gov/dashboard/chemical/details/DTXSID5047295,UK-373911,291305-06-1,C17H18Cl2N2O2S,384.046604,293,618,47,Active,0.9999922960593713,-111.54920692371331,3.472171986183476,41.00053069053737,1.6127894780485255
https://comptox.epa.gov/dashboard/chemical/details/DTXSID7024827,Chlorpromazine hydrochloride,69-09-0,C17H20Cl2N2S,354.072425,415,742,56,Active,0.9999992100678887,-103.78549637075895,3.2305123721510736,38.18488272905245,1.5818914611634802
https://comptox.epa.gov/dashboard/chemical/details/DTXSID2047303,CJ-013790,179465-71-5,C18H17FN2O4,344.117235,203,678,30,Active,0.9998042360765392,-102.48833928437844,3.190135998161342,44.17666764737157,1.645192952890313
https://comptox.epa.gov/dashboard/chemical/details/DTXSID8023719,Troglitazone,97322-87-7,C24H27NO5S,441.160994,273,714,38,Active,0.9973915057052575,-58.78464873692687,1.8297791278926898,71.04641118070944,1.8515421449829925
https://comptox.epa.gov/dashboard/chemical/details/DTXSID8047349,AVE8488,NOCAS_47349,C23H25ClFN3O4,461.151762,194,625,31,Active,0.9992448999789332,-73.16260331118546,2.277319119149648,56.4737137055714,1.7518463478361488
https://comptox.epa.gov/dashboard/chemical/details/DTXSID4047381,AVE8923,NOCAS_47381,C21H27BrClFN2O2S,504.064918,341,660,52,Active,0.9999997549420633,-104.85913796301088,3.263931419785971,36.2855385500568,1.5597335732652169
https://comptox.epa.gov/dashboard/chemical/details/DTXSID5023950,Carbosulfan,55285-14-8,C20H32N2O3S,380.213364,153,611,25,Active,0.9516849681024036,-41.43714431337254,1.2898064956277917,73.78594576828701,1.8679736483198415
https://comptox.epa.gov/dashboard/chemical/details/DTXSID3024104,Fluoranthene,206-44-0,C16H10,202.078250,85,641,13,Active,0.9999999999997194,-71.66244322772747,2.23062390759036,5.586416874628846,0.747133340888023
https://comptox.epa.gov/dashboard/chemical/details/DTXSID3020465,Diethylstilbestrol,56-53-1,C18H20O2,268.146330,423,838,50,Active,0.999999833156613,-99.72426548854415,3.1040991731016794,22.249630399420056,1.3473228010775986
https://comptox.epa.gov/dashboard/chemical/details/DTXSID5032523,"1,2-Benzisothiazolin-3-one",2634-33-5,C7H5NOS,151.009185,270,635,43,Active,0.9999980587778347,-98.67245627870113,3.0713596980848443,38.62580374444211,1.586877529536951
https://comptox.epa.gov/dashboard/chemical/details/DTXSID5023902,Benz(a)anthracene,56-55-3,C18H12,228.093900,160,663,24,Active,0.9870757770336467,-46.273717419070636,1.4403536318187113,19.511726931632797,1.2902957093580056
https://comptox.epa.gov/dashboard/chemical/details/DTXSID2020189,FD&C Blue No. 1,3844-45-9,C37H34N2Na2O9S3,792.122183,91,626,15,Active,0.9999995441828037,-71.765253485293,2.2338240638806286,10.507487084990782,1.0214988648758392
https://comptox.epa.gov/dashboard/chemical/details/DTXSID1021952,Triphenyl phosphate,115-86-6,C18H15O4P,326.070796,186,748,25,Active,0.9446499940688076,-41.79048518153699,1.3008048729166,46.08294930875575,1.6635402661514704
https://comptox.epa.gov/dashboard/chemical/details/DTXSID7021237,Reserpine,50-55-5,C33H40N2O9,608.273381,262,688,38,Active,0.9910055075201093,-64.21639292294812,1.9988520466424928,38.14711833438817,1.581461736557162
https://comptox.epa.gov/dashboard/chemical/details/DTXSID1034187,Tamoxifen,10540-29-1,C26H29NO,371.224915,371,750,49,Active,0.999999879530365,-110.43207246110197,3.4373991438401688,40.92447753366439,1.6119831436564915
https://comptox.epa.gov/dashboard/chemical/details/DTXSID3027403,Tributyltin chloride,1461-22-9,C12H27ClSn,326.082331,557,828,67,Active,1,-110.92435551085873,3.4527223492826544,0.3693701799620066,-0.43253816899513975
https://comptox.epa.gov/dashboard/chemical/details/DTXSID6020561,Endrin,72-20-8,C12H8Cl6O,377.870631,126,648,19,Active,0.9970086519386648,-52.57029883215124,1.6363461824979255,33.62532848793382,1.5266665356811022
https://comptox.epa.gov/dashboard/chemical/details/DTXSID6024254,Phenanthrene,85-01-8,C14H10,178.078250,49,657,7,Active,0.9997294386252387,-55.47307882330346,1.7267004902091896,25.790926344446287,1.4114669411707552
https://comptox.epa.gov/dashboard/chemical/details/DTXSID5029055,"4-Nonylphenol, branched",84852-15-3,, ,344,796,43,Active,0.9999799587862391,-70.70944428304976,2.200960081823896,33.085503378313135,1.5196377465891244
https://comptox.epa.gov/dashboard/chemical/details/DTXSID9047592,9-Phenanthrol,484-17-3,C14H10O,194.073165,327,678,48,Active,0.9999999999999419,-108.57211395974787,3.3795045520096587,10.93345422775148,1.0387573911403476
https://comptox.epa.gov/dashboard/chemical/details/DTXSID7020267,Chlordane,57-74-9,C10H6Cl8,405.797772,307,649,47,Active,0.9996499761223289,-79.1619742261304,2.4640604524147207,46.08294930875575,1.6635402661514704
https://comptox.epa.gov/dashboard/chemical/details/DTXSID9032537,Didecyldimethylammonium chloride,7173-51-5,C22H48ClN,361.347528,430,693,62,Active,0.9999999999880361,-109.23373350152892,3.400098663808721,18.941252871609795,1.2774087020817733
https://comptox.epa.gov/dashboard/chemical/details/DTXSID1038298,1-Hydroxypyrene,5315-79-7,C16H10O,218.073165,238,690,34,Active,0.999999942718678,-82.67360941388347,2.5733664856969742,15.451271769109805,1.1889642313062025
https://comptox.epa.gov/dashboard/chemical/details/DTXSID7041097,1-(2-Chlorophenyl)-N-methyl-N-(1-methylpropyl)-3-isoquinolinecarboxamide,85532-75-8,C21H21ClN2O,352.134241,133,642,21,Active,0.999205889854573,-70.89494299715119,2.206734066743542,26.911579288613456,1.4299391848022034
https://comptox.epa.gov/dashboard/chemical/details/DTXSID1024126,Heptachlor epoxide B,1024-57-3,C10H5Cl7O,385.816009,193,642,30,Active,0.9927727749519177,-61.51343335784624,1.9147175131881065,46.08294930875575,1.6635402661514704
https://comptox.epa.gov/dashboard/chemical/details/DTXSID6022345,"o,p'-DDT",789-02-6,C14H9Cl5,351.914689,287,710,40,Active,0.9999868918621809,-75.10225904812285,2.3376944324160154,14.048017183186378,1.1476150297805967
https://comptox.epa.gov/dashboard/chemical/details/DTXSID9047542,Picoxystrobin,117428-22-5,C18H16F3NO4,367.103142,307,694,44,Active,1,-112.64970858976085,3.506427102476788,2.8630438520770305,0.45682799998430335
https://comptox.epa.gov/dashboard/chemical/details/DTXSID1046970,"2-(2,6-Diisopropylphenyl)-5-hydroxy-1H-isoindole-1,3-dione",105624-86-0,C20H21NO3,323.152144,320,698,46,Active,0.9999995204189754,-108.59225883546685,3.38013159791223,46.08294930875575,1.6635402661514704
https://comptox.epa.gov/dashboard/chemical/details/DTXSID4044161,Antimony trichloride,10025-91-9,Cl3Sb,225.810370,53,334,16,Active,0.9999999999999752,-101.6073474409081,3.1627135244090563,6.859729275091087,0.8363069762528
https://comptox.epa.gov/dashboard/chemical/details/DTXSID0032572,Prallethrin,23031-36-9,C19H24O3,300.172545,218,792,28,Active,0.9997551875012467,-84.0293528183461,2.615566465412181,66.88514910798727,1.8253296995850583
https://comptox.epa.gov/dashboard/chemical/details/DTXSID2020058,"2-Amino-5-(5-nitro-2-furyl)-1,3,4-oxadiazole",3775-55-1,C6H4N4O4,196.023255,56,326,17,Active,0.999999665934363,-125.50649052672591,3.9066178282121045,48.10832896936954,1.6822202720556385
https://comptox.epa.gov/dashboard/chemical/details/DTXSID2032390,Fenarimol,60168-88-9,C17H12Cl2N2O,330.032668,291,791,37,Active,0.9999999663790352,-114.20520301532048,3.554844696093445,37.51523499914692,1.5742076712583444
https://comptox.epa.gov/dashboard/chemical/details/DTXSID0032651,Thidiazuron,51707-55-2,C9H8N4OS,220.041882,155,700,22,Active,0.9977032281431976,-78.06423669335868,2.4298913747978914,74.83043546297247,1.8740782725331477
https://comptox.epa.gov/dashboard/chemical/details/DTXSID8022325,"2,2-Bis(4-hydroxyphenyl)-1,1,1-trichloroethane",2971-36-0,C14H11Cl3O2,315.982463,394,861,46,Active,1,-96.94534878832101,3.0176003356419843,3.495450372569971,0.5435031405168038
https://comptox.epa.gov/dashboard/chemical/details/DTXSID1020560,Endosulfan,115-29-7,C9H6Cl6O3S,403.816881,345,810,43,Active,0.999939963734663,-83.43371254444136,2.5970260783495545,46.0599078341014,1.6633230646056063
https://comptox.epa.gov/dashboard/chemical/details/DTXSID0041274,"1-Phenyl-1H-pyrrole-2,5-dione",941-69-5,C10H7NO2,173.047678,156,379,41,Active,0.999999962231883,-101.25078177282975,3.1516147693566503,34.35405318813211,1.5359779837069105
https://comptox.epa.gov/dashboard/chemical/details/DTXSID0041357,"Ethyl (2E,4Z)-deca-2,4-dienoate",3025-30-7,C12H20O2,196.146330,121,367,33,Active,0.9996209115517611,-93.7368314109749,2.9177293956143884,54.23393024154073,1.7342710781652126
https://comptox.epa.gov/dashboard/chemical/details/DTXSID0025789,beta-Nitrostyrene,102-96-5,C8H7NO2,149.047678,233,443,53,Active,0.9998952801328626,-100.20062207177091,3.118926638301366,59.25108239641156,1.7726962884288935
https://comptox.epa.gov/dashboard/chemical/details/DTXSID4034653,Hexaconazole,79983-71-4,C14H17Cl2N3O,313.074868,275,725,38,Active,0.9999996303441686,-159.82597113108616,4.974874093057811,68.59118660369893,1.8362683160671334
https://comptox.epa.gov/dashboard/chemical/details/DTXSID4034948,Tebufenozide,112410-23-8,C22H28N2O2,352.215078,101,670,15,Active,0.9081471132252056,-42.01151439029712,1.3076848091165059,73.21229755767243,1.8645840361521875
https://comptox.epa.gov/dashboard/chemical/details/DTXSID9041524,4-Nitropyridine-1-oxide,1124-33-0,C5H4N2O3,140.022192,48,247,19,Active,0.9802086144847797,-47.62986609073722,1.4825662262128687,46.08294930875575,1.6635402661514704
https://comptox.epa.gov/dashboard/chemical/details/DTXSID1034210,Prodiamine,29091-21-2,C13H17F3N4O4,350.120190,301,685,44,Active,0.9999997706613405,-145.34160038981582,4.524021705019512,46.81670566322691,1.670400850569103
https://comptox.epa.gov/dashboard/chemical/details/DTXSID7041336,"2,4,5-Trichlorophenol sodium salt",136-32-3,C6H2Cl3NaO,217.906892,30,244,12,Active,0.9829607726716976,-49.62364060662189,1.5446260849221791,71.66476570728358,1.8553056853756666
https://comptox.epa.gov/dashboard/chemical/details/DTXSID4032376,Dimethenamid,87674-68-8,C12H18ClNO2S,275.074678,108,680,16,Active,0.9976252469496186,-56.68418873567287,1.7643984893782383,46.08294930875575,1.6635402661514704
https://comptox.epa.gov/dashboard/chemical/details/DTXSID1032690,Indoxacarb,173584-44-6,C22H17ClF3N3O7,527.070712,181,740,24,Active,0.9999999671438378,-86.58823056162751,2.6952161900611995,24.699996634979822,1.3926968940932773
https://comptox.epa.gov/dashboard/chemical/details/DTXSID5041308,"2,2-Bis(4-chlorophenyl)ethanol",2642-82-2,C14H12Cl2O,266.026520,113,332,34,Active,0.9999991587477256,-111.00263926303563,3.455159073476201,35.76594502581899,1.553469704679659
https://comptox.epa.gov/dashboard/chemical/details/DTXSID6032518,"4,5-Dichloro-3H-1,2-dithiol-3-one",1192-52-5,C3Cl2OS2,185.876762,238,493,48,Active,0.9999916254297913,-95.15626480126754,2.961911841997876,46.0800917511521,1.6635133351499516
https://comptox.epa.gov/dashboard/chemical/details/DTXSID6020197,Bromocriptine mesylate,22260-51-1,C33H44BrN5O8S,749.209398,75,366,20,Active,0.996989031184129,-61.8552449808035,1.9253570217468339,20.30874348879283,1.3076830542386522
https://comptox.epa.gov/dashboard/chemical/details/DTXSID2044503,C.I. Disperse Yellow 64,10319-14-9,C18H10BrNO3,366.984406,31,326,10,Active,0.9116380825575373,-38.28289501858512,1.191624748389644,14.741768051104055,1.1685495736716156
https://comptox.epa.gov/dashboard/chemical/details/DTXSID7041883,Dinoterb,1420-07-1,C10H12N2O5,240.074621,83,247,34,Active,1,-112.65736712259022,3.5066654882428434,7.284462739218665,0.8623975261819192
https://comptox.epa.gov/dashboard/chemical/details/DTXSID3037541,Endosulfan sulfate,1031-07-8,C9H6Cl6O4S,419.811796,149,516,29,Active,0.9999996287321287,-127.23368995887236,3.960380052509694,45.07815301008941,1.6539661133643286
https://comptox.epa.gov/dashboard/chemical/details/DTXSID0034566,Emamectin benzoate,155569-91-8,, ,499,841,59,Active,1,-114.10063692166972,3.5515898862109583,7.469714064630832,0.873303977648097
https://comptox.epa.gov/dashboard/chemical/details/DTXSID6040290,Chlorbromuron,13360-45-7,C9H10BrClN2O2,291.961418,21,244,9,Active,0.9995934505606259,-76.69871636802486,2.3873870706352385,24.520408547511074,1.389527701916994
https://comptox.epa.gov/dashboard/chemical/details/DTXSID1021409,Triphenyltin hydroxide,76-87-9,C18H16OSn,368.022317,402,707,57,Active,1,-111.68974697768266,3.4765465510216,0.42303542192154026,-0.3736232664287589
https://comptox.epa.gov/dashboard/chemical/details/DTXSID1041978,Flufenoxuron,101463-69-8,C21H11ClF6N2O3,488.036239,58,379,15,Active,0.9999999930726404,-105.1263742488149,3.272249635314791,22.370750859448805,1.3496805611481573
https://comptox.epa.gov/dashboard/chemical/details/DTXSID5032498,Triclosan,3380-34-5,C12H7Cl3O2,287.951163,374,882,42,Active,0.9999999999519243,-104.47080247359608,3.251843771251553,12.481739198694402,1.0962751039177372
https://comptox.epa.gov/dashboard/chemical/details/DTXSID7040283,Chlorfenethol,80-06-8,C14H12Cl2O,266.026520,77,259,30,Active,0.999999999984045,-95.31654968586051,2.9669010006072507,13.508026642268797,1.130591908535695
https://comptox.epa.gov/dashboard/chemical/details/DTXSID9020243,Captan,133-06-2,C9H8Cl3NO2S,298.934133,252,741,34,Active,0.9999999999947852,-107.11896154126842,3.3342725395351125,11.011447125013989,1.041844397728251
https://comptox.epa.gov/dashboard/chemical/details/DTXSID9034492,Cyazofamid,120116-88-3,C13H13ClN4O2S,324.044775,310,767,40,Active,0.9999998658274962,-104.2568534138035,3.2451842175678576,39.13671651838536,1.592584386529852
https://comptox.epa.gov/dashboard/chemical/details/DTXSID4032667,Es-fenvalerate,66230-04-4,C25H22ClNO3,419.128821,122,724,17,Active,0.915606469091565,-41.202702660072106,1.2825090726928083,83.35937176976084,1.9209544329473598
https://comptox.epa.gov/dashboard/chemical/details/DTXSID6032562,Octylbicycloheptenedicarboximide,113-48-4,C17H25NO2,275.188529,183,782,23,Active,0.9990935635011541,-65.80840079782703,2.0484061877913256,42.787414286779345,1.6313160421531543
https://comptox.epa.gov/dashboard/chemical/details/DTXSID0037522,Dialifor,10311-84-9,C14H17ClNO4PS2,393.002515,37,247,15,Active,0.9557454212897181,-39.10866938776935,1.2173284778079148,39.268473694443905,1.5940440212357139
https://comptox.epa.gov/dashboard/chemical/details/DTXSID8032548,"4-(4-Chlorophenyl)-2-phenyl-2-(1H-1,2,4-triazol-1-ylmethyl)butyronitrile",114369-43-6,C19H17ClN4,336.114174,201,717,28,Active,0.9992439378941781,-114.71474889574299,3.5707052385434523,60.031506626289065,1.778379243093884
https://comptox.epa.gov/dashboard/chemical/details/DTXSID3024102,Fenamiphos,22224-92-6,C13H22NO3PS,303.105802,125,780,16,Active,0.9981700420343586,-62.49715044401559,1.9453374969882886,41.914059547432345,1.6223597260609353
https://comptox.epa.gov/dashboard/chemical/details/DTXSID3041409,2-Chloro-N-phenylacetamide,587-65-5,C8H8ClNO,169.029442,133,365,36,Active,0.9999993428707549,-122.46511886553027,3.8119496026567425,45.58174844641699,1.658790980038456
https://comptox.epa.gov/dashboard/chemical/details/DTXSID4020242,Captafol,2425-06-1,C10H9Cl4NO2S,346.910811,294,684,43,Active,0.9999999999979905,-107.22281730033556,3.3375052389615045,7.7758098207778445,0.8907456301593732
https://comptox.epa.gov/dashboard/chemical/details/DTXSID4024276,Propargite,2312-35-8,C19H26O4S,350.155180,334,771,43,Active,1,-113.66218701735941,3.5379423353491024,4.174943112619989,0.6206505622043998
https://comptox.epa.gov/dashboard/chemical/details/DTXSID4020450,Dicofol,115-32-2,C14H9Cl5O,367.909603,277,691,40,Active,0.9999999650611353,-96.92517093335671,3.016972263200409,26.432081431253494,1.4221313636052386
https://comptox.epa.gov/dashboard/chemical/details/DTXSID3034456,Cinmethylin,87818-31-3,C18H26O2,274.193280,79,671,12,Active,0.9972050276352624,-51.021295830208764,1.58813064624999,32.46870590558103,1.511464979440133
https://comptox.epa.gov/dashboard/chemical/details/DTXSID7032551,Fluazinam,79622-59-6,C13H4Cl2F6N4O4,463.951379,460,792,58,Active,1,-113.81545635038016,3.5427131221537063,4.9308428027270255,0.6929211572672059
https://comptox.epa.gov/dashboard/chemical/details/DTXSID2020426,Dichloran,99-30-9,C6H4Cl2N2O2,205.964983,186,730,25,Active,0.9999999984315646,-96.57228421442599,3.00598802213265,17.137191747104495,1.2339396560551592
https://comptox.epa.gov/dashboard/chemical/details/DTXSID2034625,Fluoxastrobin,361377-29-9,C21H16ClFN4O5,458.079325,274,760,36,Active,1,-106.61969342296035,3.318731911127334,5.100833271105758,0.7076411281533905
https://comptox.epa.gov/dashboard/chemical/details/DTXSID1032519,Acibenzolar-S-methyl,135158-54-2,C8H6N2OS2,209.992155,49,791,6,Active,0.9999978422539287,-56.31759912914191,1.7529877210068119,14.014265691639993,1.1465703468752193
https://comptox.epa.gov/dashboard/chemical/details/DTXSID8041242,"2,2,4-Trimethylpentane-1,3-diyl dibenzoate",68052-23-3,C22H26O4,354.183109,32,329,10,Active,0.9961954183332293,-61.79202676397442,1.923389239746909,60.051972664176965,1.7785272782350994
https://comptox.epa.gov/dashboard/chemical/details/DTXSID8023892,Abamectin,71751-41-2,, ,435,803,54,Active,0.9999999986478655,-112.77832166456919,3.510430418391995,14.236839918314745,1.1534136017769523
https://comptox.epa.gov/dashboard/chemical/details/DTXSID0032520,Azoxystrobin,131860-33-8,C22H17N3O5,403.116821,274,883,31,Active,1,-106.0066664254158,3.2996503306629923,8.901877853990289,0.9494816308696734
https://comptox.epa.gov/dashboard/chemical/details/DTXSID2034881,Quinoxyfen,124495-18-7,C15H8Cl2FNO,306.996697,191,678,28,Active,0.9999970221145036,-85.44708984964285,2.659696109536052,46.08294930875575,1.6635402661514704
https://comptox.epa.gov/dashboard/chemical/details/DTXSID0032578,Thiodicarb,59669-26-0,C10H18N4O4S3,354.049019,178,682,26,Active,0.9988911359177056,-86.681700127615,2.698125600334322,72.84275841864155,1.8623863833517698
https://comptox.epa.gov/dashboard/chemical/details/DTXSID8024280,Propiconazole,60207-90-1,C15H17Cl2N3O2,341.069782,252,800,32,Active,0.9999994262073639,-117.50364552030126,3.657514719302695,34.81901036049228,1.5418164232693905
https://comptox.epa.gov/dashboard/chemical/details/DTXSID2032500,Triflumizole,68694-11-1,C15H15ClF3N3O,345.085574,391,805,49,Active,0.9998657031458208,-103.32618277167855,3.2162154008360666,46.0599078341014,1.6633230646056063
https://comptox.epa.gov/dashboard/chemical/details/DTXSID2032550,"Fenpyroximate (Z,E)",111812-58-9,C24H27N3O4,421.200156,295,756,39,Active,1,-108.53150493541747,3.3782405222549454,0.017420418831527194,-1.758941407650143
https://comptox.epa.gov/dashboard/chemical/details/DTXSID3020122,Azinphos-methyl,86-50-0,C10H12N3O3PS2,317.005771,176,835,21,Active,0.9999999999894424,-108.30316943842695,3.3711331645429,18.866645120770407,1.2756946805002771
https://comptox.epa.gov/dashboard/chemical/details/DTXSID5032525,Bifenazate,149877-41-8,C17H20N2O3,300.147393,107,683,16,Active,0.999998809888922,-104.25089710521563,3.244998816627858,57.223653442427974,1.7575755818725103
https://comptox.epa.gov/dashboard/chemical/details/DTXSID9032581,Zoxamide,156052-68-5,C14H16Cl3NO2,335.024662,298,658,45,Active,0.9999999764944686,-104.2922535564615,3.24628611140497,30.850766571021968,1.4892659597283746
https://comptox.epa.gov/dashboard/chemical/details/DTXSID4042129,Phenylmercuric chloride,100-56-1,C6H5ClHg,313.978621,159,247,64,Active,1,-111.2335374964047,3.4623462010199373,2.6220328814019567,0.41863813362480795
https://comptox.epa.gov/dashboard/chemical/details/DTXSID3023897,Triadimefon,43121-43-3,C14H16ClN3O2,293.093104,134,754,18,Active,0.98573291066004,-48.517683916114436,1.5102011710692431,46.036866359447,1.6631057543774528
https://comptox.epa.gov/dashboard/chemical/details/DTXSID2040363,Diniconazole,83657-24-3,C15H17Cl2N3O,325.074868,306,736,42,Active,0.9999999999968807,-114.03108426402368,3.5494249332175376,24.183567779111755,1.3835203723096816
https://comptox.epa.gov/dashboard/chemical/details/DTXSID8023848,Acetochlor,34256-82-1,C14H20ClNO2,269.118257,177,734,24,Active,0.9999994579074162,-103.53457773555854,3.222702073180951,34.486680735980116,1.5376513965298158
https://comptox.epa.gov/dashboard/chemical/details/DTXSID0044993,"4,4'-Propane-2,2-diyldicyclohexanol",80-04-6,C15H28O2,240.208930,11,341,3,Active,0.9929036080255488,-47.82587262729832,1.4886672862214954,25.602273693633055,1.4082785359661503
https://comptox.epa.gov/dashboard/chemical/details/DTXSID7021788,3-(Trifluoromethyl)-4-nitrophenol,88-30-2,C7H4F3NO3,207.014327,108,373,29,Active,0.9999999168008091,-109.40562342613251,3.4054490503993127,34.2599349274756,1.5347865337414266
https://comptox.epa.gov/dashboard/chemical/details/DTXSID4032613,Fenitrothion,122-14-5,C9H12NO5PS,277.017381,145,787,18,Active,1,-86.86612456153742,2.7038661463291587,1.0555051173923413,0.023460343233318016
https://comptox.epa.gov/dashboard/chemical/details/DTXSID5034357,Lufenuron,103055-07-8,C17H8Cl2F8N2O3,509.978423,38,359,11,Active,0.9999994628377424,-73.3688276390929,2.283738226501253,18.01695008567807,1.2556812753741768
https://comptox.epa.gov/dashboard/chemical/details/DTXSID9041289,Myristyltrimethylammonium chloride,4574-04-3,C17H38ClN,291.269278,177,375,47,Active,0.9999999999881076,-116.20336400566006,3.61704109179966,5.515328908003161,0.7415714168073073
https://comptox.epa.gov/dashboard/chemical/details/DTXSID2041547,6-Chlorothymol,89-68-9,C10H13ClO,184.065493,58,244,24,Active,0.9954425837255791,-58.768206295735666,1.8292673269999447,30.929637895334356,1.490374835587443
https://comptox.epa.gov/dashboard/chemical/details/DTXSID8040278,Iodenphos,18181-70-9,C8H8Cl2IO3PS,411.835350,76,329,23,Active,0.9766646905184919,-51.47364531751199,1.6022108469174212,46.08294930875575,1.6635402661514704
https://comptox.epa.gov/dashboard/chemical/details/DTXSID7034545,Dimethomorph,110488-70-5,C21H22ClNO4,387.123736,129,727,18,Active,1,-91.5232506825858,2.8488276686883998,1.6335547953280267,0.21313370686132932
https://comptox.epa.gov/dashboard/chemical/details/DTXSID4041367,"2,4-Dinitrophenyl thiocyanate",1594-56-5,C7H3N3O4S,224.984427,164,329,50,Active,0.9999858767811846,-95.37536017991795,2.96873158421776,52.16858561258235,1.7174090623505605
https://comptox.epa.gov/dashboard/chemical/details/DTXSID8020337,Clomiphene citrate (1:1),50-41-9,C32H36ClNO8,597.212945,447,806,55,Active,0.9998103860730633,-99.77380711647109,3.1056412463927563,49.04058757736848,1.6905556650193327
https://comptox.epa.gov/dashboard/chemical/details/DTXSID1032359,Cyprodinil,121552-61-2,C14H15N3,225.126597,170,671,25,Active,0.9796980041370946,-47.83409810765313,1.4889233192606226,44.84960835458007,1.6517586549567578
https://comptox.epa.gov/dashboard/chemical/details/DTXSID3021778,Diphenyl phthalate,84-62-8,C20H14O4,318.089209,51,442,12,Active,0.9997894760767689,-91.07622560217129,2.834913199871081,48.91723883916485,1.6894619350617692
https://comptox.epa.gov/dashboard/chemical/details/DTXSID6044779,"1,4-Butanediol diacrylate",1070-70-8,C10H14O4,198.089209,108,328,33,Active,0.9995624549819442,-75.34090929530781,2.345122855491565,53.59080796701803,1.7290903047758812
https://comptox.epa.gov/dashboard/chemical/details/DTXSID5020368,Cytembena,21739-91-3,C11H8BrNaO4,305.950366,225,454,50,Active,0.999995743692789,-88.85418523155909,2.7657481511918482,35.52252725260818,1.5505038561160727
https://comptox.epa.gov/dashboard/chemical/details/DTXSID3034402,Butachlor,23184-66-9,C17H26ClNO2,311.165207,221,697,32,Active,0.999999905297076,-119.17944014903384,3.7096768755828493,46.063609484968836,1.6633579657164912
https://comptox.epa.gov/dashboard/chemical/details/DTXSID3044544,3-Hydroxy-N-(3-nitrophenyl)naphthalene-2-carboxamide,135-65-9,C17H12N2O4,308.079707,103,329,31,Active,1,-122.02200690868575,3.7981569369289563,5.749826103290376,0.7596547101638145
https://comptox.epa.gov/dashboard/chemical/details/DTXSID8034742,"Milbemectin (mixture of 70% Milbemycin A4, 30% Milbemycin A3)",NOCAS_34742,, ,404,734,55,Active,0.9999741518376761,-107.4444016797994,3.344402455859482,65.65615969957614,1.817275476778056
https://comptox.epa.gov/dashboard/chemical/details/DTXSID1041681,Bromofenoxim,13181-17-4,C13H7Br2N3O6,458.870161,68,247,28,Active,0.9999990923407446,-92.9456229712566,2.893101593630098,33.874581049423284,1.52987393269283
https://comptox.epa.gov/dashboard/chemical/details/DTXSID1040372,Epoxiconazole,133855-98-8,C17H13ClFN3O,329.073118,78,391,20,Active,0.9999957311479164,-92.87436572446417,2.8908835821986547,31.051496248796557,1.4920825319502704
https://comptox.epa.gov/dashboard/chemical/details/DTXSID7032553,Flumetralin,62924-70-3,C16H12ClF4N3O4,421.045246,167,694,24,Active,0.9998560671231359,-68.34952613060616,2.1275033363698084,34.64838974868493,1.539683055989368
https://comptox.epa.gov/dashboard/chemical/details/DTXSID7040287,Chloroxuron,1982-47-4,C15H15ClN2O2,290.082205,62,445,14,Active,0.9999999819381579,-113.49614577817083,3.532773999731476,29.956283712288187,1.4764879350837035
https://comptox.epa.gov/dashboard/chemical/details/DTXSID1032355,Clomazone,81777-89-1,C12H14ClNO2,239.071306,52,668,8,Active,0.9999878119829133,-63.38669421837247,1.9730261651463523,16.30733940376024,1.2123831102419467
https://comptox.epa.gov/dashboard/chemical/details/DTXSID5041851,Dichlofluanid,1085-98-9,C9H11Cl2FN2O2S2,331.962304,131,247,53,Active,0.999999999992897,-102.89687394637868,3.2028523826870723,17.582805350071894,1.2450881682836392
https://comptox.epa.gov/dashboard/chemical/details/DTXSID0020072,4-Biphenylamine hydrochloride,2113-61-3,C12H12ClN,205.065827,27,338,8,Active,0.9999853046890229,-60.18454693227504,1.8733535057967916,17.04117209236759,1.2314994622464948
https://comptox.epa.gov/dashboard/chemical/details/DTXSID3040279,Leptophos,21609-90-5,C13H10BrCl2O2PS,409.869956,45,247,18,Active,0.9999912985376656,-67.06738761633125,2.0875944427573527,26.519273884073264,1.4235616286144328
https://comptox.epa.gov/dashboard/chemical/details/DTXSID0041850,Dicapthon,2463-84-5,C8H9ClNO5PS,296.962758,29,244,12,Active,0.9999999999953768,-85.62648453114991,2.66528009533727,9.13623235093881,0.9607671359376128
https://comptox.epa.gov/dashboard/chemical/details/DTXSID5044520,Tetrabromophenolphthalein ethyl ester,1176-74-5,C22H14Br4O4,657.762561,183,464,39,Active,0.9916525436703131,-57.37397558191574,1.7858693597682025,58.008529446021235,1.7634918559593502
https://comptox.epa.gov/dashboard/chemical/details/DTXSID8034956,Tetraconazole,112281-77-3,C13H11Cl2F4N3O,371.021530,290,726,40,Active,0.9999999993068517,-102.81008336106505,3.200150867837249,17.025620879595653,1.2311029584506463
https://comptox.epa.gov/dashboard/chemical/details/DTXSID1020855,Methyl parathion,298-00-0,C8H10NO5PS,263.001731,138,818,17,Active,0.9999999999971494,-100.62992681275816,3.132289529318701,8.795915585229267,0.9442810527663974
https://comptox.epa.gov/dashboard/chemical/details/DTXSID8044381,Bismaleimide,13676-54-5,C21H14N2O4,358.095357,260,450,58,Active,0.9999997934737097,-115.44932347824275,3.5935702086983934,35.687311816878285,1.5525138355133747
https://comptox.epa.gov/dashboard/chemical/details/DTXSID9034818,Azamethiphos,35575-96-3,C9H10ClN2O5PS,323.973657,154,655,24,Active,0.9999127016842295,-46.92170736736925,1.4605234977268537,17.59341763280404,1.2453502121064248
https://comptox.epa.gov/dashboard/chemical/details/DTXSID3034583,Ethyl 1-naphthaleneacetate,2122-70-5,C14H14O2,214.099380,22,370,6,Active,0.9333111010150983,-42.59623555796499,1.3258853191344149,19.587968686794145,1.291989401086257
https://comptox.epa.gov/dashboard/chemical/details/DTXSID1022508,4-Dodecylphenol,104-43-8,C18H30O,262.229666,200,407,49,Active,0.999999896471145,-106.7002545823876,3.321239523764411,32.969507197807864,1.518112455700259
https://comptox.epa.gov/dashboard/chemical/details/DTXSID4040767,"3,5-Dichlorosalicyl-3,4-dichloroanilide",1154-59-2,C13H7Cl4NO2,348.923089,148,330,45,Active,0.9999999999999761,-106.61053009509047,3.3184466858782495,4.787882801453177,0.680143511135977
https://comptox.epa.gov/dashboard/chemical/details/DTXSID0034223,Tebufenpyrad,119168-77-3,C18H24ClN3O,333.160790,313,678,46,Active,1,-113.65000434614234,3.5375631275458077,0.14042755746403587,-0.852547658016859
https://comptox.epa.gov/dashboard/chemical/details/DTXSID3032549,Fenhexamid,126833-17-8,C14H17Cl2NO2,301.063634,112,699,16,Active,0.9999983366185813,-75.00753792296314,2.3347460650869296,26.952976338004667,1.4306067300348047
https://comptox.epa.gov/dashboard/chemical/details/DTXSID2039336,S-Bioallethrin,28434-00-6,C19H26O3,302.188195,210,738,28,Active,0.9999107326400151,-85.24246901313582,2.6533269137712177,53.46238043331583,1.7280482919820201
https://comptox.epa.gov/dashboard/chemical/details/DTXSID3022455,Dimethyl phthalate,131-11-3,C10H10O4,194.057909,4,691,1,Active,0.9651770654288048,-56.57187678577132,1.7609025756293537,0.00011892638187667391,-3.9247217935517233
https://comptox.epa.gov/dashboard/chemical/details/DTXSID4032580,Trifloxystrobin,141517-21-7,C20H19F3N2O4,408.129692,233,768,30,Active,1,-107.56577818213299,3.3481805202922645,3.920753011667672,0.5933694847260265
https://comptox.epa.gov/dashboard/chemical/details/DTXSID2032398,Fludioxonil,131341-86-1,C12H6F2N2O2,248.039734,234,746,31,Active,0.9999999999999977,-101.56188984204707,3.1612985739519686,5.26425180203863,0.7213366544699719
https://comptox.epa.gov/dashboard/chemical/details/DTXSID7024299,Hexythiazox,78587-05-0,C17H21ClN2O2S,352.101227,191,687,28,Active,0.9999460467722906,-102.99870438014443,3.2060220401791613,56.84925134372742,1.7547247497725855
https://comptox.epa.gov/dashboard/chemical/details/DTXSID0022353,"3-Chloro[1,1′-biphenyl]-4-ol",92-04-6,C12H9ClO,204.034193,115,414,28,Active,0.9999999999999964,-81.50666872265928,2.5370433338849026,2.8541170465555195,0.4554717794411568
https://comptox.epa.gov/dashboard/chemical/details/DTXSID4044587,3-[Ethyl(phenyl)amino]propanenitrile,148-87-8,C11H14N2,174.115698,7,328,2,Active,0.9207268258455745,-48.23875958088141,1.5015191437400546,39.852319727638736,1.6004536059226386
https://comptox.epa.gov/dashboard/chemical/details/DTXSID1046976,4-Methylumbelliferone hydrate,103764-33-6,C10H10O4,194.057909,45,326,14,Active,0.9398715885761043,-37.1288679215101,1.1557035556867605,18.905920784482273,1.2765978338742463
https://comptox.epa.gov/dashboard/chemical/details/DTXSID5041726,C.I. Direct Red 81 disodium salt,2610-11-9,C29H19N5Na2O8S2,675.047043,82,500,16,Active,0.987134220699892,-57.3504483093967,1.7851370306122651,33.729656167600666,1.5280119141131618
https://comptox.epa.gov/dashboard/chemical/details/DTXSID2044507,Maprotiline hydrochloride,10347-81-6,C20H24ClN,313.159727,147,332,44,Active,0.9999999893469096,-103.80853767217738,3.2312295745724677,30.83148504813736,1.4889944437235463
https://comptox.epa.gov/dashboard/chemical/details/DTXSID8032386,Ethalfluralin,55283-68-6,C13H14F3N3O4,333.093640,116,760,15,Active,0.9911254373304463,-58.42269734311551,1.8185127323295969,46.08294930875575,1.6635402661514704
https://comptox.epa.gov/dashboard/chemical/details/DTXSID8034401,Buprofezin,69327-76-0,C16H23N3OS,305.156184,227,676,34,Active,0.9997586501181354,-92.78379404791418,2.888064374005865,58.16149440186154,1.7646355567599274
https://comptox.epa.gov/dashboard/chemical/details/DTXSID5032573,Pyridaben,96489-71-3,C19H25ClN2OS,364.137612,298,826,36,Active,1,-110.78984883946825,3.4485355844527064,0.021694235877116476,-1.6636556421559305
https://comptox.epa.gov/dashboard/chemical/details/DTXSID2034590,Fenamidone,161326-34-7,C17H17N3OS,311.109233,198,752,26,Active,0.9999999999999981,-106.17480195102061,3.3048838547550687,10.135514832162889,1.0058458135212596
https://comptox.epa.gov/dashboard/chemical/details/DTXSID1034634,Forchlorfenuron,68157-60-8,C12H10ClN3O,247.051240,246,692,36,Active,0.9999996958391976,-99.41951769645482,3.094613343702036,26.194183842306987,1.418204871258697
https://comptox.epa.gov/dashboard/chemical/details/DTXSID0023296,C.I. Basic Blue 9,61-73-4,C16H18ClN3S,319.090997,169,385,44,Active,1,-105.08269324404932,3.2708899845807515,2.0409601333276783,0.30983452159755087
https://comptox.epa.gov/dashboard/chemical/details/DTXSID6041684,Bromophos-ethyl,4824-78-6,C10H12BrCl2O3PS,391.880521,29,256,11,Active,0.9310586985495879,-39.13096864702656,1.2180225828171818,35.94705664255607,1.5556633359921168
https://comptox.epa.gov/dashboard/chemical/details/DTXSID7028015,Tripropylene glycol diacrylate,42978-66-5,, ,200,445,45,Active,0.9977800892189599,-62.319520948364755,1.9398084558079194,77.78861550924013,1.8909160419344693
https://comptox.epa.gov/dashboard/chemical/details/DTXSID3044590,C.I. Solvent Red 43,15086-94-9,C20H8Br4O5,643.710525,78,331,24,Active,0.989822194735356,-43.72436398878013,1.3610003687373426,14.690503727301863,1.1670366877056324
https://comptox.epa.gov/dashboard/chemical/details/DTXSID9040269,Binapacryl,485-31-4,C15H18N2O6,322.116486,228,437,52,Active,0.9999997597549257,-104.53899752296263,3.2539664662176304,37.67511004951538,1.5760545295686856
https://comptox.epa.gov/dashboard/chemical/details/DTXSID4032372,Difenoconazole,119446-68-3,C19H17Cl2N3O3,405.064697,343,732,47,Active,0.9999999999992446,-105.22743868686852,3.2753954497969073,12.52427981213538,1.0977527618759597
https://comptox.epa.gov/dashboard/chemical/details/DTXSID8034580,Ethofumesate,26225-79-6,C13H18O5S,286.087495,138,671,21,Active,0.9999970867454094,-101.41541177649948,3.1567391777015543,40.57139173918944,1.6082199057640545
https://comptox.epa.gov/dashboard/chemical/details/DTXSID4034609,Fipronil,120068-37-3,C12H4Cl2F6N4OS,435.938706,294,760,39,Active,0.9999999999997706,-102.47015856778708,3.1895700902846467,8.876445345826792,0.9482390833733049
https://comptox.epa.gov/dashboard/chemical/details/DTXSID1022267,Methomyl,16752-77-5,C5H10N2O2S,162.046299,15,670,2,Active,0.9999999078611636,-84.71894690143664,2.6370313356983712,0.0001889734016273001,-3.7235993193156602
https://comptox.epa.gov/dashboard/chemical/details/DTXSID7034250,Chlorfenvinphos,470-90-6,C12H14Cl3O4P,357.969529,129,472,27,Active,0.9999999999196225,-95.28167837243484,2.965815567541995,20.767462846659047,1.3173834421778237
https://comptox.epa.gov/dashboard/chemical/details/DTXSID7032638,Pyraclostrobin,175013-18-0,C19H18ClN3O4,387.098584,355,851,42,Active,1,-113.15016492083339,3.5220047161683548,1.0242785658047282,0.010418084705599474
https://comptox.epa.gov/dashboard/chemical/details/DTXSID7020764,Chlorpropham,101-21-3,C10H12ClNO2,213.055656,78,687,11,Active,0.9937775598384089,-54.58041603429956,1.6989147370463955,38.8819534663778,1.5897480761708112
https://comptox.epa.gov/dashboard/chemical/details/DTXSID7020392,Diallyl phthalate,131-17-9,C14H14O4,246.089209,56,664,8,Active,0.9999958862375841,-61.74527930945352,1.9219341401860142,26.220505620800203,1.418641062114029
https://comptox.epa.gov/dashboard/chemical/details/DTXSID6027921,"Dipropylene glycol, dibenzoate",27138-31-4,C20H22O5, ,32,607,5,Active,0.9999994612065572,-92.93957548144992,2.892913354508794,0.00012249442579749778,-3.9118836737522495
https://comptox.epa.gov/dashboard/chemical/details/DTXSID9047251,CP-122721,145742-28-5,C20H23F3N2O2,380.171162,268,687,39,Active,0.9999970020362972,-103.40060076358792,3.2185317962090294,39.550943127084196,1.5971568440917177
https://comptox.epa.gov/dashboard/chemical/details/DTXSID6024046,Paraoxon,311-45-5,C10H14NO6P,275.055874,36,376,10,Active,0.9996917056996233,-69.19859486403506,2.1539321452502898,46.08276511520735,1.663538530272957
https://comptox.epa.gov/dashboard/chemical/details/DTXSID7021100,Parathion,56-38-2,C10H14NO5PS,291.033031,126,752,17,Active,0.9999999670131113,-68.44315168049859,2.1304176019257244,5.528023762373085,0.7425699011977859
https://comptox.epa.gov/dashboard/chemical/details/DTXSID4047254,CP-457920,220860-50-4,C18H17N3O3,323.126991,61,626,10,Active,0.9981902334940831,-64.43499828718741,2.005656536272439,46.08294930875576,1.6635402661514704
https://comptox.epa.gov/dashboard/chemical/details/DTXSID9047255,CP-465394,1437319-48-6,C20H27N2NaO5S,430.153837,28,583,5,Active,0.9999999895532541,-74.25687260643444,2.3113802415644638,0.000172608970849421,-3.7629366368412125
https://comptox.epa.gov/dashboard/chemical/details/DTXSID9047338,HMR1426,262376-75-0,C16H12ClNOS,301.032813,177,642,28,Active,0.9632985810599558,-59.96747078196961,1.8665966157323508,84.95525913560832,1.9291902689364022
https://comptox.epa.gov/dashboard/chemical/details/DTXSID0035748,Chloroallyl methenamine chloride,51229-78-8,C9H16Cl2N4,250.075202,36,360,10,Active,0.9677712891159898,-42.49974795059475,1.3228819668330944,76.08569653006437,1.8813030207400516
https://comptox.epa.gov/dashboard/chemical/details/DTXSID4041600,Amiprofos-methyl,36001-88-4,C11H17N2O4PS,304.064665,32,259,12,Active,0.9999999984469814,-106.18468623623835,3.305191521113109,19.12070810737792,1.2815039716970031
https://comptox.epa.gov/dashboard/chemical/details/DTXSID7032393,Fenoxycarb,72490-01-8,C17H19NO4,301.131408,174,663,26,Active,0.9999999999999972,-112.07551942891453,3.4885544203301166,11.56354835534143,1.0630911208217384
https://comptox.epa.gov/dashboard/chemical/details/DTXSID8042349,Prothiofos,34643-46-4,C11H15Cl2O2PS2,343.962814,32,341,9,Active,0.9999406798417884,-56.56877970758419,1.760806173436842,13.325566882420242,1.1246856933961906
https://comptox.epa.gov/dashboard/chemical/details/DTXSID8042478,Tolylfluanid,731-27-1,C10H13Cl2FN2O2S2,345.977954,144,332,43,Active,0.9999999999939216,-100.45348639336316,3.1267975002998596,15.606896259200635,1.1933165435796764
https://comptox.epa.gov/dashboard/chemical/details/DTXSID3044835,4-{2-Oxo-2-[3-(trifluoromethyl)phenyl]ethyl}benzonitrile,146653-56-7,C16H10F3NO,289.071448,41,338,12,Active,0.9999982306135812,-83.15578646043369,2.588375123405688,31.709922783129386,1.5011951844773679
https://comptox.epa.gov/dashboard/chemical/details/DTXSID1041506,4-Chloro-2-cyclopentylphenol,13347-42-7,C11H13ClO,196.065493,90,333,27,Active,0.9999999391896565,-74.14822938983997,2.3079985238136045,15.679746059506282,1.195339024812182
https://comptox.epa.gov/dashboard/chemical/details/DTXSID3024944,"1,2-Dibromo-2,4-dicyanobutane",35691-65-7,C6H6Br2N2,263.889774,257,483,53,Active,0.9987379495648508,-83.20805578887723,2.590002101337341,44.587073033152336,1.6492089635522702
https://comptox.epa.gov/dashboard/chemical/details/DTXSID5044865,"2,2'-(Tetradecylimino)diethanol",18924-66-8,C18H39NO2,301.298079,156,378,41,Active,0.9999999995965778,-108.14757462070331,3.366289992796598,37.10487508551424,1.569430973864214
https://comptox.epa.gov/dashboard/chemical/details/DTXSID6038877,3-Hydroxy-2-naphthoic o-anisidide,135-62-6,C18H15NO3,293.105193,124,344,36,Active,0.9999999880988402,-101.37929336723003,3.155614926509552,32.018781079393875,1.5054047947734972
https://comptox.epa.gov/dashboard/chemical/details/DTXSID5042459,Tetradecylpyridinium bromide,1155-74-4,C19H34BrN,355.187463,157,329,48,Active,1,-111.8731832996728,3.482256340235057,1.5591952520253944,0.19290050362219266
https://comptox.epa.gov/dashboard/chemical/details/DTXSID8027795,"3,4,5,6-Tetrachloropyridine-2-carbonitrile",17824-83-8,C6Cl4N2,239.881559,156,329,47,Active,0.9999999999999998,-106.7681100793342,3.323351649543733,3.2964675505422476,0.5180488050335197
https://comptox.epa.gov/dashboard/chemical/details/DTXSID8040698,Triisobutyl phosphate,126-71-6,C12H27O4P,266.164696,17,439,4,Active,0.9553756249295262,-41.923561689843545,1.3049471213189319,0.0001179278830316677,-3.9283834975758865
https://comptox.epa.gov/dashboard/chemical/details/DTXSID1020697,"1-O-Hexyl-2,3,5-trimethylhydroquinone",148081-72-5,C15H24O2,236.177630,101,326,31,Active,0.9999999999385528,-95.97332125136602,2.987344210325717,15.702273955872705,1.195962550178403
https://comptox.epa.gov/dashboard/chemical/details/DTXSID7044895,tert-Butyl 4-hydroxybenzoate,25804-49-3,C11H14O3,194.094294,40,329,12,Active,0.9928707138689639,-52.9696181572424,1.6487757228986155,46.08294930875575,1.6635402661514704
https://comptox.epa.gov/dashboard/chemical/details/DTXSID8040723,2-Chloro-5-nitro-N-phenylbenzamide,22978-25-2,C13H9ClN2O3,276.030170,57,329,17,Active,0.9799827697498091,-47.24578635250609,1.4706110456757373,46.08294930875575,1.6635402661514704
https://comptox.epa.gov/dashboard/chemical/details/DTXSID0044781,"2,3,4,5-Tetrachloro-6-(trichloromethyl)pyridine",1134-04-9,C6Cl7N,330.785043,114,328,35,Active,0.9999999999709098,-105.01793551038732,3.2688742823188455,16.85447954090186,1.2267153462367453
https://comptox.epa.gov/dashboard/chemical/details/DTXSID3042261,Pencycuron,66063-05-6,C19H21ClN2O,328.134241,61,247,25,Active,0.9999999994303826,-99.1917384463585,3.0875233001864495,20.85537230297038,1.3192179471275425
https://comptox.epa.gov/dashboard/chemical/details/DTXSID7041544,Tonalide,21145-77-7,C18H26O,258.198365,98,449,22,Active,0.971202619612691,-48.575160650243475,1.5119902389757198,46.08294930875575,1.6635402661514704
https://comptox.epa.gov/dashboard/chemical/details/DTXSID5023035,Etoposide,33419-42-0,C29H32O13,588.184291,74,334,22,Active,0.9316534440545767,-34.75211249897792,1.0817227195722585,3.547287523194666,0.5498963913690689
https://comptox.epa.gov/dashboard/chemical/details/DTXSID4042256,Parinol,17781-31-6,C18H13Cl2NO,329.037419,76,341,22,Active,0.9999999542307172,-90.22298927511196,2.8083546670575257,21.389901838848708,1.3302087915400103
https://comptox.epa.gov/dashboard/chemical/details/DTXSID4044822,3-Methyl-5-phenylpentan-1-ol,55066-48-3,C12H18O,178.135765,9,331,3,Active,0.9382222303088327,-47.525211970969764,1.4793086763573708,32.14809795878481,1.5071552830008281
https://comptox.epa.gov/dashboard/chemical/details/DTXSID8042509,"2-Isovaleryl-1,3-indanedione",83-28-3,C14H14O3,230.094294,32,247,13,Active,0.9999817372803531,-90.98450466821822,2.8320582189509906,45.860800772209586,1.661441633645461
https://comptox.epa.gov/dashboard/chemical/details/DTXSID5020239,Candesartan cilexetil,145040-37-5,C33H34N6O6,610.253983,127,250,51,Active,0.9999731611663368,-100.18675587111375,3.1184950275817176,35.429034602039195,1.549359318499719
https://comptox.epa.gov/dashboard/chemical/details/DTXSID0044995,9-Ethyl-3-nitro-9H-carbazole,86-20-4,C14H12N2O2,240.089878,48,256,19,Active,0.9999999999682043,-66.68355467586757,2.0756469442496868,3.5501140363683557,0.5502423036382154
https://comptox.epa.gov/dashboard/chemical/details/DTXSID8032417,Isofenphos,25311-71-1,C15H24NO4PS,345.116366,84,454,19,Active,0.9980114754563087,-55.28195958373412,1.72075155620998,38.5949759837179,1.5865307750200883
https://comptox.epa.gov/dashboard/chemical/details/DTXSID6044309,"1,10-Phenanthroline hydrochloride hydrate",18851-33-7,C12H11ClN2O,234.055991,88,329,27,Active,0.9999999941374996,-68.35230944464216,2.1275899720823435,17.5267603247026,1.2437016478034115
https://comptox.epa.gov/dashboard/chemical/details/DTXSID6041761,Cetylpyridinium chloride,123-03-5,C21H38ClN,339.269278,149,249,60,Active,0.999999999999997,-100.69345497259265,3.134266958858491,5.471272838261765,0.7380883724629086
https://comptox.epa.gov/dashboard/chemical/details/DTXSID8034588,Famoxadone,131807-57-3,C22H18N2O4,374.126657,312,725,43,Active,0.9999999999999999,-104.62974727337703,3.256791217283387,6.919152834648942,0.8400529236822054
https://comptox.epa.gov/dashboard/chemical/details/DTXSID9032379,Dithiopyr,97886-45-8,C15H16F5NO2S2,401.054262,153,708,22,Active,0.968215165141461,-44.68445920399276,1.3908850788331293,45.852534562212,1.661363346897196
https://comptox.epa.gov/dashboard/chemical/details/DTXSID9044790,3-Methyl-N-phenylaniline,1205-64-7,C13H13N,183.104799,44,326,13,Active,0.9999897195878574,-69.20998540522487,2.1542866965655114,23.108778650128304,1.3637769926653238
https://comptox.epa.gov/dashboard/chemical/details/DTXSID1040320,Bifenox,42576-02-3,C14H9Cl2NO5,340.985778,59,332,18,Active,0.9999430899284164,-94.3660350865928,2.9373145046109785,30.63933940521305,1.4862793975218105
https://comptox.epa.gov/dashboard/chemical/details/DTXSID8040274,Dichlofenthion,97-17-6,C10H13Cl2O3PS,313.970008,22,341,6,Active,0.9999832588553599,-63.889316512814,1.9886711983879122,19.947072047475455,1.2998791563161884
https://comptox.epa.gov/dashboard/chemical/details/DTXSID0037730,"1,4-Dihydroxy-2-naphthoic acid",31519-22-9,C11H8O4,204.042259,156,391,40,Active,0.9999999990290177,-106.79807371497398,3.3242843222102794,17.46075096340845,1.2420629181926262
https://comptox.epa.gov/dashboard/chemical/details/DTXSID8038857,2-Methyl-4'-(methylthio)-2-morpholinopropiophenone,71868-10-5,C15H21NO2S,279.129300,20,247,8,Active,0.9999951607091787,-79.29961664169309,2.468344822986304,33.377945595857526,1.5234596024498799
https://comptox.epa.gov/dashboard/chemical/details/DTXSID9044821,"Ethyl 2-cyano-3,3-diphenylacrylate",5232-99-5,C18H15NO2,277.110279,77,461,17,Active,0.9999999999999052,-86.22168203603715,2.68380670040878,6.466705845494235,0.8106831064111425
https://comptox.epa.gov/dashboard/chemical/details/DTXSID4024270,Prochloraz,67747-09-5,C15H16Cl3N3O2,375.030810,325,853,38,Active,0.9999999979646034,-111.66924602845256,3.475908421683257,23.586541006979385,1.3726642557763262
https://comptox.epa.gov/dashboard/chemical/details/DTXSID6041973,Fenson,80-38-6,C12H9ClO3S,267.996093,19,256,7,Active,0.9999999359166798,-81.42695020810935,2.5345619501024994,15.269624992208923,1.1838283713187518
https://comptox.epa.gov/dashboard/chemical/details/DTXSID8040727,Flutriafol,76674-21-0,C16H13F2N3O,301.102668,9,247,4,Active,0.9754017242387417,-45.05684955592261,1.4024764059573114,26.37173846123515,1.4211387600261012
https://comptox.epa.gov/dashboard/chemical/details/DTXSID2044923,"3,5-Diethyl-1-phenyl-2-propyl-1,2-dihydropyridine",34562-31-7,C18H25N,255.198700,32,244,13,Active,0.9999999999778844,-101.46358076714729,3.158238525160335,14.975284775056455,1.1753750898299407
https://comptox.epa.gov/dashboard/chemical/details/DTXSID8044913,N-[3-(Dimethylamino)propyl]dodecanamide,3179-80-4,C17H36N2O,284.282764,167,329,51,Active,0.9999989546460905,-98.86643362148655,3.0773975957458686,41.36091820454056,1.6165901714480444
https://comptox.epa.gov/dashboard/chemical/details/DTXSID0034776,Tolclofos-methyl,57018-04-9,C9H11Cl2O3PS,299.954358,48,442,11,Active,0.999709123037788,-60.59232762414862,1.886046421630772,22.091738699269065,1.3442298977538536
https://comptox.epa.gov/dashboard/chemical/details/DTXSID7037553,Fluorodifen,15457-05-3,C13H7F3N2O5,328.030706,33,247,13,Active,0.999999998310121,-82.08409072123153,2.5550166439866926,10.933602001386848,1.0387632609084352
https://comptox.epa.gov/dashboard/chemical/details/DTXSID7041910,Edifenphos,17109-49-8,C14H15O2PS2,310.025109,28,247,11,Active,0.9564582496258939,-39.58008781159444,1.2320022338131513,46.08294930875575,1.6635402661514704
https://comptox.epa.gov/dashboard/chemical/details/DTXSID3042477,Tolnaftate,2398-96-1,C19H17NOS,307.103085,56,332,17,Active,0.9999996793878505,-80.74207734689949,2.513244036435785,23.055311832914306,1.362771000613032
https://comptox.epa.gov/dashboard/chemical/details/DTXSID6041688,Bupirimate,41483-43-6,C13H24N4O3S,316.156912,45,251,18,Active,0.9999999966014337,-87.88242547410374,2.7355003609996293,16.287482331223096,1.2118539575951477
https://comptox.epa.gov/dashboard/chemical/details/DTXSID4021715,Menadione,58-27-5,C11H8O2,172.052429,155,334,46,Active,0.9999999985520254,-104.32954655000721,3.247446923669273,23.796355629402242,1.3765104507022845
https://comptox.epa.gov/dashboard/chemical/details/DTXSID2040787,Benzalkonium chloride C12 (BAC C12),139-07-1,C21H38ClN,339.269278,167,331,50,Active,0.999999999999894,-105.07106419229414,3.270528009190305,9.709484555644403,0.9871961752652542
https://comptox.epa.gov/dashboard/chemical/details/DTXSID0042248,"4,4'-Methylenebis(N,N-diglycidylaniline)",28768-32-3,C25H30N2O4,422.220557,121,329,37,Active,0.999999961528432,-98.47962024002531,3.0653573255903925,26.360151858617712,1.4209479078631608
https://comptox.epa.gov/dashboard/chemical/details/DTXSID1040794,Sodium 2-phenylphenate tetrahydrate,6152-33-6,C12H17NaO5,264.097368,55,384,14,Active,0.9866477862631035,-50.372630326244014,1.5679397524428265,30.097618807641787,1.478532137467308
https://comptox.epa.gov/dashboard/chemical/details/DTXSID5034729,Methyl 9-hydroxy-9H-fluorene-9-carboxylate,1216-44-0,C15H12O3,240.078644,5,246,2,Active,0.9476058569430538,-42.88754073239279,1.334952722605694,35.73431849743848,1.5530855039235674
https://comptox.epa.gov/dashboard/chemical/details/DTXSID9040712,Triethyltin bromide,2767-54-6,C6H15BrSn,285.937915,233,388,60,Active,1,-106.26369206020314,3.3076507211045842,0.4905146339850981,-0.30934803137440736
https://comptox.epa.gov/dashboard/chemical/details/DTXSID3044966,"N-(4-Methylpentan-2-yl)-N-phenylbenzene-1,4-diamine",61931-82-6,C18H24N2,268.193949,120,329,36,Active,0.99979556863697,-85.35087993925659,2.65670140105852,73.78834527621753,1.867987771281859
https://comptox.epa.gov/dashboard/chemical/details/DTXSID7021784,Salicylanilide,87-17-2,C13H11NO2,213.078979,64,333,19,Active,0.9998204523309782,-95.8239193976017,2.982693805848354,75.05963359951627,1.8754064400917634
https://comptox.epa.gov/dashboard/chemical/details/DTXSID9044538,C.I. Disperse Orange 37,13301-61-6,C17H15Cl2N5O2,391.060280,75,377,20,Active,0.9978434579908567,-63.841922911668675,1.987195986337918,33.455225914506215,1.5244639669039017
https://comptox.epa.gov/dashboard/chemical/details/DTXSID0041987,Flurochloridone,61213-25-0,C12H10Cl2F3NO,311.009154,23,256,9,Active,0.9999999999969005,-75.76727311722827,2.35839420505308,5.650231763376684,0.7520662622426686
https://comptox.epa.gov/dashboard/chemical/details/DTXSID5032654,"N,N'-Bis(1-formamido-2,2,2-trichloroethyl)piperazine",26644-46-2,C10H14Cl6N4O2,431.924792,19,376,5,Active,0.9988279954324883,-55.77668801813832,1.7361508786980497,29.041809307096734,1.4630236694526717
https://comptox.epa.gov/dashboard/chemical/details/DTXSID8042260,Penconazole,66246-88-6,C13H15Cl2N3,283.064303,61,247,25,Active,0.9999982623178719,-87.76341728192799,2.7317960145287343,32.0344676578535,1.5056175113721229
https://comptox.epa.gov/dashboard/chemical/details/DTXSID5042249,Phenylarsine oxide,637-03-6,C6H5AsO,167.955635,182,332,55,Active,1,-105.37699798537999,3.280050755028435,0.37464752578205246,-0.426377131190129
https://comptox.epa.gov/dashboard/chemical/details/DTXSID8022161,Ioxynil,1689-83-4,C7H3I2NO,370.830400,75,344,22,Active,0.9999998636882346,-109.2270295364246,3.3998899906995748,38.942653887621404,1.5904255447565783
https://comptox.epa.gov/dashboard/chemical/details/DTXSID8034792,Oxycarboxin,5259-88-1,C12H13NO4S,267.056529,91,328,28,Active,0.9292327994760246,-42.946183718833645,1.3367780922369215,69.05666849299067,1.8392056228114315
https://comptox.epa.gov/dashboard/chemical/details/DTXSID8042137,Methfuroxam,28730-17-8,C14H15NO2,229.110279,41,262,16,Active,0.9999501557329757,-90.81645447680076,2.826827351040728,22.610232158780914,1.3543050216447778
https://comptox.epa.gov/dashboard/chemical/details/DTXSID2034885,Fenchlorphos,299-84-3,C8H8Cl3O3PS,319.899735,60,449,13,Active,0.9985951758006842,-65.15316204399448,2.028010689624539,62.303047916413895,1.7945092932225926
https://comptox.epa.gov/dashboard/chemical/details/DTXSID7042437,Swep,1918-18-9,C8H7Cl2NO2,218.985384,31,329,9,Active,0.9999999961481032,-83.67881395400876,2.604655305589655,10.130531594232108,1.0056322353291018
https://comptox.epa.gov/dashboard/chemical/details/DTXSID1042154,Methyl red,493-52-7,C15H15N3O2,269.116427,108,366,30,Active,0.9999931928863918,-86.24884148068932,2.684652087529695,33.38650022482846,1.523570896062265
https://comptox.epa.gov/dashboard/chemical/details/DTXSID0044658,"1H-Isoindole-1,3(2H)-diimine",3468-11-9,C8H7N3,145.063997,92,328,28,Active,0.9993716169255638,-74.86760124548486,2.330390281439701,46.08294930875575,1.6635402661514704
https://comptox.epa.gov/dashboard/chemical/details/DTXSID2044719,"Dipropyl 3,4,5,6-tetrachlorobenzene-1,2-dicarboxylate",6928-67-2,C14H14Cl4O4,385.964620,39,338,12,Active,0.9992190082969191,-52.078348129786335,1.6210333219725892,19.74922840588802,1.2955501325897647
https://comptox.epa.gov/dashboard/chemical/details/DTXSID1041502,"3-Methyl-4,6-di-tert-butylphenol",497-39-2,C15H24O,220.182715,269,455,59,Active,0.999938152826664,-105.98643045146962,3.2990204491623816,54.553365666025286,1.736821549518171
https://comptox.epa.gov/dashboard/chemical/details/DTXSID4021214,Purpurin,81-54-9,C14H8O5,256.037173,48,326,15,Active,0.9787784093987754,-45.927905712020454,1.4295896133659842,46.08294930875575,1.6635402661514704
https://comptox.epa.gov/dashboard/chemical/details/DTXSID4042090,Lauryldiethanolamine,1541-67-9,C16H35NO2,273.266779,131,247,53,Active,0.9999967580353597,-97.18620997219365,3.0250975781438827,44.00631141618925,1.643514967773814
https://comptox.epa.gov/dashboard/chemical/details/DTXSID6041422,7-(Dimethylamino)-4-methylcoumarin,87-01-4,C12H13NO2,203.094629,96,409,23,Active,0.999999999999631,-71.64921159058952,2.23021204881459,2.945760206442154,0.4691973910953608
https://comptox.epa.gov/dashboard/chemical/details/DTXSID5038888,Basic Blue 7,2390-60-5,C33H40ClN3,513.291076,321,507,63,Active,1,-109.85913734282492,3.4195654960497124,0.6177552848517716,-0.2091835305521161
https://comptox.epa.gov/dashboard/chemical/details/DTXSID5042247,"2-(2-(4-Chlorophenyl)ethyl)-2-(1,1-dimethylethyl)oxirane",80443-63-6,C14H19ClO,238.112443,10,244,4,Active,0.9990150862835278,-53.87946706227869,1.677096425186416,20.34601016992618,1.3084792572433046
https://comptox.epa.gov/dashboard/chemical/details/DTXSID3041619,Benalaxyl,71626-11-4,C20H23NO3,325.167794,31,247,13,Active,0.9696578977082968,-52.0524900769583,1.6202284430395801,71.20206739056763,1.8524926037952898
https://comptox.epa.gov/dashboard/chemical/details/DTXSID3044205,Rabeprazole sodium,117976-90-6,C18H20N3NaO3S,381.112307,54,329,16,Active,0.9999921927977424,-77.16591722469664,2.4019295471905946,17.77603909732727,1.2498349968023965
https://comptox.epa.gov/dashboard/chemical/details/DTXSID2041884,Diofenolan,63837-33-2,C18H20O4,300.136159,42,244,17,Active,0.9638564017622326,-48.191489720447606,1.5000477833448052,83.04132334392077,1.9192942614627528
https://comptox.epa.gov/dashboard/chemical/details/DTXSID6041977,Flamprop-isopropyl,52756-22-6,C19H19ClFNO3,363.103749,40,247,16,Active,0.9996683246606538,-83.60221549190602,2.6022710391154007,58.640724964233485,1.7681993307671091
https://comptox.epa.gov/dashboard/chemical/details/DTXSID2032348,Chlorophacinone,3691-35-8,C23H15ClO3,374.070972,161,382,42,Active,0.9999989087924477,-98.20695102711076,3.056870000322145,29.827594277415827,1.474618227073909
https://comptox.epa.gov/dashboard/chemical/details/DTXSID5041772,Chlorfluazuron,71422-67-8,C20H9Cl3F5N3O3,538.962965,46,329,14,Active,0.9998292054770826,-66.57194028145979,2.072172743184478,28.18136105721041,1.449961964123296
https://comptox.epa.gov/dashboard/chemical/details/DTXSID2041913,Etaconazole,60207-93-4,C14H15Cl2N3O2,327.054132,31,256,12,Active,0.9999993079310237,-82.6530315730471,2.572725962967511,24.56045727369477,1.3902364483646361
https://comptox.epa.gov/dashboard/chemical/details/DTXSID6032431,S-Metolachlor,87392-12-9,C15H22ClNO2,283.133907,44,364,12,Active,0.9896516897349703,-46.005988613747725,1.4320200857239165,29.195101313901493,1.465309986694414
https://comptox.epa.gov/dashboard/chemical/details/DTXSID9032533,Chlorfenapyr,122453-73-0,C15H11BrClF3N2O,405.969538,238,435,55,Active,1,-107.53207606695887,3.3471314806494927,2.9768522925608223,0.47375728606854983
https://comptox.epa.gov/dashboard/chemical/details/DTXSID9037539,Endosulfan I,959-98-8,C9H6Cl6O3S,403.816881,103,398,26,Active,0.9999072612909269,-73.2864307929428,2.281173474775605,46.08294930875575,1.6635402661514704
https://comptox.epa.gov/dashboard/chemical/details/DTXSID5037731,"4,4'-(9H-Fluorene-9,9-diyl)diphenol",3236-71-3,C25H18O2,350.130680,280,447,63,Active,0.9999999999553753,-88.44277535288933,2.7529422703169337,9.99928595554969,0.9999689883363412
https://comptox.epa.gov/dashboard/chemical/details/DTXSID8023474,Pimozide,2062-78-4,C28H29F2N3O,461.227869,144,332,43,Active,0.9999999962080941,-100.62061200645833,3.1319995890279277,19.522040222107574,1.2905252032334005
https://comptox.epa.gov/dashboard/chemical/details/DTXSID7020184,C.I. Direct Black 38,1937-37-7,C34H25N9Na2O7S2,781.111375,44,331,13,Active,0.9664458781387993,-50.4225572670976,1.5694938192996732,40.244863694779156,1.604710460819296
https://comptox.epa.gov/dashboard/chemical/details/DTXSID1044560,"5-Bromo-5-nitro-1,3-dioxane",30007-47-7,C4H6BrNO4,210.948021,86,328,26,Active,0.9988994305736147,-68.42268063480608,2.1297804033893866,68.15880682700212,1.8335219791620394
https://comptox.epa.gov/dashboard/chemical/details/DTXSID7032345,Chlorhexidine diacetate,56-95-1,C26H38Cl2N10O4,624.245455,214,391,55,Active,0.9999998501902764,-105.668514080745,3.289124723797574,30.290459209241764,1.4813058573714168
https://comptox.epa.gov/dashboard/chemical/details/DTXSID9042124,Mercuric iodide,7774-29-0,HgI2,455.779580,155,247,63,Active,0.9999999999999781,-96.07130003091939,2.990393978073849,3.613671116444171,0.5579486244803257
https://comptox.epa.gov/dashboard/chemical/details/DTXSID8047050,Nootkatone,4674-50-4,C15H22O,218.167065,16,328,5,Active,0.9999820233848116,-69.19246564549542,2.1537413621734984,18.677130850232523,1.2713101614221587
https://comptox.epa.gov/dashboard/chemical/details/DTXSID8022084,4-Ethoxy-2-nitroaniline,616-86-4,C8H10N2O3,182.069142,13,326,4,Active,0.9933519408316595,-56.979685282564134,1.7735963569420254,35.007570717560355,1.5441619747877877
https://comptox.epa.gov/dashboard/chemical/details/DTXSID3023685,Tolcapone,134308-13-7,C14H11NO5,273.063722,95,332,29,Active,0.9999998062633619,-102.78731963623747,3.1994423054921883,34.72234323843354,1.540609025870308
https://comptox.epa.gov/dashboard/chemical/details/DTXSID2044846,4-Chloro-3-nitrobenzaldehyde,16588-34-4,C7H4ClNO3,184.987971,63,326,19,Active,0.9996062586173537,-73.76921773649492,2.296201096637975,46.08294930875575,1.6635402661514704
https://comptox.epa.gov/dashboard/chemical/details/DTXSID0044941,2-(Phenylsulfonyl)aniline,4273-98-7,C12H11NO2S,233.051050,9,256,4,Active,0.9967140526463683,-62.73934131286251,1.9528761283538598,36.02569588983645,1.556612378610164
https://comptox.epa.gov/dashboard/chemical/details/DTXSID4042462,Tetraiodoethene,513-92-8,C2I4,531.617880,126,247,51,Active,0.9999999999913906,-95.21871531573498,2.963855727865257,16.393462752881884,1.2146706982703024
https://comptox.epa.gov/dashboard/chemical/details/DTXSID7044843,C.I. Solvent Red 140,15905-32-5,C20H8I4O5,835.655050,94,328,29,Active,0.9634870524518679,-41.15727333402591,1.2810950022785141,6.2171033570143415,0.7935880874112432
https://comptox.epa.gov/dashboard/chemical/details/DTXSID9037749,5-Chlorosalicylanilide,4638-48-6,C13H10ClNO2,247.040006,126,366,34,Active,0.9999999999086026,-105.81067254790534,3.293549664690345,15.647730771752471,1.1944513652203574
https://comptox.epa.gov/dashboard/chemical/details/DTXSID6028022,1-(Bromomethyl)-3-phenoxybenzene,51632-16-7,C13H11BrO,261.999328,54,405,13,Active,0.9990235574240961,-59.89684227578879,1.8643981749961946,39.42310311292717,1.5957508059348042
https://comptox.epa.gov/dashboard/chemical/details/DTXSID5044811,Chlordimeform hydrochloride,19750-95-9,C10H14Cl2N2,232.053404,3,244,1,Active,0.9384626667275535,-40.82730124692557,1.2708240208107946,34.41558952818851,1.5367552132808995
https://comptox.epa.gov/dashboard/chemical/details/DTXSID7040738,Imipramine hydrochloride,113-52-0,C19H25ClN2,316.170627,62,247,25,Active,0.9990136219577928,-87.58255971711395,2.726166493823436,57.92317940198513,1.7628523922574821
https://comptox.epa.gov/dashboard/chemical/details/DTXSID5037498,Azinphos-ethyl,2642-71-9,C12H16N3O3PS2,345.037071,85,462,18,Active,0.999591015553281,-95.77443899415647,2.9811536382806447,46.08294930875575,1.6635402661514704
https://comptox.epa.gov/dashboard/chemical/details/DTXSID7022120,Carbophenothion,786-19-6,C11H16ClO2PS3,341.973858,69,460,15,Active,0.9998407311334494,-54.17144838303875,1.6861848749422734,19.174847941104158,1.2827319286261694
https://comptox.epa.gov/dashboard/chemical/details/DTXSID1046978,C12-14-Alkyldimethyl betaines,66455-29-6,, ,27,244,11,Active,0.9631792609240353,-42.92273563180153,1.3360482278733121,41.50220123011776,1.618071131814285
https://comptox.epa.gov/dashboard/chemical/details/DTXSID3044704,"Sodium 2,6-dibromo-4-(3-(3,5-dibromo-4-hydroxy-2-methylphenyl)-2,2-dioxido-3H-1,2-benzoxathiol-3-yl)-3-methylphenolate",62625-32-5,C21H13Br4NaO5S,715.711491,56,326,17,Active,0.9999735158603834,-77.02607905098382,2.3975768296522553,17.839277479434696,1.2513772607436395
https://comptox.epa.gov/dashboard/chemical/details/DTXSID6042369,Rhodamine B,81-88-9,C28H31ClN2O3,478.202321,129,367,35,Active,0.9985895722440907,-62.379505766478474,1.9416755923909093,54.00901121454261,1.7324662263832338
https://comptox.epa.gov/dashboard/chemical/details/DTXSID1044982,2-Amino-N-cyclohexyl-N-methylbenzenesulfonamide,70693-59-3,C13H20N2O2S,268.124549,22,259,8,Active,0.9999999936886066,-91.19958498125328,2.838752984949736,25.618149117527675,1.4085477492540415
https://comptox.epa.gov/dashboard/chemical/details/DTXSID5044786,2-Benzyl-2-(dimethylamino)-1-[4-(morpholin-4-yl)phenyl]butan-1-one,119313-12-1,C23H30N2O2,366.230728,61,331,18,Active,0.9999824208290946,-103.2753607218088,3.214633472082787,44.24579904492006,1.6458720425317142
https://comptox.epa.gov/dashboard/chemical/details/DTXSID5044869,4-(3-Phenylpropyl)pyridine,2057-49-0,C14H15N,197.120449,42,326,13,Active,0.9999998207242516,-97.98277648072187,3.0498921597668174,29.092568134174847,1.463782060101373
https://comptox.epa.gov/dashboard/chemical/details/DTXSID7041887,Dipentaerythritol pentaacrylate,60506-81-2,C25H32O12,524.189376,165,329,50,Active,1,-99.93457603937692,3.1106454715751393,2.3325173366722507,0.36782488036842487
https://comptox.epa.gov/dashboard/chemical/details/DTXSID1044936,"(2,4,6-Trioxo-1,3,5-triazinane-1,3,5-triyl)triethane-2,1-diyl trisprop-2-enoate",40220-08-4,C18H21N3O9,423.127779,146,329,44,Active,0.9999999999977741,-106.4535340007911,3.3135598968494464,24.614497679533045,1.3911909773327058
https://comptox.epa.gov/dashboard/chemical/details/DTXSID4038922,Tetrabromobisphenol A bis(2-hydroxyethyl) ether,4162-45-2,C19H20Br4O4,627.809511,235,456,52,Active,0.9999999925387097,-97.15110089130202,3.024004744133723,21.961336872463608,1.3416587737863426
https://comptox.epa.gov/dashboard/chemical/details/DTXSID5044992,"2,5-Bis(2-methylbutan-2-yl)benzene-1,4-diol",79-74-3,C16H26O2,250.193280,109,331,33,Active,0.9999999974540876,-100.77051067963922,3.1366654579134026,18.743455954195177,1.2728496699807135
https://comptox.epa.gov/dashboard/chemical/details/DTXSID2021367,Toremifene citrate,89778-27-8,C32H36ClNO8,597.212945,157,332,47,Active,0.9998958626282879,-96.92354539653967,3.016921665409942,65.57151798371598,1.8167152377205118
https://comptox.epa.gov/dashboard/chemical/details/DTXSID5044817,Isobornyl cyclohexanol,3407-42-9,C16H28O,236.214016,82,331,25,Active,0.9999491137511213,-85.71748754845294,2.668112729795656,37.850378303199896,1.5780702245011156
https://comptox.epa.gov/dashboard/chemical/details/DTXSID7029534,"2,3-Dichloro-5-(trichloromethyl)pyridine",69045-83-6,C6H2Cl5N,262.862988,46,326,14,Active,0.9999999991686894,-96.33935552714796,2.998737693017371,14.7356931334917,1.168370568891123
https://comptox.epa.gov/dashboard/chemical/details/DTXSID4021559,"2,6-Di-tert-butyl-4-nitrophenol",728-40-5,C14H21NO3,251.152144,139,453,31,Active,0.9999999999999999,-105.3158303431251,3.27814680089236,5.716648373424707,0.7571414799215028
https://comptox.epa.gov/dashboard/chemical/details/DTXSID1032648,Z-Tetrachlorvinphos,22248-79-9,C10H9Cl4O4P,363.899257,144,515,28,Active,0.9998658563056685,-77.76501730864726,2.420577627134687,46.08294930875575,1.6635402661514704
https://comptox.epa.gov/dashboard/chemical/details/DTXSID5028114,2-(Ethyl(3-methylphenyl)amino)acetonitrile,63133-74-4,C11H14N2,174.115698,6,326,2,Active,0.971180376824229,-45.79211820558463,1.4253629802152652,28.870981163160973,1.460461543371748
https://comptox.epa.gov/dashboard/chemical/details/DTXSID6046979,"1-(2,6-Dichlorophenyl)-2-indolinone",15362-40-0,C14H9Cl2NO,277.006119,55,329,17,Active,0.9999999834964266,-118.9857694688514,3.7036485233531966,33.164095879713486,1.5206681620503868
https://comptox.epa.gov/dashboard/chemical/details/DTXSID0042086,Laurocapram,59227-89-3,C18H35NO,281.271865,61,362,17,Active,0.9997418473895712,-83.15981494726793,2.588500517386679,62.133205023071945,1.7933237564448232
https://comptox.epa.gov/dashboard/chemical/details/DTXSID3020706,2-Hydrazino-4-(4-nitrophenyl)thiazole,26049-70-7,C9H8N4O2S,236.036797,99,329,30,Active,0.99999999983153,-105.38741829327776,3.2803751060674773,17.836628701469234,1.2513127718613968
https://comptox.epa.gov/dashboard/chemical/details/DTXSID6021793,1-Naphthol,90-15-3,C10H8O,144.057515,57,503,11,Active,0.9775288212691077,-60.10703411518935,1.8709407783603773,42.47550832091998,1.6281385849430752
https://comptox.epa.gov/dashboard/chemical/details/DTXSID1044801,SEX,140-90-9,C3H5NaOS2,143.967951,48,244,20,Active,0.9999012665201727,-77.97284248026125,2.427046563658775,84.71075967298965,1.92793857644438
https://comptox.epa.gov/dashboard/chemical/details/DTXSID1040611,"3-Oxa-2,4-disilaheptan-1-ol, 2,2,4-trimethyl-4-(trimethylsiloxy)-, monoether with polyethylene glycol",27306-78-1,(C2H4O)nC11H30O3Si3, ,90,363,25,Active,0.9999999999999976,-106.44324650281095,3.3132396797606867,6.490949201634088,0.8123082103425963
https://comptox.epa.gov/dashboard/chemical/details/DTXSID1032484,Temephos,3383-96-8,C16H20O6P2S3,465.989726,136,504,27,Active,0.9999965525692642,-100.3441240455276,3.12339339828094,44.53528981306177,1.6487042828289793
https://comptox.epa.gov/dashboard/chemical/details/DTXSID2044971,Triphenylolmethane triglycidyl ether,66072-38-6,C28H28O6, ,101,329,31,Active,0.9637191196876874,-44.707752753632334,1.3916101329392747,46.08294930875575,1.6635402661514704
https://comptox.epa.gov/dashboard/chemical/details/DTXSID9042259,4-Chlorophenyl phenyl sulfone,80-00-2,C12H9ClO2S,252.001178,16,244,7,Active,0.9999645559107281,-66.86963679273538,2.0814390886417127,20.42697139178454,1.310203980663864
https://comptox.epa.gov/dashboard/chemical/details/DTXSID9041653,Methyl 3-methylorsellinate,4707-47-5,C10H12O4,196.073559,47,405,12,Active,0.9999987522406424,-65.5478993560796,2.040297606535213,15.187316393628665,1.1814810405907223
https://comptox.epa.gov/dashboard/chemical/details/DTXSID5020310,Chlorfenson,80-33-1,C12H8Cl2O3S,301.957121,34,341,10,Active,0.999994555412221,-64.91732638826674,2.0206698758281565,19.19958461611057,1.2832918328242524
https://comptox.epa.gov/dashboard/chemical/details/DTXSID7044841,Bisphenol A glycidyl methacrylate,1565-94-2,C29H36O8,512.241018,120,331,36,Active,0.999999978662202,-107.2487315605371,3.338311867451261,15.417888213912573,1.188024892531285
https://comptox.epa.gov/dashboard/chemical/details/DTXSID8042264,Pentaerythritol tetraacrylate,4986-89-4,C17H20O8,352.115818,156,329,47,Active,1,-106.3464664377055,3.310227224180344,3.9097676028843513,0.5921509436402435
https://comptox.epa.gov/dashboard/chemical/details/DTXSID3044910,"Hex-3-yne-2,5-diol",3031-66-1,C6H10O2,114.068080,120,328,37,Active,0.9992547836571299,-67.00324762157615,2.0855979687426616,57.331669451863874,1.7583945882630059
https://comptox.epa.gov/dashboard/chemical/details/DTXSID9046992,Nicardipine hydrochloride,54527-84-3,C26H30ClN3O6,515.182313,138,344,40,Active,0.9999486024552999,-91.37209140876605,2.844122561314865,45.852534562212,1.661363346897196
https://comptox.epa.gov/dashboard/chemical/details/DTXSID1048122,Benzyl-C8-18-alkyldimethylammonium chlorides,63449-41-2,, ,182,372,49,Active,0.9999999999999107,-97.72841619464427,3.0419747331523888,12.23595243574836,1.0876377801030814
https://comptox.epa.gov/dashboard/chemical/details/DTXSID8040725,4-Chloromercuribenzoic acid,59-85-8,C7H5ClHgO2,357.968450,110,329,33,Active,0.9999115102630939,-93.27711121126138,2.903419768115023,54.63719453812439,1.7374883914807273
https://comptox.epa.gov/dashboard/chemical/details/DTXSID5020948,"5-(5-Nitro-2-furyl)-1,3,4-oxadiazole-2-ol",2122-86-3,C6H3N3O5,197.007270,31,329,9,Active,0.9999470576280274,-84.54745266032504,2.631693265476261,42.19069725721833,1.62521670273339
https://comptox.epa.gov/dashboard/chemical/details/DTXSID3025209,C.I. Disperse Blue 27,15791-78-3,C22H16N2O7,420.095751,161,456,35,Active,0.9915914848043658,-53.35992036468208,1.6609245891092417,44.45116358401016,1.6478831338439321
https://comptox.epa.gov/dashboard/chemical/details/DTXSID3020629,"N-(2-Fluorenyl)-2,2,2-trifluoroacetamide",363-17-7,C15H10F3NO,277.071448,35,338,10,Active,0.9999067305529671,-54.219716097025255,1.6876872953445599,18.3172708866313,1.2628607680672437
https://comptox.epa.gov/dashboard/chemical/details/DTXSID3042180,"N-(3,4-Dichlorophenyl)-N'-methylurea",3567-62-2,C8H8Cl2N2O,218.001368,19,247,8,Active,0.9999956960591323,-91.43041037222045,2.8459378451412043,35.94116532778885,1.5555921542204676
https://comptox.epa.gov/dashboard/chemical/details/DTXSID5041778,Chloropropylate,5836-10-2,C17H16Cl2O3,338.047650,93,247,38,Active,0.9999999999999543,-97.90843017939972,3.0475779958937954,9.175654719567795,0.9626370626735341
https://comptox.epa.gov/dashboard/chemical/details/DTXSID1041683,Bromofos,2104-96-3,C8H8BrCl2O3PS,363.849221,33,252,13,Active,0.9988493340325322,-72.45290011447145,2.2552283161211646,72.10203873041792,1.857947544842213
https://comptox.epa.gov/dashboard/chemical/details/DTXSID5044528,Oxyphenisatin,125-13-3,C20H15NO3,317.105193,103,329,31,Active,1,-96.06676678750932,2.9902528726262263,0.5018019331059014,-0.2994676699731643
https://comptox.epa.gov/dashboard/chemical/details/DTXSID1040740,2-Methyl-3-isothiazolone hydrochloride,26172-54-3,C4H6ClNOS,150.985863,38,244,16,Active,0.9393669701781959,-39.221061704559204,1.2208268931223945,35.34100727083824,1.5482789233805005
https://comptox.epa.gov/dashboard/chemical/details/DTXSID2022880,Danazol,17230-88-5,C22H27NO2,337.204179,198,478,41,Active,0.9999659419420802,-101.8018364068135,3.168767347270391,44.69073699569775,1.6502175166770416
https://comptox.epa.gov/dashboard/chemical/details/DTXSID4044668,"1,1,2-Trimethyl-1H-benzo[e]indole",41532-84-7,C15H15N,209.120449,60,329,18,Active,0.9999775128431007,-84.66948032696766,2.6354915985827043,36.670151353237344,1.5643127024814685
https://comptox.epa.gov/dashboard/chemical/details/DTXSID7041621,Benazolin-ethyl,25059-80-7,C11H10ClNO3S,271.006992,17,244,7,Active,0.9999352280595328,-62.24688302089071,1.9375474681786458,28.180081852385936,1.4499422502349386
https://comptox.epa.gov/dashboard/chemical/details/DTXSID7044978,"Bis[(2-ethyl-2,5-dimethylhexanoyl)oxy](dimethyl)stannane",68928-76-7,, ,19,244,8,Active,0.9992431679699502,-85.09476636444123,2.648729400142697,47.94676992431769,1.6807593549624507
https://comptox.epa.gov/dashboard/chemical/details/DTXSID9044796,(Acryloyloxy)(tributyl)stannane,13331-52-7,C15H30O2Sn,362.126782,202,344,59,Active,1,-109.94904878611652,3.422364153281295,0.5574746050070444,-0.25377491152017506
https://comptox.epa.gov/dashboard/chemical/details/DTXSID4022999,Estradiol cypionate,313-06-4,C26H36O3,396.266445,116,344,34,Active,0.9994487076297305,-80.84549502228242,2.516463099710582,78.44589781909087,1.8945702379023905
https://comptox.epa.gov/dashboard/chemical/details/DTXSID3042633,Clomipramine hydrochloride,17321-77-6,C19H24Cl2N2,350.131654,133,332,40,Active,0.999999886468281,-106.31573328305993,3.3092705988348996,31.170117311907948,1.4937384367913862
https://comptox.epa.gov/dashboard/chemical/details/DTXSID3041613,Azaconazole,60207-31-0,C12H11Cl2N3O2,299.022832,11,244,5,Active,0.981585137702829,-45.91604953049904,1.4292205681483887,19.84064183645348,1.2975557172900007
https://comptox.epa.gov/dashboard/chemical/details/DTXSID4044454,Ethyl 4-chloro-3-oxobutanoate,638-07-3,C6H9ClO3,164.024022,115,435,26,Active,0.9994895122668782,-61.31207799362011,1.9084499611882804,32.8795445244839,1.5169257926918145
https://comptox.epa.gov/dashboard/chemical/details/DTXSID8044464,C.I.Solvent Orange 86,81-64-1,C14H8O4,240.042259,67,448,15,Active,0.99911296659001,-52.881466604172836,1.6460318454516336,10.433341006614997,1.0184234022321528
https://comptox.epa.gov/dashboard/chemical/details/DTXSID9034317,Benzalkonium chloride,8001-54-5,, ,181,392,46,Active,0.9999999999999796,-103.77323310056201,3.230130655557912,11.361269289000457,1.0554268537706815
https://comptox.epa.gov/dashboard/chemical/details/DTXSID7040990,Carbonyl cyanide chlorophenylhydrazone,555-60-2,C9H5ClN4,204.020274,126,247,51,Active,1,-110.05495045358641,3.4256605353284626,1.8894780716907904,0.27634185608423284
https://comptox.epa.gov/dashboard/chemical/details/DTXSID3041665,Benzalkonium chloride C16 (BAC C16),122-18-9,C25H46ClN,395.331878,281,467,60,Active,0.9999999989115793,-102.75617268445808,3.19847279995821,16.0820464592888,1.2063413124115563
https://comptox.epa.gov/dashboard/chemical/details/DTXSID6041682,Bromophenol blue,115-39-9,C19H10Br4O5S,665.698247,95,385,25,Active,0.9999999999999938,-92.25919149530014,2.8717351652440986,5.815425105576632,0.7645814670022363
https://comptox.epa.gov/dashboard/chemical/details/DTXSID5044366,Dodecyltrimethylammonium bromide,1119-94-4,C15H34BrN,307.187463,107,329,33,Active,0.9999999999999686,-109.49738091442421,3.4083051691396897,7.668121396053701,0.8846889796910171
https://comptox.epa.gov/dashboard/chemical/details/DTXSID3020673,"C.I. Food Green 3, disodium salt",2353-45-9,C37H34N2Na2O10S3,808.117097,84,381,22,Active,0.9999999951779949,-83.09368206356996,2.5864420110783493,8.32710871545331,0.9204942346731004
https://comptox.epa.gov/dashboard/chemical/details/DTXSID9044459,Bromcresol green,76-60-8,C21H14Br4O5S,693.729547,78,326,24,Active,0.999999999999995,-92.16154088937857,2.868695612497241,3.8056222147700094,0.5804256735505549
https://comptox.epa.gov/dashboard/chemical/details/DTXSID4044379,Gold trichloride,13453-07-1,AuCl3,301.873127,133,329,40,Active,0.9999999999999499,-98.73140555090599,3.073194601417645,7.126299605748406,0.8528640771208109
https://comptox.epa.gov/dashboard/chemical/details/DTXSID7041411,2-Chloro-N-(2-methyl-4-bromophenyl)acetamide,96686-51-0,C9H9BrClNO,260.955605,124,247,50,Active,0.9999999643188351,-106.23895166421345,3.3068806312738133,22.554347067036073,1.3532302590866774
https://comptox.epa.gov/dashboard/chemical/details/DTXSID5037739,4-Anilinophenol,122-37-2,C12H11NO,185.084064,112,455,25,Active,0.999980617263846,-81.26863078996254,2.5296339702116684,29.664508956296785,1.4722371637526663
https://comptox.epa.gov/dashboard/chemical/details/DTXSID1044481,"1,1'-Disulfanediyldiazepan-2-one",23847-08-7,C12H20N2O2S2,288.096620,57,329,17,Active,0.9977396964240972,-65.25182924788908,2.0310818858326134,44.68003379438475,1.6501134929285595
https://comptox.epa.gov/dashboard/chemical/details/DTXSID4042123,Mercury(II) acetate,1600-27-7,C4H6HgO4,319.997252,163,247,66,Active,1,-109.94424802475736,3.422214720850861,4.223930617862874,0.6257167758783195
https://comptox.epa.gov/dashboard/chemical/details/DTXSID3044702,N-Benzyl-N-hydroxy-1-phenylmethanamine,621-07-8,C14H15NO,213.115364,8,326,2,Active,0.9334925364728631,-40.37398493052177,1.2567137258288357,28.88680090072375,1.4606994481061397
https://comptox.epa.gov/dashboard/chemical/details/DTXSID0044525,Phenylmercuric lactate,122-64-5,C9H10HgO3,368.033637,154,247,62,Active,1,-107.41215536023948,3.3433987305034596,2.612104317840811,0.4169905170739266
https://comptox.epa.gov/dashboard/chemical/details/DTXSID5037571,Methylparaoxon,950-35-6,C8H10NO6P,247.024574,30,249,12,Active,0.9985504220577971,-54.24950612645465,1.6886145642019983,39.97544562911661,1.6017933137738094
https://comptox.epa.gov/dashboard/chemical/details/DTXSID1036541,Pregnenolone,145-13-1,C21H32O2,316.240230,57,462,12,Active,0.9999999999999521,-77.56044106495256,2.414209819402256,4.3804183444090405,0.6415155890411686
https://comptox.epa.gov/dashboard/chemical/details/DTXSID4044400,Tetrabutylammonium bromide,1643-19-2,C16H36BrN,321.203113,27,364,7,Active,0.9999870228741095,-76.89480249271173,2.3934906079690594,40.96000015967524,1.6123599496607937
https://comptox.epa.gov/dashboard/chemical/details/DTXSID3026065,"C.I. Acid Blue 1, sodium salt",129-17-9,C27H31N2NaO6S2,566.152123,72,360,20,Active,0.9999999999997168,-92.27932722393142,2.872361926426925,7.712981682301333,0.8872222999499859
https://comptox.epa.gov/dashboard/chemical/details/DTXSID5022437,Nordihydroguaiaretic acid,500-38-9,C18H22O4,302.151809,154,395,39,Active,0.9998348639552808,-70.32530281071382,2.189002979700451,38.99224406234546,1.590978230208472
https://comptox.epa.gov/dashboard/chemical/details/DTXSID7044390,N-Methylhydrazinecarbothioamide,6610-29-3,C2H7N3S,105.036068,63,359,18,Active,0.9983900162997977,-65.41202199147095,2.036068176385403,45.12953771863829,1.6544608848768323
https://comptox.epa.gov/dashboard/chemical/details/DTXSID1021031,4-Nitrosodiphenylamine,156-10-5,C12H10N2O,198.079313,184,374,49,Active,0.9999607189982711,-83.15941220676622,2.5884879813559323,46.08406523041475,1.663550782682166
https://comptox.epa.gov/dashboard/chemical/details/DTXSID2036588,"Glycols, polyethylene, mono(p-nonylphenyl) ether",26027-38-3,(C2H4O)nC15H24O, ,156,384,41,Active,0.99999999999999,-108.60099138290032,3.380403414336593,2.6423995271207428,0.4219984829627741
https://comptox.epa.gov/dashboard/chemical/details/DTXSID6034186,Spironolactone,52-01-7,C24H32O4S,416.202131,219,692,32,Active,0.9995715689899646,-33.85723813404291,1.0538681270855006,0.16702840496271573,-0.7772096661604266
https://comptox.epa.gov/dashboard/chemical/details/DTXSID3025540,Thimerosal,54-64-8,C9H9HgNaO2S,405.992738,196,332,59,Active,1,-108.5287037111817,3.3781533290548618,3.2649506819286342,0.5138766255106277
https://comptox.epa.gov/dashboard/chemical/details/DTXSID3040352,Dinocap,39300-45-3,, ,318,509,62,Active,1,-102.16489535673264,3.180068217532109,6.749779130319029,0.8292895618602012
https://comptox.epa.gov/dashboard/chemical/details/DTXSID8044549,Potassium dicyanoaurate,13967-50-5,C2AuKN2,287.936423,133,247,54,Active,1,-115.5057535237094,3.5953266965162083,1.9447584019832762,0.28886565645728063
https://comptox.epa.gov/dashboard/chemical/details/DTXSID3021192,Promethazine hydrochloride,58-33-3,C17H21ClN2S,320.111398,116,331,35,Active,0.9999979173440628,-93.9240604883762,2.9235572412394704,46.0831360138249,1.6635420256919997
https://comptox.epa.gov/dashboard/chemical/details/DTXSID2032558,Kresoxim-methyl,143390-89-0,C18H19NO4,313.131408,144,472,31,Active,0.9999999010233181,-102.94864335217943,3.2044637996170526,19.844973653178677,1.2976505266603295
https://comptox.epa.gov/dashboard/chemical/details/DTXSID1037515,Crufomate,299-86-5,C12H19ClNO3P,291.079108,33,244,14,Active,0.9996304135205257,-70.71158099970776,2.2010265910168063,46.08294930875575,1.6635402661514704
https://comptox.epa.gov/dashboard/chemical/details/DTXSID4034497,Metconazole,125116-23-6,C17H22ClN3O,319.145140,121,468,26,Active,0.9999999999681111,-113.8871097184169,3.544943463579468,23.130334331881897,1.364181910221638
https://comptox.epa.gov/dashboard/chemical/details/DTXSID7020631,4'-Fluoro-4-aminodiphenyl,324-93-6,C12H10FN,187.079727,24,338,7,Active,0.9999994637177844,-70.59999570040732,2.197553295589741,9.327881839701918,0.9697830360544695
https://comptox.epa.gov/dashboard/chemical/details/DTXSID1047102,Dehydroabietylamine acetate,2026-24-6,C22H35NO2,345.266779,173,329,53,Active,0.9999999999361127,-97.81125456759023,3.0445532282027448,18.510739702385543,1.2674237738174932
https://comptox.epa.gov/dashboard/chemical/details/DTXSID1042499,Triphenylbismuthine dichloride,594-30-9,C18H15BiCl2,510.035480,178,329,54,Active,0.9999999999886653,-102.53086402360367,3.1914596580270604,11.07448932231382,1.0443237087448018
https://comptox.epa.gov/dashboard/chemical/details/DTXSID2023519,Propantheline bromide,50-34-0,C23H30BrNO3,447.140907,22,450,5,Active,0.9984039716162818,-67.23352871842823,2.0927658867896652,43.471595515266046,1.638205580166905
https://comptox.epa.gov/dashboard/chemical/details/DTXSID6043915,"17-((1-Oxohexyl)oxy)pregn-4-ene-3,20-dione",630-56-8,C27H40O4,428.292660,161,407,40,Active,0.9999992527208806,-108.15524969301856,3.3665288933842388,19.204460939024006,1.2834021212125746
https://comptox.epa.gov/dashboard/chemical/details/DTXSID1021243,Rhodamine 6G,989-38-8,C28H31ClN2O3,478.202321,220,377,58,Active,1,-107.26078380766941,3.3386870155676616,0.12549464296817012,-0.9013748126611826
https://comptox.epa.gov/dashboard/chemical/details/DTXSID7022598,Amoxapine,14028-44-5,C17H16ClN3O,313.098190,87,332,26,Active,0.9996927320669232,-77.88018146377043,2.4241623209595797,43.64708536066429,1.6399552479489627
https://comptox.epa.gov/dashboard/chemical/details/DTXSID0023371,Nisoldipine,63675-72-9,C20H24N2O6,388.163437,119,332,36,Active,0.9999999877225744,-92.67734601507404,2.884750985342648,26.999133600418073,1.4313498279147367
https://comptox.epa.gov/dashboard/chemical/details/DTXSID1034181,Raloxifene hydrochloride,82640-04-8,C28H28ClNO4S,509.142757,416,734,57,Active,0.9944846480798031,-58.01452234307126,1.805807542936513,77.30347057754497,1.8881989922215832
https://comptox.epa.gov/dashboard/chemical/details/DTXSID1040326,8-Hydroxyquinoline citrate,134-30-5,C15H15NO8,337.079766,93,326,29,Active,1,-99.5284521751685,3.0980041275161945,9.117575555123203,0.9598793708930993
https://comptox.epa.gov/dashboard/chemical/details/DTXSID5035589,Didecylmethyl(3-(trimethoxysilyl)propyl)ammonium chloride,68959-20-6,C27H60ClNO3Si,509.403099,160,377,42,Active,0.9997552860322092,-91.62220965097485,2.8519079465971178,50.09929295778424,1.6998315967914066
https://comptox.epa.gov/dashboard/chemical/details/DTXSID8047052,Valencene,4630-07-3,C15H24,204.187801,25,328,8,Active,0.9987324951566168,-60.89587664202985,1.8954949370024814,36.09037812706916,1.5573914322850353
https://comptox.epa.gov/dashboard/chemical/details/DTXSID8040270,Dithianon,3347-22-6,C14H4N2O2S2,295.971420,154,250,62,Active,0.9999999999999997,-106.37696725917996,3.3111766177331963,5.790366896275991,0.762706082894933
https://comptox.epa.gov/dashboard/chemical/details/DTXSID1040619,Bexarotene,153559-49-0,C24H28O2,348.208930,192,378,51,Active,0.9998797955954809,-99.15371124152256,3.086339634260124,69.49538103357216,1.841955940442003
https://comptox.epa.gov/dashboard/chemical/details/DTXSID5032315,"4,5-Dichloro-2-octyl-3(2H)-isothiazolone",64359-81-5,C11H17Cl2NOS,281.040791,161,376,43,Active,0.9999999999998386,-95.7748228553165,2.981165586657538,7.803635423543335,0.8922969714808249
https://comptox.epa.gov/dashboard/chemical/details/DTXSID0041985,Fluorosalan,4776-06-1,C14H8Br2F3NO2,436.887389,155,333,47,Active,1,-108.87255418871712,3.3888563006712427,3.6569459241763713,0.563118538406012
https://comptox.epa.gov/dashboard/chemical/details/DTXSID3022320,Triphenylethylene,58-72-0,C20H16,256.125201,65,436,15,Active,0.9929830354264069,-64.04081206456831,1.9933867730238886,36.96991843473479,1.5678484924074678
https://comptox.epa.gov/dashboard/chemical/details/DTXSID9032531,Bromuconazole,116255-48-2,C13H12BrCl2N3O,374.954080,110,437,25,Active,0.9999999729232177,-137.08480269089617,4.267013856587392,31.87880123074363,1.5035019818375734
https://comptox.epa.gov/dashboard/chemical/details/DTXSID8047630,Tetronic 701,110617-70-4,, ,27,244,11,Active,0.9999999824379053,-107.34787621270357,3.3413979251053307,23.244565195995904,1.3663214268475294
https://comptox.epa.gov/dashboard/chemical/details/DTXSID8044595,"1-(4-Chlorophenyl)-4,4-dimethylpent-1-en-3-one",1577-03-3,C13H15ClO,222.081143,51,326,16,Active,0.9879181465654454,-55.92249631152178,1.740689427071464,46.0830734562212,1.6635414361392287
https://comptox.epa.gov/dashboard/chemical/details/DTXSID6047446,Fipexide hydrochloride,34161-23-4,C20H22Cl2N2O4,424.095663,63,329,19,Active,0.9999704375423807,-104.14552494415986,3.2417189164310627,66.29576672203684,1.8214857976663668
https://comptox.epa.gov/dashboard/chemical/details/DTXSID7044639,"2,4-Dichloro-1,3-dinitro-5-(trifluoromethyl)benzene",29091-09-6,C7HCl2F3N2O4,303.926546,172,329,52,Active,0.9999999999999691,-101.99796459883251,3.17487219402645,7.411264104618152,0.8698922898737831
https://comptox.epa.gov/dashboard/chemical/details/DTXSID8047476,2-Thienyl disulfide,6911-51-9,C8H6S4,229.935235,67,247,27,Active,0.9981919729803916,-66.7336348982956,2.0772057822743744,59.147644751721124,1.771937455782275
https://comptox.epa.gov/dashboard/chemical/details/DTXSID6047498,Triphenyllead acetate,1162-06-7,C20H18O2Pb,498.107333,171,247,69,Active,1,-115.28557841063603,3.58847334559825,0.8333950113582431,-0.07914910352605488
https://comptox.epa.gov/dashboard/chemical/details/DTXSID7034674,Ipconazole,125225-28-7,C18H24ClN3O,333.160790,176,414,43,Active,0.9999999999221707,-104.77010534589579,3.261160117617816,17.242150484327222,1.2365914311657487
https://comptox.epa.gov/dashboard/chemical/details/DTXSID6044642,C.I. Disperse Red 82,30124-94-8,C21H21N5O6,439.149183,49,247,20,Active,0.9998548741648527,-102.56681720037243,3.1925787660569016,75.12894531472207,1.875807292111268
https://comptox.epa.gov/dashboard/chemical/details/DTXSID8047686,(3aR)-(+)-Sclareolide,564-20-5,C16H26O2,250.193280,37,328,11,Active,0.9761872968285775,-45.97875255194112,1.4311723137546946,46.0834646543779,1.6635451228395057
https://comptox.epa.gov/dashboard/chemical/details/DTXSID2022127,4-Phenoxyphenol,831-82-3,C12H10O2,186.068080,52,329,16,Active,0.9999999898732632,-69.41629191517043,2.1607083619825516,13.775495318248115,1.1391072235030986
https://comptox.epa.gov/dashboard/chemical/details/DTXSID4042252,4-(Dimethylamino)phenylthiocyanate,7152-80-9,C9H10N2S,178.056470,27,244,11,Active,0.9947336672363175,-52.01752403064387,1.619140061240832,71.6148016193166,1.8550027932189992
https://comptox.epa.gov/dashboard/chemical/details/DTXSID1044487,Methyltrioctylammonium chloride,5137-55-3,C25H54ClN,403.394478,192,384,50,Active,1,-104.01974948216672,3.2378039263766687,5.852490432382612,0.7673407123871441
https://comptox.epa.gov/dashboard/chemical/details/DTXSID7041461,"3,3,4,4-Tetrachlorotetrahydrothiophene 1,1-dioxide",3737-41-5,C4H4Cl4O2S,255.868611,271,449,60,Active,1,-109.97590163087868,3.4231999969228935,5.254251009742472,0.7205108163644245
https://comptox.epa.gov/dashboard/chemical/details/DTXSID9040265,Dinitramine,29091-05-2,C11H13F3N4O4,322.088889,63,247,26,Active,0.9999949572029635,-72.33816748480572,2.2516570543111283,30.708434531376316,1.4872576773445982
https://comptox.epa.gov/dashboard/chemical/details/DTXSID5042083,Kadethrin,58769-20-3,C23H24O4S,396.139530,66,326,20,Active,0.9999996969123014,-99.40276422797538,3.094091861519151,33.65032188742015,1.526989222891697
https://comptox.epa.gov/dashboard/chemical/details/DTXSID4040268,Dinobuton,973-21-7,C14H18N2O7,326.111401,250,454,55,Active,0.9999978380485653,-99.76867036936036,3.105481355794608,38.03571218386989,1.5801915524335284
https://comptox.epa.gov/dashboard/chemical/details/DTXSID6042498,Triphenylbismuth,603-33-8,C18H15Bi,440.097780,69,338,20,Active,0.9986637331327582,-69.44347749794298,2.1615545627000112,46.08294930875575,1.6635402661514704
https://comptox.epa.gov/dashboard/chemical/details/DTXSID3042500,Triphenyltin fluoride,379-52-2,C18H15FSn,370.017981,201,329,61,Active,1,-107.4002260766597,3.343027409851317,0.60064750710269,-0.2213803210604474
https://comptox.epa.gov/dashboard/chemical/details/DTXSID0044575,"2,2-Dichloro-1-(1-oxa-4-azaspiro[4.5]decan-4-yl)ethanone",71526-07-3,C10H15Cl2NO2,251.047984,31,364,9,Active,0.9914058928479,-54.31467081290422,1.6906429336097106,46.08294930875575,1.6635402661514704
https://comptox.epa.gov/dashboard/chemical/details/DTXSID9047673,Bis(2-methyl-3-furyl)disulfide,28588-75-2,C10H10O2S2,226.012222,33,244,14,Active,0.9926512951810686,-53.07242534102923,1.65197578351193,46.08195156682025,1.66353086313985
https://comptox.epa.gov/dashboard/chemical/details/DTXSID2047569,2-Hydroxyfluorene,2443-58-5,C13H10O,182.073165,61,262,23,Active,0.9999999999999688,-70.40815660555079,2.191581954785219,1.2735311488625876,0.10500957168966323
https://comptox.epa.gov/dashboard/chemical/details/DTXSID5047112,Didodecyldimethylammonium bromide,3282-73-3,C26H56BrN,461.359614,174,329,53,Active,0.9999999888395285,-105.8807294417261,3.295730312951967,19.0182934575703,1.2791715443989085
https://comptox.epa.gov/dashboard/chemical/details/DTXSID2041759,Quaternium 17,124-03-8,C20H44BrN,377.265713,293,464,63,Active,0.9999999999998679,-104.46741015300731,3.2517381791022104,11.249695441615284,1.0511407651303766
https://comptox.epa.gov/dashboard/chemical/details/DTXSID8044593,1-Benzylquinolinium chloride,15619-48-4,C16H14ClN,255.081477,130,624,21,Active,0.9999999924657338,-101.01837195773813,3.1443805910820606,25.59743801869914,1.4081965000766468
https://comptox.epa.gov/dashboard/chemical/details/DTXSID7047433,Equilin,474-86-2,C18H20O2,268.146330,137,571,24,Active,0.9999993015927299,-58.170170994995,1.8106523903702236,0.36887523231495156,-0.43312050397637647
https://comptox.epa.gov/dashboard/chemical/details/DTXSID8027585,4-(Diglycidylamino)phenyl glycidyl ether,5026-74-4,C15H19NO4,277.131408,113,341,33,Active,0.9986339642882965,-77.85495312579793,2.4233770430469725,46.08231785714285,1.6635343151905606
https://comptox.epa.gov/dashboard/chemical/details/DTXSID3047132,3-(Methylthio)propyl isothiocyanate,505-79-3,C5H9NS2,147.017642,27,247,11,Active,0.9999992241035528,-88.58172535908909,2.7572673420257514,30.26815814372305,1.4809859943839017
https://comptox.epa.gov/dashboard/chemical/details/DTXSID5047530,Hydroxyzine hydrochloride,1244-76-4,C21H28Cl2N2O2,410.152783,68,247,28,Active,0.982615529792216,-69.98746574264112,2.1784871863926725,69.92017319473096,1.8446024953904026
https://comptox.epa.gov/dashboard/chemical/details/DTXSID9044615,Ethylene acrylate,2274-11-5,C8H10O4,170.057909,59,331,18,Active,0.9982303696485806,-64.88797822556286,2.0197563608763556,72.78922940560776,1.862067121678884
https://comptox.epa.gov/dashboard/chemical/details/DTXSID2047725,"2,2,2-Trichloro-1-phenylethyl acetate",90-17-5,C10H9Cl3O2,265.966813,28,449,6,Active,0.9302072945023,-43.03713755976735,1.339609195991355,68.96144449320136,1.8386063498128316
https://comptox.epa.gov/dashboard/chemical/details/DTXSID8044626,Trazodone hydrochloride,25332-39-2,C19H23Cl2N5O,407.127966,19,247,8,Active,0.9290544708933227,-42.946817599337024,1.3367978229206898,69.74721205539869,1.8435268526172512
https://comptox.epa.gov/dashboard/chemical/details/DTXSID7047146,Diethylstilbestrol dipropionate,130-80-3,C24H28O4,380.198759,98,344,28,Active,0.999999987579444,-104.81495611707024,3.26255617945927,19.849147084586917,1.297741849919502
https://comptox.epa.gov/dashboard/chemical/details/DTXSID7047144,Chlorhexidine dihydrochloride,3697-42-5,C22H32Cl4N10,576.156552,268,453,59,Active,0.9999995129541597,-106.78956838967389,3.3240195784881608,32.979644893300595,1.5182459750892665
https://comptox.epa.gov/dashboard/chemical/details/DTXSID7021316,Tetradifon,116-29-0,C12H6Cl4O2S,353.884261,79,453,17,Active,0.999999999352485,-100.49895103505341,3.128212669977818,16.64373898182319,1.221250896279601
https://comptox.epa.gov/dashboard/chemical/details/DTXSID2020688,Hexachlorocyclopentadiene,77-47-4,C5Cl6,269.813116,183,616,30,Active,0.9992278496112831,-64.69542031203433,2.0137626455330544,51.359364057532815,1.7106196375683085
https://comptox.epa.gov/dashboard/chemical/details/DTXSID0021121,Phenformin hydrochloride,834-28-6,C10H16ClN5,241.109423,27,331,8,Active,0.9999999991306802,-96.34232440885155,2.998830104861128,21.349495823843135,1.3293876234590176
https://comptox.epa.gov/dashboard/chemical/details/DTXSID8020830,8-Methoxypsoralen,298-81-7,C12H8O4,216.042259,18,335,5,Active,0.9999912399817951,-57.600608550424255,1.7929237231841524,18.6960812341291,1.2717505863898062
https://comptox.epa.gov/dashboard/chemical/details/DTXSID9020451,"N,N'-Dicyclohexylthiourea",1212-29-9,C13H24N2S,240.166020,75,456,16,Active,0.9994107647477494,-79.63239339221585,2.478703104705048,64.23650808765834,1.807781924557678
https://comptox.epa.gov/dashboard/chemical/details/DTXSID4020248,Carbazole,86-74-8,C12H9N,167.073499,28,458,6,Active,0.9999999999985677,-80.06734221086856,2.4922416779069385,9.100156345555,0.9590488537967555
https://comptox.epa.gov/dashboard/chemical/details/DTXSID7020425,Dichlone,117-80-6,C10H4Cl2O2,225.958835,174,375,46,Active,0.9999999986657655,-99.13343660430637,3.0857085492949015,22.657894105524257,1.3552195427360796
https://comptox.epa.gov/dashboard/chemical/details/DTXSID3020960,5-Nitroacenaphthene,602-87-9,C12H9NO2,199.063329,39,448,9,Active,0.9999999999844328,-71.89164918510593,2.2377583599654467,8.168361061655695,0.912134926387744
https://comptox.epa.gov/dashboard/chemical/details/DTXSID0021333,Tetramethylthiuram monosulfide,97-74-5,C6H12N2S3,208.016262,162,466,35,Active,1,-104.52327335827175,3.2534770229875845,0.7385129209194571,-0.13164190192964556
https://comptox.epa.gov/dashboard/chemical/details/DTXSID0047111,Sclareol,515-03-7,C20H36O2,308.271530,123,331,37,Active,0.9911153547722772,-56.97621949438852,1.773488477980397,64.20357060339587,1.8075591814992447
https://comptox.epa.gov/dashboard/chemical/details/DTXSID7021152,4-Phenylphenol,92-69-3,C12H10O,170.073165,138,539,26,Active,0.9999999999995838,-72.2012231074406,2.2473944114482554,2.366952742807758,0.37418958714636197
https://comptox.epa.gov/dashboard/chemical/details/DTXSID4020294,4'-(Chloroacetyl)acetanilide,140-49-8,C10H10ClNO2,211.040006,235,461,51,Active,0.9998828638432309,-98.89655430396502,3.078335156780955,44.91674295470703,1.6524082567594514
https://comptox.epa.gov/dashboard/chemical/details/DTXSID5020233,Ergocalciferol,50-14-6,C28H44O,396.339216,111,397,28,Active,0.997016884520921,-69.69934987270798,2.169519055825497,74.79503780144368,1.873872786007015
https://comptox.epa.gov/dashboard/chemical/details/DTXSID5021413,"Tris(2,3-dibromopropyl) phosphate",126-72-7,C9H15Br6O4P,691.580824,142,487,29,Active,0.9999004812898251,-95.76870970345303,2.9809753036852693,50.00535381979354,1.6990165045343952
https://comptox.epa.gov/dashboard/chemical/details/DTXSID2021577,"1,3-Dichloropropanone",534-07-6,C3H4Cl2O,125.963920,108,331,33,Active,0.9996110069656452,-82.92641197823622,2.5812354253890444,46.08309449308755,1.6635416343940803
https://comptox.epa.gov/dashboard/chemical/details/DTXSID5020447,"2,4-Dichlorophenyl benzenesulfonate",97-16-5,C12H8Cl2O3S,301.957121,46,326,14,Active,0.9999999999653232,-78.92916576163404,2.4568138654522205,7.083193779357776,0.8502291232264011
https://comptox.epa.gov/dashboard/chemical/details/DTXSID4024274,Propachlor,1918-16-7,C11H14ClNO,211.076392,225,478,47,Active,0.99999999746593,-101.2467128913716,3.1514881180195076,21.5149951750544,1.3327412530238505
https://comptox.epa.gov/dashboard/chemical/details/DTXSID7020057,1-Amino-2-methylanthraquinone,82-28-0,C15H11NO2,237.078979,87,459,19,Active,0.9825998312153923,-35.485376561918386,1.1045468974219328,2.17817048225236,0.33809186835084176
https://comptox.epa.gov/dashboard/chemical/details/DTXSID8021224,C.I. Acid Red 114,6459-94-5,C37H28N4Na2O10S3,830.076295,99,378,26,Active,0.9964537688371838,-52.50018786666557,1.634163851157371,24.930507864987703,1.3967311257045407
https://comptox.epa.gov/dashboard/chemical/details/DTXSID4026181,Tribromsalan,87-10-5,C13H8Br3NO2,446.810518,130,330,39,Active,0.9999999999999686,-108.1591085423427,3.366649007089138,10.000682288087473,1.0000296303843343
https://comptox.epa.gov/dashboard/chemical/details/DTXSID5020314,Tetrasul,2227-13-6,C12H6Cl4S,321.894432,11,326,3,Active,0.905010017567228,-39.47076775316228,1.228599448128842,18.693878598962346,1.271699417985029
https://comptox.epa.gov/dashboard/chemical/details/DTXSID7025138,"N,N-Dimethyl-4-nitrosoaniline",138-89-6,C8H10N2O,150.079313,148,341,43,Active,0.9999999987433883,-109.83877583905412,3.418931707204957,21.03665252656054,1.3229766335375663
https://comptox.epa.gov/dashboard/chemical/details/DTXSID4022153,Tetrabutyltin,1461-25-2,C16H36Sn,348.183903,187,377,50,Active,0.9999999999999895,-104.9597044430225,3.267061734418187,8.338942601156443,0.9211109844990123
https://comptox.epa.gov/dashboard/chemical/details/DTXSID1020433,"3,3'-Dichlorobenzidine dihydrochloride",612-83-9,C12H12Cl4N2,323.975459,155,487,32,Active,0.9999999998195962,-80.43287126484583,2.503619434650866,0.40892400592154377,-0.38835739339960285
https://comptox.epa.gov/dashboard/chemical/details/DTXSID4021131,N-Phenyl-2-naphthylamine,135-88-6,C16H13N,219.104799,154,452,34,Active,0.9972910790454671,-59.31619488571233,1.8463244687164821,46.0843573502304,1.663553535599498
https://comptox.epa.gov/dashboard/chemical/details/DTXSID7021314,"2,2',5,5'-Tetrachlorobenzidine",15721-02-5,C12H8Cl4N2,319.944159,173,344,50,Active,1,-93.72097636755028,2.917235878545671,2.71295645621322,0.4334428232573273
https://comptox.epa.gov/dashboard/chemical/details/DTXSID5026120,"3,3',5,5'-Tetramethylbenzidine",54827-17-7,C16H20N2,240.162649,24,326,7,Active,0.9999999999119783,-79.51945351006931,2.475187645422758,10.276371088551105,1.0118397786227402
https://comptox.epa.gov/dashboard/chemical/details/DTXSID9025401,"1,6-Hexanediol diacrylate",13048-33-4,C12H18O4,226.120509,210,451,47,Active,0.9958700183466382,-59.65437385551221,1.8568509043374775,69.91098746695542,1.8445454364219718
https://comptox.epa.gov/dashboard/chemical/details/DTXSID7027540,N-Butylbenzenesulfonamide,3622-84-2,C10H15NO2S,213.082350,17,420,4,Active,0.9802800178139003,-44.24048950043787,1.3770657141786435,46.0819770967742,1.6635311037441358
https://comptox.epa.gov/dashboard/chemical/details/DTXSID1025485,N-Isopropyl-N'-phenyl-p-phenylenediamine,101-72-4,C15H18N2,226.146999,242,466,52,Active,0.9999767707945362,-103.72624441043517,3.2286680470999474,44.47566414995366,1.6481224420737013
https://comptox.epa.gov/dashboard/chemical/details/DTXSID2025892,N-Phenyl-1-naphthylamine,90-30-2,C16H13N,219.104799,234,485,48,Active,0.9995378999695494,-74.2405291403871,2.310871521453118,46.084357350230405,1.6635535355994981
https://comptox.epa.gov/dashboard/chemical/details/DTXSID5025021,Dicyclohexyl phthalate,84-61-7,C20H26O4,330.183109,170,497,34,Active,0.9966530638651175,-65.6482287011042,2.043420539909583,57.352357688698824,1.7585512759451392
https://comptox.epa.gov/dashboard/chemical/details/DTXSID6023868,Hydramethylnon,67485-29-4,C25H24F6N4,494.190516,203,389,52,Active,0.9999999999955446,-108.7222510636403,3.384177842484763,16.54822171260966,1.2187513309277231
https://comptox.epa.gov/dashboard/chemical/details/DTXSID5025231,Emodin,518-82-1,C15H10O5,270.052823,112,334,34,Active,0.9998982494301369,-99.06635299262504,3.0836204498486075,61.13538227391374,1.7862926321542991
https://comptox.epa.gov/dashboard/chemical/details/DTXSID7024291,Quinalphos,13593-03-8,C12H15N2O3PS,298.054101,35,252,14,Active,0.9999781323383905,-55.43247034411223,1.7254364774229245,15.214832401920495,1.1822671727755534
https://comptox.epa.gov/dashboard/chemical/details/DTXSID4048519,PharmaGSID_48519,686756-87-6,C22H20BrN5O4,497.069867,327,640,51,Active,0.999999999999747,-115.29454118438318,3.588752328235434,11.72821185326806,1.0692318022726925
https://comptox.epa.gov/dashboard/chemical/details/DTXSID7041629,"2,2'-Dibenzoylaminodiphenyl disulfide",135-57-9,C26H20N2O2S2,456.096620,175,457,38,Active,0.9882595381759502,-55.79989107339649,1.7368731160019542,56.09587839288296,1.7489309529320063
https://comptox.epa.gov/dashboard/chemical/details/DTXSID0025812,Olivetol,500-66-3,C11H16O2,180.115030,73,329,22,Active,0.9793027922561233,-68.1065942458123,2.1199416395348964,73.4652932951008,1.866082216767694
https://comptox.epa.gov/dashboard/chemical/details/DTXSID8027323,4-Nitro-N-phenylaniline,836-30-6,C12H10N2O2,214.074228,111,473,23,Active,0.99999999957165,-83.87314658958275,2.610704262385042,4.164374134799032,0.6195497403820942
https://comptox.epa.gov/dashboard/chemical/details/DTXSID7048166,PharmaGSID_48166,NOCAS_48166,C19H21N3O8,419.132865,275,603,46,Active,1,-93.1237035306963,2.898644674991432,1.513819953378923,0.1800742252936421
https://comptox.epa.gov/dashboard/chemical/details/DTXSID1048174,FR167356,174185-16-1,C19H17Cl2NO3,377.058549,208,624,33,Active,0.9988708143383357,-73.33518578953979,2.2826910627355654,45.72049774686881,1.6601109497972122
https://comptox.epa.gov/dashboard/chemical/details/DTXSID5048506,PharmaGSID_48506,588941-45-1,C19H22ClN3O3S,407.107040,159,604,26,Active,0.9989487421535111,-77.38911811982017,2.408877081079105,56.36416091644704,1.7510030461184836
https://comptox.epa.gov/dashboard/chemical/details/DTXSID0048185,Apomorphine hydrochloride,41372-20-7,C34H38Cl2N2O5,624.215778,155,369,42,Active,0.9998705852707197,-89.91613878601797,2.798803387388568,18.4332327626728,1.2656015071057196
https://comptox.epa.gov/dashboard/chemical/details/DTXSID7038864,"2,2'-Methylenebis(ethyl-6-tert-butylphenol)",88-24-4,C25H36O2,368.271530,192,371,52,Active,0.9999999531964819,-102.93505098888063,3.204040712583324,34.88839481999033,1.5426809884547796
https://comptox.epa.gov/dashboard/chemical/details/DTXSID1027926,n-Dodecylphenol,27193-86-8,C18H30O, ,202,406,50,Active,0.9999999846251558,-110.05620746134805,3.4256996619816835,33.610645923261785,1.5264768587418014
https://comptox.epa.gov/dashboard/chemical/details/DTXSID7026520,7-Amino-4-hydroxynaphthalene-2-sulfonic acid,87-02-5,C10H9NO4S,239.025229,65,331,20,Active,0.9999912484286837,-60.13709138684532,1.871876365618262,12.167018734147568,1.085184176757525
https://comptox.epa.gov/dashboard/chemical/details/DTXSID4029353,Acetylcedrene,32388-55-9,C17H26O,246.198365,64,383,17,Active,0.9415664671101749,-41.794865997573964,1.300941233784953,21.638656990396438,1.3352303026563548
https://comptox.epa.gov/dashboard/chemical/details/DTXSID2033314,Chlorhexidine,55-56-1,C22H30Cl2N10,504.203196,160,334,48,Active,0.9999999959885792,-109.96822312246817,3.4229609893805373,23.372899660852497,1.368712594659625
https://comptox.epa.gov/dashboard/chemical/details/DTXSID1041188,1-Phenyl-2-nitropropene,705-60-2,C9H9NO2,163.063329,126,371,34,Active,0.9999999999998563,-103.33535939203443,3.216501039837959,9.252809912284935,0.9662736402076977
https://comptox.epa.gov/dashboard/chemical/details/DTXSID2036112,2-(8-Heptadecenyl)-2-imidazoline-1-ethanol,95-38-5,C22H42N2O,350.329714,157,376,42,Active,0.9988467682766157,-108.87235439678376,3.3888500817838727,72.26469692352642,1.8589261855973083
https://comptox.epa.gov/dashboard/chemical/details/DTXSID6037728,"2,3,4-Trihydroxbenzophenone",1143-72-2,C13H10O4,230.057909,46,332,14,Active,0.9545206493254282,-45.77174977418813,1.424728975735558,46.08306940092165,1.6635413979214155
https://comptox.epa.gov/dashboard/chemical/details/DTXSID6048171,FR145237,146011-65-6,C30H22ClF3N2O2,534.132190,75,614,12,Active,0.9999791263640045,-62.333263293289335,1.940236211292584,22.42423599223086,1.3507176552831042
https://comptox.epa.gov/dashboard/chemical/details/DTXSID6025226,Econazole nitrate,24169-02-6,C18H16Cl3N3O4,443.020639,184,376,49,Active,0.9999999998149698,-106.11088510500875,3.3028943266509434,9.522124134696123,0.9787338388337379
https://comptox.epa.gov/dashboard/chemical/details/DTXSID5034981,Tributyltin benzoate,4342-36-3,C19H32O2Sn,412.142432,211,374,56,Active,1,-119.30900795791626,3.713709909332882,0.35371926836528944,-0.4513412819528627
https://comptox.epa.gov/dashboard/chemical/details/DTXSID9048510,PharmaGSID_48510,460081-99-6,C21H16F4N2O4,436.104620,129,623,21,Active,0.9999749288316058,-74.61512591054893,2.322531527358496,30.466675022684193,1.483825060127029
https://comptox.epa.gov/dashboard/chemical/details/DTXSID1048172,PharmaGSID_48172,NOCAS_48172,C27H28N4O7S,552.167870,137,665,21,Active,0.9997710423427728,-84.32578938513069,2.624793592805151,61.17771103933493,1.7865932238486815
https://comptox.epa.gov/dashboard/chemical/details/DTXSID5047879,2-Hydroxybenzophenone,117-99-7,C13H10O2,198.068080,32,356,9,Active,0.9582518587490508,-40.68709006082357,1.2664596925832898,25.056425094262607,1.398919108454417
https://comptox.epa.gov/dashboard/chemical/details/DTXSID4044616,Tetrabutylphosphonium chloride,2304-30-5,C16H36ClP,294.224316,22,328,7,Active,0.9999997740436388,-99.21737696918242,3.0883213458487306,26.497839213240606,1.4232104605018217
https://comptox.epa.gov/dashboard/chemical/details/DTXSID1021087,Oxazepam,604-75-1,C15H11ClN2O2,286.050905,31,370,8,Active,0.9996785061900348,-41.98093240246709,1.306732889113185,3.6761782788131443,0.5653965646366408
https://comptox.epa.gov/dashboard/chemical/details/DTXSID3029364,4-Methoxy-2-methyl-N-phenylaniline,41317-15-1,C14H15NO,213.115364,40,326,12,Active,0.9998987643461793,-84.23630364628616,2.622008186398888,37.80333275492613,1.5775300890771873
https://comptox.epa.gov/dashboard/chemical/details/DTXSID7048168,Fabesetron hydrochloride,129299-90-7,C18H20ClN3O,329.129490,293,679,43,Active,0.999981811661909,-97.77281000813508,3.0433565713546815,41.01430986175115,1.6129354081762768
https://comptox.epa.gov/dashboard/chemical/details/DTXSID6025436,8-Hydroxyquinoline sulfate,134-31-6,C18H16N2O6S,388.072907,94,366,26,Active,0.9999999989886731,-91.31552860037355,2.8423619410094725,11.570049862397404,1.0633352305954302
https://comptox.epa.gov/dashboard/chemical/details/DTXSID7037262,Pregnenolone carbonitrile,1434-54-4,C22H31NO2,341.235479,28,374,7,Active,0.9996462025628551,-59.12419149496699,1.8403480139035482,13.5578682306009,1.1321914086705613
https://comptox.epa.gov/dashboard/chemical/details/DTXSID0048183,(-)-Enterolactone,77756-20-8,C18H18O4,298.120509,35,478,7,Active,0.9213153637415432,-38.51050168260795,1.1987094198497397,13.121709334844276,1.1179904132664766
https://comptox.epa.gov/dashboard/chemical/details/DTXSID2022678,Bicalutamide,90357-06-5,C18H14F4N2O4S,430.061041,60,409,15,Active,0.9999999999999992,-69.53306511953583,2.1643431403921527,1.1540811443628058,0.06223634548355975
https://comptox.epa.gov/dashboard/chemical/details/DTXSID9048512,Ro 23-7637,107071-66-9,C33H40N2O,480.314064,292,601,49,Active,0.9999991857566817,-88.94077267674325,2.768443342935607,31.276847452875625,1.4952229719191852
https://comptox.epa.gov/dashboard/chemical/details/DTXSID1021247,C.I. Basic Red 9 monohydrochloride,569-61-9,C19H18ClN3,323.118925,126,334,38,Active,1,-101.71105532277166,3.1659416208884807,4.01485134456933,0.6036694695578015
https://comptox.epa.gov/dashboard/chemical/details/DTXSID8027793,N-(Cyclohexylthio)phthalimide,17796-82-6,C14H15NO2S,261.082350,145,361,40,Active,0.99873374822717,-60.476649349081384,1.8824457248873772,35.73980066533799,1.5531521259484395
https://comptox.epa.gov/dashboard/chemical/details/DTXSID9047704,Methyl 2-methyl-3-furyl disulfide,65505-17-1,C6H8OS2,160.001657,11,244,5,Active,0.9999999998886137,-93.23929363222189,2.9022426271729453,0.00015143522450999285,-3.819773094248032
https://comptox.epa.gov/dashboard/chemical/details/DTXSID4022446,"2,2′-Methylenebis[phenol]",2467-02-9,C13H12O2,200.083730,93,516,18,Active,0.9999999886079294,-74.36920493673975,2.31487678969049,13.66577511180714,1.13563426956208
https://comptox.epa.gov/dashboard/chemical/details/DTXSID4048513,PharmaGSID_48513,825643-57-0,C30H30F7N3O3,613.217539,324,619,52,Active,0.9999946555563403,-85.79665585610316,2.670576987387417,32.81260058377167,1.5160406520387193
https://comptox.epa.gov/dashboard/chemical/details/DTXSID3044889,"2,5-Di-tert-butylcyclohexa-2,5-diene-1,4-dione",2460-77-7,C14H20O2,220.146330,50,205,24,Active,0.9078882631709284,-42.89492273521192,1.3351825008721414,23.0414746543779,1.3625102704874896
https://comptox.epa.gov/dashboard/chemical/details/DTXSID4021973,2-Chloro-4-nitroaniline,121-87-9,C6H5ClN2O2,172.003955,19,332,6,Active,0.9971893158753843,-53.930666956163506,1.6786901150220057,27.225856642421846,1.434981553413076
https://comptox.epa.gov/dashboard/chemical/details/DTXSID9024986,"4,4'-Dichlorodiphenyl sulfone",80-07-9,C12H8Cl2O2S,285.962206,46,510,9,Active,0.999999997487909,-105.72382165588314,3.2908462726845125,20.35288490406726,1.3086259766628363
https://comptox.epa.gov/dashboard/chemical/details/DTXSID8029282,"4,4'-(4-Methylpentane-2,2-diyl)diphenol",6807-17-6,C18H22O2,270.161980,171,341,50,Active,0.9999998229574829,-78.1506555794002,2.4325813198317072,16.56490066367526,1.2191888358505147
https://comptox.epa.gov/dashboard/chemical/details/DTXSID4047206,trans-2-Methoxycinnamaldehyde,60125-24-8,C10H10O2,162.068080,17,244,7,Active,0.9999466367203834,-101.58919767435266,3.1621485799085303,48.648295299671304,1.6870676266204616
https://comptox.epa.gov/dashboard/chemical/details/DTXSID5041306,"2,2',4,4'-Tetrahydroxybenzophenone",131-55-5,C13H10O5,246.052823,146,737,20,Active,0.9999999999358994,-60.037400318067455,1.8687732997531687,3.676756890114864,0.5654649149458029
https://comptox.epa.gov/dashboard/chemical/details/DTXSID4022367,Estrone,53-16-7,C18H22O2,270.161980,121,686,18,Active,0.9999998037817714,-57.07999826710784,1.7767187810666658,0.47386976626313165,-0.32434099917979287
https://comptox.epa.gov/dashboard/chemical/details/DTXSID3037094,4-Hydroxytamoxifen,68392-35-8,C26H29NO2,387.219829,361,715,50,Active,0.999949839303341,-113.5017855720834,3.5329495485764313,30.75964244358667,1.48798128283031
https://comptox.epa.gov/dashboard/chemical/details/DTXSID7052573,"2,6-Dibromo-4-nitroaniline",827-94-1,C6H4Br2N2O2,293.863953,14,219,6,Active,0.9999999995200476,-60.16388936871976,1.872710501552678,6.916042182755045,0.8398576334859045
https://comptox.epa.gov/dashboard/chemical/details/DTXSID3044338,"2-(1-Chlorocyclopropyl)-1-(2-chlorophenyl)-3-(1H-1,2,4-triazol-1-yl)-2-propanol",120983-64-4,C14H15Cl2N3O,311.059217,47,328,14,Active,0.9999974138183811,-87.98371742479267,2.7386532572263906,32.28391569915073,1.5089862045940037
https://comptox.epa.gov/dashboard/chemical/details/DTXSID6051306,"1,1-Bis(3-cyclohexyl-4-hydroxyphenyl)cyclohexane",4221-68-5,C30H40O2,432.302831,105,210,50,Active,0.9999998099640413,-100.48931645500068,3.1279127761472805,37.38872195006797,1.5727406200213085
https://comptox.epa.gov/dashboard/chemical/details/DTXSID5022271,4-(Diethylamino)salicylaldehyde,17754-90-4,C11H15NO2,193.110279,30,325,9,Active,0.9999999529344992,-58.818902154915826,1.8308453278384555,2.093245855757838,0.3208202400579094
https://comptox.epa.gov/dashboard/chemical/details/DTXSID9058654,BisOPP-A,24038-68-4,C27H24O2,380.177630,89,202,44,Active,0.9999855558057381,-101.21329242127031,3.150447845091972,46.08294930875575,1.6635402661514704
https://comptox.epa.gov/dashboard/chemical/details/DTXSID3032541,Diiodomethyl 4-methylphenyl sulfone,20018-09-1,C8H8I2O2S,421.833440,223,318,70,Active,0.9999999999263177,-101.24881784455977,3.151553638516638,17.750327141862506,1.249206361593729
https://comptox.epa.gov/dashboard/chemical/details/DTXSID2052574,"1,5-Dihydroxynaphthalene",83-56-7,C10H8O2,160.052429,47,207,23,Active,0.9642824180224927,-42.05154104067411,1.3089307114225148,38.33495207129855,1.5835949246110723
https://comptox.epa.gov/dashboard/chemical/details/DTXSID0051996,3-Methyl-4-(methylthio)phenol,3120-74-9,C8H10OS,154.045236,40,227,18,Active,0.9939490103684328,-51.0506505954793,1.5890443667186889,27.601820775361542,1.4409377315800882
https://comptox.epa.gov/dashboard/chemical/details/DTXSID6025648,1-Methyl phenanthrene,832-69-9,C15H12,192.093900,21,326,6,Active,0.9999999972709667,-68.93165510101937,2.145623159532665,8.491292495279511,0.9289738010619623
https://comptox.epa.gov/dashboard/chemical/details/DTXSID3044415,"N,N'-1,3-Phenylenedimaleimide",3006-93-7,C14H8N2O4,268.048407,75,204,37,Active,0.999864362593933,-104.14637416037591,3.241745349830608,59.2440511117763,1.7726447479473402
https://comptox.epa.gov/dashboard/chemical/details/DTXSID4040264,Sodium pentachlorophenate,131-52-2,C6Cl5NaO,285.828947,140,322,43,Active,0.999079618673816,-87.19870553494988,2.7142183341292037,77.14319785317859,1.88729763791612
https://comptox.epa.gov/dashboard/chemical/details/DTXSID0048505,PharmaGSID_48505,NOCAS_48505,C17H12ClN5O2,353.067952,303,635,48,Active,0.9851553345116587,-73.73339514450976,2.295086053297071,72.82879676294108,1.8623031348405563
https://comptox.epa.gov/dashboard/chemical/details/DTXSID1048170,FR150011,149413-74-1,C24H23NO4S,421.134779,290,633,46,Active,0.9227705529616245,-46.7720921978661,1.455866453409074,77.14149255345812,1.8872880374527599
https://comptox.epa.gov/dashboard/chemical/details/DTXSID0048189,Lauryl gallate,1166-52-5,C19H30O5,338.209324,191,376,51,Active,0.999999976244038,-107.17673220549099,3.336070756550443,29.43631365856874,1.4688834219024633
https://comptox.epa.gov/dashboard/chemical/details/DTXSID8044836,"2,4,4'-Trihydroxybenzophenone",1470-79-7,C13H10O4,230.057909,108,508,21,Active,0.9999999771686523,-58.66000509030817,1.825899367650726,2.4738811275138386,0.39337882750607567
https://comptox.epa.gov/dashboard/chemical/details/DTXSID4048511,Ro 3280,1062243-51-9,C27H35F2N7O3,543.276944,403,706,57,Active,0.9585237502116614,-35.97434773118308,1.1197670145594159,16.931741089123953,1.2287016188602953
https://comptox.epa.gov/dashboard/chemical/details/DTXSID2044890,2-[(4-Hydroxyphenyl)methyl]phenol,2467-03-0,C13H12O2,200.083730,46,449,10,Active,0.9999999999999385,-79.72072056112134,2.4814524485143883,4.833248105441198,0.6842390893781533
https://comptox.epa.gov/dashboard/chemical/details/DTXSID1030319,3-Amino-9-ethylcarbazole,132-32-1,C14H14N2,210.115698,86,450,19,Active,0.9988181615737995,-76.4793456306307,2.3805587573735463,60.624159295177165,1.78264572907841
https://comptox.epa.gov/dashboard/chemical/details/DTXSID4048191,"4,4'-Methylenebis(2,6-diethylaniline)",13680-35-8,C21H30N2,310.240899,127,364,35,Active,0.9914990734569716,-57.505511331989354,1.7899636492677198,46.0850867050691,1.6635604089138605
https://comptox.epa.gov/dashboard/chemical/details/DTXSID0021836,"1,4-Dinitrobenzene",100-25-4,C6H4N2O4,168.017107,92,324,28,Active,0.9998073303855456,-88.09876607509713,2.742234355753685,57.88770648299268,1.762586343114701
https://comptox.epa.gov/dashboard/chemical/details/DTXSID7034624,Fluopicolide,239110-15-7,C14H8Cl3F3N2O,381.965431,44,332,13,Active,0.9880897788900361,-57.122435007376886,1.7780397018047926,55.75494561853284,1.7462833965556288
https://comptox.epa.gov/dashboard/chemical/details/DTXSID2022462,3-Phenylphenol,580-51-8,C12H10O,170.073165,80,328,24,Active,0.9999999951563636,-66.56751616316085,2.0720350344544496,7.507822446113192,0.8755139933599272
https://comptox.epa.gov/dashboard/chemical/details/DTXSID2034259,2-Methyl-3(2H)-isothiazolone,2682-20-4,C4H5NOS,115.009185,55,209,26,Active,0.9610497228501513,-44.26614770869917,1.3778643725859732,40.32686409137946,1.6055944515945066
https://comptox.epa.gov/dashboard/chemical/details/DTXSID1051939,"2,2-Dichloro-1-phenylethanone",2648-61-5,C8H6Cl2O,187.979570,59,207,29,Active,0.9999999728232751,-74.42605744947812,2.3166464275706526,11.75808362554615,1.0703365446423203
https://comptox.epa.gov/dashboard/chemical/details/DTXSID1052585,9-Ethylcarbazole,86-28-2,C14H13N,195.104799,25,218,11,Active,0.9618705615384398,-46.03607887707935,1.4329566999077215,34.578221652417966,1.5388026538771258
https://comptox.epa.gov/dashboard/chemical/details/DTXSID2043903,"2,3-Dihydroxynaphthalene",92-44-4,C10H8O2,160.052429,18,324,6,Active,0.9529803582140092,-42.25773092356246,1.3153487466102414,46.08294930875575,1.6635402661514704
https://comptox.epa.gov/dashboard/chemical/details/DTXSID0034851,Dichlorprop-P,15165-67-0,C9H8Cl2O3,233.985050,3,211,1,Active,0.9753264128879054,-57.68719103749575,1.7956187605976353,0.00011607357886016642,-3.935266624887427
https://comptox.epa.gov/dashboard/chemical/details/DTXSID3032331,Bis(trichloromethyl)sulfone,3064-70-8,C2Cl6O2S,297.775017,198,317,62,Active,0.9999999997837009,-111.37924362068892,3.4668815691942805,23.703724734581364,1.3748165951482307
https://comptox.epa.gov/dashboard/chemical/details/DTXSID1049697,o-Terphenyl,84-15-1,C18H14,230.109550,40,206,19,Active,0.938296083875873,-45.20609646241839,1.4071219874190746,36.345072624696066,1.560445541000953
https://comptox.epa.gov/dashboard/chemical/details/DTXSID2037502,Bitertanol,55179-31-2,C20H23N3O2,337.179027,113,330,34,Active,0.9999999051833764,-99.36634732886742,3.0929583192879377,32.58711412983842,1.5130459016440008
https://comptox.epa.gov/dashboard/chemical/details/DTXSID4052502,"Diphenyl(2,4,6-trimethylbenzoyl)phosphine oxide",75980-60-8,C22H21O2P,348.127917,90,215,42,Active,0.9998999236139643,-95.27645117520467,2.9656528615193403,66.91306255279467,1.825510907615811
https://comptox.epa.gov/dashboard/chemical/details/DTXSID9044164,4-Pentylphenol,14938-35-3,C11H16O,164.120115,155,335,46,Active,0.9307151020503842,-43.590353205610874,1.3568290393303573,70.36894319926039,1.8473810288421457
https://comptox.epa.gov/dashboard/chemical/details/DTXSID5041560,Methyl linolenate,301-00-8,C19H32O2,292.240230,169,320,53,Active,0.9999401219855479,-81.24879143880078,2.5290164343167243,78.07750894541896,1.892525948760625
https://comptox.epa.gov/dashboard/chemical/details/DTXSID6041503,Tralopyril,122454-29-9,C12H5BrClF3N2,347.927673,171,331,52,Active,1,-118.5726071530262,3.690788094683936,0.5198465327314898,-0.2841248483363287
https://comptox.epa.gov/dashboard/chemical/details/DTXSID6052619,4'-Acetylbiphenyl,92-91-1,C14H12O,196.088815,22,221,10,Active,0.9993871632180596,-50.846074857762076,1.5826765747357272,17.520264457744886,1.24354065729282
https://comptox.epa.gov/dashboard/chemical/details/DTXSID7044558,Ethylmercurichlorendimide,2597-93-5,C11H7Cl6HgNO2,596.831438,70,120,58,Active,0.9999997738745887,-98.12476822898066,3.054311911230497,6.876153827881209,0.8373455838167446
https://comptox.epa.gov/dashboard/chemical/details/DTXSID5051650,"4,4'-(Isopropylidenebis(4,1-phenyleneoxy))dianiline",13080-86-9,C27H26N2O2,410.199428,63,221,29,Active,0.999996863041217,-95.52757289600876,2.973469481898313,39.269377381169434,1.594054015554451
https://comptox.epa.gov/dashboard/chemical/details/DTXSID8052724,3-Chloro-7-hydroxy-4-methyl-2-benzopyrone,6174-86-3,C10H7ClO3,210.008372,38,209,18,Active,0.9977617223568906,-52.57592277558575,1.636521237967917,27.25872289587983,1.4355055047537992
https://comptox.epa.gov/dashboard/chemical/details/DTXSID6052740,"4,6-Dimethyldibenzothiophene",1207-12-1,C14H12S,212.065972,7,204,3,Active,0.9999967919996395,-56.02583880839106,1.743906150278265,8.437535787126826,0.9262156278679694
https://comptox.epa.gov/dashboard/chemical/details/DTXSID4034869,Prothioconazole,178928-70-6,C14H15Cl2N3OS,343.031289,137,392,35,Active,0.9987454416873763,-56.03799111886432,1.7442844130481787,63.73473931591516,1.8043762138230635
https://comptox.epa.gov/dashboard/chemical/details/DTXSID3032626,Methiocarb,2032-65-7,C11H15NO2S,225.082350,82,333,25,Active,0.9760278478720957,-44.58292898428343,1.3877247660496697,29.107278493997843,1.46400160116906
https://comptox.epa.gov/dashboard/chemical/details/DTXSID3051834,2-(4-tert-Butylphenoxy)cyclohexanol,1942-71-8,C16H24O2,248.177630,53,207,26,Active,0.9995558929598984,-84.9870789542426,2.645377433604629,72.75941666399584,1.8618892085247163
https://comptox.epa.gov/dashboard/chemical/details/DTXSID5024134,delta-Hexachlorocyclohexane,319-86-8,C6H6Cl6,287.860066,87,323,27,Active,0.9883151366591448,-49.900911887165016,1.55325665791705,70.89972808290474,1.8506445695650064
https://comptox.epa.gov/dashboard/chemical/details/DTXSID3024780,2-Chloropropyldimethylamine hydrochloride,4584-49-0,C5H13Cl2N,157.042505,17,316,5,Active,0.9988724469121933,-41.19588456599766,1.2822968471118534,0.00018858157907555858,-3.724500732047019
https://comptox.epa.gov/dashboard/chemical/details/DTXSID1051808,C.I. Basic Green 4 oxalate (1:x),18015-76-4,, ,113,221,51,Active,1,-106.36569599180747,3.3108257790325113,2.1326132280004617,0.32891209868615173
https://comptox.epa.gov/dashboard/chemical/details/DTXSID7052571,1-Chloroanthraquinone,82-44-0,C14H7ClO2,242.013457,21,223,9,Active,0.9677163922504626,-44.20886467938482,1.3760813340942244,10.673540767221247,1.028308513199422
https://comptox.epa.gov/dashboard/chemical/details/DTXSID6051566,Benzyltriphenylphosphonium chloride,1100-88-5,C25H22ClP,388.114765,64,221,29,Active,1,-112.2580662304936,3.49423652160264,2.0856562840587616,0.31924273830138883
https://comptox.epa.gov/dashboard/chemical/details/DTXSID7052284,"1,2-Bis(chloromethyl)benzene",612-12-4,C8H8Cl2,174.000306,45,205,22,Active,0.9999991912481918,-88.55219523219606,2.7563481631075493,28.294101057213382,1.4516959003532137
https://comptox.epa.gov/dashboard/chemical/details/DTXSID5040704,"1,4-Naphthoquinone",130-15-4,C10H6O2,158.036779,194,326,60,Active,0.9999999999756839,-109.69088989929136,3.414328488308512,18.545529245404037,1.2682392315755942
https://comptox.epa.gov/dashboard/chemical/details/DTXSID1025512,Malachite green,569-64-2,C23H25ClN2,364.170627,210,326,64,Active,1,-112.07794426403579,3.4886298977343166,2.0568496733817856,0.3132025520707775
https://comptox.epa.gov/dashboard/chemical/details/DTXSID6024838,C.I. Solvent Red 80,6358-53-8,C18H16N2O3,308.116092,111,332,33,Active,0.9445476366830756,-44.86090595654884,1.3963773049831303,81.35003665434043,1.9103577529554123
https://comptox.epa.gov/dashboard/chemical/details/DTXSID0021963,4-(Diethylamino)benzaldehyde,120-21-8,C11H15NO,177.115364,24,332,7,Active,0.9999594456030311,-58.307280020018744,1.8149201581909842,1.7977565544132414,0.25473088081587747
https://comptox.epa.gov/dashboard/chemical/details/DTXSID2040733,Triphenyltin chloride,639-58-7,C18H15ClSn,385.988430,245,386,63,Active,1,-105.99788059258847,3.2993768556338137,0.536916391415115,-0.2700933373433906
https://comptox.epa.gov/dashboard/chemical/details/DTXSID7052319,4-Chloro-3-nitroaniline,635-22-3,C6H5ClN2O2,172.003955,12,208,6,Active,0.9999747592299937,-52.2061603686411,1.6250117104119297,15.87126840390818,1.2006116361943975
https://comptox.epa.gov/dashboard/chemical/details/DTXSID5051444,"4,4'-(1-Phenylethylidene)bisphenol",1571-75-1,C20H18O2,290.130680,77,202,38,Active,0.9999978613390218,-99.39117529080767,3.093731134768212,31.799366462488848,1.5024184676389618
https://comptox.epa.gov/dashboard/chemical/details/DTXSID3047891,Bisphenol E,2081-08-5,C14H14O2,214.099380,53,326,16,Active,0.9999999998944479,-73.5426882405063,2.289149953992435,5.722954463093117,0.757620290289647
https://comptox.epa.gov/dashboard/chemical/details/DTXSID0052463,2-Amino-5-chlorobenzophenone,719-59-5,C13H10ClNO,231.045092,52,209,25,Active,0.9999997523660604,-78.77357199406346,2.4519707263938426,21.377245584016283,1.3299517464889858
https://comptox.epa.gov/dashboard/chemical/details/DTXSID1036545,Triphenylsilanol,791-31-1,C18H16OSi,276.097042,99,314,32,Active,0.9999987953258208,-97.94049692986167,3.0485761318349867,32.438164795111916,1.5110562758134245
https://comptox.epa.gov/dashboard/chemical/details/DTXSID6040371,Fenaminosulf,140-56-7,C8H10N3NaO3S,251.034057,93,653,14,Active,0.9999920889824264,-104.8517334202163,3.263700939921785,40.31927634181979,1.6055127287059505
https://comptox.epa.gov/dashboard/chemical/details/DTXSID4022313,"o,p'-DDE",3424-82-6,C14H8Cl4,315.938011,145,331,44,Active,0.9999999306930171,-65.88074021380324,2.0506578837072027,11.798152239996508,1.071813995881597
https://comptox.epa.gov/dashboard/chemical/details/DTXSID6037564,Mefenpyr-diethyl,135590-91-9,C16H18Cl2N2O4,372.064363,36,334,11,Active,0.9994838741629529,-66.66353461495477,2.07502378343501,46.08294930875575,1.6635402661514704
https://comptox.epa.gov/dashboard/chemical/details/DTXSID5024687,4-tert-Butylcatechol,98-29-3,C10H14O2,166.099380,153,464,33,Active,0.9999835115369868,-84.49502113749173,2.6300612389491764,29.77391049431343,1.4738358784683407
https://comptox.epa.gov/dashboard/chemical/details/DTXSID0026098,"2,3,5,6-Tetrachloronitrobenzene",117-18-0,C6HCl4NO2,258.876139,10,331,3,Active,0.9099998329946258,-43.45238174461538,1.352534426621107,57.22541415683566,1.7575889444724433
https://comptox.epa.gov/dashboard/chemical/details/DTXSID5020819,Methidathion,950-37-8,C6H11N2O4PS3,301.961857,81,688,12,Active,0.9828903767663595,-53.090385445094846,1.6525348244224425,60.96322836396592,1.7850679574052255
https://comptox.epa.gov/dashboard/chemical/details/DTXSID9020453,Dieldrin,60-57-1,C12H8Cl6O,377.870631,203,672,30,Active,0.9996286347796398,-73.48446231086075,2.287337566012635,46.0833606451613,1.6635441426467152
https://comptox.epa.gov/dashboard/chemical/details/DTXSID7031458,Indole-3-carbinol,700-06-1,C9H9NO,147.068414,92,466,20,Active,0.9998191606505938,-82.1907823469114,2.5583376149201693,38.2827456374629,1.583003077810094
https://comptox.epa.gov/dashboard/chemical/details/DTXSID3025178,"1,3-Diphenylguanidine",102-06-7,C13H13N3,211.110947,90,643,14,Active,0.9999999999968341,-90.01146825992984,2.8017706906792204,7.8913305236036,0.8971502339246114
https://comptox.epa.gov/dashboard/chemical/details/DTXSID6028492,C12-16-Alkylbenzyldimethylammonium chlorides,68424-85-1,C21H38ClN, ,78,207,38,Active,0.9999999998964056,-98.55342955426988,3.0676547747637843,9.249802472361942,0.9661324585683096
https://comptox.epa.gov/dashboard/chemical/details/DTXSID5051446,6-aminopyridine-3-carboxamide,329-89-5,C6H7N3O,137.058912,54,252,21,Active,0.9626028571161408,-40.339646292444584,1.2556448732527987,15.156234555152402,1.1805913177180358
https://comptox.epa.gov/dashboard/chemical/details/DTXSID4058655,BPS-MPE4,63134-33-8,C19H16O4S,340.076930,72,202,36,Active,0.9979263588858343,-82.28217951745262,2.5611825181151033,74.28665063157565,1.8709107777185143
https://comptox.epa.gov/dashboard/chemical/details/DTXSID5025730,9-Nitroanthracene,602-60-8,C14H9NO2,223.063329,26,329,8,Active,0.9999999999700281,-73.9967564538198,2.303283653133494,4.923869029596224,0.6923064925776946
https://comptox.epa.gov/dashboard/chemical/details/DTXSID3032751,"1,3-Diiminobenz(f)isoindoline",65558-69-2,C12H9N3,195.079647,137,247,55,Active,0.9998712650430016,-92.76051898020953,2.8873398951835645,46.544538949329116,1.667868732722263
https://comptox.epa.gov/dashboard/chemical/details/DTXSID3024491,2-Amino-6-nitrobenzothiazole,6285-57-0,C7H5N3O2S,195.010248,29,328,9,Active,0.9999903172701455,-51.568373284102194,1.6051594271984768,8.663657215536432,0.9377012607518393
https://comptox.epa.gov/dashboard/chemical/details/DTXSID0032655,Triticonazole,131983-72-7,C17H20ClN3O,317.129490,100,767,13,Active,0.9999999999953662,-66.3302735720984,2.0646504272364,1.6251802079950095,0.21090152469861914
https://comptox.epa.gov/dashboard/chemical/details/DTXSID3024289,Pyrene,129-00-0,C16H10,202.078250,61,669,9,Active,0.9996873914321731,-70.89227055221919,2.2066508820335526,26.659240009002602,1.4258477645601724
https://comptox.epa.gov/dashboard/chemical/details/DTXSID9025164,"1,3-Dinitronaphthalene",606-37-1,C10H6N2O4,218.032757,23,329,7,Active,0.9999999999905715,-88.2041755428848,2.7455154171903757,6.294097900224563,0.7989334937720916
https://comptox.epa.gov/dashboard/chemical/details/DTXSID2022048,Flavone,525-82-6,C15H10O2,222.068080,70,373,19,Active,0.9999997561022318,-66.13140031543836,2.0584601353498035,9.095779748398648,0.958839935495289
https://comptox.epa.gov/dashboard/chemical/details/DTXSID8035180,Allethrin,584-79-2,C19H26O3,302.188195,242,770,31,Active,0.9999999820945207,-126.8743573827384,3.949195172410737,60.101416269189315,1.7788847061233168
https://comptox.epa.gov/dashboard/chemical/details/DTXSID9020827,Methoxychlor,72-43-5,C16H15Cl3O2,344.013763,233,840,28,Active,0.9999987761002321,-120.57936893634292,3.7532522057173847,40.07841107922076,1.6029104954638491
https://comptox.epa.gov/dashboard/chemical/details/DTXSID0032493,Triadimenol,55219-65-3,C14H18ClN3O2,295.108754,116,733,16,Active,0.9906447205536466,-57.36250093293972,1.7855121904451334,38.77368562432622,1.5885370847376792
https://comptox.epa.gov/dashboard/chemical/details/DTXSID8024238,Oryzalin,19044-88-3,C12H18N4O6S,346.094705,336,815,41,Active,0.9999996909711025,-87.93397846690735,2.7371050416813936,54.646660103237906,1.7375636238692747