dtxsid,preferred_name_antagonist,casrn_antagonist,molecular_formula_antagonist,monoisotopic_mass_antagonist,toxcast_active_antagonist,toxcast_total_antagonist,toxcast_active_antagonist.1,hit_call_antagonist,continuous_hit_call_antagonist,top_antagonist,scaled_top_antagonist,ac50_antagonist,logac50_antagonist,preferred_name_viability,casrn_viability,molecular_formula_viability,monoisotopic_mass_viability,toxcast_active_viability,toxcast_total_viability,toxcast_active_viability.1,hit_call_viability,continuous_hit_call_viability,top_viability,scaled_top_viability,ac50_viability,logac50_viability,viability_data_available
https://comptox.epa.gov/dashboard/chemical/details/DTXSID0040678,Idebenone,58186-27-9,C19H30O5,338.209324,67,244,27,Active,0.9997237919909984,-83.24075982858906,3.190225021307429,19.15708812260535,1.2823294969977377,Idebenone,58186-27-9,C19H30O5,338.209324,67,244,27,Inactive,0.3481967514476115,-25.61504005907422,1.1108387739695629,19.15708812260535,1.2823294969977377,True
https://comptox.epa.gov/dashboard/chemical/details/DTXSID6045086,Estradiol phosphate,4995-43-1,C18H25O5P,352.143961,6,78,8,Active,0.999995875113232,-48.85695246444418,1.8724561445361256,7.236193498790081,0.859510171556102,Estradiol phosphate,4995-43-1,C18H25O5P,352.143961,6,78,8,Inactive,-1.8190054955297255e-10,5.986453928059447,0.2596125216487822,32.831725772511405,1.5162937116595907,True
https://comptox.epa.gov/dashboard/chemical/details/DTXSID0045090,Pridinol,511-45-5,C20H25NO,295.193614,10,244,4,Active,0.9992833597043432,-32.42663645131762,1.2427597630878868,4.90421559803e-05,-4.309430445712763,Pridinol,511-45-5,C20H25NO,295.193614,10,244,4,Inactive,0.0,-1.5178581796846604,0.0658244420267176,4.9042423624e-05,-4.309428075591373,True
https://comptox.epa.gov/dashboard/chemical/details/DTXSID1045291,Oxyphenbutazone,129-20-4,C19H20N2O3,324.147393,77,244,32,Active,0.9994097025270424,-60.40668169709166,2.3151026948942954,16.301275158908272,1.2122215781963936,Oxyphenbutazone,129-20-4,C19H20N2O3,324.147393,77,244,32,Inactive,0.3082683359266046,-23.76721977871713,1.0307049771839976,16.139355498621626,1.2078861878221794,True
https://comptox.epa.gov/dashboard/chemical/details/DTXSID5022855,Clozapine,5786-21-0,C18H19ClN4,326.129824,42,244,17,Active,0.956254304693166,-35.819558215957926,1.372794423165275,27.547782100468883,1.440086639111517,Clozapine,5786-21-0,C18H19ClN4,326.129824,42,244,17,Inactive,0.003109111962389,-18.521262811940343,0.8032053366668621,7.314658899702978,0.8641940787278046,True
https://comptox.epa.gov/dashboard/chemical/details/DTXSID6020220,tert-Butylhydroquinone,1948-33-0,C10H14O2,166.099380,202,728,28,Active,0.9999998896737784,-91.56309797504264,3.509180920379831,16.52445239681711,1.21812707632826,tert-Butylhydroquinone,1948-33-0,C10H14O2,166.099380,202,728,28,Inactive,0.0,-1.9606134205867052,0.0850252587280755,9.80846001341e-05,-4.008399174085747,True
https://comptox.epa.gov/dashboard/chemical/details/DTXSID2023434,Pentetic acid,67-43-6,C14H23N3O10,393.138344,15,331,5,Active,0.9990326906361696,-59.15360881835093,2.26707833207598,29.019874030684445,1.4626955229226208,Pentetic acid,67-43-6,C14H23N3O10,393.138344,15,331,5,Inactive,0.0,-2.073777655739592,0.089932813818543,0.0650999806376547,-1.1864191406017155,True
https://comptox.epa.gov/dashboard/chemical/details/DTXSID9043853,Amiloride,2609-46-3,C6H8ClN7O,229.047886,4,244,2,Active,0.9999999312225184,-34.787203950239245,1.3332291619142826,6.66261251814e-05,-4.1763554435416825,Amiloride,2609-46-3,C6H8ClN7O,229.047886,4,244,2,Inactive,0.0,-11.417352260595996,0.4951324517896325,4.90431419296e-05,-4.309421714692664,True
https://comptox.epa.gov/dashboard/chemical/details/DTXSID5045205,Spiperone,749-02-0,C23H26FN3O2,395.200905,52,244,21,Active,0.9924510700809476,-48.3964795314088,1.854808392694008,25.67752085403657,1.409553090604511,Spiperone,749-02-0,C23H26FN3O2,395.200905,52,244,21,Inactive,7.771785467020551e-13,-6.983143789726677,0.3028356335943012,0.0044285941037023,-2.353734122515042,True
https://comptox.epa.gov/dashboard/chemical/details/DTXSID3045192,6-(Trifluoromethoxy)-2-Benzothiazolamine,1744-22-5,C8H5F3N2OS,234.007468,30,244,12,Active,0.9906645586808414,-44.75695980528015,1.7153227978994992,28.581737782263108,1.4560886305537557,6-(Trifluoromethoxy)-2-Benzothiazolamine,1744-22-5,C8H5F3N2OS,234.007468,30,244,12,Inactive,0.0122383445869246,-16.08606303198865,0.6975988518948739,26.436331215961417,1.4222011844286562,True
https://comptox.epa.gov/dashboard/chemical/details/DTXSID1045116,Domperidone,57808-66-9,C22H24ClN5O2,425.161853,46,244,19,Active,0.9996389003292342,-61.70603714674166,2.36490084997579,30.0454509924454,1.477778727306169,Domperidone,57808-66-9,C22H24ClN5O2,425.161853,46,244,19,Inactive,0.3189361148530222,-22.34010920410676,0.9688159558370414,19.15708812260535,1.2823294969977377,True
https://comptox.epa.gov/dashboard/chemical/details/DTXSID0045125,Docebenone,80809-81-0,C21H26O3,326.188195,48,244,20,Active,0.998491240587854,-67.68697552057998,2.594121958605839,31.949240234022213,1.5044605349171114,Docebenone,80809-81-0,C21H26O3,326.188195,48,244,20,Inactive,0.0526856227880686,-21.921198837090053,0.9506492117122306,26.964079417834235,1.4307855976047297,True
https://comptox.epa.gov/dashboard/chemical/details/DTXSID3022958,DL-Dobutamine,34368-04-2,C18H23NO3,301.167794,16,244,7,Active,0.9999087701965272,-83.84740508136039,3.2134748675177924,30.94225803355858,1.490552003472324,DL-Dobutamine,34368-04-2,C18H23NO3,301.167794,16,244,7,Inactive,0.3683254433783538,-24.88958482254724,1.079378202225192,31.16283107087165,1.4936369054384695,True
https://comptox.epa.gov/dashboard/chemical/details/DTXSID6040668,Dipyridamole,58-32-2,C24H40N8O4,504.317252,77,244,32,Active,0.9998494321486764,-57.563190484592376,2.2061251118849263,19.15708812260535,1.2823294969977377,Dipyridamole,58-32-2,C24H40N8O4,504.317252,77,244,32,Inactive,3.630630141841808e-07,-12.327073969849838,0.5345840452999475,26.64921209993589,1.4256843733735305,True
https://comptox.epa.gov/dashboard/chemical/details/DTXSID5023370,Nimodipine,66085-59-4,C21H26N2O7,418.174001,33,256,13,Active,0.9992654554998296,-58.53989434765928,2.2435575561439647,29.9064034767324,1.4757641882193853,Nimodipine,66085-59-4,C21H26N2O7,418.174001,33,256,13,Inactive,0.0,5.826866492495563,0.2526917473359608,1.1887367326980125,0.0750856828807412,True
https://comptox.epa.gov/dashboard/chemical/details/DTXSID6045161,Idazoxan,79944-58-4,C11H12N2O2,204.089878,58,244,24,Active,0.9990975684779008,-59.85585571909819,2.293992137746577,26.1570751536155,1.4175891801850655,Idazoxan,79944-58-4,C11H12N2O2,204.089878,58,244,24,Inactive,0.451929998231022,-23.87123545960697,1.0352157900176613,19.15708812260535,1.2823294969977377,True
https://comptox.epa.gov/dashboard/chemical/details/DTXSID0022563,Albendazole,54965-21-8,C12H15N3O2S,265.088498,51,329,16,Active,0.9999998918828676,-37.74764181345707,1.4466887574863514,0.2654708322581058,-0.5759831886511478,Albendazole,54965-21-8,C12H15N3O2S,265.088498,51,329,16,Inactive,0.0009257057401998,-13.37198470926388,0.5798983357324988,0.0629253631373218,-1.2011742694930685,True
https://comptox.epa.gov/dashboard/chemical/details/DTXSID6045375,Halcinonide,3093-35-4,C24H32ClFO5,454.192230,24,244,10,Active,0.999574388551353,-62.67763405919035,2.402137568947382,7.527519732969841,0.8766519026648608,Halcinonide,3093-35-4,C24H32ClFO5,454.192230,24,244,10,Inactive,2.6415051677909285e-08,-0.6213258594794143,0.0269448282879102,8.5632183908046,0.9326370201296744,True
https://comptox.epa.gov/dashboard/chemical/details/DTXSID2020478,Dimethadione,695-53-4,C5H7NO3,129.042593,4,244,2,Active,0.9658318362478264,-36.53444547657741,1.400192674105542,36.2861015301611,1.5597403114112047,Dimethadione,695-53-4,C5H7NO3,129.042593,4,244,2,Inactive,0.0,4.289939208953478,0.1860403419353492,9.83296080582e-05,-4.007315691931818,True
https://comptox.epa.gov/dashboard/chemical/details/DTXSID5040625,Thiostrepton,1393-48-2,C72H85N19O18S5,1663.492353,25,93,27,Active,0.9635221444255048,-41.73669236703461,1.5995702174044115,15.22140998507275,1.1824548837337874,Thiostrepton,1393-48-2,C72H85N19O18S5,1663.492353,25,93,27,Inactive,0.0306164898067521,-13.55017817497109,0.5876259914581615,8.5632183908046,0.9326370201296744,True
https://comptox.epa.gov/dashboard/chemical/details/DTXSID9031800,Nocodazole,31430-18-9,C14H11N3O3S,301.052112,47,244,19,Active,0.999999999993848,-46.79763538838385,1.7935322510447431,0.2278570255298469,-0.6423375762463059,Nocodazole,31430-18-9,C14H11N3O3S,301.052112,47,244,19,Inactive,0.027756254969942,-22.58588331003913,0.9794743583176834,0.1085311372462607,-0.964445646200411,True
https://comptox.epa.gov/dashboard/chemical/details/DTXSID9023128,Hycanthone,3105-97-3,C20H24N2O2S,356.155849,99,244,41,Active,0.9999233304941978,-74.62054429416429,2.8598528893901536,17.70062565688365,1.2479886174651909,Hycanthone,3105-97-3,C20H24N2O2S,356.155849,99,244,41,Inactive,0.5086563093640781,-26.32458912892124,1.1416095483662587,13.617682625171929,1.1341032082574585,True
https://comptox.epa.gov/dashboard/chemical/details/DTXSID0023373,Nitrendipine,39562-70-4,C18H20N2O6,360.132136,35,256,14,Active,0.9939599320720724,-61.12706838530515,2.3427117129100843,31.194739869009783,1.4940813684268834,Nitrendipine,39562-70-4,C18H20N2O6,360.132136,35,256,14,Inactive,0.0012165023750542,-12.234274685019876,0.5305596501185218,33.42305393253655,1.5240461297420895,True
https://comptox.epa.gov/dashboard/chemical/details/DTXSID3034165,Nilutamide,63612-50-0,C12H10F3N3O4,317.062340,116,648,18,Active,0.9999999973396876,-57.38685756682973,2.199367104299641,2.742299594943959,0.4381148995137957,Nilutamide,63612-50-0,C12H10F3N3O4,317.062340,116,648,18,Inactive,0.0014980314512348,-16.921053746019908,0.7338096116247563,8.088997864501652,0.9078947207623984,True
https://comptox.epa.gov/dashboard/chemical/details/DTXSID3024449,Allylthiourea,109-57-9,C4H8N2S,116.040819,7,244,3,Active,1.0,-46.55415210578016,1.7842006872527751,4.90421773163e-05,-4.309430256771069,Allylthiourea,109-57-9,C4H8N2S,116.040819,7,244,3,Inactive,0.0,-0.9082633588440684,0.0393883497216083,37.59961685823755,1.5751834194701877,True
https://comptox.epa.gov/dashboard/chemical/details/DTXSID4045181,Oxatomide,60607-34-3,C27H30N4O,426.241962,67,244,27,Active,0.9995906666294464,-54.04188544735395,2.071170127564905,28.60230888509846,1.4564010924152049,Oxatomide,60607-34-3,C27H30N4O,426.241962,67,244,27,Inactive,1.814169595015872e-07,-10.41011087459646,0.4514517554590889,32.08160772150867,1.5062561241721049,True
https://comptox.epa.gov/dashboard/chemical/details/DTXSID0045208,Tracazolate hydrochloride,NOCAS_45208,C16H25ClN4O2,340.166604,23,244,9,Active,0.9969905357757608,-46.4246032180544,1.779235690489695,27.29720646314282,1.4361182045602074,Tracazolate hydrochloride,NOCAS_45208,C16H25ClN4O2,340.166604,23,244,9,Inactive,0.042657913030259,-17.38140601300085,0.7537735526011461,35.30349966523479,1.5478177594944442,True
https://comptox.epa.gov/dashboard/chemical/details/DTXSID8045228,Lorglumide sodium,1021868-76-7,C22H31Cl2N2NaO4,480.155857,13,244,5,Active,0.9999999999993812,-45.839755742486986,1.7568212500875928,0.0001511052619955,-3.820720411797089,Lorglumide sodium,1021868-76-7,C22H31Cl2N2NaO4,480.155857,13,244,5,Inactive,1.1248123251344915e-11,-13.641638463621495,0.5915923188453923,4.90421458095e-05,-4.309430535780636,True
https://comptox.epa.gov/dashboard/chemical/details/DTXSID5022857,Cortisone,53-06-5,C21H28O5,360.193674,30,341,9,Active,0.9830248136187262,-29.8914821773477,1.1455992780761248,0.322821639724922,-0.4910373608826571,Cortisone,53-06-5,C21H28O5,360.193674,30,341,9,Inactive,0.0,-2.6168682075866743,0.113484837995626,0.001946069269052,-2.7108417053669016,True
https://comptox.epa.gov/dashboard/chemical/details/DTXSID7022382,Dienestrol,84-17-3,C18H18O2,266.130680,47,244,19,Active,0.9733649630017164,-38.83826760710637,1.4884872910767224,12.360616928299804,1.0920401472794927,Dienestrol,84-17-3,C18H18O2,266.130680,47,244,19,Inactive,0.0240066596928013,-12.81188369785724,0.5556086247121308,8.5632183908046,0.9326370201296744,True
https://comptox.epa.gov/dashboard/chemical/details/DTXSID9023629,Syrosingopine,84-36-6,C35H42N2O11,666.278860,5,78,6,Active,0.9999053434720144,-100.63408587627649,3.85682902726982,12.23301740929199,1.087533593796226,Syrosingopine,84-36-6,C35H42N2O11,666.278860,5,78,6,Inactive,0.1442118668210668,-19.967277167821244,0.8659141518990323,8.5632183908046,0.9326370201296744,True
https://comptox.epa.gov/dashboard/chemical/details/DTXSID1022922,Dichlorphenamide,120-97-8,C6H6Cl2N2O4S2,303.914604,4,78,5,Active,0.9935912929053996,-41.51044600563101,1.5908992633595924,10.000594440774286,1.0000258154675283,Dichlorphenamide,120-97-8,C6H6Cl2N2O4S2,303.914604,4,78,5,Inactive,0.0058476861247085,-5.281022593750976,0.2290203196957216,8.5632183908046,0.9326370201296744,True
https://comptox.epa.gov/dashboard/chemical/details/DTXSID1022974,Dydrogesterone,152-62-5,C21H28O2,312.208930,28,259,11,Active,0.9992119673064532,-35.22983819399467,1.350193241082035,0.4081172451811398,-0.3892150535267282,Dydrogesterone,152-62-5,C21H28O2,312.208930,28,259,11,Inactive,0.0,-3.211405189193416,0.1392679220823376,0.1514903737799391,-0.8196149628519501,True
https://comptox.epa.gov/dashboard/chemical/details/DTXSID3021069,Norethynodrel,68-23-5,C20H26O2,298.193280,13,93,14,Active,0.9945384126762472,-29.280992178781556,1.1222020809254236,0.066721910418863,-1.1757315272310451,Norethynodrel,68-23-5,C20H26O2,298.193280,13,93,14,Inactive,0.0,3.66625374309614,0.1589931853961515,0.0001691163059779,-3.771814516264823,True
https://comptox.epa.gov/dashboard/chemical/details/DTXSID9022578,Alprostadil,745-65-3,C20H34O5,354.240624,10,78,13,Active,0.9979797812562528,-70.0983910512345,2.686540122237513,14.656470164633417,1.1660293882718331,Alprostadil,745-65-3,C20H34O5,354.240624,10,78,13,Inactive,0.0267472483947298,-11.759755985723054,0.5099813582658888,8.5632183908046,0.9326370201296744,True
https://comptox.epa.gov/dashboard/chemical/details/DTXSID9046152,Metochalcone,18493-30-6,C18H18O4,298.120509,48,244,20,Active,0.9997613183923943,-88.04272246968188,3.3742615606247504,27.53137518871791,1.4398279048897182,Metochalcone,18493-30-6,C18H18O4,298.120509,48,244,20,Inactive,0.855810962016499,-28.138841749207455,1.2202876277970136,19.15708812260535,1.2823294969977377,True
https://comptox.epa.gov/dashboard/chemical/details/DTXSID4045343,Nifuroxazide,965-52-6,C12H9N3O5,275.054220,64,244,26,Active,0.9995672533750216,-54.37317823871209,2.0838670149377005,1.699166052528856,0.2302358227613869,Nifuroxazide,965-52-6,C12H9N3O5,275.054220,64,244,26,Inactive,0.620392527690163,-25.50501047111303,1.1060671580630757,13.270437133142206,1.1228852289220623,True
https://comptox.epa.gov/dashboard/chemical/details/DTXSID7045601,Clofilium tosylate,92953-10-1,C28H44ClNO3S,509.273043,49,259,19,Active,0.9979257804470932,-62.24175599693323,2.3854324222942864,8.5632183908046,0.9326370201296744,Clofilium tosylate,92953-10-1,C28H44ClNO3S,509.273043,49,259,19,Inactive,0.8078033343401058,-27.066866531079004,1.173799641274825,11.423354008270303,1.05779363573322,True
https://comptox.epa.gov/dashboard/chemical/details/DTXSID8021777,Riboflavin,83-88-5,C17H20N4O6,376.138284,46,371,12,Active,0.9925151770770572,-41.61584653629897,1.5949387676948292,14.0826709115213,1.1486850306675644,Riboflavin,83-88-5,C17H20N4O6,376.138284,46,371,12,Inactive,0.0,-2.411262229286794,0.1045683931129039,0.0002452888176214,-3.610322250228127,True
https://comptox.epa.gov/dashboard/chemical/details/DTXSID3022873,Cyproterone,2098-66-0,C22H27ClO3,374.164872,6,78,8,Active,0.9999999972063268,-66.9182570224339,2.564660610677523,3.2518615107398268,0.5121320417184024,Cyproterone,2098-66-0,C22H27ClO3,374.164872,6,78,8,Inactive,4.75977504632e-05,-9.219939390545203,0.3998379914709012,35.87797296533275,1.5548278982840222,True
https://comptox.epa.gov/dashboard/chemical/details/DTXSID7045368,Bufexamac,2438-72-4,C12H17NO3,223.120843,30,244,12,Active,0.9944809542460488,-42.69982350083508,1.636482483080237,8.5632183908046,0.9326370201296744,Bufexamac,2438-72-4,C12H17NO3,223.120843,30,244,12,Inactive,0.0,3.3456317870447,0.1450888815283255,0.958669289542416,-0.0183311847971626,True
https://comptox.epa.gov/dashboard/chemical/details/DTXSID0045410,Parbendazole,14255-87-9,C13H17N3O2,247.132077,38,244,16,Active,0.999999971913527,-39.56102059299373,1.5161869981018687,0.0886001996456501,-1.0525652995022663,Parbendazole,14255-87-9,C13H17N3O2,247.132077,38,244,16,Inactive,8.613459612651313e-08,-16.872696734596474,0.7317125294746385,0.0181802518466668,-1.740400104895124,True
https://comptox.epa.gov/dashboard/chemical/details/DTXSID9046788,Norelgestromin,53016-31-2,C21H29NO2,327.219829,24,78,31,Active,0.9999999967107076,-38.23386908279668,1.4653235513527627,0.0313232720550086,-1.5041328774822018,Norelgestromin,53016-31-2,C21H29NO2,327.219829,24,78,31,Inactive,0.0,5.121664378581439,0.2221094859061724,5.014654182963322,0.7002409888800294,True
https://comptox.epa.gov/dashboard/chemical/details/DTXSID4045422,Epirizole,18694-40-1,C11H14N4O2,234.111676,13,244,5,Active,0.9058569515770668,-31.778549415574226,1.2179216491438158,13.532631874894012,1.1313822679640753,Epirizole,18694-40-1,C11H14N4O2,234.111676,13,244,5,Inactive,1.1529047235e-06,-10.218280480080198,0.4431327116565768,2.5275143344533944,0.4026936273120424,True
https://comptox.epa.gov/dashboard/chemical/details/DTXSID4045424,Piromidic acid,19562-30-2,C14H16N4O3,288.122240,3,244,1,Active,0.9999999999999978,-35.94602909084056,1.377641454239331,2.19218461225e-05,-4.659122875048153,Piromidic acid,19562-30-2,C14H16N4O3,288.122240,3,244,1,Inactive,0.0,-5.816118321346882,0.2522256350349969,0.0006479688058538,-3.188445901184421,True
https://comptox.epa.gov/dashboard/chemical/details/DTXSID9045425,Dilazep,35898-87-4,C31H44N2O10,604.299596,44,244,18,Active,0.9999537940492512,-71.40726251230666,2.736702981074771,15.772986402713409,1.1979139289299643,Dilazep,35898-87-4,C31H44N2O10,604.299596,44,244,18,Inactive,0.868731361118959,-28.474307689363897,1.2348356657002342,12.950275996969715,1.1122790242229608,True
https://comptox.epa.gov/dashboard/chemical/details/DTXSID4040682,Mebendazole,31431-39-7,C16H13N3O3,295.095691,45,244,18,Active,0.9999998651725412,-38.96278494450465,1.4932594522892406,0.3323787776648485,-0.4783667136402941,Mebendazole,31431-39-7,C16H13N3O3,295.095691,45,244,18,Inactive,2.853881297473824e-11,-8.611634329956479,0.3734578317621725,0.621255534498715,-0.206729729298377,True
https://comptox.epa.gov/dashboard/chemical/details/DTXSID5023740,Vinpocetine,42971-09-5,C22H26N2O2,350.199428,31,259,12,Active,0.944505019625111,-38.36144036374047,1.470212755791852,32.9070587048986,1.5172890659674767,Vinpocetine,42971-09-5,C22H26N2O2,350.199428,31,259,12,Inactive,0.0,2.637122710336648,0.1143632081621475,0.0021461557294281,-2.6683387679350736,True
https://comptox.epa.gov/dashboard/chemical/details/DTXSID0040672,Fenbendazole,43210-67-9,C15H13N3O2S,299.072848,51,259,20,Active,0.9999996038791736,-33.70866743398996,1.2918939532062228,0.4655665247767832,-0.332018253932419,Fenbendazole,43210-67-9,C15H13N3O2S,299.072848,51,259,20,Inactive,0.0,-13.963310191011882,0.6055421477916259,0.1008070222616991,-0.9965092136912754,True
https://comptox.epa.gov/dashboard/chemical/details/DTXSID4023333,Mometasone furoate,83919-23-7,C27H30Cl2O6,520.141944,50,259,19,Active,0.9998486653581378,-73.59850861560386,2.820683090830812,5.304307087050124,0.7246286591279975,Mometasone furoate,83919-23-7,C27H30Cl2O6,520.141944,50,259,19,Inactive,2.39998842e-06,-9.110667581331814,0.3950992378989333,8.5632183908046,0.9326370201296744,True
https://comptox.epa.gov/dashboard/chemical/details/DTXSID4045476,Butirosin disulfate,51022-98-1,C21H45N5O20S2,751.209931,2,78,3,Active,0.9999999999999905,-46.99315398301839,1.8010255549744336,2.1921850382e-05,-4.659122790662369,Butirosin disulfate,51022-98-1,C21H45N5O20S2,751.209931,2,78,3,Inactive,0.0,-4.929556822926392,0.2137784225503474,0.0002358539226484,-3.627356896308643,True
https://comptox.epa.gov/dashboard/chemical/details/DTXSID8020202,Budesonide,51333-22-3,C25H34O6,430.235539,71,331,21,Active,0.9997968774566988,-52.51158708324953,2.01252102175082,9.127707044177455,0.9603616928541904,Budesonide,51333-22-3,C25H34O6,430.235539,71,331,21,Inactive,0.0,-2.769371644865771,0.1200984029520955,0.0043468787510407,-2.3618224735630897,True
https://comptox.epa.gov/dashboard/chemical/details/DTXSID9045502,Prednicarbate,73771-04-7,C27H36O8,488.241018,7,78,9,Active,0.99992521049869,-38.60166323244766,1.4794193633242445,1.355022002773635,0.1319463473178736,Prednicarbate,73771-04-7,C27H36O8,488.241018,7,78,9,Inactive,3.2176064379045586e-14,-5.678575720616946,0.2462608716143244,0.008407930239485,-2.0753109003019348,True
https://comptox.epa.gov/dashboard/chemical/details/DTXSID7046178,Tioxidazole,61570-90-9,C12H14N2O3S,266.072513,20,93,22,Active,0.9995709988313428,-34.53883747537879,1.3237104484356292,2.223197686731248,0.3469780818799772,Tioxidazole,61570-90-9,C12H14N2O3S,266.072513,20,93,22,Inactive,0.0,-13.40148478281882,0.5811776554393665,5.982140674382488,0.7768566215655297,True
https://comptox.epa.gov/dashboard/chemical/details/DTXSID2045573,Monensin sodium,22373-78-0,C36H61NaO11,692.411157,12,78,15,Active,0.9999999996315764,-50.0552062696859,1.9183795512809796,1.240114014023807,0.0934616153115377,Monensin sodium,22373-78-0,C36H61NaO11,692.411157,12,78,15,Inactive,0.4534471225341543,-22.343220022820645,0.968950861659488,1.2285290640687594,0.0893854353096895,True
https://comptox.epa.gov/dashboard/chemical/details/DTXSID6045583,Ciclopirox olamine,41621-49-2,C14H24N2O3,268.178693,63,244,26,Active,0.9999963373190102,-53.98284188410756,2.0689072667596493,2.9979033390586696,0.4768176258470857,Ciclopirox olamine,41621-49-2,C14H24N2O3,268.178693,63,244,26,Inactive,0.0086859824396558,-9.58315061079946,0.4155892495469664,8.5632183908046,0.9326370201296744,True
https://comptox.epa.gov/dashboard/chemical/details/DTXSID5045594,Tolmetin sodium dihydrate,64490-92-2,C15H18NNaO5,315.108267,14,244,6,Active,0.9999999998630856,-116.95172664472652,4.482207098967053,5.070763441607738,0.7050733505595551,Tolmetin sodium dihydrate,64490-92-2,C15H18NNaO5,315.108267,14,244,6,Inactive,0.8993776246294507,-31.97340832500124,1.3865799788507631,8.5632183908046,0.9326370201296744,True
https://comptox.epa.gov/dashboard/chemical/details/DTXSID5045596,Meclocycline sulfosalicylate,73816-42-9,C29H27ClN2O14S,694.087152,5,78,6,Active,0.9956475529401598,-42.45545925079388,1.6271171559688582,8.096325446794236,0.9082879571175304,Meclocycline sulfosalicylate,73816-42-9,C29H27ClN2O14S,694.087152,5,78,6,Inactive,-1.1175761812882053e-07,0.7110284841976658,0.0308349316581985,8.5632183908046,0.9326370201296744,True
https://comptox.epa.gov/dashboard/chemical/details/DTXSID5045625,Oxibendazole,20559-55-1,C12H15N3O3,249.111341,33,244,14,Active,0.990858663781912,-32.18182633801274,1.2333773481442631,0.2958619743118245,-0.5289108489919649,Oxibendazole,20559-55-1,C12H15N3O3,249.111341,33,244,14,Inactive,1.997539228335764e-07,-15.854675382232177,0.6875643419907551,0.2152160052128028,-0.6671254341342265,True
https://comptox.epa.gov/dashboard/chemical/details/DTXSID6045614,Dihydroergotamine,511-12-6,C33H37N5O5,583.279469,36,244,15,Active,0.9999999997481592,-100.44920150731386,3.8497432829646527,9.090559523150988,0.9585906148323712,Dihydroergotamine,511-12-6,C33H37N5O5,583.279469,36,244,15,Inactive,0.0044495089212006,-15.451605699420828,0.6700845554573023,36.03736778732233,1.5567530620742611,True
https://comptox.epa.gov/dashboard/chemical/details/DTXSID6045616,Flunarizine,52468-60-7,C26H26F2N2,404.206405,61,244,25,Active,0.9992134840151142,-64.81525366272764,2.484062428346608,30.413147424206723,1.483061367142908,Flunarizine,52468-60-7,C26H26F2N2,404.206405,61,244,25,Inactive,0.8080045257906585,-31.11634625773931,1.3494120582143951,33.47277426560735,1.52469170872209,True
https://comptox.epa.gov/dashboard/chemical/details/DTXSID7020344,Tomelukast,88107-10-2,C16H22N4O3,318.169191,50,329,15,Active,0.9990389044860593,-56.78631446972271,2.176351124883914,30.48310180568027,1.4840591565176833,Tomelukast,88107-10-2,C16H22N4O3,318.169191,50,329,15,Inactive,0.0,3.99978596750951,0.1734573645031226,0.0003448271135625,-3.462398593173164,True
https://comptox.epa.gov/dashboard/chemical/details/DTXSID7023693,"N-(3′,4′-Dimethoxycinnamoyl)anthranilic acid",53902-12-8,C18H17NO5,327.110673,10,93,11,Active,0.9988654603367516,-62.53510433277855,2.396675077970421,27.25770654748584,1.4354893116720526,"N-(3′,4′-Dimethoxycinnamoyl)anthranilic acid",53902-12-8,C18H17NO5,327.110673,10,93,11,Inactive,0.1151651738694402,-21.349612409758567,0.9258614165461786,19.15708812260535,1.2823294969977377,True
https://comptox.epa.gov/dashboard/chemical/details/DTXSID5023582,Sirolimus,53123-88-9,C51H79NO13,913.555142,37,93,40,Active,0.99999981807471,-62.7709382575805,2.4057134780201754,8.56184266649911,0.932567242921432,Sirolimus,53123-88-9,C51H79NO13,913.555142,37,93,40,Inactive,0.3740183473511479,-22.80461803068514,0.9889601529268904,0.0043134941682515,-2.365170784782209,True
https://comptox.epa.gov/dashboard/chemical/details/DTXSID2023307,Methysergide,361-37-5,C21H27N3O2,353.210327,13,244,5,Active,0.9999999999983284,-42.6857063231097,1.6359414383600484,0.0003179625409947,-3.497624041014089,Methysergide,361-37-5,C21H27N3O2,353.210327,13,244,5,Inactive,0.0,-7.292331791933804,0.3162440850550746,4.92208045181e-05,-4.307851291995706,True
https://comptox.epa.gov/dashboard/chemical/details/DTXSID1023021,Ethoxzolamide,452-35-7,C9H10N2O3S2,258.013285,10,244,4,Active,0.9208470106482818,-34.772345932226784,1.3326597242862743,19.15708812260535,1.2823294969977377,Ethoxzolamide,452-35-7,C9H10N2O3S2,258.013285,10,244,4,Inactive,1.970918317046352e-10,-2.913738839273881,0.1263591262173289,19.15708812260535,1.2823294969977377,True
https://comptox.epa.gov/dashboard/chemical/details/DTXSID9045631,Bifonazole,60628-96-8,C22H18N2,310.146999,78,244,32,Active,0.999888108575638,-91.56394993009596,3.509213571791637,24.583799922101477,1.3906490127103754,Bifonazole,60628-96-8,C22H18N2,310.146999,78,244,32,Inactive,2.7774723474e-05,-11.712805901415196,0.5079452898478801,19.15708812260535,1.2823294969977377,True
https://comptox.epa.gov/dashboard/chemical/details/DTXSID9045633,Hydrocortisone valerate,57524-89-7,C26H38O6,446.266839,15,244,6,Active,0.9917437704481472,-40.38017794562448,1.5475814290048533,13.395343204318896,1.1269538452180168,Hydrocortisone valerate,57524-89-7,C26H38O6,446.266839,15,244,6,Inactive,0.019397235513934,-17.15848270186855,0.7441061128057626,19.157088122605348,1.2823294969977377,True
https://comptox.epa.gov/dashboard/chemical/details/DTXSID3041827,Cypromid,2759-71-9,C10H9Cl2NO,229.006119,31,256,12,Active,0.999999782557875,-84.03043870126528,3.2204896813561508,15.479283035488798,1.1897508412989488,Cypromid,2759-71-9,C10H9Cl2NO,229.006119,31,256,12,Inactive,0.0127890404419862,-18.625465082539183,0.8077242412732928,19.15708812260535,1.2823294969977377,True
https://comptox.epa.gov/dashboard/chemical/details/DTXSID1022635,6-Azaribine,2169-64-4,C14H17N3O9,371.096479,37,244,15,Active,0.999999466762397,-53.9049009903375,2.065920160563114,2.29601697211488,0.3609750940345577,6-Azaribine,2169-64-4,C14H17N3O9,371.096479,37,244,15,Inactive,0.8486245530603617,-26.81783631689244,1.1630000322494085,3.944630015077012,0.5960062749863072,True
https://comptox.epa.gov/dashboard/chemical/details/DTXSID9022576,Alphaxalone,23930-19-0,C21H32O3,332.235145,11,244,5,Active,0.9919535984119484,-44.22054941690783,1.694764722189973,19.15708812260535,1.2823294969977377,Alphaxalone,23930-19-0,C21H32O3,332.235145,11,244,5,Inactive,0.0608264947421804,-19.92323311831091,0.8640041085086696,8.029537549093503,0.904690533365818,True
https://comptox.epa.gov/dashboard/chemical/details/DTXSID1032278,(+)-Vincristine,57-22-7,C46H56N4O10,824.399644,48,244,20,Active,1.0,-49.58242313868643,1.9002600077151537,0.0406348673603025,-1.3911011535260815,(+)-Vincristine,57-22-7,C46H56N4O10,824.399644,48,244,20,Inactive,2.860161198698194e-15,-7.860251297417349,0.3408728580622538,0.1260598864512276,-0.8994230884021178,True
https://comptox.epa.gov/dashboard/chemical/details/DTXSID1022687,Bromocriptine,25614-03-3,C32H40BrN5O5,653.221282,14,78,18,Active,0.9999418451554472,-84.174394714428,3.226006835165235,18.902144214094548,1.2765110722965023,Bromocriptine,25614-03-3,C32H40BrN5O5,653.221282,14,78,18,Inactive,5.67511481277e-05,-17.15246213154223,0.7438450207698156,16.824807293105053,1.2259500986303151,True
https://comptox.epa.gov/dashboard/chemical/details/DTXSID2045654,Flurofamide,70788-28-2,C7H9FN3O2P,217.041642,2,244,1,Active,0.999999663815484,-36.57204649360494,1.4016337434277686,0.0073068505175454,-2.136269777295431,Flurofamide,70788-28-2,C7H9FN3O2P,217.041642,2,244,1,Inactive,0.0,-5.452604080426495,0.2364612359642475,4.90423460997e-05,-4.30942876210701,True
https://comptox.epa.gov/dashboard/chemical/details/DTXSID8021193,Pronethalol,54-80-8,C15H19NO,229.146664,7,244,3,Active,0.9999999999999976,-46.7988169685879,1.7935775354311354,4.90421823838e-05,-4.309430211895768,Pronethalol,54-80-8,C15H19NO,229.146664,7,244,3,Inactive,4.924886654816756e-12,-10.912361134535027,0.4732326725175578,0.0004785930087585,-3.3200336498089817,True
https://comptox.epa.gov/dashboard/chemical/details/DTXSID8041828,Cythioate,115-93-5,C8H12NO5PS2,296.989452,13,244,5,Active,0.999934128600512,-67.77814012563636,2.597615867175479,19.15708812260535,1.2823294969977377,Cythioate,115-93-5,C8H12NO5PS2,296.989452,13,244,5,Inactive,7.576235116961566e-07,-8.017871521435827,0.3477083209777009,19.157088122605348,1.2823294969977377,True
https://comptox.epa.gov/dashboard/chemical/details/DTXSID9048691,Atazanavir,198904-31-3,C38H52N6O7,704.389748,22,244,9,Active,0.9911814211563946,-49.295518634249575,1.8892643136505505,29.68977289683361,1.4726068756011237,Atazanavir,198904-31-3,C38H52N6O7,704.389748,22,244,9,Inactive,0.0,-2.8889350527257456,0.1252834687998354,0.0002588476342902,-3.5869557998510118,True
https://comptox.epa.gov/dashboard/chemical/details/DTXSID0021096,N-Oxydiethylene-2-benzothiazylsulfenamide,102-77-2,C11H12N2OS2,252.039105,12,244,5,Active,0.9623695453923032,-37.67276303318405,1.4438190076320268,33.01276095368636,1.5186818471660777,N-Oxydiethylene-2-benzothiazylsulfenamide,102-77-2,C11H12N2OS2,252.039105,12,244,5,Inactive,0.0001075988333161,-10.398767787082248,0.4509598436214241,19.15708812260535,1.2823294969977377,True
https://comptox.epa.gov/dashboard/chemical/details/DTXSID3045699,Giparmen,67268-43-3,C13H10O3,214.062994,4,78,5,Active,0.9884923190292576,-38.51806114924836,1.4762152904853485,10.931005311691903,1.0386601053388078,Giparmen,67268-43-3,C13H10O3,214.062994,4,78,5,Inactive,0.0,-2.423569971369933,0.105102138798815,19.15708812260535,1.2823294969977377,True
https://comptox.epa.gov/dashboard/chemical/details/DTXSID0046220,Benmoxin,7654-03-7,C15H16N2O,240.126263,5,78,6,Active,0.9999999993626476,-35.61277319391614,1.3648693303056256,0.0001354809788536,-3.868121674226872,Benmoxin,7654-03-7,C15H16N2O,240.126263,5,78,6,Inactive,0.0,-11.150100075196685,0.4835426167050494,0.0008207167373481,-3.0858067096694586,True
https://comptox.epa.gov/dashboard/chemical/details/DTXSID6046474,Ampiroxicam,99464-64-9,C20H21N3O7S,447.110021,10,244,4,Active,0.9999573889324954,-35.07829800103773,1.344385421495807,4.91003879279e-05,-4.308915076628496,Ampiroxicam,99464-64-9,C20H21N3O7S,447.110021,10,244,4,Inactive,0.0,-5.231971481985831,0.2268931367309721,0.0001426323255216,-3.845782036863564,True
https://comptox.epa.gov/dashboard/chemical/details/DTXSID4048692,Pivoxil Sulbactam,69388-79-0,C14H21NO7S,347.103873,20,244,8,Active,0.9999999999319696,-121.69683174598651,4.664064557427854,9.014265197122558,0.9549303307432502,Pivoxil Sulbactam,69388-79-0,C14H21NO7S,347.103873,20,244,8,Inactive,-1.9481922191386644e-11,4.6207486343220605,0.2003864423375554,19.15708812260535,1.2823294969977377,True
https://comptox.epa.gov/dashboard/chemical/details/DTXSID7037684,Polybrene,28728-55-4,, ,2,78,3,Active,0.9999999999999996,-46.5714190595956,1.7848624480081698,4.90421514278e-05,-4.309430486027678,Polybrene,28728-55-4,, ,2,78,3,Inactive,0.0,-10.018037359987334,0.4344488360308974,0.0001777596362846,-3.750166847015554,True
https://comptox.epa.gov/dashboard/chemical/details/DTXSID2046208,Nuclomedone,75963-52-9,C13H11ClN2O2S,294.022977,2,78,3,Active,0.914494917740712,-32.72658427002825,1.2542553457604584,11.70529453890082,1.0683823462692894,Nuclomedone,75963-52-9,C13H11ClN2O2S,294.022977,2,78,3,Inactive,0.0055969223632882,-18.120173489726348,0.7858114317612696,28.173541533200734,1.4498414430685445,True
https://comptox.epa.gov/dashboard/chemical/details/DTXSID6046478,Gestodene,60282-87-3,C21H26O2,310.193280,32,244,13,Active,0.9999999947526684,-46.540946566253965,1.7836945813173768,0.0325066604270976,-1.4880276454710262,Gestodene,60282-87-3,C21H26O2,310.193280,32,244,13,Inactive,0.0,2.6637255187128064,0.1155168831504577,4.90421877193e-05,-4.309430164646696,True
https://comptox.epa.gov/dashboard/chemical/details/DTXSID0046488,Cerivastatin sodium,143201-11-0,C26H33FNNaO5,481.224046,102,465,22,Active,0.9999999999989736,-56.440030521141296,2.163079697286227,0.2261772966963599,-0.6455509909858798,Cerivastatin sodium,143201-11-0,C26H33FNNaO5,481.224046,102,465,22,Inactive,0.7511012037140142,-24.910330242905022,1.0802778618494824,0.3225180435794802,-0.4914459833301231,True
https://comptox.epa.gov/dashboard/chemical/details/DTXSID9046497,Valrubicin,56124-62-0,C34H36F3NO13,723.213875,33,78,42,Active,0.9999937781022976,-39.87149383239418,1.528085970418091,5.726380232377704,0.7578801818520025,Valrubicin,56124-62-0,C34H36F3NO13,723.213875,33,78,42,Inactive,2.76576162606e-05,-11.715597167349326,0.5080663377330656,6.78135050023607,0.8313161918603513,True
https://comptox.epa.gov/dashboard/chemical/details/DTXSID5047825,Vinorelbine tartrate,125317-39-7,C53H66N4O20,1078.427041,70,244,29,Active,0.9999946666031296,-39.317953159589166,1.506871371844864,0.8952035684508822,-0.0480781952962409,Vinorelbine tartrate,125317-39-7,C53H66N4O20,1078.427041,70,244,29,Inactive,-0.0033432735754155,8.570148809926529,0.3716587432539649,3.20606661203e-05,-4.4940274586079685,True
https://comptox.epa.gov/dashboard/chemical/details/DTXSID1046508,2-{[(2E)-2-(1-Azabicyclo[2.2.2]oct-3-ylidene)-2-fluoroethyl]oxy}-9H-carbazole,182959-33-7,C21H22ClFN2O,372.140469,14,78,18,Active,0.992521727441057,-63.00666784053289,2.41474787913984,29.587235232398623,1.4711043845789555,2-{[(2E)-2-(1-Azabicyclo[2.2.2]oct-3-ylidene)-2-fluoroethyl]oxy}-9H-carbazole,182959-33-7,C21H22ClFN2O,372.140469,14,78,18,Inactive,0.7116849324321425,-27.02054970695578,1.1717910352369445,24.57499682618833,1.3904934704159135,True
https://comptox.epa.gov/dashboard/chemical/details/DTXSID2046670,Roxatidine acetate hydrochloride,93793-83-0,C19H29ClN2O4,384.181585,7,244,3,Active,0.97555749371459,-41.450058498411096,1.5885848955318111,19.15708812260535,1.2823294969977377,Roxatidine acetate hydrochloride,93793-83-0,C19H29ClN2O4,384.181585,7,244,3,Inactive,0.0,2.7177370293784326,0.1178591820556977,0.0002472410557573,-3.6068794105719992,True
https://comptox.epa.gov/dashboard/chemical/details/DTXSID0023036,Etretinate,54350-48-0,C23H30O3,354.219495,37,244,15,Active,0.9994850871011868,-62.6597114508144,2.4014506800505746,31.062915805782048,1.492242219548572,Etretinate,54350-48-0,C23H30O3,354.219495,37,244,15,Inactive,0.0013008507877284,-19.32311559584052,0.8379790149948102,29.958953956551973,1.4765266455151391,True
https://comptox.epa.gov/dashboard/chemical/details/DTXSID0040599,Everolimus,159351-69-6,C53H83NO14,957.581356,39,93,42,Active,0.9996798701258686,-77.61451988990322,2.974597827787865,26.15255211836275,1.4175140762564364,Everolimus,159351-69-6,C53H83NO14,957.581356,39,93,42,Inactive,3.47825223476e-05,-15.860606692289169,0.6878215631068082,0.0743158305427814,-1.1289186642331703,True
https://comptox.epa.gov/dashboard/chemical/details/DTXSID5045756,Azepexole hydrochloride,36067-72-8,C9H17Cl2N3O,253.074868,2,244,1,Active,0.9999982244539624,-32.5883573213199,1.248957759922746,0.0001418084943522,-3.848297754062408,Azepexole hydrochloride,36067-72-8,C9H17Cl2N3O,253.074868,2,244,1,Inactive,0.0,-1.8166993008323824,0.07878418379803,0.0004237261988181,-3.372914682918061,True
https://comptox.epa.gov/dashboard/chemical/details/DTXSID4020379,Dehydroepiandrosterone,53-43-0,C19H28O2,288.208930,77,423,18,Active,0.999996263324247,-66.09860479760269,2.533247213661308,16.402334970234747,1.2149056768590305,Dehydroepiandrosterone,53-43-0,C19H28O2,288.208930,77,423,18,Inactive,0.0,4.892806515321757,0.2121846843969661,7.99889080743e-05,-4.096970231708852,True
https://comptox.epa.gov/dashboard/chemical/details/DTXSID9044112,Oxfendazole,53716-50-0,C15H13N3O3S,315.067762,40,262,15,Active,0.9974351058974584,-34.271546608421254,1.3134664524234494,8.718000097144028,0.9404168695209764,Oxfendazole,53716-50-0,C15H13N3O3S,315.067762,40,262,15,Inactive,0.0015077229222796,-15.297938811463744,0.6634205355289987,19.15708812260535,1.2823294969977377,True
https://comptox.epa.gov/dashboard/chemical/details/DTXSID6021244,Rifampicin,13292-46-1,C43H58N4O12,822.405123,106,653,16,Active,0.99928964386695,-59.57678648885192,2.2832967327209386,19.15708812260535,1.2823294969977377,Rifampicin,13292-46-1,C43H58N4O12,822.405123,106,653,16,Inactive,0.0,-2.594161211691336,0.1125001113888068,0.0001901407245335,-3.720924855538489,True
https://comptox.epa.gov/dashboard/chemical/details/DTXSID8023004,Estradiol valerate,979-32-8,C23H32O3,356.235145,18,78,23,Active,0.9963093437118,-34.43161974974059,1.3196012996032185,0.4494145371958294,-0.347352883581732,Estradiol valerate,979-32-8,C23H32O3,356.235145,18,78,23,Inactive,-2.6881046970351227e-12,0.4486184587654386,0.0194550848862941,19.15708812260535,1.2823294969977377,True
https://comptox.epa.gov/dashboard/chemical/details/DTXSID8045856,Oftasceine,1461-15-0,C30H26N2O13,622.143489,7,78,9,Active,0.999991190442394,-76.95689921471555,2.949394334489234,19.15708812260535,1.2823294969977377,Oftasceine,1461-15-0,C30H26N2O13,622.143489,7,78,9,Inactive,-2.482987069419777e-12,0.5229108649848426,0.0226768985258467,19.15708812260535,1.2823294969977377,True
https://comptox.epa.gov/dashboard/chemical/details/DTXSID1023150,Iodamide,440-58-4,C12H11I3N2O4,627.785290,4,244,2,Active,0.9999999999987068,-38.29298129925118,1.4675890433111063,0.0001135307460533,-3.944886508223735,Iodamide,440-58-4,C12H11I3N2O4,627.785290,4,244,2,Inactive,0.0,-6.230466139290301,0.2701945166381385,4.90421475965e-05,-4.309430519955198,True
https://comptox.epa.gov/dashboard/chemical/details/DTXSID7045867,Estradiol acetate,4245-41-4,C20H26O3,314.188195,47,256,18,Active,0.9910806680877392,-29.510211684335943,1.1309869815377818,0.2184134812720015,-0.660720558909862,Estradiol acetate,4245-41-4,C20H26O3,314.188195,47,256,18,Inactive,9.2349341892e-06,-1.993700524245722,0.0864601359555959,19.15708812260535,1.2823294969977377,True
https://comptox.epa.gov/dashboard/chemical/details/DTXSID2023016,Ethisterone,434-03-7,C21H28O2,312.208930,30,332,9,Active,0.9491633722942746,-28.45046513938696,1.0903719036492303,0.1632956699126831,-0.7870253312336966,Ethisterone,434-03-7,C21H28O2,312.208930,30,332,9,Inactive,-5.751137390737719e-12,5.556540930245761,0.2409686301575504,19.15708812260535,1.2823294969977377,True
https://comptox.epa.gov/dashboard/chemical/details/DTXSID9045899,Exalamide,53370-90-4,C13H19NO2,221.141579,32,244,13,Active,0.999599890371894,-54.89554581915019,2.1038868961697443,18.2673850184783,1.261676382419469,Exalamide,53370-90-4,C13H19NO2,221.141579,32,244,13,Inactive,0.1042073279962496,-19.260575417648965,0.8352668562511218,35.975929890682586,1.5560120282145622,True
https://comptox.epa.gov/dashboard/chemical/details/DTXSID6045907,Clobetasol propionate,25122-46-7,C25H32ClFO5,466.192230,31,244,13,Active,0.9881995452216662,-45.19358985099766,1.7320567645255969,9.298771439673011,0.9684255730468267,Clobetasol propionate,25122-46-7,C25H32ClFO5,466.192230,31,244,13,Inactive,0.0009367327487076,-10.344609574564814,0.4486111827466215,19.15708812260535,1.2823294969977377,True
https://comptox.epa.gov/dashboard/chemical/details/DTXSID2048878,"2,5-Dimethoxy-4-propylthiophenethylamine hydrochloride",850140-15-7,C13H22ClNO2S,291.105978,23,78,29,Active,0.9999980878575992,-49.30663914125832,1.8896905101410917,7.579963257819097,0.87966710049154,"2,5-Dimethoxy-4-propylthiophenethylamine hydrochloride",850140-15-7,C13H22ClNO2S,291.105978,23,78,29,Inactive,0.8246879670954295,-29.184171623902472,1.2656200947274572,44.36781609195405,1.6470680520531369,True
https://comptox.epa.gov/dashboard/chemical/details/DTXSID6044226,Valdecoxib,181695-72-7,C16H14N2O3S,314.072513,14,244,6,Active,0.9946602698354032,-47.98467068175417,1.839025705235732,19.15708812260535,1.2823294969977377,Valdecoxib,181695-72-7,C16H14N2O3S,314.072513,14,244,6,Inactive,-0.0014225900561044,8.536337397999631,0.3701924551949013,19.15708812260535,1.2823294969977377,True
https://comptox.epa.gov/dashboard/chemical/details/DTXSID9045924,Olmesartan medoxomil,144689-63-4,C29H30N6O6,558.222683,3,78,4,Active,0.9999993027680246,-36.50703275571932,1.399142074036973,3.46862677765e-05,-4.45984242749344,Olmesartan medoxomil,144689-63-4,C29H30N6O6,558.222683,3,78,4,Inactive,0.0,-7.257337784084127,0.3147265117588249,4.90421603016e-05,-4.309430407445354,True
https://comptox.epa.gov/dashboard/chemical/details/DTXSID7045944,Securinine,5610-40-2,C13H15NO2,217.110279,17,78,22,Active,0.9999999998117862,-94.39816944889908,3.617835814589307,5.373727843638256,0.7302756674936641,Securinine,5610-40-2,C13H15NO2,217.110279,17,78,22,Inactive,0.5806506991039511,-25.948396553780192,1.125295332265781,14.396761642493594,1.1582648143897596,True
https://comptox.epa.gov/dashboard/chemical/details/DTXSID2045943,Oxiconazole nitrate,64211-46-7,C18H14Cl4N4O4,489.976916,112,244,46,Active,0.9995560255604052,-57.11168128964044,2.1888208977709254,27.85727945066197,1.44493870084397,Oxiconazole nitrate,64211-46-7,C18H14Cl4N4O4,489.976916,112,244,46,Inactive,0.0,4.157649651625843,0.1803033854702452,4.678417181307919,0.6700989458745279,True
https://comptox.epa.gov/dashboard/chemical/details/DTXSID1045952,Topotecan hydrochloride,119413-54-6,C23H24ClN3O5,457.140449,88,259,34,Active,1.0,-114.9860364421798,4.406871481161343,1.195008282456052,0.0773709153364532,Topotecan hydrochloride,119413-54-6,C23H24ClN3O5,457.140449,88,259,34,Inactive,0.0360488620958303,-21.72272636874275,0.9420421233416026,6.6383693664382815,0.8220614133848869,True
https://comptox.epa.gov/dashboard/chemical/details/DTXSID6045953,Irinotecan hydrochloride,100286-90-6,C33H39ClN4O6,622.255813,42,244,17,Active,0.9999999998295628,-73.00435837725908,2.797912119485926,3.436589287868701,0.5361276320294313,Irinotecan hydrochloride,100286-90-6,C33H39ClN4O6,622.255813,42,244,17,Inactive,0.008444279116939,-12.96955058475358,0.562446111240811,19.15708812260535,1.2823294969977377,True
https://comptox.epa.gov/dashboard/chemical/details/DTXSID5042322,Potassium ricinoleate,7492-30-0,C18H33KO3,336.206676,17,78,22,Active,0.9999999999997958,-37.1897392863244,1.4253069896460009,4.91798849408e-05,-4.3082124916532045,Potassium ricinoleate,7492-30-0,C18H33KO3,336.206676,17,78,22,Inactive,0.0,3.864938689314911,0.1676094882227279,0.0059483577693449,-2.2256029183310564,True
https://comptox.epa.gov/dashboard/chemical/details/DTXSID3045980,Andrographolide,5508-58-7,C20H30O5,350.209324,8,78,10,Active,0.999999957275334,-83.49192848663847,3.1998511292277256,10.158950386877326,1.006848839371617,Andrographolide,5508-58-7,C20H30O5,350.209324,8,78,10,Inactive,0.0056401194706148,-11.961797052534289,0.5187432048384686,19.15708812260535,1.2823294969977377,True
https://comptox.epa.gov/dashboard/chemical/details/DTXSID5046013,Aurothioglucose,12192-57-3,C6H11AuO5S,391.999289,8,78,10,Active,0.9997159745640756,-41.88834951949755,1.6053825194958846,4.016191096936001,0.6038143690698132,Aurothioglucose,12192-57-3,C6H11AuO5S,391.999289,8,78,10,Inactive,-6.07442869017e-05,10.504400788743986,0.4555407942576923,19.15708812260535,1.2823294969977377,True
https://comptox.epa.gov/dashboard/chemical/details/DTXSID3022904,Dexamethasone valerate,33755-46-3,C27H37FO6,476.257417,19,244,8,Active,0.9633927935438464,-41.709209723477024,1.598516937529148,19.15708812260535,1.2823294969977377,Dexamethasone valerate,33755-46-3,C27H37FO6,476.257417,19,244,8,Inactive,0.0,3.9079426534661903,0.1694744265832953,0.0395110909795773,-1.403280978421088,True
https://comptox.epa.gov/dashboard/chemical/details/DTXSID8046030,Tazobactam sodium,89785-84-2,C10H11N4NaO5S,322.034785,27,244,11,Active,1.0,-106.93316083788686,4.098242808150743,1.4398307026295534,0.158311430125667,Tazobactam sodium,89785-84-2,C10H11N4NaO5S,322.034785,27,244,11,Inactive,0.0,5.46060238102522,0.2368080955596429,0.0003612446505184,-3.4421985754257896,True
https://comptox.epa.gov/dashboard/chemical/details/DTXSID0022858,Cortisone acetate,50-04-4,C23H30O6,402.204239,6,256,2,Active,0.9251143078093252,-28.417665007550976,1.0891148295727706,0.1589660936174021,-0.7986954978503709,Cortisone acetate,50-04-4,C23H30O6,402.204239,6,256,2,Inactive,0.0,-3.248794040001211,0.1408893517227238,0.0007801070568256,-3.1078457934656423,True
https://comptox.epa.gov/dashboard/chemical/details/DTXSID9025328,Fluorescein sodium,518-47-8,C20H10Na2O5,376.032362,40,244,16,Active,0.9999999999999758,-138.90764361219476,5.323673657172456,6.950310088298784,0.8420041810840527,Fluorescein sodium,518-47-8,C20H10Na2O5,376.032362,40,244,16,Inactive,-1.7164700267450113e-08,8.747797939524096,0.3793627929397671,32.67566500158288,1.514224434923708,True
https://comptox.epa.gov/dashboard/chemical/details/DTXSID9040502,Imatinib mesylate,220127-57-1,C30H35N7O4S,589.247124,52,256,20,Active,0.9996051220931612,-83.99571706918961,3.219158965254369,29.533025164832424,1.4703079354548247,Imatinib mesylate,220127-57-1,C30H35N7O4S,589.247124,52,256,20,Inactive,0.8508814854655441,-27.219888729358782,1.1804357031640595,19.15708812260535,1.2823294969977377,True
https://comptox.epa.gov/dashboard/chemical/details/DTXSID9022574,Allylestrenol,432-60-0,C21H32O,300.245316,10,78,13,Active,0.999994392020948,-63.130369882500105,2.419488793930661,11.582740426374574,1.0638113237479818,Allylestrenol,432-60-0,C21H32O,300.245316,10,78,13,Inactive,-2.7579530977415388e-11,0.0234326547956905,0.0010161960107837,19.15708812260535,1.2823294969977377,True
https://comptox.epa.gov/dashboard/chemical/details/DTXSID8022325,"2,2-Bis(4-hydroxyphenyl)-1,1,1-trichloroethane",2971-36-0,C14H11Cl3O2,315.982463,394,861,46,Active,0.9999999999995296,-78.20976750246247,2.997410856301425,7.020187182661283,0.8463486920889398,"2,2-Bis(4-hydroxyphenyl)-1,1,1-trichloroethane",2971-36-0,C14H11Cl3O2,315.982463,394,861,46,Inactive,0.0012166236985167,-16.66113079214301,0.722537620843353,38.19731800766285,1.5820328703629287,True
https://comptox.epa.gov/dashboard/chemical/details/DTXSID7046091,Zaldaride,109826-26-8,C26H28N4O2,428.221226,66,244,27,Active,0.9996386641514896,-65.7572104147937,2.520163180017048,31.091769869127315,1.4926454445429698,Zaldaride,109826-26-8,C26H28N4O2,428.221226,66,244,27,Inactive,0.0564482088998911,-21.107663914965308,0.9153689180491984,26.658414043513687,1.4258343088948593,True
https://comptox.epa.gov/dashboard/chemical/details/DTXSID2046092,Devazepide,103420-77-5,C25H20N4O2,408.158626,42,259,16,Active,0.9999999903393856,-66.60227583041669,2.5525505445619365,6.3427491889909,0.8022775384523512,Devazepide,103420-77-5,C25H20N4O2,408.158626,42,259,16,Inactive,4.535960841949326e-08,-2.171032934268297,0.094150450570769,19.15708812260535,1.2823294969977377,True
https://comptox.epa.gov/dashboard/chemical/details/DTXSID2046094,Eplerenone,107724-20-9,C24H30O6,414.204239,4,256,2,Active,0.9986310826179752,-43.011546673733925,1.648429359441662,11.161411171329618,1.0477191072518028,Eplerenone,107724-20-9,C24H30O6,414.204239,4,256,2,Inactive,7.68747504339515e-10,-1.894802100106539,0.0821712414637298,19.15708812260535,1.2823294969977377,True
https://comptox.epa.gov/dashboard/chemical/details/DTXSID7023302,Methylprednisolone acetate,53-36-1,C24H32O6,416.219889,9,78,12,Active,0.9949346527205776,-37.96124003112966,1.454874967942971,2.400912577472916,0.3803763467241111,Methylprednisolone acetate,53-36-1,C24H32O6,416.219889,9,78,12,Inactive,9.684041762312031e-09,-0.5465346151372259,0.0237013817042964,19.15708812260535,1.2823294969977377,True
https://comptox.epa.gov/dashboard/chemical/details/DTXSID5022851,Clothiapine,2058-52-8,C18H18ClN3S,343.090997,17,244,7,Active,0.9907069284650156,-44.01412705879899,1.686853528525329,27.75669369334861,1.443367732811211,Clothiapine,2058-52-8,C18H18ClN3S,343.090997,17,244,7,Inactive,0.1165483070552675,-20.2503424520212,0.8781897482880621,30.64592489641367,1.486372732927398,True
https://comptox.epa.gov/dashboard/chemical/details/DTXSID2046127,Pravadoline,92623-83-1,C23H26N2O3,378.194343,24,244,10,Active,0.9885188429659116,-39.24050229718088,1.5039030462350842,30.436282570225057,1.483391607434028,Pravadoline,92623-83-1,C23H26N2O3,378.194343,24,244,10,Inactive,0.0277419871077044,-20.81268827508293,0.9025768092958198,32.33964073331203,1.5097351909443222,True
https://comptox.epa.gov/dashboard/chemical/details/DTXSID6046139,Guaiactamine,15687-23-7,C13H21NO2,223.157229,2,78,3,Active,0.9999999999999976,-43.504538292955104,1.6673233988782663,4.90422064817e-05,-4.309429998495959,Guaiactamine,15687-23-7,C13H21NO2,223.157229,2,78,3,Inactive,0.0,-8.798528684245609,0.3815628159785382,0.0008670821082014,-3.061939775130017,True
https://comptox.epa.gov/dashboard/chemical/details/DTXSID8046531,Piconol,586-98-1,C6H7NO,109.052764,5,244,2,Active,0.9999999401999684,-37.92052436404359,1.45331452880036,0.0001064270006696,-3.972948176982496,Piconol,586-98-1,C6H7NO,109.052764,5,244,2,Inactive,0.0,-2.2257705467554176,0.0965242380879849,8.98032415754e-05,-4.046707986573924,True
https://comptox.epa.gov/dashboard/chemical/details/DTXSID8046167,Rolicyclidine,2201-39-0,C16H23N,229.183050,21,78,27,Active,0.999970966395708,-35.305883696111906,1.3531077058720231,0.0001346468629452,-3.8708037604955647,Rolicyclidine,2201-39-0,C16H23N,229.183050,21,78,27,Inactive,0.0,-6.202446533257963,0.2689793998653249,0.0002367858086118,-3.6256443299315984,True
https://comptox.epa.gov/dashboard/chemical/details/DTXSID0025234,Eosin,17372-87-1,C20H6Br4Na2O5,687.674414,96,370,26,Active,0.999994584391032,-68.88496594860997,2.640035271346594,9.619244471658948,0.9831409624042364,Eosin,17372-87-1,C20H6Br4Na2O5,687.674414,96,370,26,Inactive,0.0,3.101409516887124,0.1344977769845791,0.0007022462285371,-3.153510584529216,True
https://comptox.epa.gov/dashboard/chemical/details/DTXSID6046210,Flurogestone acetate,2529-45-5,C23H31FO5,406.215552,5,78,6,Active,0.999780729032822,-42.069041166945794,1.6123075765955277,7.554897586156038,0.8782285814389394,Flurogestone acetate,2529-45-5,C23H31FO5,406.215552,5,78,6,Inactive,-4.4852897330805014e-13,2.602351522784811,0.1128552978383506,19.15708812260535,1.2823294969977377,True
https://comptox.epa.gov/dashboard/chemical/details/DTXSID2032552,Flufenacet,142459-58-3,C14H13F4N3O2S,363.066460,122,752,16,Active,0.9999972671165828,-63.85009149990316,2.4470723229246687,25.243586725707857,1.4021510615275448,Flufenacet,142459-58-3,C14H13F4N3O2S,363.066460,122,752,16,Inactive,0.0,1.2994286540118434,0.0563518827046333,38.31417624521075,1.5833594926617194,True
https://comptox.epa.gov/dashboard/chemical/details/DTXSID9046231,Bromebric acid,5711-40-0,C11H9BrO4,283.968422,23,78,29,Active,0.9535729881888616,-38.42394007464422,1.472608074406918,33.509170405942925,1.5251636760423428,Bromebric acid,5711-40-0,C11H9BrO4,283.968422,23,78,29,Inactive,0.0181654815722201,-20.984488821752457,0.9100272254649746,29.52198106077961,1.4701454972870835,True
https://comptox.epa.gov/dashboard/chemical/details/DTXSID4032619,Halofenozide,112226-61-6,C18H19ClN2O2,330.113506,37,360,10,Active,0.927147014386871,-33.53789315745987,1.285348982075447,38.12462214559385,1.5812055480690257,Halofenozide,112226-61-6,C18H19ClN2O2,330.113506,37,360,10,Inactive,0.0,1.6840386046555365,0.0730311322800476,9.76001790586e-05,-4.0105493855698375,True
https://comptox.epa.gov/dashboard/chemical/details/DTXSID6046268,Veralipride,66644-81-3,C17H25N3O5S,383.151492,2,78,3,Active,0.904576296582884,-35.367338373542395,1.3554629732917207,29.8399591126102,1.4747982237208743,Veralipride,66644-81-3,C17H25N3O5S,383.151492,2,78,3,Inactive,1.0777281085472013e-13,-6.142401166286122,0.2663754327555439,0.0120088488618264,-1.920498620983197,True
https://comptox.epa.gov/dashboard/chemical/details/DTXSID8047183,Triethanolamine Laurate,2224-49-9,C18H39NO5,349.282823,23,247,9,Active,0.987113584125955,-36.75782662100977,1.4087538179216708,20.940896205304032,1.320995264195232,Triethanolamine Laurate,2224-49-9,C18H39NO5,349.282823,23,247,9,Inactive,-9.587495958297796e-11,7.568872755558409,0.3282367434415796,0.0041943678192055,-2.377333487354956,True
https://comptox.epa.gov/dashboard/chemical/details/DTXSID6022391,Apigenin,520-36-5,C15H10O5,270.052823,169,424,40,Active,0.9999999181675738,-93.04571018445247,3.566002441196016,34.96981456307165,1.5436933293510449,Apigenin,520-36-5,C15H10O5,270.052823,169,424,40,Inactive,1.8383764269276292e-07,-13.530193687073927,0.5867593309343873,34.90859430939268,1.5429323611039163,True
https://comptox.epa.gov/dashboard/chemical/details/DTXSID0046305,Pinokalant hydrochloride,143482-60-4,C41H49ClN2O9,748.312659,42,244,17,Active,0.9988336291555092,-57.48061608438022,2.202960425279245,30.085329692572625,1.4783547751057358,Pinokalant hydrochloride,143482-60-4,C41H49ClN2O9,748.312659,42,244,17,Inactive,2.6004193938698367e-09,-2.943432818048226,0.127646854946228,19.15708812260535,1.2823294969977377,True
https://comptox.epa.gov/dashboard/chemical/details/DTXSID8046296,Fenoverine,37561-27-6,C26H25N3O3S,459.161663,17,244,7,Active,0.9910089699163076,-50.68459185133111,1.9425009268516655,30.70243179970092,1.4871727753262087,Fenoverine,37561-27-6,C26H25N3O3S,459.161663,17,244,7,Inactive,0.5542513165076715,-25.369612631895528,1.1001954057891137,31.49157839780045,1.498194428571631,True
https://comptox.epa.gov/dashboard/chemical/details/DTXSID9023170,Isobutyl 4-aminobenzoate,94-14-4,C11H15NO2,193.110279,10,244,4,Active,0.9024985589167572,-34.67274126895397,1.3288423481634932,19.15708812260535,1.2823294969977377,Isobutyl 4-aminobenzoate,94-14-4,C11H15NO2,193.110279,10,244,4,Inactive,-9.621608645923586e-09,2.4726842910169755,0.1072320628783887,19.15708812260535,1.2823294969977377,True
https://comptox.epa.gov/dashboard/chemical/details/DTXSID0022721,Calcifediol,19356-17-3,C27H44O2,400.334131,34,78,44,Active,0.9972793107851184,-57.48511271863554,2.203132760024177,35.30266484910774,1.5478074896818892,Calcifediol,19356-17-3,C27H44O2,400.334131,34,78,44,Inactive,0.0262615719452142,-18.50918382014082,0.8026815111170902,36.32955789814521,1.5602601128760858,True
https://comptox.epa.gov/dashboard/chemical/details/DTXSID5022722,Calcitriol,32222-06-3,C27H44O3,416.329045,33,78,42,Active,0.998812253380824,-66.28021105818924,2.5402073235611016,29.38098032238622,1.4680662823153678,Calcitriol,32222-06-3,C27H44O3,416.329045,33,78,42,Inactive,1.01407387842e-05,-11.302259510460164,0.4901412634425199,19.15708812260535,1.2823294969977377,True
https://comptox.epa.gov/dashboard/chemical/details/DTXSID5046354,Tacrolimus,104987-11-3,C44H69NO12,803.481977,12,78,15,Active,0.9999921728241944,-80.1954402178221,3.073512309408201,13.943693547699814,1.1443778293511158,Tacrolimus,104987-11-3,C44H69NO12,803.481977,12,78,15,Inactive,6.8942486956e-06,-14.383608860913258,0.6237690979778266,27.926900490756267,1.4460227375464094,True
https://comptox.epa.gov/dashboard/chemical/details/DTXSID7020897,Misoprostol,59122-46-2,C22H38O5,382.271924,5,78,6,Active,0.999999857002528,-36.07047830262082,1.3824110045187965,4.89242424986e-05,-4.31047588986409,Misoprostol,59122-46-2,C22H38O5,382.271924,5,78,6,Inactive,0.0,-2.948736680059604,0.1278768657352189,5.33702711246e-05,-4.272700590944879,True
https://comptox.epa.gov/dashboard/chemical/details/DTXSID3046322,Dihydroergocristine,17479-19-5,C35H41N5O5,611.310769,12,78,15,Active,0.9991957257230788,-56.04364718863175,2.147888197016345,19.15708812260535,1.2823294969977377,Dihydroergocristine,17479-19-5,C35H41N5O5,611.310769,12,78,15,Inactive,0.0336378415819336,-14.074742288295106,0.6103745858452647,19.15708812260535,1.2823294969977377,True
https://comptox.epa.gov/dashboard/chemical/details/DTXSID9041075,Neostigmine bromide,114-80-7,C12H19BrN2O2,302.062991,5,244,2,Active,0.9999999862340926,-35.72667505052101,1.3692346502962467,4.90421543785e-05,-4.309430459897644,Neostigmine bromide,114-80-7,C12H19BrN2O2,302.062991,5,244,2,Inactive,0.0,-3.7253904858683966,0.1615577485077526,0.102121383075329,-0.9908833119845524,True
https://comptox.epa.gov/dashboard/chemical/details/DTXSID5046358,MK-571 sodium,115103-85-0,C26H26ClN2NaO3S2,536.097107,36,78,46,Active,0.9996643476988344,-77.90750897512159,2.985826715084886,26.836966127097163,1.4287334180270002,MK-571 sodium,115103-85-0,C26H26ClN2NaO3S2,536.097107,36,78,46,Inactive,0.8039061577259992,-26.810650490121017,1.1626884069315362,11.734752200231345,1.0694739231456547,True
https://comptox.epa.gov/dashboard/chemical/details/DTXSID4046363,Chromomycin A3,7059-24-7,C57H82O26,1182.509433,19,78,24,Active,1.0,-123.24462412889456,4.723384126325475,0.4481897454352517,-0.3485380843289185,Chromomycin A3,7059-24-7,C57H82O26,1182.509433,19,78,24,Inactive,0.6544872209790813,-23.758771333774003,1.0303385963311498,0.6404563511497755,-0.1935104632662837,True
https://comptox.epa.gov/dashboard/chemical/details/DTXSID8020674,Griseofulvin,126-07-8,C17H17ClO6,352.071366,62,443,14,Active,0.999999998168625,-66.22033090566167,2.537912400241486,7.026679371110742,0.8467501370388214,Griseofulvin,126-07-8,C17H17ClO6,352.071366,62,443,14,Inactive,9.92533060809e-05,-17.690927368584752,0.7671964604850016,9.42909590386239,0.9744700529931988,True
https://comptox.epa.gov/dashboard/chemical/details/DTXSID4027604,2-[4-(Diethylamino)-2-hydroxybenzoyl]benzoic acid,5809-23-4,C18H19NO4,313.131408,21,326,6,Active,0.9813083428082036,-38.84686282531362,1.4888167051791985,35.789161774833744,1.5537515268105868,2-[4-(Diethylamino)-2-hydroxybenzoyl]benzoic acid,5809-23-4,C18H19NO4,313.131408,21,326,6,Inactive,1.9588436573843354e-09,-1.0989621896431383,0.0476583213833244,38.31470201149425,1.583365452226857,True
https://comptox.epa.gov/dashboard/chemical/details/DTXSID0040757,Ciglitizone,74772-77-3,C18H23NO3S,333.139865,43,244,18,Active,0.9999118624009976,-44.83547576909972,1.718331943813893,4.179012717074893,0.6210736927389953,Ciglitizone,74772-77-3,C18H23NO3S,333.139865,43,244,18,Inactive,0.7717808706345188,-27.94700480604049,1.2119683000013823,13.833261815572872,1.14092459670214,True
https://comptox.epa.gov/dashboard/chemical/details/DTXSID1046390,Sulfisomidine,515-64-0,C12H14N4O2S,278.083747,2,244,1,Active,1.0,-44.85574496566085,1.719108766348482,0.0001156141420534,-3.936989039270753,Sulfisomidine,515-64-0,C12H14N4O2S,278.083747,2,244,1,Inactive,0.0,-3.31774734102526,0.1438796261940523,0.00015742008625,-3.802939853990832,True
https://comptox.epa.gov/dashboard/chemical/details/DTXSID6046391,Nithiamide,140-40-9,C5H5N3O3S,187.005162,2,244,1,Active,0.9999975251117866,-34.90698712293508,1.337819884962135,0.0001338738045501,-3.8733043942522007,Nithiamide,140-40-9,C5H5N3O3S,187.005162,2,244,1,Inactive,0.0,-5.812709012202227,0.2520777846790499,0.0002838539757003,-3.5469050186039355,True
https://comptox.epa.gov/dashboard/chemical/details/DTXSID6046399,Nifuraldezone,3270-71-1,C7H6N4O5,226.033819,30,244,12,Active,0.9559620569458808,-34.02393849293509,1.3039768032764525,36.16183546038876,1.5582504657770078,Nifuraldezone,3270-71-1,C7H6N4O5,226.033819,30,244,12,Inactive,0.8918346092688387,-29.28849707728884,1.2701443413601488,28.859982245658014,1.460296059584394,True
https://comptox.epa.gov/dashboard/chemical/details/DTXSID1046421,4-Hydroxyphenylsulfonic acid,98-67-9,C6H6O4S,173.998680,3,244,1,Active,1.0,-46.81150279979441,1.794063723402202,4.90422615948e-05,-4.309429510441059,4-Hydroxyphenylsulfonic acid,98-67-9,C6H6O4S,173.998680,3,244,1,Inactive,0.0,-11.38104363885669,0.4935578680777039,0.0003857014659743,-3.413748710464131,True
https://comptox.epa.gov/dashboard/chemical/details/DTXSID5023746,Zafirlukast,107753-78-6,C31H33N3O6S,575.209007,45,244,18,Active,0.975861841006992,-46.63337077383551,1.787236764500331,29.705690686202125,1.4728396545992262,Zafirlukast,107753-78-6,C31H33N3O6S,575.209007,45,244,18,Inactive,1.62126311959e-05,-5.287581178948814,0.2293047436405345,19.15708812260535,1.2823294969977377,True
https://comptox.epa.gov/dashboard/chemical/details/DTXSID5046437,Clofarabine,123318-82-1,C10H11ClFN5O3,303.053445,35,244,14,Active,0.9999989757155762,-73.41176536172563,2.8135261042498447,9.725932194567918,0.9879312375098016,Clofarabine,123318-82-1,C10H11ClFN5O3,303.053445,35,244,14,Inactive,0.120162249047453,-20.89126031546353,0.9059842163817888,12.931112961245042,1.1116359055552565,True
https://comptox.epa.gov/dashboard/chemical/details/DTXSID9046445,Levosimendan,141505-33-1,C14H12N6O,280.107259,90,256,35,Active,0.9999999999995448,-99.9060022666066,3.828925022621668,5.330616970091971,0.7267774775443313,Levosimendan,141505-33-1,C14H12N6O,280.107259,90,256,35,Inactive,0.0,4.051578309880995,0.1757034254879295,0.0038164488609822,-2.418340552630481,True
https://comptox.epa.gov/dashboard/chemical/details/DTXSID4046448,Pitavastatin calcium,147526-32-7,C50H46CaF2N2O8,880.284814,81,403,20,Active,0.9999999999829094,-57.9634867722897,2.221466577238897,1.1216019339155767,0.0498387494529501,Pitavastatin calcium,147526-32-7,C50H46CaF2N2O8,880.284814,81,403,20,Inactive,0.835255612454081,-25.781109435342373,1.1180406484113812,2.2058026585304606,0.3435666558172667,True
https://comptox.epa.gov/dashboard/chemical/details/DTXSID3046453,Rimonabant,168273-06-1,C22H21Cl3N4O,462.078094,68,244,28,Active,0.999999853143212,-86.32407304653773,3.308393848654551,16.45718937920426,1.2163556667614952,Rimonabant,168273-06-1,C22H21Cl3N4O,462.078094,68,244,28,Inactive,0.0001827397084123,-17.179822977126406,0.745031569301202,9.182824751991411,0.962976296179206,True
https://comptox.epa.gov/dashboard/chemical/details/DTXSID3046455,Telithromycin,191114-48-4,C43H65N5O10,811.473143,9,78,12,Active,0.9995372856634704,-60.66457493999688,2.3249865243792325,13.878325290848291,1.1423370626012146,Telithromycin,191114-48-4,C43H65N5O10,811.473143,9,78,12,Inactive,0.0,3.069034758337287,0.1330937917863471,0.0313665045895324,-1.503533875374878,True
https://comptox.epa.gov/dashboard/chemical/details/DTXSID8046458,Estramustine,2998-57-4,C23H31Cl2NO3,439.168099,20,244,8,Active,0.999996799150742,-48.44164339194934,1.856539310074531,7.200132700393068,0.8573405006697927,Estramustine,2998-57-4,C23H31Cl2NO3,439.168099,20,244,8,Inactive,-2.1995940929657292e-11,2.2644225509136024,0.0982004464722593,19.15708812260535,1.2823294969977377,True
https://comptox.epa.gov/dashboard/chemical/details/DTXSID3023051,Feprazone,30748-29-9,C20H20N2O2,320.152478,42,244,17,Active,0.9999921181948632,-93.549146223835,3.585296765908732,17.958648989752426,1.2542736620437165,Feprazone,30748-29-9,C20H20N2O2,320.152478,42,244,17,Inactive,0.0003318613973505,-16.325724091084297,0.7079921519420368,29.80701056413867,1.4743184215005474,True
https://comptox.epa.gov/dashboard/chemical/details/DTXSID2046460,Halometasone hydrate,1310709-74-0,C22H29ClF2O6,462.162073,22,256,9,Active,0.9861106630657548,-34.27973442480131,1.3137802527388156,3.4168678735997897,0.5336281854490541,Halometasone hydrate,1310709-74-0,C22H29ClF2O6,462.162073,22,256,9,Inactive,3.537932724296305e-10,-4.961958073251671,0.2151835566084401,19.15708812260535,1.2823294969977377,True
https://comptox.epa.gov/dashboard/chemical/details/DTXSID4022367,Estrone,53-16-7,C18H22O2,270.161980,121,686,18,Active,0.9999999999998886,-76.77928314491757,2.9425871497491785,0.5066139149911517,-0.2953228857636333,Estrone,53-16-7,C18H22O2,270.161980,121,686,18,Inactive,0.0004492697458829,-15.107622972015411,0.6551671729235836,38.3505747126437,1.583771876568172,True
https://comptox.epa.gov/dashboard/chemical/details/DTXSID3042681,Artesunate,88495-63-0,C19H28O8,384.178418,14,78,18,Active,0.9999999989302324,-62.62148310739257,2.3999855682716986,0.9832248353193008,-0.0073471601196623,Artesunate,88495-63-0,C19H28O8,384.178418,14,78,18,Inactive,0.7760576030975879,-30.305160300268792,1.31423363130662,19.15708812260535,1.2823294969977377,True
https://comptox.epa.gov/dashboard/chemical/details/DTXSID6046470,Liranaftate,88678-31-3,C18H20N2O2S,328.124549,20,244,8,Active,0.9951633716913778,-46.617319823302005,1.7866216074052588,27.3905195836505,1.4376002706684203,Liranaftate,88678-31-3,C18H20N2O2S,328.124549,20,244,8,Inactive,0.551222779798864,-28.16650580846108,1.2214873256929937,28.370625960328944,1.4528689180347565,True
https://comptox.epa.gov/dashboard/chemical/details/DTXSID6046472,Ebastine,90729-43-4,C32H39NO2,469.298079,114,244,47,Active,0.9130549187166164,-33.47793304721413,1.2830509943542847,32.34307464327661,1.5097813030514498,Ebastine,90729-43-4,C32H39NO2,469.298079,114,244,47,Inactive,0.8432162712207623,-28.943050943407,1.255163495772992,27.701697577368257,1.442506383717649,True
https://comptox.epa.gov/dashboard/chemical/details/DTXSID7043952,Triclabendazole,68786-66-3,C14H9Cl3N2OS,357.950117,34,78,44,Active,0.9999606658386564,-88.91765394210506,3.4077935500131407,18.673240834140728,1.2712196984654007,Triclabendazole,68786-66-3,C14H9Cl3N2OS,357.950117,34,78,44,Inactive,4.8746978932251365e-12,-2.379469788280008,0.1031896610825019,19.15708812260535,1.2823294969977377,True
https://comptox.epa.gov/dashboard/chemical/details/DTXSID0034192,17beta-Trenbolone,10161-33-8,C18H22O2,270.161980,189,717,26,Active,0.9986179385934112,-74.57802243771911,2.858223227543443,49.59078583848317,1.695400990376466,17beta-Trenbolone,10161-33-8,C18H22O2,270.161980,189,717,26,Inactive,0.2823489664932864,-16.056155545123758,0.6963018640328643,38.09386973180075,1.5808550923197369,True
https://comptox.epa.gov/dashboard/chemical/details/DTXSID5023667,Tibolone,5630-53-5,C21H28O2,312.208930,31,244,13,Active,0.9999963397790604,-34.76636473689344,1.332430493329601,0.093423649931976,-1.0295431694358252,Tibolone,5630-53-5,C21H28O2,312.208930,31,244,13,Inactive,1.9819685023926653e-07,-7.444665889065973,0.3228503062946979,19.15708812260535,1.2823294969977377,True
https://comptox.epa.gov/dashboard/chemical/details/DTXSID0020103,Arsenic oxide (As2O3),1327-53-3,As2O3,197.827934,16,84,19,Active,0.9998685207162492,-91.91731719350558,3.5227564693788485,30.293247781499883,1.4813458371483272,Arsenic oxide (As2O3),1327-53-3,As2O3,197.827934,16,84,19,Inactive,6.10273922537082e-10,-6.465928895415581,0.2804057503011145,19.15708812260535,1.2823294969977377,True
https://comptox.epa.gov/dashboard/chemical/details/DTXSID5024687,4-tert-Butylcatechol,98-29-3,C10H14O2,166.099380,153,464,33,Active,0.9996453417666966,-86.98939932322926,3.333892661250753,58.77402014616001,1.769185397496458,4-tert-Butylcatechol,98-29-3,C10H14O2,166.099380,153,464,33,Inactive,0.0,-6.320747369865199,0.2741097122128085,67.48202353028722,1.8291880969589,True
https://comptox.epa.gov/dashboard/chemical/details/DTXSID9024986,"4,4'-Dichlorodiphenyl sulfone",80-07-9,C12H8Cl2O2S,285.962206,46,510,9,Active,0.9962474834249953,-47.924080081022105,1.8367035537932237,30.26548479555403,1.480947634876613,"4,4'-Dichlorodiphenyl sulfone",80-07-9,C12H8Cl2O2S,285.962206,46,510,9,Inactive,0.0,-5.6317512366269,0.2442302500627944,58.7637702599744,1.7691096521722274,True
https://comptox.epa.gov/dashboard/chemical/details/DTXSID7020342,Colcemid,477-30-5,C21H25NO5,371.173273,9,78,12,Active,0.999999999512006,-47.06796516719497,1.8038927141897652,0.0882293943405327,-1.054386702020773,Colcemid,477-30-5,C21H25NO5,371.173273,9,78,12,Inactive,1.2281510868e-06,-17.532968970815553,0.7603463321029469,0.0587456666920495,-1.2310241631181642,True
https://comptox.epa.gov/dashboard/chemical/details/DTXSID9022312,4-Octylphenol,1806-26-4,C14H22O,206.167065,200,621,32,Active,0.973283263357804,-35.22521886115808,1.35001620388022,17.397474188990312,1.240486200845317,4-Octylphenol,1806-26-4,C14H22O,206.167065,200,621,32,Inactive,0.0,-7.757943342608677,0.3364361036076482,12.763510749812587,1.1059701484884916,True
https://comptox.epa.gov/dashboard/chemical/details/DTXSID6046553,Quinestrol,152-43-2,C25H32O2,364.240230,63,256,25,Active,0.9998987804767252,-38.81502317786556,1.4875964419311505,6.811930119882421,0.8332701841077794,Quinestrol,152-43-2,C25H32O2,364.240230,63,256,25,Inactive,4.0650516236777337e-07,-5.32049703211484,0.2307321943058773,34.69497887766335,1.5402666274274812,True
https://comptox.epa.gov/dashboard/chemical/details/DTXSID6024460,C.I. Solvent Yellow 1,60-09-3,C12H11N3,197.095297,197,638,31,Active,0.9977491178680908,-55.29936906156851,2.1193635330337197,50.58873556468288,1.7040538246122918,C.I. Solvent Yellow 1,60-09-3,C12H11N3,197.095297,197,638,31,Inactive,0.0,6.990760476781277,0.3031659438842687,10.840998381648948,1.035069279589356,True
https://comptox.epa.gov/dashboard/chemical/details/DTXSID0046565,Xenalipin,84392-17-6,C14H9F3O2,266.055464,5,244,2,Active,0.999998254235974,-37.21294439789538,1.426196331931059,0.0001443505064527,-3.840581688061314,Xenalipin,84392-17-6,C14H9F3O2,266.055464,5,244,2,Inactive,0.0,-6.376037123600211,0.276507444252674,4.90421635412e-05,-4.309430378756808,True
https://comptox.epa.gov/dashboard/chemical/details/DTXSID5039721,Polyoxyethylene (9) lauryl ether,3055-99-0,C30H62O10,582.434298,116,244,48,Active,0.9999999781626108,-70.62307718355393,2.70664886260828,5.083664379188931,0.7061768709383052,Polyoxyethylene (9) lauryl ether,3055-99-0,C30H62O10,582.434298,116,244,48,Inactive,0.8995764985569755,-36.17944127651983,1.5689815865142789,6.348004632946716,0.8026372350428703,True
https://comptox.epa.gov/dashboard/chemical/details/DTXSID3024491,2-Amino-6-nitrobenzothiazole,6285-57-0,C7H5N3O2S,195.010248,29,328,9,Active,0.9907175565080718,-46.273350872216135,1.7734389027234818,40.84928200720248,1.611184427501228,2-Amino-6-nitrobenzothiazole,6285-57-0,C7H5N3O2S,195.010248,29,328,9,Inactive,0.0,2.212002888629561,0.0959271807170931,0.601098045793014,-0.2210546839473541,True
https://comptox.epa.gov/dashboard/chemical/details/DTXSID7031458,Indole-3-carbinol,700-06-1,C9H9NO,147.068414,92,466,20,Active,0.9999782479759874,-71.0352770056225,2.722446534191883,29.14925162500269,1.4646274092046765,Indole-3-carbinol,700-06-1,C9H9NO,147.068414,92,466,20,Inactive,0.5380612162986219,-23.92007863106815,1.037333955305617,26.197128475442952,1.4182536899603844,True
https://comptox.epa.gov/dashboard/chemical/details/DTXSID8041115,Rifapentine,61379-65-5,C47H64N4O12,876.452074,37,78,47,Active,0.9999997168737572,-93.58197199567168,3.5865548226452724,16.7877874151419,1.2249934610746347,Rifapentine,61379-65-5,C47H64N4O12,876.452074,37,78,47,Inactive,0.0054523464341651,-15.56350882343022,0.6749374203675768,35.36870063701303,1.548619105148629,True
https://comptox.epa.gov/dashboard/chemical/details/DTXSID2046624,Nilvadipine,75530-68-6,C19H19N3O6,385.127385,14,78,18,Active,0.9996311864953632,-78.21881341803567,2.997757543504445,29.863488128421324,1.4751405330089518,Nilvadipine,75530-68-6,C19H19N3O6,385.127385,14,78,18,Inactive,0.0,2.905890130364286,0.1260187539140933,5.11672738545e-05,-4.291007721223611,True
https://comptox.epa.gov/dashboard/chemical/details/DTXSID3020120,Azelnidipine,123524-52-7,C33H34N4O6,582.247835,135,244,55,Active,0.9989165395493712,-59.305924894593495,2.272915887602588,22.305781864222475,1.3484174507727136,Azelnidipine,123524-52-7,C33H34N4O6,582.247835,135,244,55,Inactive,1.06004424217e-05,-5.241015350711523,0.2272853391255036,19.15708812260535,1.2823294969977377,True
https://comptox.epa.gov/dashboard/chemical/details/DTXSID7046627,Bosentan,147536-97-8,C27H29N5O6S,551.183855,21,345,6,Active,0.9543740473485282,-39.020893360191934,1.495486473307019,19.15708812260535,1.2823294969977377,Bosentan,147536-97-8,C27H29N5O6S,551.183855,21,345,6,Inactive,-3.1188108200209107e-16,2.051982450552802,0.0889876285308263,19.157088122605355,1.2823294969977377,True
https://comptox.epa.gov/dashboard/chemical/details/DTXSID1046633,Prosultiamine,59-58-5,C15H24N4O2S2,356.134068,38,244,16,Active,0.999762923142417,-58.40420701994734,2.238357301979631,36.41748135311631,1.5613099065256892,Prosultiamine,59-58-5,C15H24N4O2S2,356.134068,38,244,16,Inactive,0.775653155665788,-29.81107195464693,1.2928066692242866,30.03772784141606,1.4776670780240069,True
https://comptox.epa.gov/dashboard/chemical/details/DTXSID6022898,Desogestrel,54024-22-5,C22H30O,310.229666,29,78,37,Active,0.9959900836575512,-51.51083442037796,1.9741669006230549,6.173873145257265,0.7905577017769867,Desogestrel,54024-22-5,C22H30O,310.229666,29,78,37,Inactive,-1.2760217936739741e-13,3.3937443835036376,0.1471753642173894,19.15708812260535,1.2823294969977377,True
https://comptox.epa.gov/dashboard/chemical/details/DTXSID3022796,Chlormadinone,1961-77-9,C21H27ClO3,362.164872,20,78,26,Active,0.9999999999808142,-48.5864199002463,1.8620879095853664,0.5566024221288,-0.2544549081081859,Chlormadinone,1961-77-9,C21H27ClO3,362.164872,20,78,26,Inactive,3.8334706008516336e-11,-4.869793707377547,0.2111866957425121,19.15708812260535,1.2823294969977377,True
https://comptox.epa.gov/dashboard/chemical/details/DTXSID6046636,Halobetasol propionate,66852-54-8,C25H31ClF2O5,484.182808,12,78,15,Active,0.9993997074930108,-58.87240478496005,2.256301110132505,13.317172744373067,1.1244120332541847,Halobetasol propionate,66852-54-8,C25H31ClF2O5,484.182808,12,78,15,Inactive,0.0002241000342421,-12.75826812479764,0.5532834962990638,34.77791585051671,1.5413035523147476,True
https://comptox.epa.gov/dashboard/chemical/details/DTXSID4023094,Gestrinone,16320-04-0,C21H24O2,308.177630,54,256,21,Active,0.9999999999999912,-47.51792887359524,1.821137697029835,0.0195446354405742,-1.7089724259031849,Gestrinone,16320-04-0,C21H24O2,308.177630,54,256,21,Inactive,1.4387559003e-05,-10.131772596039148,0.4393811535241186,31.94711784888483,1.504431683815683,True
https://comptox.epa.gov/dashboard/chemical/details/DTXSID0046648,Calcipotriene,112965-21-6,C27H40O3,412.297745,95,244,39,Active,0.960950781744724,-37.62452912799123,1.441970429945586,19.33501564819689,1.286344527892033,Calcipotriene,112965-21-6,C27H40O3,412.297745,95,244,39,Inactive,-7.9331984753e-06,10.969147454015028,0.47569530561764,0.0022830004797875,-2.6414939972399245,True
https://comptox.epa.gov/dashboard/chemical/details/DTXSID9046651,Anethole trithione,532-11-6,C10H8OS3,239.973728,30,244,12,Active,0.999471447082168,-59.94818306510868,2.297530608683173,19.15708812260535,1.2823294969977377,Anethole trithione,532-11-6,C10H8OS3,239.973728,30,244,12,Inactive,0.0003255342447119,-13.924441540665184,0.6038565441854086,31.499479237101724,1.498303373906343,True
https://comptox.epa.gov/dashboard/chemical/details/DTXSID3046665,Lercanidipine hydrochloride,132866-11-6,C36H42ClN3O6,647.276214,50,244,20,Active,0.9999979926138192,-98.71304339478588,3.7832045456568952,20.272533184704105,1.3069080200003813,Lercanidipine hydrochloride,132866-11-6,C36H42ClN3O6,647.276214,50,244,20,Inactive,0.0494305777779858,-20.350007150021938,0.8825118735191709,31.85869078178361,1.5032279247002125,True
https://comptox.epa.gov/dashboard/chemical/details/DTXSID9020796,Manidipine dihydrochloride,89226-75-5,C35H40Cl2N4O6,682.232490,67,256,26,Active,0.999999921888733,-81.2294497064243,3.113141007531582,8.756505709463706,0.9423308351808896,Manidipine dihydrochloride,89226-75-5,C35H40Cl2N4O6,682.232490,67,256,26,Inactive,0.0626217958203476,-20.116026608139517,0.8723649185396751,33.906363725604,1.530281216537658,True
https://comptox.epa.gov/dashboard/chemical/details/DTXSID9022609,Androstenediol,521-17-5,C19H30O2,290.224580,11,244,5,Active,0.999998959827,-37.02640121861481,1.419047013264091,0.7602086346058727,-0.1190672018989405,Androstenediol,521-17-5,C19H30O2,290.224580,11,244,5,Inactive,-3.769501383018779e-11,8.190661768852834,0.3552016571642516,3.8012854853489815,0.5799304873499705,True
https://comptox.epa.gov/dashboard/chemical/details/DTXSID9048649,Aranidipine,86780-90-7,C19H20N2O7,388.127051,29,256,11,Active,0.9999999999998352,-49.873994165636574,1.911434547538914,0.0001273807018225,-3.8948963626351367,Aranidipine,86780-90-7,C19H20N2O7,388.127051,29,256,11,Inactive,0.0001326962088753,-17.75151640490517,0.7698240047194417,4.90421456317e-05,-4.309430537355377,True
https://comptox.epa.gov/dashboard/chemical/details/DTXSID6023024,Ethylestrenol,965-90-2,C20H32O,288.245316,60,271,22,Active,0.999999999999809,-98.23217156931516,3.764775000650128,1.7578781683821534,0.2449887725393291,Ethylestrenol,965-90-2,C20H32O,288.245316,60,271,22,Inactive,0.5327154629616413,-24.830657224311487,1.07682270901393,19.15708812260535,1.2823294969977377,True
https://comptox.epa.gov/dashboard/chemical/details/DTXSID2022048,Flavone,525-82-6,C15H10O2,222.068080,70,373,19,Active,0.9990830185040772,-64.82080874869135,2.484275328544461,44.80100213811964,1.6512877286898349,Flavone,525-82-6,C15H10O2,222.068080,70,373,19,Inactive,0.0,-11.572899751197006,0.5018780271763889,57.83808496376519,1.762213904904766,True
https://comptox.epa.gov/dashboard/chemical/details/DTXSID9032589,Bromadiolone,28772-56-7,C30H23BrO4,526.077972,210,489,43,Active,0.9970032056872784,-55.64035551168114,2.132431932545163,19.15708812260535,1.2823294969977377,Bromadiolone,28772-56-7,C30H23BrO4,526.077972,210,489,43,Inactive,0.5334839271780045,-24.54323829711393,1.06435830966232,28.62552890309286,1.4567535197172945,True
https://comptox.epa.gov/dashboard/chemical/details/DTXSID0046723,Flavin adenine dinucleotide disodium,84366-81-4,C27H31N9Na2O15P2,829.121024,5,78,6,Active,0.99501737119068,-46.50470728456424,1.7823057008766068,16.26371867521525,1.2112198534030805,Flavin adenine dinucleotide disodium,84366-81-4,C27H31N9Na2O15P2,829.121024,5,78,6,Inactive,-5.359056083769005e-09,8.040315312324058,0.3486816332620469,3.8013401473011705,0.5799367323988138,True
https://comptox.epa.gov/dashboard/chemical/details/DTXSID4046735,Piroctone olamine,68890-66-4,C17H32N2O3,312.241293,31,78,40,Active,0.9999999921442312,-61.53818331696294,2.3584678057702235,3.428663048281194,0.5351248069398187,Piroctone olamine,68890-66-4,C17H32N2O3,312.241293,31,78,40,Inactive,0.1319091960751611,-21.82853103841533,0.9466305186464036,29.774862465296938,1.4738497640859465,True
https://comptox.epa.gov/dashboard/chemical/details/DTXSID2046755,Pirarubicin,72496-41-4,C32H37NO12,627.231576,101,244,41,Active,0.9999855714365516,-78.8077322648392,3.0203280203292726,13.209794809899778,1.1208960716932277,Pirarubicin,72496-41-4,C32H37NO12,627.231576,101,244,41,Inactive,5.4824516921236705e-09,-5.410307447135553,0.2346269721817357,19.15708812260535,1.2823294969977377,True
https://comptox.epa.gov/dashboard/chemical/details/DTXSID6046763,Triazolam,28911-01-5,C17H12Cl2N4,342.043902,4,78,5,Active,0.9810506104568256,-39.2824923939102,1.5055123282443883,31.63382161046689,1.5001516612195849,Triazolam,28911-01-5,C17H12Cl2N4,342.043902,4,78,5,Inactive,0.0,5.868438740215198,0.2544945969345379,5.175459597188189,0.7139489225656486,True
https://comptox.epa.gov/dashboard/chemical/details/DTXSID1046764,alpha-Ethyltryptamine,2235-90-7,C12H16N2,188.131349,2,78,3,Active,0.989603866117124,-38.91492587860892,1.4914252404219852,19.15708812260535,1.2823294969977377,alpha-Ethyltryptamine,2235-90-7,C12H16N2,188.131349,2,78,3,Inactive,0.0012007239730403,-12.860880978987204,0.5577334732219409,35.92630117435967,1.5554125063152693,True
https://comptox.epa.gov/dashboard/chemical/details/DTXSID4046787,Diclazuril,101831-37-2,C17H9Cl3N4O2,405.979109,24,78,31,Active,0.9748654455595824,-46.54411332943432,1.7838159483874916,31.654805562020652,1.5004396502346549,Diclazuril,101831-37-2,C17H9Cl3N4O2,405.979109,24,78,31,Inactive,0.4081244806630186,-24.289224257651533,1.053342568772721,32.03964485908377,1.5056876935359509,True
https://comptox.epa.gov/dashboard/chemical/details/DTXSID6022892,Delavirdine,136817-59-9,C22H28N6O3S,456.194360,11,244,5,Active,0.9906078116502536,-43.29319803186065,1.659223725228704,33.81651540258283,1.529128854018736,Delavirdine,136817-59-9,C22H28N6O3S,456.194360,11,244,5,Inactive,0.0080074855142807,-15.804256465366022,0.685377841885063,19.15708812260535,1.2823294969977377,True
https://comptox.epa.gov/dashboard/chemical/details/DTXSID9046782,Etonogestrel,54048-10-1,C22H28O2,324.208930,14,93,15,Active,0.9999979110001338,-42.360681818250605,1.6234847847918354,0.1502698837460694,-0.8231280495757842,Etonogestrel,54048-10-1,C22H28O2,324.208930,14,93,15,Inactive,0.042877238742781,-19.784627817106237,0.8579932593161327,28.21801623984043,1.450526479071996,True
https://comptox.epa.gov/dashboard/chemical/details/DTXSID8020383,Deserpidine,131-01-1,C32H38N2O8,578.262816,28,78,36,Active,1.0,-93.74213903955962,3.592693268666817,2.282326917547789,0.3583778523162665,Deserpidine,131-01-1,C32H38N2O8,578.262816,28,78,36,Inactive,0.787670564157378,-26.38894962490498,1.1444006482156353,2.7353627470874784,0.4370149279681783,True
https://comptox.epa.gov/dashboard/chemical/details/DTXSID3047849,"2'-Deoxy-2',2'-difluorocytidine monohydrochloride",122111-03-9,C9H12ClF2N3O4,299.048440,28,244,11,Active,0.9999999999212944,-59.8950996785664,2.295496173289844,0.6152760109564864,-0.2109300173227002,"2'-Deoxy-2',2'-difluorocytidine monohydrochloride",122111-03-9,C9H12ClF2N3O4,299.048440,28,244,11,Inactive,1.6894350415592893e-07,-13.455566148942534,0.583522983742618,9.009757096036545,0.9547130825136928,True
https://comptox.epa.gov/dashboard/chemical/details/DTXSID0022569,Alfacalcidol,41294-56-8,C27H44O2,400.334131,20,78,26,Active,0.9999999974653314,-75.0356028799099,2.875760123878172,8.913797951268382,0.9500627857246128,Alfacalcidol,41294-56-8,C27H44O2,400.334131,20,78,26,Inactive,0.1824892503468658,-19.96588557409971,0.8658538031250336,3.801254732466292,0.5799269738382042,True
https://comptox.epa.gov/dashboard/chemical/details/DTXSID0046804,Pimobendan hydrochloride,77469-98-8,C19H19ClN4O2,370.119654,43,244,18,Active,0.998846117225089,-57.13037337656982,2.189537277144989,17.76812435561638,1.2496415850929274,Pimobendan hydrochloride,77469-98-8,C19H19ClN4O2,370.119654,43,244,18,Inactive,0.725402063229511,-27.852051567204505,1.2078504950254876,19.15708812260535,1.2823294969977377,True
https://comptox.epa.gov/dashboard/chemical/details/DTXSID5046807,Zeaxanthin,144-68-3,C40H56O2,568.428031,30,78,38,Active,0.9997283102169996,-73.05109910539305,2.799703470750789,32.24731189865495,1.5084935181577253,Zeaxanthin,144-68-3,C40H56O2,568.428031,30,78,38,Inactive,0.0009168990505225,-14.857862656259812,0.6443359018304933,25.931817742605237,1.4138329605762854,True
https://comptox.epa.gov/dashboard/chemical/details/DTXSID9020827,Methoxychlor,72-43-5,C16H15Cl3O2,344.013763,233,840,28,Active,0.9999999996332096,-120.59982841547932,4.622021602982841,22.24204974800537,1.347174807785389,Methoxychlor,72-43-5,C16H15Cl3O2,344.013763,233,840,28,Inactive,0.00184293246596,-21.64761004917323,0.9387845793306124,55.416142379493415,1.7436362904536145,True
https://comptox.epa.gov/dashboard/chemical/details/DTXSID3046823,Clobetasone butyrate,25122-57-0,C26H32ClFO5,478.192230,27,259,10,Active,0.9999993024909816,-64.19651704270316,2.460349177159738,4.714797600866827,0.673463053867965,Clobetasone butyrate,25122-57-0,C26H32ClFO5,478.192230,27,259,10,Inactive,6.481007656592969e-07,-11.743197901158442,0.5092632894159234,7.698528498867095,0.886407721809644,True
https://comptox.epa.gov/dashboard/chemical/details/DTXSID2025680,Mono(2-ethylhexyl) phthalate,4376-20-9,C16H22O4,278.151809,82,757,11,Active,0.9633490007697276,-38.90552166589817,1.4910648213825952,52.4373409159446,1.7196406606150691,Mono(2-ethylhexyl) phthalate,4376-20-9,C16H22O4,278.151809,82,757,11,Inactive,0.0,-0.7596042328726085,0.0329414997126807,0.0020487645357276,-2.6885079521455912,True
https://comptox.epa.gov/dashboard/chemical/details/DTXSID8024109,Flutolanil,66332-96-5,C17H16F3NO2,323.113313,95,683,14,Active,0.9902157428060558,-43.0908590309536,1.651469027352216,39.71973215492036,1.599006311222329,Flutolanil,66332-96-5,C17H16F3NO2,323.113313,95,683,14,Inactive,0.0,-12.127365363250448,0.5259233497400573,40.2448903552986,1.60471074852092,True
https://comptox.epa.gov/dashboard/chemical/details/DTXSID7020182,Bisphenol A,80-05-7,C15H16O2,228.115030,236,981,24,Active,0.999990833267728,-86.11908356443925,3.3005375703572115,38.8891955172414,1.5898289591917751,Bisphenol A,80-05-7,C15H16O2,228.115030,236,981,24,Inactive,0.0,-12.896275201167144,0.5592684024776163,56.598445144220726,1.7528045005423287,True
https://comptox.epa.gov/dashboard/chemical/details/DTXSID0046852,Cambendazole,26097-80-3,C14H14N4O2S,302.083747,20,78,26,Active,0.9999974131657792,-46.61547568320518,1.7865509302286957,4.680260924211117,0.6702700656352972,Cambendazole,26097-80-3,C14H14N4O2S,302.083747,20,78,26,Inactive,2.6124387882719364e-15,-13.461305071828091,0.5837718616693125,2.3811917278813657,0.3767943651691006,True
https://comptox.epa.gov/dashboard/chemical/details/DTXSID5046855,Carbomycin A,4564-87-8,C42H67NO16,841.445985,15,78,19,Active,0.983786835189476,-38.3803138581514,1.470936087657554,5.736357709890703,0.7586362253982066,Carbomycin A,4564-87-8,C42H67NO16,841.445985,15,78,19,Inactive,0.0,-13.384015405948324,0.5804200668843583,5.440930924962475,0.7356732123793362,True
https://comptox.epa.gov/dashboard/chemical/details/DTXSID7047853,Vinrosidine sulfate (1:x),18556-44-0,, ,63,259,24,Active,0.9999999999997956,-45.81884746153799,1.756019934468017,0.0584183535938107,-1.2334506869242403,Vinrosidine sulfate (1:x),18556-44-0,, ,63,259,24,Inactive,6.537952314100887e-13,-14.516566580283374,0.6295350304001173,0.0284033692787351,-1.5466301397990367,True
https://comptox.epa.gov/dashboard/chemical/details/DTXSID4040979,Dasatinib,302962-49-8,C22H26ClN7O2S,487.155722,89,256,35,Active,0.9999688993749536,-58.69722716045303,2.249587379479081,6.365080307053741,0.8038038874382648,Dasatinib,302962-49-8,C22H26ClN7O2S,487.155722,89,256,35,Inactive,0.0013734793593656,-16.783528721872944,0.7278456104418096,19.15708812260535,1.2823294969977377,True
https://comptox.epa.gov/dashboard/chemical/details/DTXSID4046862,Epothilone B,152044-54-7,C27H41NO6S,507.265459,15,78,19,Active,0.9999999941664232,-38.73235863308696,1.48442830051016,0.0216898624802802,-1.6637432015240623,Epothilone B,152044-54-7,C27H41NO6S,507.265459,15,78,19,Inactive,3.877389615461622e-07,-16.123254471207574,0.6992117204536906,0.0218592100258405,-1.6603655371538155,True
https://comptox.epa.gov/dashboard/chemical/details/DTXSID2046880,Trabectedin,114899-77-3,C39H43N3O11S,761.261830,28,78,36,Active,1.0,-110.74847350290956,4.244465715691841,0.0182309621913056,-1.739190409603547,Trabectedin,114899-77-3,C39H43N3O11S,761.261830,28,78,36,Inactive,0.625075317786426,-23.1152807669952,1.0024325586824476,0.0340445485539353,-1.467952420388111,True
https://comptox.epa.gov/dashboard/chemical/details/DTXSID6023492,Plicamycin,18378-89-7,C52H76O24,1084.472653,37,93,40,Active,1.0,-115.6434177247169,4.43206579967078,0.1627691431727,-0.7884279226653816,Plicamycin,18378-89-7,C52H76O24,1084.472653,37,93,40,Inactive,3.172439682934572e-07,-15.80997193812101,0.6856257028578807,0.2481447428194429,-0.6052949213076477,True
https://comptox.epa.gov/dashboard/chemical/details/DTXSID0040464,Docetaxel,114977-28-5,C43H53NO14,807.346605,39,259,15,Active,0.9999999814338684,-34.75040941645075,1.3318190012840685,0.0039146542986418,-2.407306584262809,Docetaxel,114977-28-5,C43H53NO14,807.346605,39,259,15,Inactive,0.6455832743644733,-24.70054712198273,1.0711802682362224,0.3347520685224053,-0.475276730686108,True
https://comptox.epa.gov/dashboard/chemical/details/DTXSID6046898,Febantel,58306-30-2,C20H22N4O6S,446.126006,16,78,21,Active,0.9996439262908418,-61.757054183189766,2.366856091933275,19.15708812260535,1.2823294969977377,Febantel,58306-30-2,C20H22N4O6S,446.126006,16,78,21,Inactive,0.0042780545583482,-16.252060453955167,0.7047976059188431,19.15708812260535,1.2823294969977377,True
https://comptox.epa.gov/dashboard/chemical/details/DTXSID1046920,Tenovin-1,380315-80-0,C20H23N3O2S,369.151098,18,78,23,Active,0.9999999994737327,-48.0699058939365,1.8422923681922023,0.3756538485284231,-0.4252121575067846,Tenovin-1,380315-80-0,C20H23N3O2S,369.151098,18,78,23,Inactive,2.2122125345403376e-16,-9.398450822586389,0.4075794363349677,0.1804819367566871,-0.7435662572455719,True
https://comptox.epa.gov/dashboard/chemical/details/DTXSID2046919,Vatalanib,212141-54-3,C20H15ClN4,346.098524,47,259,18,Active,0.995810995827724,-46.37676338362069,1.7774022156735123,25.176673298162477,1.4009983443699978,Vatalanib,212141-54-3,C20H15ClN4,346.098524,47,259,18,Inactive,-3.157372606651227e-10,6.460681288988828,0.2801781791290248,3.801450339997695,0.5799493214817643,True
https://comptox.epa.gov/dashboard/chemical/details/DTXSID1046922,Norgestimate,35189-28-7,C23H31NO3,369.230394,94,244,39,Active,0.9999995257176306,-37.67674110244052,1.443971468230712,0.1361611231637838,-0.8659468748430523,Norgestimate,35189-28-7,C23H31NO3,369.230394,94,244,39,Inactive,3.5960274053e-06,-5.725801421783633,0.2483088926153796,35.09346429798352,1.5452262422887846,True
https://comptox.epa.gov/dashboard/chemical/details/DTXSID3047843,Diphenoxylate hydrochloride,3810-80-8,C30H33ClN2O2,488.223056,58,256,23,Active,0.9915779982777236,-51.10975009377857,1.9587952334613603,12.800461145026343,1.107225615673867,Diphenoxylate hydrochloride,3810-80-8,C30H33ClN2O2,488.223056,58,256,23,Inactive,0.8597414805244755,-28.45657412843792,1.2340666203646933,17.151102541420194,1.2342920434612414,True
https://comptox.epa.gov/dashboard/chemical/details/DTXSID6048919,Etonitazene,911-65-9,C22H28N4O3,396.216141,63,256,25,Active,0.999998854790464,-87.86435642864512,3.36742563303064,41.69953540869268,1.6201312163510933,Etonitazene,911-65-9,C22H28N4O3,396.216141,63,256,25,Inactive,0.0001887911766089,-12.660643799954885,0.5490498552402236,39.84674329501915,1.6003928319604994,True
https://comptox.epa.gov/dashboard/chemical/details/DTXSID5048928,Sufentanil citrate,60561-17-3,C28H38N2O9S,578.229802,35,244,14,Active,0.9877707492505372,-38.03774122393933,1.4578068972041147,60.33606584881063,1.7805769890366094,Sufentanil citrate,60561-17-3,C28H38N2O9S,578.229802,35,244,14,Inactive,1.22993600104e-05,-10.744610740115274,0.4659578979304247,67.39631121722962,1.828636127071778,True
https://comptox.epa.gov/dashboard/chemical/details/DTXSID4020614,Ethynodiol diacetate,297-76-7,C24H32O4,384.230060,69,247,28,Active,0.9999596629403052,-37.43741500148184,1.4347992295689966,1.5903514518848882,0.2014931096964025,Ethynodiol diacetate,297-76-7,C24H32O4,384.230060,69,247,28,Inactive,1.0260257120840544e-11,-6.5152603849764255,0.2825450923148487,0.0844112883742753,-1.0735994710184558,True
https://comptox.epa.gov/dashboard/chemical/details/DTXSID1048596,Deferasirox,201530-41-8,C21H15N3O4,373.106256,33,244,14,Active,0.9999659170640196,-50.36139130333464,1.930114176932013,9.052340359945434,0.9567608746758908,Deferasirox,201530-41-8,C21H15N3O4,373.106256,33,244,14,Inactive,3.487339263729128e-12,-2.85414421950404,0.1237747065089216,19.15708812260535,1.2823294969977377,True
https://comptox.epa.gov/dashboard/chemical/details/DTXSID7048667,Estramustine phosphate,4891-15-0,C23H32Cl2NO6P,519.134430,17,78,22,Active,0.9999034865073352,-53.11017518685346,2.03546207550269,13.36987126533899,1.126127225584941,Estramustine phosphate,4891-15-0,C23H32Cl2NO6P,519.134430,17,78,22,Inactive,0.0,-3.246530716401848,0.1407911989341115,0.0001051489592907,-3.978195021375408,True
https://comptox.epa.gov/dashboard/chemical/details/DTXSID2048614,Pinaverium bromide,53251-94-8,C26H41Br2NO4,589.140235,8,78,10,Active,0.9991175756211268,-52.46284300623824,2.01065289158908,28.1220287850934,1.4490466484384112,Pinaverium bromide,53251-94-8,C26H41Br2NO4,589.140235,8,78,10,Inactive,0.4488263496775693,-25.96016621588446,1.1258057432193376,30.762934653945536,1.488027762963651,True
https://comptox.epa.gov/dashboard/chemical/details/DTXSID1048623,Tocophersolan,9002-96-4,(C2H4)nC33H54O6, ,51,244,21,Active,0.9996891001377478,-78.85593150006223,3.0221752692795825,28.423986649646164,1.4536849904992013,Tocophersolan,9002-96-4,(C2H4)nC33H54O6, ,51,244,21,Inactive,1.61897626409557e-07,-5.7156066931187,0.2478667812673205,19.15708812260535,1.2823294969977377,True
https://comptox.epa.gov/dashboard/chemical/details/DTXSID3048607,Luliconazole,187164-19-8,C14H9Cl2N3S2,352.961495,45,256,18,Active,0.9999871392791816,-78.37002873268548,3.003552912040174,19.15708812260535,1.2823294969977377,Luliconazole,187164-19-8,C14H9Cl2N3S2,352.961495,45,256,18,Inactive,0.0341062900812786,-16.626961625334406,0.7210558181494009,19.15708812260535,1.2823294969977377,True
https://comptox.epa.gov/dashboard/chemical/details/DTXSID1034214,1-Hydroxyvitamin D2,54573-75-0,C28H44O2,412.334131,23,78,29,Active,0.9999999791948524,-91.4787494810521,3.505948241142012,10.85104447031114,1.0354715433330155,1-Hydroxyvitamin D2,54573-75-0,C28H44O2,412.334131,23,78,29,Inactive,0.8036985144408952,-26.90157212057581,1.1666313745110828,9.868318189647969,0.99424314424093,True
https://comptox.epa.gov/dashboard/chemical/details/DTXSID9048641,Sultamicillin tosylate,83105-70-8,C32H38N4O12S3,766.164836,5,78,6,Active,0.999999999423804,-92.16426961371384,3.5322209888239278,6.636253376291759,0.8219229593029911,Sultamicillin tosylate,83105-70-8,C32H38N4O12S3,766.164836,5,78,6,Inactive,0.0,-4.321680799111027,0.1874168687341806,9.13651270365e-05,-4.039219537587656,True
https://comptox.epa.gov/dashboard/chemical/details/DTXSID4048648,Maxacalcitol,103909-75-7,C26H42O4,418.308310,15,78,19,Active,0.9809623820663964,-37.416149006188775,1.4339842044487714,14.559811121110364,1.1631557410764977,Maxacalcitol,103909-75-7,C26H42O4,418.308310,15,78,19,Inactive,0.752028227450984,-27.28116266000941,1.1830929489791455,29.96595271046979,1.4766280898190047,True
https://comptox.epa.gov/dashboard/chemical/details/DTXSID8045488,Clorsulon,60200-06-8,C8H8Cl3N3O4S2,378.902181,1,244,0,Active,0.9837114650999004,-41.645070410456846,1.5960587807118896,24.3810059223186,1.387051619965704,Clorsulon,60200-06-8,C8H8Cl3N3O4S2,378.902181,1,244,0,Inactive,2.579465210842048e-15,-3.849143232517379,0.1669244919930599,0.0034995459982492,-2.4559882937194946,True
https://comptox.epa.gov/dashboard/chemical/details/DTXSID8048654,Barnidipine hydrochloride,104757-53-1,C27H30ClN3O6,527.182313,14,78,18,Active,0.999817535730808,-82.06757859811913,3.1452625278885744,29.83774736256008,1.474766032442111,Barnidipine hydrochloride,104757-53-1,C27H30ClN3O6,527.182313,14,78,18,Inactive,2.269409141e-06,-10.494273870909382,0.4551016236389645,19.15708812260535,1.2823294969977377,True
https://comptox.epa.gov/dashboard/chemical/details/DTXSID3048657,Bazedoxifene acetate,198481-33-3,C32H38N2O5,530.278072,105,244,43,Active,0.9994965775417548,-79.82779377982455,3.059422158526475,31.40721367689613,1.4970294092280438,Bazedoxifene acetate,198481-33-3,C32H38N2O5,530.278072,105,244,43,Inactive,0.8378220797631619,-34.124435808084506,1.4798628597899472,31.932576675510173,1.5042339636633526,True
https://comptox.epa.gov/dashboard/chemical/details/DTXSID2048664,Noristerat,3836-23-5,C27H38O3,410.282095,26,78,33,Active,0.9999988479776464,-45.41627218948962,1.740591126411807,2.182823082070545,0.339018537544161,Noristerat,3836-23-5,C27H38O3,410.282095,26,78,33,Inactive,8.9487143687146e-08,-15.712664890864406,0.6814058210687507,3.9794216644428415,0.5998199599652476,True
https://comptox.epa.gov/dashboard/chemical/details/DTXSID7022671,Betamethasone butyrate propionate,5534-02-1,C29H39FO7,518.267982,12,78,15,Active,0.98956748688396,-56.62841804558806,2.1702997009890983,27.48766215019657,1.439137804287097,Betamethasone butyrate propionate,5534-02-1,C29H39FO7,518.267982,12,78,15,Inactive,4.6442182506e-05,-10.60516439041218,0.4599105752722726,32.37534421606396,1.5102143945516235,True
https://comptox.epa.gov/dashboard/chemical/details/DTXSID3023001,Estradiol enanthate,4956-37-0,C25H36O3,384.266445,12,78,15,Active,0.9999999995018696,-54.38054424178343,2.084149319031916,0.770396358792525,-0.113285778531563,Estradiol enanthate,4956-37-0,C25H36O3,384.266445,12,78,15,Inactive,1.630345933062649e-08,-6.121109576653883,0.2654520875931552,19.15708812260535,1.2823294969977377,True
https://comptox.epa.gov/dashboard/chemical/details/DTXSID6034186,Spironolactone,52-01-7,C24H32O4S,416.202131,219,692,32,Active,0.9999999504588708,-73.6603995662659,2.8230550785421338,8.52977634363625,0.9309376438289474,Spironolactone,52-01-7,C24H32O4S,416.202131,219,692,32,Inactive,0.0,4.4462614537950005,0.1928195158270727,0.0006831823127314,-3.165463385853265,True
https://comptox.epa.gov/dashboard/chemical/details/DTXSID8046905,Sodium dibunate,14992-59-7,C18H23NaO3S,342.126560,8,78,10,Active,0.931620579117748,-33.8415852617988,1.2969880655248367,62.375921615053926,1.7950169754551009,Sodium dibunate,14992-59-7,C18H23NaO3S,342.126560,8,78,10,Inactive,-1.1865162785791546e-13,7.910121673073014,0.3430355697669,3.801257835596689,0.5799273283716289,True
https://comptox.epa.gov/dashboard/chemical/details/DTXSID6048678,D-Asparagine hydrate,5794-24-1,C4H10N2O4,150.064057,3,78,4,Active,0.9999999938517286,-39.172953402684286,1.5013142162697108,5.87926172056e-05,-4.230677206375625,D-Asparagine hydrate,5794-24-1,C4H10N2O4,150.064057,3,78,4,Inactive,0.1666506587634257,-10.449131202326186,0.4531439368070476,0.0001421105027278,-3.847373824196517,True
https://comptox.epa.gov/dashboard/chemical/details/DTXSID5048683,"Eprinomectin (B1a, B1b mixture)",1142337-10-7,, ,37,78,47,Active,0.999999995321615,-57.15556768342909,2.1905028558867308,2.0850204041276763,0.3191103093609507,"Eprinomectin (B1a, B1b mixture)",1142337-10-7,, ,37,78,47,Inactive,1.7061378447859735e-10,-13.159111184212357,0.5706667216091765,1.5586225327551069,0.1927409504739764,True
https://comptox.epa.gov/dashboard/chemical/details/DTXSID0048688,2-[(4-Chloro-3-methylphenyl)amino]benzoic acid,898128-45-5,C14H12ClNO2,261.055656,21,93,23,Active,0.9993322213714212,-78.42708085769902,3.0057394504272783,32.88812308980502,1.5170390892017225,2-[(4-Chloro-3-methylphenyl)amino]benzoic acid,898128-45-5,C14H12ClNO2,261.055656,21,93,23,Inactive,0.8818167800905127,-29.60558073411197,1.2838952010027211,29.448179156369918,1.4690584466005965,True
https://comptox.epa.gov/dashboard/chemical/details/DTXSID1048708,Medazepam,2898-12-6,C16H15ClN2,270.092376,16,78,21,Active,0.9999999911238864,-77.71977388233289,2.9786317160048044,9.7744033429e-05,-4.009909743680544,Medazepam,2898-12-6,C16H15ClN2,270.092376,16,78,21,Inactive,0.0006010270231609,-9.73825778799621,0.4223157300113247,4.83300938838e-05,-4.315782361219898,True
https://comptox.epa.gov/dashboard/chemical/details/DTXSID3048730,Beclazone,5534-09-8,C28H37ClO7,520.222781,14,78,18,Active,0.9997323077484428,-84.26255734841313,3.229385692367679,31.929580478739144,1.5041932124020958,Beclazone,5534-09-8,C28H37ClO7,520.222781,14,78,18,Inactive,0.5991858206776438,-25.475583809087347,1.104791021969154,32.06649785294748,1.5060515309857276,True
https://comptox.epa.gov/dashboard/chemical/details/DTXSID8048733,Pazopanib,444731-52-6,C21H23N7O2S,437.163394,55,259,21,Active,0.9999758659327292,-79.97980092876912,3.0652478743293963,18.274146640026743,1.2618371055652946,Pazopanib,444731-52-6,C21H23N7O2S,437.163394,55,259,21,Inactive,0.59438618936713,-25.141723113618657,1.090312598169083,10.161545036233896,1.0069597463038245,True
https://comptox.epa.gov/dashboard/chemical/details/DTXSID7048742,4'-Demethylepipodophyllotoxin,6559-91-7,C21H20O8,400.115818,13,93,14,Active,0.9999938373059066,-35.72335457464479,1.3691073921447738,0.2070569028313962,-0.6839102864771635,4'-Demethylepipodophyllotoxin,6559-91-7,C21H20O8,400.115818,13,93,14,Inactive,0.7056279202622846,-26.29493716044597,1.1403236414837832,5.625770265879324,0.7501819933289976,True
https://comptox.epa.gov/dashboard/chemical/details/DTXSID6048755,Aloin,8015-61-0,, ,5,78,6,Active,0.9999993379792796,-38.27694600460121,1.4669744862320775,0.0002315582116047,-3.6353398132820742,Aloin,8015-61-0,, ,5,78,6,Inactive,0.0,-7.271618234622338,0.3153458072247315,0.0001867508381049,-3.7287374404708986,True
https://comptox.epa.gov/dashboard/chemical/details/DTXSID3048780,Tolvaptan,150683-30-0,C26H25ClN2O3,448.155370,21,244,9,Active,0.996986999604637,-53.32638773444494,2.043748480872696,22.565074241704707,1.3534367667376024,Tolvaptan,150683-30-0,C26H25ClN2O3,448.155370,21,244,9,Inactive,0.0001356846287964,-10.599892774101043,0.4596819628716518,19.15708812260535,1.2823294969977377,True
https://comptox.epa.gov/dashboard/chemical/details/DTXSID8048812,Lemildipine,94739-29-4,C20H22Cl2N2O6,456.085492,81,256,32,Active,0.9900138880274992,-47.78586596617117,1.831406459816627,33.65850606530584,1.527094835882453,Lemildipine,94739-29-4,C20H22Cl2N2O6,456.085492,81,256,32,Inactive,0.4261536533269786,-24.06229904691373,1.0435015799514105,31.31405927003633,1.4957393692556258,True
https://comptox.epa.gov/dashboard/chemical/details/DTXSID3048786,"N-[(3R)-1-(2-Fluorophenyl)-4-oxo-3,4,6,7-tetrahydro[1,4]diazepino[6,7,1-hi]indol-3-yl]-1H-indole-2-carboxamide",167820-10-2,C26H19FN4O2,438.149204,51,259,20,Active,0.9993589123880652,-56.775475717115576,2.17593572670833,15.270911444665932,1.1838649587051453,"N-[(3R)-1-(2-Fluorophenyl)-4-oxo-3,4,6,7-tetrahydro[1,4]diazepino[6,7,1-hi]indol-3-yl]-1H-indole-2-carboxamide",167820-10-2,C26H19FN4O2,438.149204,51,259,20,Inactive,0.0,6.392544364258508,0.27722330817216,6.92023518286e-05,-4.159879145877717,True
https://comptox.epa.gov/dashboard/chemical/details/DTXSID8048814,Oxendolone,33765-68-3,C20H30O2,302.224580,36,271,13,Active,0.999999513401422,-45.3535596582697,1.738187651399574,0.2245137676926871,-0.6487570219228906,Oxendolone,33765-68-3,C20H30O2,302.224580,36,271,13,Inactive,1.3267138264595454e-15,-1.84029947488917,0.0798076445599203,19.15708812260535,1.2823294969977377,True
https://comptox.epa.gov/dashboard/chemical/details/DTXSID8048818,Tolindate,27877-51-6,C18H19NOS,297.118735,20,244,8,Active,0.9267322618754243,-32.83402756310018,1.2583731395268245,19.157088122605348,1.2823294969977377,Tolindate,27877-51-6,C18H19NOS,297.118735,20,244,8,Inactive,0.0016011688128628,-15.69327569074376,0.680564976188532,30.297918659059608,1.4814127953032206,True
https://comptox.epa.gov/dashboard/chemical/details/DTXSID5020312,Israpafant,117279-73-9,C28H29ClN4S,488.180146,122,244,50,Active,0.9999999425059952,-83.1874032888417,3.188180117242366,11.854423258532751,1.073880429530598,Israpafant,117279-73-9,C28H29ClN4S,488.180146,122,244,50,Inactive,0.5459394851889243,-23.35997796869624,1.0130442594217195,8.548683305221399,0.9318992284928268,True
https://comptox.epa.gov/dashboard/chemical/details/DTXSID5048843,Ethyl 4-nitrophenyl ethylphosphonate,546-71-4,C10H14NO5P,259.060960,21,244,9,Active,0.9769986398891491,-35.99030319065499,1.3793382712952384,12.376992609295613,1.0926151316102877,Ethyl 4-nitrophenyl ethylphosphonate,546-71-4,C10H14NO5P,259.060960,21,244,9,Inactive,0.0,8.926806061662084,0.3871257775951791,5.447966547803959,0.7362344322107581,True
https://comptox.epa.gov/dashboard/chemical/details/DTXSID2022672,Betamethasone dipropionate,5593-20-4,C28H37FO7,504.252332,16,78,21,Active,0.9000809234671878,-35.82672655959394,1.373069151907252,28.62714208931905,1.4567779936104546,Betamethasone dipropionate,5593-20-4,C28H37FO7,504.252332,16,78,21,Inactive,0.0107643259226902,-14.79968970867056,0.6418131352984399,19.15708812260535,1.2823294969977377,True
https://comptox.epa.gov/dashboard/chemical/details/DTXSID8048943,Canertinib,267243-28-7,C24H25ClFN5O3,485.162996,91,244,37,Active,0.9999334910059496,-44.70331542727702,1.713266862354095,3.5328593299957616,0.5481263452121263,Canertinib,267243-28-7,C24H25ClFN5O3,485.162996,91,244,37,Inactive,0.0072246003514316,-18.90844251187124,0.8199960276899968,3.580818098775179,0.5539822599382709,True
https://comptox.epa.gov/dashboard/chemical/details/DTXSID2048953,Estramustine phosphate sodium,52205-73-9,C23H30Cl2NNa2O6P,563.098319,16,78,21,Active,0.9972846580036604,-46.865411719190455,1.7961297975692692,15.680281925031432,1.1953538668551005,Estramustine phosphate sodium,52205-73-9,C23H30Cl2NNa2O6P,563.098319,16,78,21,Inactive,0.0,-3.725675602578464,0.161570113067633,0.0073317722487791,-2.1347910342492,True
https://comptox.epa.gov/dashboard/chemical/details/DTXSID2048955,Clobetasol,25122-41-2,C22H28ClFO4,410.166015,11,78,14,Active,0.9871122139098552,-59.60906089411408,2.284533658181821,19.15708812260535,1.2823294969977377,Clobetasol,25122-41-2,C22H28ClFO4,410.166015,11,78,14,Inactive,1.3030024075405455e-09,-8.364788660877284,0.3627529591651652,19.15708812260535,1.2823294969977377,True
https://comptox.epa.gov/dashboard/chemical/details/DTXSID5037577,Moxidectin,113507-06-5,C37H53NO8,639.377118,37,78,47,Active,0.9998767276229412,-57.753263401739375,2.213409708726713,12.281028931321115,1.089234754465986,Moxidectin,113507-06-5,C37H53NO8,639.377118,37,78,47,Inactive,5.778832857e-06,-13.947449573341924,0.6048543257524542,19.15708812260535,1.2823294969977377,True
https://comptox.epa.gov/dashboard/chemical/details/DTXSID9043988,Efonidipine,111011-63-3,C34H38N3O7P,631.244738,12,78,15,Active,0.9999623015109532,-80.84624537251757,3.098454596008909,26.123604200671345,1.417033095132872,Efonidipine,111011-63-3,C34H38N3O7P,631.244738,12,78,15,Inactive,0.0094150019295116,-19.0076426640864,0.8242980071212275,31.25972789882488,1.494985193371166,True
https://comptox.epa.gov/dashboard/chemical/details/DTXSID1048627,Ritonavir,155213-67-5,C37H48N6O5S2,720.312761,61,244,25,Active,0.9997543917163666,-84.23016495326712,3.228144244912037,28.813877604633777,1.4596017070474172,Ritonavir,155213-67-5,C37H48N6O5S2,720.312761,61,244,25,Inactive,0.6890753771499256,-26.19925682787916,1.136174304880116,11.146528807141754,1.0471396427553437,True
https://comptox.epa.gov/dashboard/chemical/details/DTXSID4048985,17beta-Estradiol 17-propionate,3758-34-7,C21H28O3,328.203845,24,78,31,Active,0.999816028600408,-39.127371094976304,1.4995672617863738,0.2302737824167908,-0.6377555053699905,17beta-Estradiol 17-propionate,3758-34-7,C21H28O3,328.203845,24,78,31,Inactive,5.861872058013932e-10,-4.366765396406896,0.1893720372082316,19.15708812260535,1.2823294969977377,True
https://comptox.epa.gov/dashboard/chemical/details/DTXSID2049006,Hydrocortisone 21-hemisuccinate sodium salt,125-04-2,C25H33NaO8,484.207312,12,244,5,Active,0.9922367906737009,-47.00003165396394,1.80128914360558,19.15708812260535,1.2823294969977377,Hydrocortisone 21-hemisuccinate sodium salt,125-04-2,C25H33NaO8,484.207312,12,244,5,Inactive,1.4995850683e-05,-12.428305807463966,0.5389741321443414,19.15708812260535,1.2823294969977377,True
https://comptox.epa.gov/dashboard/chemical/details/DTXSID3048996,Cannabinol,521-35-7,C21H26O2,310.193280,42,78,54,Active,0.999978723774238,-87.56699854490802,3.356029310328461,23.384203978919352,1.3689225906889595,Cannabinol,521-35-7,C21H26O2,310.193280,42,78,54,Inactive,0.8859979916381833,-29.88757942071742,1.2961245426148125,15.042610707075408,1.177323216394043,True
https://comptox.epa.gov/dashboard/chemical/details/DTXSID0048842,Proglumetacin,57132-53-3,C46H58ClN5O8,843.397392,83,244,34,Active,0.9999217816376588,-74.33857179703679,2.8490462158625567,33.87837392801416,1.529922557177026,Proglumetacin,57132-53-3,C46H58ClN5O8,843.397392,83,244,34,Inactive,0.0669104562519721,-21.052001559050478,0.9129550274966912,19.15708812260535,1.2823294969977377,True
https://comptox.epa.gov/dashboard/chemical/details/DTXSID2049000,Desmethyldiazepam,1088-11-5,C15H11ClN2O,270.055991,6,78,8,Active,0.9912466168857264,-43.1498530014307,1.6537299875009444,18.01354259092863,1.2555991307205083,Desmethyldiazepam,1088-11-5,C15H11ClN2O,270.055991,6,78,8,Inactive,0.0,4.6048372526957815,0.1996964188350688,4.9042153708e-05,-4.309430465834858,True
https://comptox.epa.gov/dashboard/chemical/details/DTXSID4023753,Ziprasidone,146939-27-7,C21H21ClN4OS,412.112460,95,256,37,Active,0.9235233174373044,-34.07610577398562,1.305976128674775,16.9252248498043,1.2285344469513102,Ziprasidone,146939-27-7,C21H21ClN4OS,412.112460,95,256,37,Inactive,0.0093064685121913,-17.433625754851224,0.7560381484745198,3.8012789955451978,0.5799297458933268,True
https://comptox.epa.gov/dashboard/chemical/details/DTXSID3022902,Dexamethasone dipropionate,55541-30-5,C28H37FO7,504.252332,13,78,17,Active,0.9989999686884234,-73.9760742425825,2.835153397359167,31.348008248315487,1.4962099523678454,Dexamethasone dipropionate,55541-30-5,C28H37FO7,504.252332,13,78,17,Inactive,0.0370636551645651,-17.95338343101689,0.7785783037279018,19.15708812260535,1.2823294969977377,True
https://comptox.epa.gov/dashboard/chemical/details/DTXSID5049023,Potassium antimony(III) tartrate hydrate,331753-56-1,, ,14,78,18,Active,0.999870414344471,-88.13858683154737,3.377935588667079,27.94122049104773,1.44624537246358,Potassium antimony(III) tartrate hydrate,331753-56-1,, ,14,78,18,Inactive,9.1744968491e-06,-7.325525026332144,0.3176835648184519,34.0064439986966,1.53156122080405,True
https://comptox.epa.gov/dashboard/chemical/details/DTXSID8023137,Hydroxyzine,68-88-2,C21H27ClN2O2,374.176106,24,244,10,Active,0.9999713803780268,-63.44275567915981,2.43146106553002,4.89596623892e-05,-4.310161585612906,Hydroxyzine,68-88-2,C21H27ClN2O2,374.176106,24,244,10,Inactive,8.900556403438828e-08,-8.178908667827407,0.3546919644093968,33.02641973858745,1.518861496123998,True
https://comptox.epa.gov/dashboard/chemical/details/DTXSID4027608,Terbutylazine,5915-41-3,C9H16ClN5,229.109423,47,603,8,Active,0.9117962157296894,-34.45751866774965,1.320593882761126,55.67040523395081,1.7456243826187434,Terbutylazine,5915-41-3,C9H16ClN5,229.109423,47,603,8,Inactive,0.0,1.8598074834272225,0.0806536417645712,0.0369283889677375,-1.432639638400557,True
https://comptox.epa.gov/dashboard/chemical/details/DTXSID2049050,rac Benidipine hydrochloride,91599-74-5,C28H32ClN3O6,541.197964,50,256,20,Active,0.9998757902817856,-81.17946623462285,3.111225377223532,31.45314791242791,1.497664117271977,rac Benidipine hydrochloride,91599-74-5,C28H32ClN3O6,541.197964,50,256,20,Inactive,0.0086760639010744,-12.5791363577849,0.5455151495782105,19.15708812260535,1.2823294969977377,True
https://comptox.epa.gov/dashboard/chemical/details/DTXSID2047800,Bleomycin sulfate,9041-93-4,, ,23,93,25,Active,0.9973917234895926,-49.0994538508882,1.8817500768876387,14.523272117793036,1.1620644746702535,Bleomycin sulfate,9041-93-4,, ,23,93,25,Inactive,1.3593262742e-06,-8.63818579850659,0.3746092803136203,1.1320783718430214,0.0538764933547179,True
https://comptox.epa.gov/dashboard/chemical/details/DTXSID0022692,Brotizolam,57801-81-7,C15H10BrClN4S,391.949808,10,78,13,Active,0.987517970000803,-36.91528950568874,1.414788626297574,6.468673758499817,0.810815248457522,Brotizolam,57801-81-7,C15H10BrClN4S,391.949808,10,78,13,Inactive,0.0,-3.995666658235257,0.1732787238118233,0.0004317712841691,-3.364746244682637,True
https://comptox.epa.gov/dashboard/chemical/details/DTXSID5020782,"1-(2,4-Dichlorobenzyl)-1H-indazole-3-carboxylic acid",50264-69-2,C15H10Cl2N2O2,320.011933,26,244,11,Active,0.9987134715156698,-50.63182852058165,1.9404787576846485,38.1015325670498,1.5809424447576848,"1-(2,4-Dichlorobenzyl)-1H-indazole-3-carboxylic acid",50264-69-2,C15H10Cl2N2O2,320.011933,26,244,11,Inactive,0.0,0.2824563434711306,0.0122491886625117,19.15708812260535,1.2823294969977377,True
https://comptox.epa.gov/dashboard/chemical/details/DTXSID2032390,Fenarimol,60168-88-9,C17H12Cl2N2O,330.032668,291,791,37,Active,0.9999996068483264,-78.78863185867675,3.0195959920082664,26.62715576251575,1.4253247788079038,Fenarimol,60168-88-9,C17H12Cl2N2O,330.032668,291,791,37,Inactive,0.1844841401279929,-22.562955159107155,0.9784800409552304,38.8697318007663,1.589611544031084,True
https://comptox.epa.gov/dashboard/chemical/details/DTXSID9025299,"2-Ethylhexyl-2-cyano-3,3-diphenylacrylate",6197-30-4,C24H27NO2,361.204179,36,244,15,Active,0.9956427896886636,-36.34221001237121,1.39282519705276,18.273083135594938,1.261811830100687,"2-Ethylhexyl-2-cyano-3,3-diphenylacrylate",6197-30-4,C24H27NO2,361.204179,36,244,15,Inactive,0.0,4.848591860757143,0.210267242434948,3.801261098513022,0.5799277011603243,True
https://comptox.epa.gov/dashboard/chemical/details/DTXSID1049510,NTP Mix17 AR1 8-GP,NOCAS_49510,, ,23,244,9,Active,0.9999993315987398,-38.62073382930559,1.4801502491954537,0.9562253499219838,-0.0194397471646991,NTP Mix17 AR1 8-GP,NOCAS_49510,, ,23,244,9,Inactive,3.862179729359185e-17,-0.1641975334527676,0.0071206988678857,19.15708812260535,1.2823294969977377,True
https://comptox.epa.gov/dashboard/chemical/details/DTXSID2049559,NTP Mix28 AR2 3-EQP,NOCAS_49559,, ,16,244,7,Active,0.9999994194295692,-39.00497429654128,1.4948763708130164,0.3660241346558778,-0.4364902774408349,NTP Mix28 AR2 3-EQP,NOCAS_49559,, ,16,244,7,Inactive,5.287019932200444e-16,-5.962800395420912,0.2585867469033341,19.15708812260535,1.2823294969977377,True
https://comptox.epa.gov/dashboard/chemical/details/DTXSID6021240,Retinol acetate,127-47-9,C22H32O2,328.240230,66,382,17,Active,0.99996426327646,-102.91688168214677,3.944317804563775,58.26967630598619,1.7654426055465686,Retinol acetate,127-47-9,C22H32O2,328.240230,66,382,17,Inactive,0.8354387791742826,-26.033224832665823,1.128974051529852,35.49730301930904,1.5501953578909784,True
https://comptox.epa.gov/dashboard/chemical/details/DTXSID0032651,Thidiazuron,51707-55-2,C9H8N4OS,220.041882,155,700,22,Active,0.9983195920608032,-59.64441954477021,2.285888788195953,48.45602653345815,1.6853477984654506,Thidiazuron,51707-55-2,C9H8N4OS,220.041882,155,700,22,Inactive,0.0,-5.369149480719809,0.2328420885802693,0.0008500658797517,-3.0705474153398726,True
https://comptox.epa.gov/dashboard/chemical/details/DTXSID5040708,4-Hexylaniline,33228-45-4,C12H19N,177.151750,51,368,14,Active,0.9999822460175476,-60.5662525066106,2.3212182900696146,27.61728958078823,1.4411810537549965,4-Hexylaniline,33228-45-4,C12H19N,177.151750,51,368,14,Inactive,0.0512756151589335,-20.58005099056025,0.8924881069036783,64.90012494034609,1.8122455328689464,True
https://comptox.epa.gov/dashboard/chemical/details/DTXSID7022417,Butyl 4-aminobenzoate,94-25-7,C11H15NO2,193.110279,25,244,10,Active,0.999598196393458,-40.816261973055006,1.5642944693298837,9.220923789596496,0.9647744326183548,Butyl 4-aminobenzoate,94-25-7,C11H15NO2,193.110279,25,244,10,Inactive,0.0,9.151567275088864,0.396872921077411,11.21278234968572,1.049713392182947,True
https://comptox.epa.gov/dashboard/chemical/details/DTXSID0024002,Fenpropathrin,39515-41-8,C22H23NO3,349.167794,124,687,18,Active,0.9964530240301488,-55.590998157266526,2.1305402983582176,7.648546459575466,0.8835789090666896,Fenpropathrin,39515-41-8,C22H23NO3,349.167794,124,687,18,Inactive,0.0,-5.635020286033388,0.244372017822141,0.0044796762333828,-2.3487533733090853,True
https://comptox.epa.gov/dashboard/chemical/details/DTXSID5023950,Carbosulfan,55285-14-8,C20H32N2O3S,380.213364,153,611,25,Active,0.9999999870539318,-77.2298607506514,2.9598556604501005,19.46408531595213,1.2892339995482256,Carbosulfan,55285-14-8,C20H32N2O3S,380.213364,153,611,25,Inactive,0.0,-2.045891584123828,0.0887234879875841,0.0010791053599721,-2.9669361502933085,True
https://comptox.epa.gov/dashboard/chemical/details/DTXSID5020784,Lovastatin,75330-75-5,C24H36O5,404.256274,203,677,30,Active,0.9999999974395916,-55.738659521297,2.1361994607587103,3.553853986048172,0.5506995803752368,Lovastatin,75330-75-5,C24H36O5,404.256274,203,677,30,Inactive,0.2773088348580382,-22.76686294016308,0.9873228406927532,5.043878687751205,0.7027646326445391,True
https://comptox.epa.gov/dashboard/chemical/details/DTXSID1022396,Chrysin,480-40-0,C15H10O4,254.057909,127,423,30,Active,0.9996672833135593,-70.60459046877102,2.705940354178231,63.66476463691343,1.8038991378678757,Chrysin,480-40-0,C15H10O4,254.057909,127,423,30,Inactive,2.1236598643207328e-10,-8.30160362326768,0.3600128350213183,62.47091565271311,1.795677871561618,True
https://comptox.epa.gov/dashboard/chemical/details/DTXSID3025091,C.I. Disperse Black 6,119-90-4,C14H16N2O2,244.121178,87,614,14,Active,0.9667479165194626,-37.70921644287341,1.445216094587293,44.27374083397547,1.6461462184983064,C.I. Disperse Black 6,119-90-4,C14H16N2O2,244.121178,87,614,14,Inactive,4.787267042657019e-09,-5.104883309604253,0.2213817469666461,37.96743295019155,1.5794112346627238,True
https://comptox.epa.gov/dashboard/chemical/details/DTXSID3025629,2-Methyl-4-nitroaniline,99-52-5,C7H8N2O2,152.058578,24,244,10,Active,0.9968068131310026,-41.071283140298206,1.5740682257249192,28.764701797388668,1.458859876069848,2-Methyl-4-nitroaniline,99-52-5,C7H8N2O2,152.058578,24,244,10,Inactive,0.0,3.198872436382373,0.1387244184323345,0.2457836161567735,-0.6094470703912072,True
https://comptox.epa.gov/dashboard/chemical/details/DTXSID0026676,"1,1'-Oxybis(4-nitrobenzene)",101-63-3,C12H8N2O5,260.043321,12,244,5,Active,0.9820189470023194,-30.50583790014216,1.169144630171399,6.558057084259144,0.8167751926430219,"1,1'-Oxybis(4-nitrobenzene)",101-63-3,C12H8N2O5,260.043321,12,244,5,Inactive,0.0,2.1430102054927085,0.0929351983750057,0.0002384464393477,-3.622609158376539,True
https://comptox.epa.gov/dashboard/chemical/details/DTXSID9023673,Timiperone,57648-21-2,C22H24FN3OS,397.162412,8,78,10,Active,0.9962346695691496,-46.27445229714391,1.7734811151368586,31.852824656006074,1.503147950898145,Timiperone,57648-21-2,C22H24FN3OS,397.162412,8,78,10,Inactive,0.6762043149567643,-29.04832518895059,1.2597288883540894,30.213642836215342,1.4802030909895616,True
https://comptox.epa.gov/dashboard/chemical/details/DTXSID7041623,Benodanil,15310-01-7,C13H10INO,322.980710,86,614,14,Active,0.9993675002340666,-51.47504525069003,1.9727952708485863,19.49508581391836,1.2899251512156786,Benodanil,15310-01-7,C13H10INO,322.980710,86,614,14,Inactive,1.4381591638135321e-15,-8.056071350227398,0.34936492002587,38.31417624521075,1.5833594926617194,True
https://comptox.epa.gov/dashboard/chemical/details/DTXSID2020260,Chenodeoxycholic acid,474-25-9,C24H40O4,392.292660,45,244,18,Active,0.9550390455124476,-37.7478217744216,1.4466956545398268,64.24249336372759,1.807822388327509,Chenodeoxycholic acid,474-25-9,C24H40O4,392.292660,45,244,18,Inactive,0.3192118811199301,-23.133616263441738,1.0032277079520102,61.67050297181787,1.7900774904563723,True
https://comptox.epa.gov/dashboard/chemical/details/DTXSID1047281,CP-612372,353280-07-6,C22H20N4O4,404.148455,54,613,9,Active,0.9618198146141226,-38.46376669295174,1.4741344405104988,60.73767620515159,1.7834581719980274,CP-612372,353280-07-6,C22H20N4O4,404.148455,54,613,9,Inactive,0.00093318854118,-16.81626689264697,0.7292653556149873,70.15272475621931,1.8460445438406363,True
https://comptox.epa.gov/dashboard/chemical/details/DTXSID0047290,UK-416244,402910-27-4,C17H22N2O3S2,366.107185,150,664,23,Active,0.9976627377104088,-65.17986045736383,2.498036084060255,18.608264136697183,1.269705862060636,UK-416244,402910-27-4,C17H22N2O3S2,366.107185,150,664,23,Inactive,0.6682778938677395,-27.8061186407267,1.2058585373468829,38.31417624521075,1.5833594926617194,True
https://comptox.epa.gov/dashboard/chemical/details/DTXSID4024646,"2-Bromo-4,6-dinitroaniline",1817-73-8,C6H4BrN3O4,260.938519,27,244,11,Active,0.998899813907594,-45.49028448313244,1.743427667927645,19.557671758303183,1.2913171529717886,"2-Bromo-4,6-dinitroaniline",1817-73-8,C6H4BrN3O4,260.938519,27,244,11,Inactive,1.343596468929204e-09,-10.00143442122422,0.4337288220040844,72.27044015940442,1.8589606997743,True
https://comptox.epa.gov/dashboard/chemical/details/DTXSID4021181,Prazepam,2955-38-6,C19H17ClN2O,324.102941,47,256,18,Active,0.9999212531247578,-67.0362338177547,2.5691821038155136,36.971652624207536,1.5678688638685536,Prazepam,2955-38-6,C19H17ClN2O,324.102941,47,256,18,Inactive,0.0,7.501409375940333,0.3253110818876661,5.812559004102346,0.7643673745046333,True
https://comptox.epa.gov/dashboard/chemical/details/DTXSID4020826,3-Methoxycatechol,934-00-9,C7H8O3,140.047344,51,244,21,Active,0.9989534092087652,-85.58891575395404,3.2802187431626426,71.03260739238858,1.8514577566028336,3-Methoxycatechol,934-00-9,C7H8O3,140.047344,51,244,21,Inactive,0.2323102644738342,-23.147046475597147,1.0038101314176953,68.23814868503115,1.8340272358209304,True
https://comptox.epa.gov/dashboard/chemical/details/DTXSID6021080,Omeprazole,73590-58-6,C17H19N3O3S,345.114713,60,244,25,Active,0.9999960212902244,-92.6342077773921,3.550231498234472,42.24456028767107,1.6257707940160488,Omeprazole,73590-58-6,C17H19N3O3S,345.114713,60,244,25,Inactive,1.34934094701e-05,-13.20097436117389,0.572482187837735,30.238666801284584,1.4805626395537377,True
https://comptox.epa.gov/dashboard/chemical/details/DTXSID4047880,3-Hydroxybenzophenone,13020-57-0,C13H10O2,198.068080,18,244,7,Active,0.9447922682128332,-34.23000779101106,1.3118744658182049,58.25823754964805,1.765357342048595,3-Hydroxybenzophenone,13020-57-0,C13H10O2,198.068080,18,244,7,Inactive,-9.69371407955521e-13,0.4614472107769984,0.0200114250334583,38.816091954023,1.5890118080167932,True
https://comptox.epa.gov/dashboard/chemical/details/DTXSID4021391,Tris(methylphenyl) phosphate,1330-78-5,C21H21O4P, ,100,557,18,Active,0.906263694000004,-31.979215684154124,1.22561223909367,18.10374465125885,1.2577684153760071,Tris(methylphenyl) phosphate,1330-78-5,C21H21O4P, ,100,557,18,Inactive,0.0,3.5453227789624417,0.1537488131982776,0.0008615874403299,-3.0647006405308304,True
https://comptox.epa.gov/dashboard/chemical/details/DTXSID6038875,"2,2'-Dihydroxy-4,4'-dimethoxybenzophenone",131-54-4,C15H14O5,274.084124,35,244,14,Active,0.985707057172169,-38.469430505715344,1.4743515076928704,33.795176912849705,1.5288547242540882,"2,2'-Dihydroxy-4,4'-dimethoxybenzophenone",131-54-4,C15H14O5,274.084124,35,244,14,Inactive,1.06214759578e-05,-6.168353609194028,0.2675009035646797,38.5383141762452,1.5858927129149862,True
https://comptox.epa.gov/dashboard/chemical/details/DTXSID9047885,Nonylparaben,38713-56-3,C16H24O3,264.172545,116,244,48,Active,0.9730690120041026,-33.0837251901224,1.267942869778299,20.288292120796577,1.307245489431955,Nonylparaben,38713-56-3,C16H24O3,264.172545,116,244,48,Inactive,0.8787940607239592,-25.375942355250125,1.1004699047598183,16.806720073863183,1.2254829666929912,True
https://comptox.epa.gov/dashboard/chemical/details/DTXSID4047886,"4′-Hydroxy-2,4-dimethoxybenzophenone",41351-30-8,C15H14O4,258.089209,22,244,9,Active,0.987679437800136,-45.65772534732852,1.7498448851136446,59.00455490532435,1.7708855386572755,"4′-Hydroxy-2,4-dimethoxybenzophenone",41351-30-8,C15H14O4,258.089209,22,244,9,Inactive,-3.7883139269578514e-10,2.7797622629936383,0.1205490093722036,38.24904214559385,1.5826205637748192,True
https://comptox.epa.gov/dashboard/chemical/details/DTXSID1022425,"4,4'-Dihydoxybenzophenone",611-99-4,C13H10O3,214.062994,21,244,9,Active,0.9974591903165584,-60.26092353802394,2.3095164733476023,38.3103448275862,1.5833160610419117,"4,4'-Dihydoxybenzophenone",611-99-4,C13H10O3,214.062994,21,244,9,Inactive,-9.73352970955e-05,3.5376141907783683,0.1534145174631281,38.3103448275862,1.5833160610419117,True
https://comptox.epa.gov/dashboard/chemical/details/DTXSID3047891,Bisphenol E,2081-08-5,C14H14O2,214.099380,53,326,16,Active,0.9999689483038215,-80.84928072571246,3.098570926755177,42.0861601384714,1.624139303349672,Bisphenol E,2081-08-5,C14H14O2,214.099380,53,326,16,Inactive,6.6445638352e-06,-5.396502199028082,0.2340282846588318,36.3065134099617,1.5599845447124467,True
https://comptox.epa.gov/dashboard/chemical/details/DTXSID8047896,Enzacamene,36861-47-9,C18H22O,254.167065,43,259,17,Active,0.9920114031726888,-39.42244565997827,1.5108760756698505,55.97102038474061,1.7479632244236645,Enzacamene,36861-47-9,C18H22O,254.167065,43,259,17,Inactive,0.0449865518297907,-19.19520187825813,0.8324318240911295,61.81403586407205,1.7910870997846091,True
https://comptox.epa.gov/dashboard/chemical/details/DTXSID2047303,CJ-013790,179465-71-5,C18H17FN2O4,344.117235,203,678,30,Active,0.9999984110640822,-79.61252144418071,3.051171787038031,36.185021758960616,1.558528838114309,CJ-013790,179465-71-5,C18H17FN2O4,344.117235,203,678,30,Inactive,0.8671912455123881,-29.938370197348355,1.2983271690370843,55.41900828531617,1.7436587498823657,True
https://comptox.epa.gov/dashboard/chemical/details/DTXSID3020330,Cinnamyl anthranilate,87-29-6,C16H15NO2,253.110279,53,244,22,Active,0.971548460711504,-34.567804824808,1.3248206300718892,49.20370234451132,1.6919977825904526,Cinnamyl anthranilate,87-29-6,C16H15NO2,253.110279,53,244,22,Inactive,0.0947613495324471,-22.93230645947056,0.9944975738075518,61.6979244995131,1.790270554737139,True
https://comptox.epa.gov/dashboard/chemical/details/DTXSID8020707,2-Hydrazino-4-phenylthiazole,34176-52-8,C9H9N3S,191.051718,49,244,20,Active,0.9378100807577968,-38.422157328488126,1.4725397501700233,57.57097500502337,1.7602035846004498,2-Hydrazino-4-phenylthiazole,34176-52-8,C9H9N3S,191.051718,49,244,20,Inactive,2.5445654237e-06,-10.885567876232397,0.4720707383517356,66.01555812915635,1.8196462993809248,True
https://comptox.epa.gov/dashboard/chemical/details/DTXSID8024498,2-Aminophenol,95-55-6,C6H7NO,109.052764,66,244,27,Active,0.999231362169838,-64.29034842052587,2.46394529052932,36.71226966260629,1.5648112347212448,2-Aminophenol,95-55-6,C6H7NO,109.052764,66,244,27,Inactive,8.136298531154651e-08,-13.287914024740692,0.5762524708067699,37.8984674329502,1.5786216479925996,True
https://comptox.epa.gov/dashboard/chemical/details/DTXSID4022448,Metolachlor,51218-45-2,C15H22ClNO2,283.133907,105,759,14,Active,0.998246104637356,-42.40213817587794,1.6250736111032165,36.455938697318,1.561768285284758,Metolachlor,51218-45-2,C15H22ClNO2,283.133907,105,759,14,Inactive,0.0,2.9021261854874525,0.1258555241903595,0.4760190042233332,-0.3223757084883882,True
https://comptox.epa.gov/dashboard/chemical/details/DTXSID4024066,"1,2-Dinitrobenzene",528-29-0,C6H4N2O4,168.017107,113,611,18,Active,0.9991808495432448,-59.55826878179306,2.282587036503388,44.81727977380248,1.6514454930942044,"1,2-Dinitrobenzene",528-29-0,C6H4N2O4,168.017107,113,611,18,Inactive,0.1606744441877733,-21.69522923926985,0.940849664632933,39.139846743295,1.5926191207938372,True
https://comptox.epa.gov/dashboard/chemical/details/DTXSID1027134,Bis(2-ethylhexyl) phosphate,298-07-7,C16H35O4P,322.227297,165,483,34,Active,0.9999995865536908,-96.29499771650434,3.6905322797933553,38.37547892720305,1.584053808528073,Bis(2-ethylhexyl) phosphate,298-07-7,C16H35O4P,322.227297,165,483,34,Inactive,0.8450434750178903,-31.231934961511246,1.3544247544150112,50.86834650843108,1.7064476209823436,True
https://comptox.epa.gov/dashboard/chemical/details/DTXSID3032464,Profenofos,41198-08-7,C11H15BrClO3PS,371.935143,114,733,16,Active,0.9436423877868788,-40.21055660690544,1.5410806445328775,3.782301738927901,0.5777561724001166,Profenofos,41198-08-7,C11H15BrClO3PS,371.935143,114,733,16,Inactive,5.8143571039e-06,-6.937497182638249,0.3008560926317635,19.06130268199235,1.2801525777434637,True
https://comptox.epa.gov/dashboard/chemical/details/DTXSID7047304,CP-100829,135080-03-4,C14H7Cl2FN2O3S,371.953847,295,630,47,Active,0.9998405118641024,-71.0337593947409,2.7223883713373263,42.99249778070749,1.633392677516776,CP-100829,135080-03-4,C14H7Cl2FN2O3S,371.953847,295,630,47,Inactive,0.0008138134314473,-17.251354013234252,0.7481336315375896,54.97236607307237,1.7401444298957809,True
https://comptox.epa.gov/dashboard/chemical/details/DTXSID5020447,"2,4-Dichlorophenyl benzenesulfonate",97-16-5,C12H8Cl2O3S,301.957121,46,326,14,Active,0.9990597890202824,-52.71985518994252,2.020502954237747,46.12185208185439,1.6639067386222135,"2,4-Dichlorophenyl benzenesulfonate",97-16-5,C12H8Cl2O3S,301.957121,46,326,14,Inactive,5.594357599139263e-10,-9.821199522728913,0.4259126361535326,0.0008549397477909,-3.068064491264763,True
https://comptox.epa.gov/dashboard/chemical/details/DTXSID4032376,Dimethenamid,87674-68-8,C12H18ClNO2S,275.074678,108,680,16,Active,0.9999999988871302,-94.47247587628098,3.620683628861616,19.17602097401493,1.2827584960409273,Dimethenamid,87674-68-8,C12H18ClNO2S,275.074678,108,680,16,Inactive,0.0,-1.4962931548085017,0.0648892388906378,0.0002667365188874,-3.573917520997154,True
https://comptox.epa.gov/dashboard/chemical/details/DTXSID8024159,Isoxaben,82558-50-7,C18H24N2O4,332.173607,105,687,15,Active,0.99895904093029,-56.75009685029545,2.1749630746553126,64.92730999863088,1.812427410004259,Isoxaben,82558-50-7,C18H24N2O4,332.173607,105,687,15,Inactive,0.0,0.0773606281202078,0.0033548721804213,37.1072796934866,1.5694591177168489,True
https://comptox.epa.gov/dashboard/chemical/details/DTXSID2029117,"1,1':3',1''-Terphenyl",92-06-8,C18H14,230.109550,103,438,24,Active,0.9975756604483362,-44.45776775446101,1.7038561802392926,38.6417624521073,1.5870569263813714,"1,1':3',1''-Terphenyl",92-06-8,C18H14,230.109550,103,438,24,Inactive,0.0,-1.9276811959857596,0.0835970980882547,0.0022389723943703,-2.6499512610643587,True
https://comptox.epa.gov/dashboard/chemical/details/DTXSID5021758,Tris(2-butoxyethyl) phosphate,78-51-3,C18H39O7P,398.243341,48,505,10,Active,0.9404512045576948,-43.18801441139029,1.6551925340364655,7.609347113637662,0.8813473956525327,Tris(2-butoxyethyl) phosphate,78-51-3,C18H39O7P,398.243341,48,505,10,Inactive,1.75287544495366e-07,-10.313488644896152,0.4472615719211767,6.571094607900565,0.8176377200277359,True
https://comptox.epa.gov/dashboard/chemical/details/DTXSID2049054,Dibromopropamidine dihydrochloride,50357-61-4,C17H20Br2Cl2N4O2,539.933007,10,78,13,Active,0.9990920240615488,-52.10536955700862,1.9969526233006385,26.86776580890655,1.4292315541441905,Dibromopropamidine dihydrochloride,50357-61-4,C17H20Br2Cl2N4O2,539.933007,10,78,13,Inactive,-6.822300945436678e-09,12.708360946492522,0.551119188586373,0.1139784902534483,-0.9431770999410524,True
https://comptox.epa.gov/dashboard/chemical/details/DTXSID2044509,"3,4,5,6-Tetrachloropyridine-2-carboxylic acid",10469-09-7,C6HCl4NO2,258.876139,15,326,5,Active,0.9953413470660174,-44.793268249169806,1.7167143290006093,38.31417624521075,1.5833594926617194,"3,4,5,6-Tetrachloropyridine-2-carboxylic acid",10469-09-7,C6HCl4NO2,258.876139,15,326,5,Inactive,-2.45905730456811e-10,6.400962158096597,0.2775883597889081,67.48755777878459,1.8292237122962516,True
https://comptox.epa.gov/dashboard/chemical/details/DTXSID0049070,Sultopride hydrochloride,23694-17-9,C17H27ClN2O4S,390.138006,2,78,3,Active,0.9999995297979152,-36.46886795061171,1.3976793973814703,9.42232180048e-05,-4.025842067388552,Sultopride hydrochloride,23694-17-9,C17H27ClN2O4S,390.138006,2,78,3,Inactive,0.0,-2.771107063835995,0.1201736622793017,0.0002295943692648,-3.639038767089388,True
https://comptox.epa.gov/dashboard/chemical/details/DTXSID5049077,Quadrisol,71109-09-6,C19H22O2,282.161980,2,78,3,Active,0.9343138129373052,-34.43381231997281,1.3196853304605791,19.15708812260535,1.2823294969977377,Quadrisol,71109-09-6,C19H22O2,282.161980,2,78,3,Inactive,0.0,3.0118950486510148,0.1306158333327787,0.000186808053895,-3.728604403872547,True
https://comptox.epa.gov/dashboard/chemical/details/DTXSID7025635,N-Methyl-4-nitroaniline,100-15-2,C7H8N2O2,152.058578,29,244,12,Active,0.9760785293182372,-41.73799468253034,1.5996201290040737,38.3773946360153,1.5840754880229937,N-Methyl-4-nitroaniline,100-15-2,C7H8N2O2,152.058578,29,244,12,Inactive,0.0,-4.095156194016647,0.1775932528422415,9.82461377858e-05,-4.0076845134336265,True
https://comptox.epa.gov/dashboard/chemical/details/DTXSID7024875,"Bis(2,3-epoxypropyl) cyclohexane-1,2-dicarboxylate",5493-45-8,C14H20O6,284.125988,28,244,11,Active,0.9999657716123058,-103.54216527462806,3.96828197027123,64.27205972115769,1.8080222179312415,"Bis(2,3-epoxypropyl) cyclohexane-1,2-dicarboxylate",5493-45-8,C14H20O6,284.125988,28,244,11,Inactive,5.00360432554e-05,-15.314112179346056,0.6641219205007931,54.62786880691114,1.7374142577459089,True
https://comptox.epa.gov/dashboard/chemical/details/DTXSID7048291,Iodophthalein,386-17-4,C20H10I4O4,821.675790,24,78,31,Active,0.9984567481861628,-47.51266306618182,1.8209358835120075,27.527053936347485,1.439759733817893,Iodophthalein,386-17-4,C20H10I4O4,821.675790,24,78,31,Inactive,-2.5342443114177892e-14,1.2027010785895411,0.0521571306744449,19.15708812260535,1.2823294969977377,True
https://comptox.epa.gov/dashboard/chemical/details/DTXSID1023605,Sulbactam,68373-14-8,C8H11NO5S,233.035794,16,244,7,Active,0.999999998155886,-93.96732963550986,3.6013237602101777,6.351794099422618,0.8028964115012327,Sulbactam,68373-14-8,C8H11NO5S,233.035794,16,244,7,Inactive,-3.207405793706801e-08,4.845080102874967,0.2101149492192701,19.15708812260535,1.2823294969977377,True
https://comptox.epa.gov/dashboard/chemical/details/DTXSID6022399,Coumestrol,479-13-0,C15H8O5,268.037173,45,248,18,Active,0.9648932061236658,-40.82199721244527,1.5645142739573723,70.36167884471523,1.8473361932683303,Coumestrol,479-13-0,C15H8O5,268.037173,45,248,18,Inactive,1.8931408068960213e-18,-2.6055921926666703,0.1129958348724564,36.9961685823755,1.568156749751012,True
https://comptox.epa.gov/dashboard/chemical/details/DTXSID8021309,Temazepam,846-50-4,C16H13ClN2O2,300.066555,18,244,7,Active,0.9909494697469354,-41.30179026153122,1.5829024745624043,23.7203844404058,1.375121723435643,Temazepam,846-50-4,C16H13ClN2O2,300.066555,18,244,7,Inactive,-4.5177850762654473e-13,2.095830383889365,0.090889167017448,19.15708812260535,1.2823294969977377,True
https://comptox.epa.gov/dashboard/chemical/details/DTXSID6026084,"4,5,6,7-Tetrabromo-1,3-Isobenzofurandione",632-79-1,C8Br4O3,459.658096,6,328,2,Active,0.997996163154238,-43.514254229585696,1.667695764822645,38.2432950191571,1.5825553037658957,"4,5,6,7-Tetrabromo-1,3-Isobenzofurandione",632-79-1,C8Br4O3,459.658096,6,328,2,Inactive,5.449225903493354e-15,-3.291702731973302,0.1427501584469369,70.89012828160762,1.8505857622448785,True
https://comptox.epa.gov/dashboard/chemical/details/DTXSID5024471,2-Amino-4-chloro-5-nitrophenol,6358-07-2,C6H5ClN2O3,187.998870,46,244,19,Active,0.9998064112485724,-68.79758725154208,2.636686458742177,41.455317577536974,1.6175802465017122,2-Amino-4-chloro-5-nitrophenol,6358-07-2,C6H5ClN2O3,187.998870,46,244,19,Inactive,0.0,4.281247873079677,0.1856634277137066,2.670199254930924,0.4265436703863743,True
https://comptox.epa.gov/dashboard/chemical/details/DTXSID6020983,1-Nitropyrene,5522-43-0,C16H9NO2,247.063329,32,256,12,Active,0.905972090236696,-30.650380177685943,1.1746842527241783,0.0009584858743264,-3.0184142831482137,1-Nitropyrene,5522-43-0,C16H9NO2,247.063329,32,256,12,Inactive,0.0,-13.431456219488933,0.5824774165909381,11.352427345786245,1.0550887311477597,True
https://comptox.epa.gov/dashboard/chemical/details/DTXSID1024885,N-Cyclohexyl-4-methylbenzenesulfonamide,80-30-8,C13H19NO2S,253.113650,18,244,7,Active,0.9346152503744654,-43.229020181204106,1.6567640914459294,7.557660213261967,0.8783873624655467,N-Cyclohexyl-4-methylbenzenesulfonamide,80-30-8,C13H19NO2S,253.113650,18,244,7,Inactive,8.770356480364904e-09,-0.702461160379164,0.0304633954253917,38.088122605364,1.5807895664591904,True
https://comptox.epa.gov/dashboard/chemical/details/DTXSID6023997,alpha-Cyhalothrin,68085-85-8,C23H19ClF3NO3,449.100556,23,244,9,Active,0.998653032177175,-33.14863296209853,1.27043047799646,6.439460772183092,0.8088495019141384,alpha-Cyhalothrin,68085-85-8,C23H19ClF3NO3,449.100556,23,244,9,Inactive,1.48661018934e-05,-13.767402242185348,0.5970462740712073,20.86326849020209,1.3193823470465502,True
https://comptox.epa.gov/dashboard/chemical/details/DTXSID3020419,Dibutyltin diacetate,1067-33-0,C12H24O4Sn,352.069661,94,244,39,Active,0.9999999890133576,-86.09772268916247,3.2997189089355072,19.67162027691564,1.2938401325854882,Dibutyltin diacetate,1067-33-0,C12H24O4Sn,352.069661,94,244,39,Inactive,0.001396615532141,-21.6210130900839,0.9376311580063446,31.67578243658325,1.5007273513753256,True
https://comptox.epa.gov/dashboard/chemical/details/DTXSID0025527,Medroxyprogesterone acetate,71-58-9,C24H34O4,386.245710,75,465,16,Active,0.9999929312824204,-32.3702470476904,1.2405986236802382,0.0923518194581503,-1.0345545439394854,Medroxyprogesterone acetate,71-58-9,C24H34O4,386.245710,75,465,16,Inactive,0.0,-15.669980767241944,0.6795547531241608,11.081450447950798,1.044596608796237,True
https://comptox.epa.gov/dashboard/chemical/details/DTXSID0047874,Methyl triclosan,4640-01-1,C13H9Cl3O2,301.966813,17,244,7,Active,0.997148464315632,-59.172409836639176,2.267798886274341,59.60227706507061,1.7752628519869549,Methyl triclosan,4640-01-1,C13H9Cl3O2,301.966813,17,244,7,Inactive,0.547127490619955,-27.038820856608822,1.1725833940008892,56.71712871281628,1.7537142367070375,True
https://comptox.epa.gov/dashboard/chemical/details/DTXSID5029762,2-[4-(Dibutylamino)-2-hydroxybenzoyl]benzoic acid,54574-82-2,C22H27NO4,369.194008,77,244,32,Active,0.9992119649833368,-59.69993398063736,2.288016394223479,37.814546037412285,1.577658891070082,2-[4-(Dibutylamino)-2-hydroxybenzoyl]benzoic acid,54574-82-2,C22H27NO4,369.194008,77,244,32,Inactive,0.6844719326994022,-26.96232044455325,1.1692658265194409,50.69129254462019,1.7049333651598668,True
https://comptox.epa.gov/dashboard/chemical/details/DTXSID3021562,Dichloroacetonitrile,3018-12-0,C2HCl2N,108.948604,15,244,6,Active,0.9955423932027728,-47.221161063909975,1.809763989078032,63.517866310660686,1.8028959008631524,Dichloroacetonitrile,3018-12-0,C2HCl2N,108.948604,15,244,6,Inactive,1.2233580128e-06,-11.023631576565544,0.4780581001225576,37.46743295019155,1.5736539387901576,True
https://comptox.epa.gov/dashboard/chemical/details/DTXSID0047876,(-)-Enterodiol,80226-00-2,C18H22O4,302.151809,16,244,7,Active,0.9684272977534704,-36.80167023316466,1.4104341364195927,53.60336751898187,1.7291920741885063,(-)-Enterodiol,80226-00-2,C18H22O4,302.151809,16,244,7,Inactive,0.0005713280681815,-9.025613625472811,0.3914107317779287,39.1168582375479,1.5923639661337274,True
https://comptox.epa.gov/dashboard/chemical/details/DTXSID1033163,Alizarin Yellow R,2243-76-7,C13H9N3O5,287.054220,55,244,23,Active,0.9999999873545165,-92.7538028753266,3.5548150132653538,23.9522275481661,1.3793459088524962,Alizarin Yellow R,2243-76-7,C13H9N3O5,287.054220,55,244,23,Inactive,0.0002252657885014,-13.49881796738124,0.585398670716193,37.73563218390805,1.5767516301107216,True
https://comptox.epa.gov/dashboard/chemical/details/DTXSID1025431,3-Hydroxy-N-phenylaniline,101-18-8,C12H11NO,185.084064,28,244,11,Active,0.9994015750670996,-61.04425886553842,2.339538015282789,39.70114942528735,1.5988030806128213,3-Hydroxy-N-phenylaniline,101-18-8,C12H11NO,185.084064,28,244,11,Inactive,2.6927547181315903e-11,-4.049667382485324,0.1756205549462299,39.70114942528736,1.5988030806128215,True
https://comptox.epa.gov/dashboard/chemical/details/DTXSID8034089,Valerenic acid,3569-10-6,C15H22O2,234.161980,31,244,13,Active,0.9992851002940824,-45.25638609818419,1.7344634479752816,53.64915750699863,1.7295629063031916,Valerenic acid,3569-10-6,C15H22O2,234.161980,31,244,13,Inactive,5.068915375949212e-07,-7.987100554396583,0.3463738868631767,39.50191570881225,1.5966181579452354,True
https://comptox.epa.gov/dashboard/chemical/details/DTXSID6033538,Guggulsterone E,39025-24-6,C21H28O2,312.208930,75,271,28,Active,1.0,-93.24911966586896,3.573798165532534,2.6532275549951394,0.4237744989987932,Guggulsterone E,39025-24-6,C21H28O2,312.208930,75,271,28,Inactive,0.0,-20.9381765451484,0.908018816637819,12.00035926235774,1.0791942479912895,True
https://comptox.epa.gov/dashboard/chemical/details/DTXSID9020241,Capsaicin,404-86-4,C18H27NO3,305.199094,46,365,13,Active,0.9984631459817064,-55.03579644609974,2.1092620400327973,61.60381336118411,1.7896075964251494,Capsaicin,404-86-4,C18H27NO3,305.199094,46,365,13,Inactive,0.0,1.9298249826924148,0.0836900669608928,0.0006207223770311,-3.207102598023701,True
https://comptox.epa.gov/dashboard/chemical/details/DTXSID3030056,"2,2',4,4'-Tetrabromodiphenyl ether",5436-43-1,C12H6Br4O,481.715217,56,304,18,Active,0.965984762009208,-41.4073044218652,1.586946333785853,58.516935101481984,1.7672815713259398,"2,2',4,4'-Tetrabromodiphenyl ether",5436-43-1,C12H6Br4O,481.715217,56,304,18,Inactive,0.8723704340828894,-30.59818687605955,1.3269412156571114,58.28238631078833,1.7655373251911377,True
https://comptox.epa.gov/dashboard/chemical/details/DTXSID8025703,alpha-Naphylisothiocyanate,551-06-4,C11H7NS,185.029920,84,244,34,Active,0.999489813084426,-52.27761424800002,2.0035539484701785,28.98022604968183,1.4621017687040507,alpha-Naphylisothiocyanate,551-06-4,C11H7NS,185.029920,84,244,34,Inactive,0.6772064327616587,-25.28291638706566,1.0964356790780692,29.898651007288148,1.4756515938994346,True
https://comptox.epa.gov/dashboard/chemical/details/DTXSID9020538,"N,N'-Diphenyl-p-phenylenediamine",74-31-7,C18H16N2,260.131349,47,244,19,Active,0.9999999927498804,-78.7439212966271,3.017882447417116,19.555873288855278,1.2912772146150526,"N,N'-Diphenyl-p-phenylenediamine",74-31-7,C18H16N2,260.131349,47,244,19,Inactive,0.1279028047238492,-23.0351845973998,0.9989590552005938,56.82796935223144,1.7545621375707383,True
https://comptox.epa.gov/dashboard/chemical/details/DTXSID3021221,Quinapril hydrochloride,82586-55-8,C25H31ClN2O5,474.192150,21,244,9,Active,0.990535546305125,-39.4500811734416,1.5119352143263085,22.66726087454751,1.3553990428904534,Quinapril hydrochloride,82586-55-8,C25H31ClN2O5,474.192150,21,244,9,Inactive,0.0,5.827487533487788,0.2527186798105069,0.0003583899774947,-3.4456441440422774,True
https://comptox.epa.gov/dashboard/chemical/details/DTXSID1022265,Alachlor,15972-60-8,C14H20ClNO2,269.118257,127,664,19,Active,0.9999999722485045,-93.92396566075,3.5996618239473768,24.244928790947515,1.3846209129001317,Alachlor,15972-60-8,C14H20ClNO2,269.118257,127,664,19,Inactive,1.7066230953e-06,-15.890700791034362,0.6891266437030804,68.2336647597713,1.8339986974150992,True
https://comptox.epa.gov/dashboard/chemical/details/DTXSID1029120,"4,4'-Biphenyldiol",92-88-6,C12H10O2,186.068080,47,244,19,Active,0.9999999602104404,-117.90355810760644,4.518686301646126,34.64815811308018,1.5396801525816786,"4,4'-Biphenyldiol",92-88-6,C12H10O2,186.068080,47,244,19,Inactive,0.0,4.16405169246307,0.1805810206087469,2.7501650887185862,0.4393587647275435,True
https://comptox.epa.gov/dashboard/chemical/details/DTXSID2029662,Dichloro(dioctyl)stannane,3542-36-7,C16H34Cl2Sn,416.105958,63,244,26,Active,0.9999996298291864,-79.10133075764358,3.031580263339685,18.353120180505734,1.2637099084781656,Dichloro(dioctyl)stannane,3542-36-7,C16H34Cl2Sn,416.105958,63,244,26,Inactive,0.0035029303240005,-15.353942856074104,0.6658492439795354,72.26884191861222,1.8589510953657704,True
https://comptox.epa.gov/dashboard/chemical/details/DTXSID4020749,Isobutylparaben,4247-02-3,C11H14O3,194.094294,38,244,16,Active,0.996221479828899,-47.131711938169246,1.8063358267251204,38.28927203065135,1.5830771094639973,Isobutylparaben,4247-02-3,C11H14O3,194.094294,38,244,16,Inactive,0.0086190035161981,-16.644906419565032,0.7218340239681821,65.17036655836931,1.8140501637427129,True
https://comptox.epa.gov/dashboard/chemical/details/DTXSID6021321,Tetracycline hydrochloride,64-75-5,C22H25ClN2O8,480.129944,17,244,7,Active,0.9999957171116932,-84.92090913430957,3.254617205685364,31.16986915728588,1.4937349792294223,Tetracycline hydrochloride,64-75-5,C22H25ClN2O8,480.129944,17,244,7,Inactive,0.0,3.930117086533997,0.1704360577181951,2.19218412041e-05,-4.659122972485348,True
https://comptox.epa.gov/dashboard/chemical/details/DTXSID5020867,"4,4'-Methylenebis(o-toluidine)",838-88-0,C15H18N2,226.146999,80,644,12,Active,0.9870754409330588,-42.31024790622293,1.6215518912381917,50.14343408674617,1.700214073416642,"4,4'-Methylenebis(o-toluidine)",838-88-0,C15H18N2,226.146999,80,644,12,Inactive,0.0108619355167751,-17.478509732531148,0.7579846167455768,63.76025660221456,1.8045500562033252,True
https://comptox.epa.gov/dashboard/chemical/details/DTXSID8047890,"3,3'-Dimethylbisphenol A",79-97-0,C17H20O2,256.146330,200,466,43,Active,0.9999999998430688,-104.36197151206338,3.999701269862869,21.974759376168045,1.3419241282429846,"3,3'-Dimethylbisphenol A",79-97-0,C17H20O2,256.146330,200,466,43,Inactive,0.6577531224364856,-27.687199738999883,1.200701421578515,36.7854406130268,1.565675962353784,True
https://comptox.epa.gov/dashboard/chemical/details/DTXSID5022485,"Bis(4-hydroxyphenyl)-2,2-dichloroethylene",14868-03-2,C14H10Cl2O2,280.005785,69,244,28,Active,0.999999994449003,-100.41623908447887,3.848479989041008,21.677549054193104,1.3360101776628677,"Bis(4-hydroxyphenyl)-2,2-dichloroethylene",14868-03-2,C14H10Cl2O2,280.005785,69,244,28,Inactive,0.002492826692994,-15.800977382592372,0.6852356390120781,55.19714506747415,1.7419166155279944,True
https://comptox.epa.gov/dashboard/chemical/details/DTXSID7047934,1-Hexylpyridinium bromide,74440-81-6,C11H18BrN,243.062263,33,244,14,Active,0.999174626523861,-65.88851431265762,2.5251954380265045,73.91534341690443,1.868734599012324,1-Hexylpyridinium bromide,74440-81-6,C11H18BrN,243.062263,33,244,14,Inactive,0.8164392711700976,-27.23799123815441,1.1812207485370096,38.6226053639847,1.586841566621973,True
https://comptox.epa.gov/dashboard/chemical/details/DTXSID7020211,"2,6-Di-tert-butyl-4-(hydroxymethyl)phenol",88-26-6,C15H24O2,236.177630,31,244,13,Active,0.9997750768127804,-57.79414772888867,2.214976611812648,38.9310344827586,1.5902959440260116,"2,6-Di-tert-butyl-4-(hydroxymethyl)phenol",88-26-6,C15H24O2,236.177630,31,244,13,Inactive,0.0557176158171407,-19.403222590050675,0.8414529879040686,38.9310344827586,1.5902959440260116,True
https://comptox.epa.gov/dashboard/chemical/details/DTXSID5020861,4-Methylcatechol,452-86-8,C7H8O2,124.052429,69,244,28,Active,0.9989386742027674,-78.92433488120173,3.0247968476806286,68.2283091564722,1.8339646086664976,4-Methylcatechol,452-86-8,C7H8O2,124.052429,69,244,28,Inactive,0.0110531917877292,-19.275121600654675,0.8358976756470211,67.44135895633573,1.8289263128220763,True
https://comptox.epa.gov/dashboard/chemical/details/DTXSID5020865,"4,4'-Methylenebis(2-chloroaniline)",101-14-4,C13H12Cl2N2,266.037754,56,244,23,Active,0.9999997867831248,-84.77954623462506,3.2491994336637395,25.23511668553562,1.40200531722374,"4,4'-Methylenebis(2-chloroaniline)",101-14-4,C13H12Cl2N2,266.037754,56,244,23,Inactive,0.1497386765911241,-22.347605035690204,0.9691410250286896,48.37839315438892,1.684651439557668,True
https://comptox.epa.gov/dashboard/chemical/details/DTXSID6020274,Chlormadinone acetate,302-22-7,C23H29ClO4,404.175437,67,244,27,Active,0.9999999999998898,-48.46346182134477,1.8573755073837133,0.2739154413451587,-0.562383484715838,Chlormadinone acetate,302-22-7,C23H29ClO4,404.175437,67,244,27,Inactive,3.440435089231329e-11,-22.2945471880598,0.966840083305573,12.695089532216937,1.103635768085728,True
https://comptox.epa.gov/dashboard/chemical/details/DTXSID7025005,"3,4-Dichlorophenol",95-77-2,C6H4Cl2O,161.963920,20,244,8,Active,0.9737215551594096,-36.90300559230845,1.4143178419377715,60.43884245969095,1.781316138026637,"3,4-Dichlorophenol",95-77-2,C6H4Cl2O,161.963920,20,244,8,Inactive,4.97073854e-06,-11.222200931118662,0.4866693901244864,71.23017671724352,1.8526640218010977,True
https://comptox.epa.gov/dashboard/chemical/details/DTXSID0021834,4-Nitrophenol,100-02-7,C6H5NO3,139.026943,42,611,7,Active,0.9149387620568564,-36.85338418570748,1.412416087878139,39.55172413793105,1.5971654200023118,4-Nitrophenol,100-02-7,C6H5NO3,139.026943,42,611,7,Inactive,0.8547537532681235,-28.418236117148385,1.2324040288028968,74.95495804197918,1.8748003653905096,True
https://comptox.epa.gov/dashboard/chemical/details/DTXSID4024488,2-Amino-4-methylphenol,95-84-1,C7H9NO,123.068414,54,244,22,Active,0.9979231729494769,-56.346358180436425,2.15948967905794,69.256492762661,1.84046049454249,2-Amino-4-methylphenol,95-84-1,C7H9NO,123.068414,54,244,22,Inactive,0.0004158312555282,-16.27728179187831,0.7058913711455147,62.08190237137769,1.792965016509367,True
https://comptox.epa.gov/dashboard/chemical/details/DTXSID7026655,1-Ethoxy-4-nitrobenzene,100-29-8,C8H9NO3,167.058243,98,244,40,Active,0.9966887651570524,-64.26873948030948,2.463117121950558,47.60345230904996,1.6776384498717942,1-Ethoxy-4-nitrobenzene,100-29-8,C8H9NO3,167.058243,98,244,40,Inactive,-4.97343785589e-05,14.651784382378295,0.6353989750651099,0.2333818377985907,-0.6319329445664097,True
https://comptox.epa.gov/dashboard/chemical/details/DTXSID7025558,4-Methoxy-3-nitro-N-phenylbenzamide,97-32-5,C14H12N2O4,272.079707,27,244,11,Active,0.9848229026838712,-36.43083221721787,1.3962216674349073,61.10589690702236,1.7860831230184009,4-Methoxy-3-nitro-N-phenylbenzamide,97-32-5,C14H12N2O4,272.079707,27,244,11,Inactive,0.0,-4.807533054673407,0.2084866590860434,2.394018662253484,0.3791275315683524,True
https://comptox.epa.gov/dashboard/chemical/details/DTXSID8026018,Silybin,22888-70-6,C25H22O10,482.121297,58,244,24,Active,0.9996146391104394,-72.65746013452049,2.7846171488956637,37.33757791711214,1.5721461419111211,Silybin,22888-70-6,C25H22O10,482.121297,58,244,24,Inactive,0.0,-3.181569008823964,0.1379740265449853,0.0048801118477704,-2.3115702242446563,True
https://comptox.epa.gov/dashboard/chemical/details/DTXSID0033960,Rifabutin,72559-06-9,C46H62N4O11,846.441509,62,244,25,Active,0.9985450461011646,-44.14433557796219,1.691843805844724,20.016827152795347,1.3013952390156338,Rifabutin,72559-06-9,C46H62N4O11,846.441509,62,244,25,Inactive,6.60410765103e-05,-17.059507968597536,0.7398139090415998,15.335303782136922,1.1856923834876616,True
https://comptox.epa.gov/dashboard/chemical/details/DTXSID9029649,"1,3-Benzenedimethanamine",1477-55-0,C8H12N2,136.100048,13,358,4,Active,0.929788493822255,-29.289787586730228,1.1225391673548153,0.0080137454778665,-2.0961644551792644,"1,3-Benzenedimethanamine",1477-55-0,C8H12N2,136.100048,13,358,4,Inactive,-1.790514106120543e-11,2.489984894766142,0.1079823323065581,38.3162580842912,1.5833830898456054,True
https://comptox.epa.gov/dashboard/chemical/details/DTXSID8028008,Cyanox CY 1790,40601-76-1,C42H57N3O6,699.424737,29,244,12,Active,0.9962975783047944,-51.83479330185768,1.9865827138820829,38.32375478927205,1.583468052712754,Cyanox CY 1790,40601-76-1,C42H57N3O6,699.424737,29,244,12,Inactive,2.1216612211904823e-11,-9.617356077251737,0.4170726264352817,19.692408870477628,1.2942988443843255,True
https://comptox.epa.gov/dashboard/chemical/details/DTXSID9025744,2-Nitrobenzyl chloride,612-23-7,C7H6ClNO2,171.008706,48,244,20,Active,1.0,-97.8509863560521,3.750165972481616,0.0001956266602047,-3.708571959411419,2-Nitrobenzyl chloride,612-23-7,C7H6ClNO2,171.008706,48,244,20,Inactive,0.8311414170905992,-30.38652911633699,1.317762325217389,9.9045311542e-05,-4.004166077617858,True
https://comptox.epa.gov/dashboard/chemical/details/DTXSID0039227,2-Acetylaminofluorene,53-96-3,C15H13NO,223.099714,26,244,11,Active,0.9995096951515748,-56.83120610321728,2.1780716090880063,40.67861956636431,1.6093662066675507,2-Acetylaminofluorene,53-96-3,C15H13NO,223.099714,26,244,11,Inactive,1.7581054599875684e-09,-3.8796600787737394,0.1682479057375887,38.82375478927205,1.589097535313144,True
https://comptox.epa.gov/dashboard/chemical/details/DTXSID9026219,Triethanolamine stearate,4568-28-9,C24H51NO5,433.376724,27,244,11,Active,0.9922377049113168,-45.77277122870233,1.7542540501682748,36.21899562345616,1.5589364028737138,Triethanolamine stearate,4568-28-9,C24H51NO5,433.376724,27,244,11,Inactive,1.7628898392e-06,-12.06946064191045,0.5234122152849859,58.54045018817151,1.7674560579250185,True
https://comptox.epa.gov/dashboard/chemical/details/DTXSID0047957,Octylparaben,1219-38-1,C15H22O3,250.156895,154,406,38,Active,0.997578441517455,-43.24972274700164,1.6575575229757298,38.2126436781609,1.5822070846687908,Octylparaben,1219-38-1,C15H22O3,250.156895,154,406,38,Inactive,0.0,4.461108255872309,0.1934633720685188,0.7039238597337244,-0.1524743139911261,True
https://comptox.epa.gov/dashboard/chemical/details/DTXSID7024081,Endothal,145-73-3,C8H10O5,186.052823,140,583,24,Active,0.9998446993732116,-61.16676731758544,2.3442331854115435,18.22978640231445,1.260781580073537,Endothal,145-73-3,C8H10O5,186.052823,140,583,24,Inactive,-6.343441660774698e-11,0.3035206787240697,0.0131626785611375,35.63218390804595,1.551842441215654,True
https://comptox.epa.gov/dashboard/chemical/details/DTXSID8046242,Mexenone,1641-17-4,C15H14O3,242.094294,28,244,11,Active,0.9484667135305624,-34.04879688519823,1.3049295079988823,17.72420329307114,1.2485667226590933,Mexenone,1641-17-4,C15H14O3,242.094294,28,244,11,Inactive,-3.0321845937805774e-08,5.221078764049928,0.2264207559184023,19.15708812260535,1.2823294969977377,True
https://comptox.epa.gov/dashboard/chemical/details/DTXSID7024742,Castor oil,8001-79-4,, ,6,244,2,Active,0.9888317638685148,-30.67035618498992,1.1754498386998251,2.52284263537948,0.4018901618462468,Castor oil,8001-79-4,, ,6,244,2,Inactive,0.0,-5.676143219569955,0.2461553821645914,10.73735294350346,1.030897228875404,True
https://comptox.epa.gov/dashboard/chemical/details/DTXSID3020380,Dehydroepiandrosterone 3-acetate,853-23-6,C21H30O3,330.219495,50,256,20,Active,0.9974775694547028,-43.1584252511809,1.654058521330985,11.75292292250172,1.0701458879908194,Dehydroepiandrosterone 3-acetate,853-23-6,C21H30O3,330.219495,50,256,20,Inactive,0.0,-1.4089395304852228,0.0611010038255635,9.80942051859e-05,-4.008356647360952,True
https://comptox.epa.gov/dashboard/chemical/details/DTXSID9047960,"4,4'-Thiodiphenol",2664-63-3,C12H10O2S,218.040151,48,244,20,Active,0.9999959554268772,-97.17838058228048,3.724388171157112,39.1185956686885,1.5923832555151909,"4,4'-Thiodiphenol",2664-63-3,C12H10O2S,218.040151,48,244,20,Inactive,3.767801877427859e-09,-4.019160076622593,0.1742975549367232,36.22988505747125,1.559066956198899,True
https://comptox.epa.gov/dashboard/chemical/details/DTXSID4047961,4-Hydroxy-4'-chlorobenzophenone,42019-78-3,C13H9ClO2,232.029107,54,244,22,Active,0.9999473472059078,-78.83884492421242,3.0215204215593463,45.68733102573954,1.6597957880699332,4-Hydroxy-4'-chlorobenzophenone,42019-78-3,C13H9ClO2,232.029107,54,244,22,Inactive,0.3402161777452242,-23.35370332561583,1.0127721490986257,52.836654579911816,1.7229353119046582,True
https://comptox.epa.gov/dashboard/chemical/details/DTXSID1020275,[4-(4-Chlorophenoxy)phenyl]amine,101-79-1,C12H10ClNO,219.045092,31,244,13,Active,0.9999999999106396,-90.92675816310565,3.484793022019991,11.231132409753398,1.0504235474024028,[4-(4-Chlorophenoxy)phenyl]amine,101-79-1,C12H10ClNO,219.045092,31,244,13,Inactive,1.06869025e-06,-11.620011703413835,0.5039211152652289,37.62452107279695,1.5754709804486688,True
https://comptox.epa.gov/dashboard/chemical/details/DTXSID3022403,"2,2′-Dihydroxy-4-methoxybenzophenone",131-53-3,C14H12O4,244.073559,61,368,17,Active,0.9926359309539976,-46.69207746025431,1.7894867144084887,56.15623507815668,1.7493979833882871,"2,2′-Dihydroxy-4-methoxybenzophenone",131-53-3,C14H12O4,244.073559,61,368,17,Inactive,0.0,4.426855206146513,0.1919779316524831,3.27322274808e-05,-4.485024439246799,True
https://comptox.epa.gov/dashboard/chemical/details/DTXSID9047962,4-Benzylphenol,101-53-1,C13H12O,184.088815,39,244,16,Active,0.9999122964821534,-59.70766954068553,2.2883128616905024,35.9233716475096,1.5553770913357348,4-Benzylphenol,101-53-1,C13H12O,184.088815,39,244,16,Inactive,0.8660175602809962,-28.17552617399015,1.221878508832351,51.56713034176445,1.712372964033959,True
https://comptox.epa.gov/dashboard/chemical/details/DTXSID3024499,4-Aminophenol,123-30-8,C6H7NO,109.052764,113,244,46,Active,0.9999999999941857,-95.15515119625547,3.64684734831464,11.2956433887758,1.0529109729489137,4-Aminophenol,123-30-8,C6H7NO,109.052764,113,244,46,Inactive,2.7168186115e-06,-12.876385020045255,0.5584058317238516,61.78838504804138,1.7909068442857905,True
https://comptox.epa.gov/dashboard/chemical/details/DTXSID8021690,Undecanoic acid,112-37-8,C11H22O2,186.161980,11,244,5,Active,0.9809406360627672,-31.226320238429143,1.1967573140025696,12.310432232294987,1.090273301737581,Undecanoic acid,112-37-8,C11H22O2,186.161980,11,244,5,Inactive,3.932994984616701e-08,-8.262677779009412,0.3583247511060927,38.70114942528735,1.58772386376947,True
https://comptox.epa.gov/dashboard/chemical/details/DTXSID9047966,"1,2-Benzenedicarboxylic acid, dinonyl ester",84-76-4,C26H42O4,418.308310,9,244,4,Active,0.9461225185089686,-29.526399252010528,1.1316073745223714,3.599604201266388,0.556254750029519,"1,2-Benzenedicarboxylic acid, dinonyl ester",84-76-4,C26H42O4,418.308310,9,244,4,Inactive,0.0,-1.5920485610485755,0.069041831188888,1.4134462411704631,0.1502792952401069,True
https://comptox.epa.gov/dashboard/chemical/details/DTXSID5024473,2-Amino-4-chlorophenol,95-85-2,C6H6ClNO,143.013791,45,244,18,Active,0.9999920247825054,-80.34662095440386,3.0793063527299585,32.03394071839678,1.505610367542452,2-Amino-4-chlorophenol,95-85-2,C6H6ClNO,143.013791,45,244,18,Inactive,-1.110994212457755e-19,0.1258969818535135,0.005459731807801,37.27394636015326,1.571405375895958,True
https://comptox.epa.gov/dashboard/chemical/details/DTXSID9021762,2-Butanol,78-92-2,C4H10O,74.073165,2,244,1,Active,0.9684485190308242,-37.23416814627184,1.4270097379265827,0.0001850648801278,-3.732675989749717,2-Butanol,78-92-2,C4H10O,74.073165,2,244,1,Inactive,-9.543917776413512e-08,5.933771725392139,0.25732787039366,39.1455938697318,1.5926828860427324,True
https://comptox.epa.gov/dashboard/chemical/details/DTXSID3025257,Ethacrynic acid,58-54-8,C13H12Cl2O4,302.011264,94,244,39,Active,0.9999999985171808,-99.90124577755569,3.8287427288702034,26.27531577380312,1.4195479440341014,Ethacrynic acid,58-54-8,C13H12Cl2O4,302.011264,94,244,39,Inactive,0.0,-2.230178976256081,0.096715416958303,6.01941396488e-05,-4.220445788510252,True
https://comptox.epa.gov/dashboard/chemical/details/DTXSID8031077,Curcumin,458-37-7,C21H20O6,368.125988,255,473,54,Active,0.9999999994467296,-80.31584698372018,3.07812693183709,11.400911786408756,1.056939585369034,Curcumin,458-37-7,C21H20O6,368.125988,255,473,54,Inactive,0.5829162619754433,-23.292686778269037,1.010126065138177,30.31961900488731,1.4817237396673155,True
https://comptox.epa.gov/dashboard/chemical/details/DTXSID6020804,Melphalan,148-82-3,C13H18Cl2N2O2,304.074533,54,244,22,Active,0.999988634233823,-51.86382925693021,1.987695524848497,11.436474783024805,1.0582921767111024,Melphalan,148-82-3,C13H18Cl2N2O2,304.074533,54,244,22,Inactive,0.0,0.8537624455905795,0.037024827059957,4.90422405703e-05,-4.309429696623995,True
https://comptox.epa.gov/dashboard/chemical/details/DTXSID2020717,4-(Benzyloxyl)phenol,103-16-2,C13H12O2,200.083730,50,259,19,Active,0.9999921261174723,-79.62727392439004,3.0517371799006985,34.91243567832507,1.542980148578042,4-(Benzyloxyl)phenol,103-16-2,C13H12O2,200.083730,50,259,19,Inactive,0.0,-3.7567616422565946,0.1629182108306655,0.0013112437294789,-2.8823165756404703,True
https://comptox.epa.gov/dashboard/chemical/details/DTXSID3024108,Flurprimidol,56425-91-3,C15H15F3N2O2,312.108562,19,244,8,Active,0.9765782630244588,-40.99131609593837,1.5710034667496038,48.89224171976258,1.689239950215429,Flurprimidol,56425-91-3,C15H15F3N2O2,312.108562,19,244,8,Inactive,0.0115052346921356,-14.657977300754125,0.6356675412605963,38.1934865900383,1.5819893058647572,True
https://comptox.epa.gov/dashboard/chemical/details/DTXSID9022445,Bis(4-hydroxyphenyl)methane,620-92-8,C13H12O2,200.083730,43,465,9,Active,0.999601512382184,-65.13404684209972,2.496280264651193,51.724094898242434,1.7136928998377616,Bis(4-hydroxyphenyl)methane,620-92-8,C13H12O2,200.083730,43,465,9,Inactive,6.3141761572247644e-09,-7.108052893618268,0.3082525244328309,68.39893875997795,1.8350493634999263,True
https://comptox.epa.gov/dashboard/chemical/details/DTXSID7020768,Kaempferol,520-18-3,C15H10O6,286.047738,97,410,24,Active,0.9999997652286344,-100.3328219489392,3.845283004372049,26.645473604035526,1.4256234439160669,Kaempferol,520-18-3,C15H10O6,286.047738,97,410,24,Inactive,0.0,17.771912663887417,0.770708522380517,12.159043893567926,1.0848994262465297,True
https://comptox.epa.gov/dashboard/chemical/details/DTXSID5036684,4-Hydroxybenzophenone,1137-42-4,C13H10O2,198.068080,24,250,10,Active,0.9998845944617416,-102.65512625119942,3.934285955659573,70.25490514241437,1.846676651736045,4-Hydroxybenzophenone,1137-42-4,C13H10O2,198.068080,24,250,10,Inactive,0.19798435107992,-23.21036980830405,1.006556252958227,61.35367049092461,1.787840549561322,True
https://comptox.epa.gov/dashboard/chemical/details/DTXSID4020117,6-Azacytidine,3131-60-0,C8H12N4O5,244.080770,22,244,9,Active,0.9945224262931696,-61.22099066515888,2.3463113101250137,55.79015840842014,1.7465575945310912,6-Azacytidine,3131-60-0,C8H12N4O5,244.080770,22,244,9,Inactive,0.0139052485677292,-15.337382799942638,0.6651310896292975,38.3448275862069,1.5837067893470826,True
https://comptox.epa.gov/dashboard/chemical/details/DTXSID5020310,Chlorfenson,80-33-1,C12H8Cl2O3S,301.957121,34,341,10,Active,0.9935337947754296,-42.68145438767475,1.6357784817647276,30.971725806865404,1.49096540579321,Chlorfenson,80-33-1,C12H8Cl2O3S,301.957121,34,341,10,Inactive,0.1461183465179364,-21.889979637279662,0.9492953392388046,57.40835490235524,1.7589751018743085,True
https://comptox.epa.gov/dashboard/chemical/details/DTXSID2024163,Linuron,330-55-2,C9H10Cl2N2O2,248.011933,128,799,16,Active,0.9997954673262534,-61.10468116224232,2.341853716427115,38.45402298850575,1.5849417815968312,Linuron,330-55-2,C9H10Cl2N2O2,248.011933,128,799,16,Inactive,0.0264192692255903,-18.97019857319643,0.8226741819028912,38.45402298850575,1.5849417815968312,True
https://comptox.epa.gov/dashboard/chemical/details/DTXSID7024160,Lactofen,77501-63-4,C19H15ClF3NO7,461.048914,141,742,19,Active,0.9999999807714236,-73.44228091982957,2.814695621409501,17.304348673955406,1.2381552573354049,Lactofen,77501-63-4,C19H15ClF3NO7,461.048914,141,742,19,Inactive,0.0,-17.120417524874238,0.7424553531565183,12.643780008062963,1.1018769308471146,True
https://comptox.epa.gov/dashboard/chemical/details/DTXSID4031980,Resveratrol,501-36-0,C14H12O3,228.078644,122,485,25,Active,0.9999999853028686,-96.43855218435242,3.696034044267784,24.60124409523285,1.390957070112837,Resveratrol,501-36-0,C14H12O3,228.078644,122,485,25,Inactive,-8.477697132191922e-12,8.79517177145394,0.3814172378774999,0.2241127629436933,-0.6495334102289464,True
https://comptox.epa.gov/dashboard/chemical/details/DTXSID2020420,Propyzamide,23950-58-5,C12H11Cl2NO,255.021769,87,742,12,Active,0.9829119303576764,-47.37824366096941,1.8157842228262933,35.4654711429522,1.5498057336311932,Propyzamide,23950-58-5,C12H11Cl2NO,255.021769,87,742,12,Inactive,9.843308230796225e-08,-1.5454336331224583,0.0670202973842674,38.31417624521075,1.5833594926617194,True
https://comptox.epa.gov/dashboard/chemical/details/DTXSID9022310,Daidzein,486-66-8,C15H10O4,254.057909,101,668,15,Active,0.999962733555003,-60.734197981388405,2.327654846594985,28.923566119288544,1.461251838084765,Daidzein,486-66-8,C15H10O4,254.057909,101,668,15,Inactive,0.0,2.2664632025503337,0.0982889427212215,1.2582831599310746,0.0997783843187896,True
https://comptox.epa.gov/dashboard/chemical/details/DTXSID7024241,Oxyfluorfen,42874-03-3,C15H11ClF3NO4,361.032870,181,718,25,Active,0.998244250670432,-48.32697940182464,1.8521447811070872,31.22507213136446,1.4945034502877224,Oxyfluorfen,42874-03-3,C15H11ClF3NO4,361.032870,181,718,25,Inactive,0.0,-4.86318880303461,0.2109002630910083,0.0369617337455246,-1.4322476657404903,True
https://comptox.epa.gov/dashboard/chemical/details/DTXSID0020523,"2,4-Dinitrophenol",51-28-5,C6H4N2O5,184.012021,141,584,24,Active,0.9986902443908932,-68.0868837420872,2.609448551216311,38.44827586206895,1.584876869485223,"2,4-Dinitrophenol",51-28-5,C6H4N2O5,184.012021,141,584,24,Inactive,0.0050923484979583,-19.174466012059497,0.8315325787988261,6.416436797959307,0.8072939208132679,True
https://comptox.epa.gov/dashboard/chemical/details/DTXSID7037553,Fluorodifen,15457-05-3,C13H7F3N2O5,328.030706,33,247,13,Active,0.9998990396851548,-76.34461397493881,2.925928334225237,7.603782858643129,0.8810297062155544,Fluorodifen,15457-05-3,C13H7F3N2O5,328.030706,33,247,13,Inactive,0.1663159023891594,-22.771583975485395,0.9875275762339514,71.78289397222636,1.856020963203592,True
https://comptox.epa.gov/dashboard/chemical/details/DTXSID5026120,"3,3',5,5'-Tetramethylbenzidine",54827-17-7,C16H20N2,240.162649,24,326,7,Active,0.988636379053668,-45.775022885696856,1.7543403455420572,50.12989961258352,1.7000968349193637,"3,3',5,5'-Tetramethylbenzidine",54827-17-7,C16H20N2,240.162649,24,326,7,Inactive,2.112489573085565e-18,-6.331984259377635,0.2745970185976683,7.614724581837282,0.8816541998911813,True
https://comptox.epa.gov/dashboard/chemical/details/DTXSID3020625,Finasteride,98319-26-7,C23H36N2O2,372.277678,44,447,10,Active,0.9999966493639306,-85.31203061978222,3.2696070442199376,30.052702547527502,1.4778835328679765,Finasteride,98319-26-7,C23H36N2O2,372.277678,44,447,10,Inactive,0.0,-8.097995329988517,0.3511830230688621,2.547434705210559,0.4061030611651498,True
https://comptox.epa.gov/dashboard/chemical/details/DTXSID1021952,Triphenyl phosphate,115-86-6,C18H15O4P,326.070796,186,748,25,Active,0.9999995937078618,-86.36080023440024,3.3098014282336243,30.251825162764906,1.4807515817721386,Triphenyl phosphate,115-86-6,C18H15O4P,326.070796,186,748,25,Inactive,0.0,1.5668312715134305,0.0679482415272886,1.170184700981618,0.0682544158370004,True
https://comptox.epa.gov/dashboard/chemical/details/DTXSID9020160,Bifenthrin,82657-04-3,C23H22ClF3O2,422.126042,149,825,18,Active,0.9702114985713504,-44.54980006023032,1.7073833436774744,7.459239354747154,0.8726945431725878,Bifenthrin,82657-04-3,C23H22ClF3O2,422.126042,149,825,18,Inactive,0.0,-15.950177316754171,0.6917059420667836,12.072625890846814,1.081801742829065,True
https://comptox.epa.gov/dashboard/chemical/details/DTXSID4026262,"Tris(2,3-epoxypropyl)isocyanurate",2451-62-9,C12H15N3O6,297.096085,159,593,27,Active,0.99974724730328,-84.49588218639114,3.238327930974616,37.6833754466488,1.5761497973107732,"Tris(2,3-epoxypropyl)isocyanurate",2451-62-9,C12H15N3O6,297.096085,159,593,27,Inactive,0.0,3.8990025152451593,0.1690867226344564,0.0306629285808705,-1.5133863685366769,True
https://comptox.epa.gov/dashboard/chemical/details/DTXSID0020232,Caffeine,58-08-2,C8H10N4O2,194.080376,54,670,8,Active,0.9900814394979888,-37.19255273484475,1.425414815834568,14.265754620066694,1.1542947496112372,Caffeine,58-08-2,C8H10N4O2,194.080376,54,670,8,Inactive,0.0,4.892025200237455,0.2121508013701066,7.602500329335742,0.880956447629546,True
https://comptox.epa.gov/dashboard/chemical/details/DTXSID3025253,Ergotamine D-tartrate,379-79-3,C70H76N10O16,1312.544076,85,330,26,Active,0.9999999999999948,-90.1153794435173,3.453696709368385,6.182047813671171,0.7911323596941653,Ergotamine D-tartrate,379-79-3,C70H76N10O16,1312.544076,85,330,26,Inactive,3.5573969770883684e-08,-16.80363184601047,0.7287174158232725,16.99028126668336,1.230200568483962,True
https://comptox.epa.gov/dashboard/chemical/details/DTXSID8022111,"N-(3,4-Dichlorophenyl)propanamide",709-98-8,C9H9Cl2NO,217.006119,120,743,16,Active,0.9999999943863056,-90.9408966966009,3.485334885205936,24.583109367248078,1.3906368132792282,"N-(3,4-Dichlorophenyl)propanamide",709-98-8,C9H9Cl2NO,217.006119,120,743,16,Inactive,5.46465053353e-05,-15.33321376150311,0.6649502923501163,19.99420444829896,1.300904128620209,True
https://comptox.epa.gov/dashboard/chemical/details/DTXSID3020209,Butylparaben,94-26-8,C11H14O3,194.094294,121,677,18,Active,0.99429296529192,-43.84540664539848,1.6803872722640452,50.05302056033169,1.6994302910681125,Butylparaben,94-26-8,C11H14O3,194.094294,121,677,18,Inactive,0.0,-2.770738110153526,0.1201576619898101,9.91044651796e-05,-4.003906777813274,True
https://comptox.epa.gov/dashboard/chemical/details/DTXSID6024123,Haloxyfop-methyl,69806-40-2,C16H13ClF3NO4,375.048520,48,376,13,Active,0.9999823790380632,-68.3084720762843,2.6179409850869426,30.197273192252897,1.4799677280225687,Haloxyfop-methyl,69806-40-2,C16H13ClF3NO4,375.048520,48,376,13,Inactive,8.9997129551e-06,-10.709676817764242,0.4644429303416615,38.7337164750958,1.5880891692605597,True
https://comptox.epa.gov/dashboard/chemical/details/DTXSID5024211,Napropamide,15299-99-7,C17H21NO2,271.157229,161,768,21,Active,0.9995085156188456,-73.19295771630892,2.8051402410417343,53.43500508384799,1.7278258550455798,Napropamide,15299-99-7,C17H21NO2,271.157229,161,768,21,Inactive,0.2706306480364436,-21.72990605082655,0.9423534821848862,34.30692278291195,1.535381765029787,True
https://comptox.epa.gov/dashboard/chemical/details/DTXSID0020022,Acifluorfen,50594-66-6,C14H7ClF3NO5,360.996485,49,692,7,Active,0.9999991685208264,-76.71253467678332,2.940028996344352,30.21914547451892,1.4802821793627627,Acifluorfen,50594-66-6,C14H7ClF3NO5,360.996485,49,692,7,Inactive,0.0,-5.057132071456434,0.2193109351811747,0.0008132448873023,-3.0897786583545868,True
https://comptox.epa.gov/dashboard/chemical/details/DTXSID5021097,Oxytetracycline hydrochloride,2058-46-0,C22H25ClN2O9,496.124858,42,659,6,Active,0.999369876401228,-59.28361578386143,2.272060884796185,35.24778560432172,1.5471318382059436,Oxytetracycline hydrochloride,2058-46-0,C22H25ClN2O9,496.124858,42,659,6,Inactive,0.0,-6.149049916129055,0.2666637668400083,7.588828938576198,0.8801747634115273,True
https://comptox.epa.gov/dashboard/chemical/details/DTXSID8027585,4-(Diglycidylamino)phenyl glycidyl ether,5026-74-4,C15H19NO4,277.131408,113,341,33,Active,0.99999991943908,-89.73378034235003,3.439071818832076,22.10936704396353,1.344576309595959,4-(Diglycidylamino)phenyl glycidyl ether,5026-74-4,C15H19NO4,277.131408,113,341,33,Inactive,0.8411291361483192,-26.66780497814242,1.1564936739532776,57.86219959105017,1.7623949390267644,True
https://comptox.epa.gov/dashboard/chemical/details/DTXSID7020427,"2,6-Dichloro-1,4-benzenediamine",609-20-1,C6H6Cl2N2,175.990804,39,328,12,Active,0.9109021216384446,-36.42954744442487,1.396172428164154,33.65849356750131,1.527094674623705,"2,6-Dichloro-1,4-benzenediamine",609-20-1,C6H6Cl2N2,175.990804,39,328,12,Inactive,0.0,9.490877431783144,0.4115876698183238,11.75836114398868,1.0703467948931047,True
https://comptox.epa.gov/dashboard/chemical/details/DTXSID6049222,3-(Dodecyldimethylammonio)propanesulfonate,14933-08-5,C17H37NO3S,335.249415,18,244,7,Active,0.9999999569665178,-70.06049288067737,2.6850876644245125,18.906275901280907,1.276605991309127,3-(Dodecyldimethylammonio)propanesulfonate,14933-08-5,C17H37NO3S,335.249415,18,244,7,Inactive,0.0124987863814259,-18.896089274804197,0.8194603090385146,10.140714441937035,1.006068553346494,True
https://comptox.epa.gov/dashboard/chemical/details/DTXSID9033923,Procymidone,32809-16-8,C13H11Cl2NO2,283.016684,63,696,9,Active,0.9999995331875134,-92.99080187849614,3.5638980652640777,9.330485911479451,0.9699042614505908,Procymidone,32809-16-8,C13H11Cl2NO2,283.016684,63,696,9,Inactive,0.0,-2.3615637377116605,0.1024131354470117,9.80887477726e-05,-4.008380809750782,True
https://comptox.epa.gov/dashboard/chemical/details/DTXSID8027870,"3-(Dodecenyl)dihydro-2,5-furandione",25377-73-5,, ,30,442,7,Active,0.9995582317638968,-54.5839138473544,2.091943515115685,38.47701149425285,1.5852013330654278,"3-(Dodecenyl)dihydro-2,5-furandione",25377-73-5,, ,30,442,7,Inactive,3.635591418084385e-12,-6.920090973305102,0.3001012434419712,38.31365844827585,1.5833536233492826,True
https://comptox.epa.gov/dashboard/chemical/details/DTXSID2044890,2-[(4-Hydroxyphenyl)methyl]phenol,2467-03-0,C13H12O2,200.083730,46,449,10,Active,0.9976307255177916,-77.31035324625299,2.962940557488816,38.72030651340995,1.5879387865639305,2-[(4-Hydroxyphenyl)methyl]phenol,2467-03-0,C13H12O2,200.083730,46,449,10,Inactive,0.0,1.459924281308615,0.0633120422609977,0.0542061058772662,-1.2659517909625484,True
https://comptox.epa.gov/dashboard/chemical/details/DTXSID5044607,sec-Butylparaben,17696-61-6,C11H14O3,194.094294,48,329,15,Active,0.9694994736036155,-37.7700403083052,1.447547185963593,66.76787044743664,1.824567524688237,sec-Butylparaben,17696-61-6,C11H14O3,194.094294,48,329,15,Inactive,9.6139825421e-06,-13.307646167118428,0.5771081879477982,70.83044570526707,1.850219974633756,True
https://comptox.epa.gov/dashboard/chemical/details/DTXSID0023951,Carboxin,5234-68-4,C12H13NO2S,235.066700,73,677,11,Active,0.9206044904760348,-35.69610185104658,1.3680629240152082,65.85726704685881,1.818603704342859,Carboxin,5234-68-4,C12H13NO2S,235.066700,73,677,11,Inactive,4.888206959816985e-10,-3.762901578600073,0.1631844793722844,38.31417624521075,1.5833594926617194,True
https://comptox.epa.gov/dashboard/chemical/details/DTXSID9026265,Tris(2-ethylhexyl) trimellitate,3319-31-1,C33H54O6,546.392039,27,631,4,Active,0.9776660770492016,-30.485707521808628,1.1683731278835745,6.619950719735646,0.8208547564749663,Tris(2-ethylhexyl) trimellitate,3319-31-1,C33H54O6,546.392039,27,631,4,Inactive,0.0,-7.190617933541732,0.3118330945787221,11.456980339905352,1.0590701678474583,True
https://comptox.epa.gov/dashboard/chemical/details/DTXSID6021793,1-Naphthol,90-15-3,C10H8O,144.057515,57,503,11,Active,0.9952351995740734,-51.408920539898986,1.9702610231155444,64.96646916052774,1.812689264090776,1-Naphthol,90-15-3,C10H8O,144.057515,57,503,11,Inactive,0.0,-4.0055604882548455,0.1737077861901556,0.0034798463564417,-2.458439930772552,True
https://comptox.epa.gov/dashboard/chemical/details/DTXSID3027740,2-Ethylhexyl acid phosphate,12645-31-7,, ,38,244,16,Active,0.999777672199125,-63.38045488997167,2.4290733706444314,37.8213574555533,1.577737112157792,2-Ethylhexyl acid phosphate,12645-31-7,, ,38,244,16,Inactive,0.0008126691034417,-15.015635421215755,0.6511779799371548,38.85632183908045,1.589461687653518,True
https://comptox.epa.gov/dashboard/chemical/details/DTXSID1020485,C.I. Disperse Black 6 dihydrochloride,20325-40-0,C14H18Cl2N2O2,316.074533,231,632,37,Active,0.9999768682363898,-78.92343138215004,3.024762220830905,40.887346769357165,1.6115889295611068,C.I. Disperse Black 6 dihydrochloride,20325-40-0,C14H18Cl2N2O2,316.074533,231,632,37,Inactive,0.0232226316950313,-21.496566606081,0.9322343294479746,51.26468206143877,1.709818268266249,True
https://comptox.epa.gov/dashboard/chemical/details/DTXSID1021118,Phenazopyridine hydrochloride,136-40-3,C11H12ClN5,249.078123,74,331,22,Active,0.9999999955554266,-98.48039798934374,3.7742883464888175,35.012006469826034,1.5442170000482087,Phenazopyridine hydrochloride,136-40-3,C11H12ClN5,249.078123,74,331,22,Inactive,4.842829059404511e-13,-10.491138349698414,0.4549656465516863,3.801265137017356,0.5799281625596259,True
https://comptox.epa.gov/dashboard/chemical/details/DTXSID8024107,1-Methyl-3-phenyl-5-(3-(trifluoromethyl)phenyl)-4-pyridone,59756-60-4,C19H14F3NO,329.102749,78,605,13,Active,0.998608966609725,-47.57500463810025,1.8233251414069536,22.332742754223467,1.3489420634152016,1-Methyl-3-phenyl-5-(3-(trifluoromethyl)phenyl)-4-pyridone,59756-60-4,C19H14F3NO,329.102749,78,605,13,Inactive,0.0,2.6519774177566573,0.1150074072319152,0.0008643716091564,-3.063299506237193,True
https://comptox.epa.gov/dashboard/chemical/details/DTXSID3029572,Benoxacor,98730-04-2,C11H11Cl2NO2,259.016684,130,481,27,Active,0.9999999050241806,-58.26676499039994,2.2330897983847056,12.654586287298525,1.1022479514634305,Benoxacor,98730-04-2,C11H11Cl2NO2,259.016684,130,481,27,Inactive,5.153485520505554e-07,-16.562980031868342,0.7182811500372859,7.315980825874583,0.8642725585829774,True
https://comptox.epa.gov/dashboard/chemical/details/DTXSID0021125,Phenolphthalein,77-09-8,C20H14O4,318.089209,230,672,34,Active,0.99999889477205,-109.46108192428336,4.195126079258787,36.00233083515375,1.5563306184360937,Phenolphthalein,77-09-8,C20H14O4,318.089209,230,672,34,Inactive,5.03778105526e-05,-14.722769989594376,0.6384773838713246,64.37433385637314,1.808712748006558,True
https://comptox.epa.gov/dashboard/chemical/details/DTXSID7026520,7-Amino-4-hydroxynaphthalene-2-sulfonic acid,87-02-5,C10H9NO4S,239.025229,65,331,20,Active,0.9999999999999516,-81.42280163188957,3.120551273269275,3.818744626533337,0.5819206164786589,7-Amino-4-hydroxynaphthalene-2-sulfonic acid,87-02-5,C10H9NO4S,239.025229,65,331,20,Inactive,0.4943835946583881,-24.63292124905406,1.068247559889897,4.587728110759382,0.6615976717628408,True
https://comptox.epa.gov/dashboard/chemical/details/DTXSID6022345,"o,p'-DDT",789-02-6,C14H9Cl5,351.914689,287,710,40,Active,0.9910200519430268,-51.71827753475152,1.982117215052371,49.41967842527367,1.6938999151133385,"o,p'-DDT",789-02-6,C14H9Cl5,351.914689,287,710,40,Inactive,9.38159608984e-05,-14.582645962567486,0.6324006726100011,35.728756061724006,1.5530178959971936,True
https://comptox.epa.gov/dashboard/chemical/details/DTXSID4047254,CP-457920,220860-50-4,C18H17N3O3,323.126991,61,626,10,Active,0.9996265125363945,-61.78226089396445,2.3678221460584874,49.78387484455424,1.6970886961720633,CP-457920,220860-50-4,C18H17N3O3,323.126991,61,626,10,Inactive,0.0018184286030099,-14.789303455660784,0.6413627181789308,38.31417624521075,1.5833594926617194,True
https://comptox.epa.gov/dashboard/chemical/details/DTXSID9024934,Diazoaminobenzene,136-35-6,C12H11N3,197.095297,92,328,28,Active,0.945633812472176,-37.10471922202187,1.422048572291214,54.97012045539209,1.7401266886312714,Diazoaminobenzene,136-35-6,C12H11N3,197.095297,92,328,28,Inactive,0.0,10.74023865906478,0.4657682953710445,11.879392523208727,1.0747942326852589,True
https://comptox.epa.gov/dashboard/chemical/details/DTXSID5021590,Dodecanoic acid,143-07-7,C12H24O2,200.177630,33,363,9,Active,0.9987102824522932,-39.035197931544616,1.496034699939529,16.448845655372512,1.216135425502255,Dodecanoic acid,143-07-7,C12H24O2,200.177630,33,363,9,Inactive,4.06170200537e-05,-10.856259904049583,0.4707997494400646,64.23810689496523,1.807792733746577,True
https://comptox.epa.gov/dashboard/chemical/details/DTXSID5028665,DINP branched,68515-48-0,, ,6,383,2,Active,0.9968664902243092,-32.310708247155034,1.2383167827696353,7.023785717690264,0.8465712536035929,DINP branched,68515-48-0,, ,6,383,2,Inactive,3.9500759888e-06,-8.389150425835204,0.3638094475819383,38.31419455938695,1.5833597002544315,True
https://comptox.epa.gov/dashboard/chemical/details/DTXSID8044836,"2,4,4'-Trihydroxybenzophenone",1470-79-7,C13H10O4,230.057909,108,508,21,Active,0.9999961043273786,-97.55326811333516,3.7387558389223945,27.974721792696776,1.4467657761835009,"2,4,4'-Trihydroxybenzophenone",1470-79-7,C13H10O4,230.057909,108,508,21,Inactive,0.0,1.6929480883517578,0.0734175068444827,0.2030466008717948,-0.6924042764767228,True
https://comptox.epa.gov/dashboard/chemical/details/DTXSID7020716,Hydroquinone,123-31-9,C6H6O2,110.036779,121,627,19,Active,0.9997761129636358,-99.82032666151372,3.825641481485741,60.24163788247628,1.779896771188186,Hydroquinone,123-31-9,C6H6O2,110.036779,121,627,19,Inactive,0.0,-4.048794730091148,0.1755827109251621,11.272071988423836,1.0520037537062858,True
https://comptox.epa.gov/dashboard/chemical/details/DTXSID5020233,Ergocalciferol,50-14-6,C28H44O,396.339216,111,397,28,Active,0.9999999109824744,-108.05834762069804,4.141365901159029,28.61223724500133,1.4565518174407477,Ergocalciferol,50-14-6,C28H44O,396.339216,111,397,28,Inactive,0.7304338639904341,-25.480915225097046,1.105022227683066,38.31401203065135,1.5833576312715807,True
https://comptox.epa.gov/dashboard/chemical/details/DTXSID9047330,PharmaGSID_47330,425377-76-0,C21H15F2N5O,391.124466,195,653,30,Active,0.999999935013166,-124.75833320808384,4.781397443231207,32.87197124348482,1.5168257483316523,PharmaGSID_47330,425377-76-0,C21H15F2N5O,391.124466,195,653,30,Inactive,0.0,-5.9190185737235215,0.2566880754577958,0.6668642459408327,-0.1759625667421766,True
https://comptox.epa.gov/dashboard/chemical/details/DTXSID3047974,"2,3',4,4'-Tetrahydroxybenzophenone",61445-50-9,C13H10O5,246.052823,67,244,27,Active,0.9999923484005088,-65.20523454074245,2.4990085527865604,22.50599800521376,1.3522982760413114,"2,3',4,4'-Tetrahydroxybenzophenone",61445-50-9,C13H10O5,246.052823,67,244,27,Inactive,0.0420807640857332,-17.194052234064248,0.7456486446715656,71.34914540121517,1.853388775632036,True
https://comptox.epa.gov/dashboard/chemical/details/DTXSID2020894,Bis(4-(dimethylamino)phenyl)methanone,90-94-8,C17H20N2O,268.157563,162,620,26,Active,0.9999999747666573,-54.068995429491366,2.072209125088715,1.0300568291451762,0.0128611857763605,Bis(4-(dimethylamino)phenyl)methanone,90-94-8,C17H20N2O,268.157563,162,620,26,Inactive,0.8687030157133306,-27.30620099597221,1.184178778021732,1.548628852403494,0.1899473463151525,True
https://comptox.epa.gov/dashboard/chemical/details/DTXSID6024046,Paraoxon,311-45-5,C10H14NO6P,275.055874,36,376,10,Active,0.9992373772341824,-50.96301580920736,1.9531716016361984,16.645476049581575,1.2212962202046098,Paraoxon,311-45-5,C10H14NO6P,275.055874,36,376,10,Inactive,0.0,2.261898124655753,0.098090970533015,0.0237710838193024,-1.623951016588531,True
https://comptox.epa.gov/dashboard/chemical/details/DTXSID5020360,N-Cyclohexyl-2-benzothiazolesulfenamide,95-33-0,C13H16N2S2,264.075491,58,441,13,Active,0.9998095331623912,-68.53582544961122,2.62665436566828,60.34905368516272,1.7806704644493716,N-Cyclohexyl-2-benzothiazolesulfenamide,95-33-0,C13H16N2S2,264.075491,58,441,13,Inactive,0.0,-1.377050494395852,0.0597180827889032,4.90421977833e-05,-4.309430075524551,True
https://comptox.epa.gov/dashboard/chemical/details/DTXSID4020406,Diazepam,439-14-5,C16H13ClN2O,284.071641,31,277,11,Active,0.9999970864686972,-68.52513270452289,2.6262445632710225,18.54335734742678,1.268188367643322,Diazepam,439-14-5,C16H13ClN2O,284.071641,31,277,11,Inactive,-6.467725900738679e-08,7.057456650170251,0.3060583342652715,19.15708812260535,1.2823294969977377,True
https://comptox.epa.gov/dashboard/chemical/details/DTXSID7025926,Piperonal acetone,3160-37-0,C11H10O3,190.062994,59,244,24,Active,0.9999998235850424,-83.18958976466433,3.1882639145298035,14.741905385942903,1.168553619555709,Piperonal acetone,3160-37-0,C11H10O3,190.062994,59,244,24,Inactive,0.0006549366424982,-14.102257120620289,0.6115678122675383,38.4808429118774,1.5852445765665992,True
https://comptox.epa.gov/dashboard/chemical/details/DTXSID7025217,(2-Dodecenyl)succinic anhydride,19780-11-1,C16H26O3,266.188195,27,372,7,Active,0.9987426394956568,-49.113710495463096,1.882296466713205,22.032116252126723,1.3430562144671307,(2-Dodecenyl)succinic anhydride,19780-11-1,C16H26O3,266.188195,27,372,7,Inactive,0.0004092225457595,-12.93681419241112,0.5610264431922732,38.31417624521075,1.5833594926617194,True
https://comptox.epa.gov/dashboard/chemical/details/DTXSID7020847,2-Methyl-1-nitroanthraquinone,129-15-7,C15H9NO4,267.053158,41,244,17,Active,1.0,-74.22495876456296,2.8446919651362177,0.1526079408875745,-0.8164228674694208,2-Methyl-1-nitroanthraquinone,129-15-7,C15H9NO4,267.053158,41,244,17,Inactive,6.252929611562725e-13,-11.479570673204892,0.4978306566341849,0.0158489973148184,-1.7999982081727808,True
https://comptox.epa.gov/dashboard/chemical/details/DTXSID9022601,Amphotericin B,1397-89-3,C47H73NO17,923.487850,43,247,17,Active,0.9532235436329958,-40.01087926114096,1.5334279553219927,34.94898507637358,1.5434345682896962,Amphotericin B,1397-89-3,C47H73NO17,923.487850,43,247,17,Inactive,1.1363749853436716e-11,-1.3240379782358933,0.0574191069403252,19.15708812260535,1.2823294969977377,True
https://comptox.epa.gov/dashboard/chemical/details/DTXSID0024559,C.I. Basic Orange 2,532-82-1,C12H13ClN4,248.082874,69,244,28,Active,0.99981070737196,-68.06024805034626,2.6084277310024304,37.6417624521073,1.575669949646434,C.I. Basic Orange 2,532-82-1,C12H13ClN4,248.082874,69,244,28,Inactive,0.0047774993492336,-17.459887107794923,0.7571770156806409,37.6417624521073,1.575669949646434,True
https://comptox.epa.gov/dashboard/chemical/details/DTXSID6024832,Chrysophanic acid,481-74-3,C15H10O4,254.057909,19,244,8,Active,0.9952221253217456,-46.23986079832342,1.7721553864278836,19.19157088122605,1.2831105243512333,Chrysophanic acid,481-74-3,C15H10O4,254.057909,19,244,8,Inactive,0.0,-2.17618093748454,0.0943737022841349,6.38080565132e-05,-4.195124483060513,True
https://comptox.epa.gov/dashboard/chemical/details/DTXSID0024840,Cobaltocene,1277-43-6,C10H10Co,189.011444,7,244,3,Active,0.9745749758851748,-31.785308318335822,1.2181806859516373,0.000494757828754,-3.305607325049258,Cobaltocene,1277-43-6,C10H10Co,189.011444,7,244,3,Inactive,0.0,-1.5276305709251008,0.0662482380106101,0.0037611258679201,-2.4246821324567542,True
https://comptox.epa.gov/dashboard/chemical/details/DTXSID1033539,Z-Guggulsterone,39025-23-5,C21H28O2,312.208930,44,256,17,Active,0.9999999592212104,-117.23334622639427,4.493000246912562,12.661209521385794,1.102475195679162,Z-Guggulsterone,39025-23-5,C21H28O2,312.208930,44,256,17,Inactive,8.648765214876012e-10,-9.359817948469022,0.4059040575566999,8.422956152308535,0.9254645398747252,True
https://comptox.epa.gov/dashboard/chemical/details/DTXSID4026054,Styrax balsam,8046-19-3,, ,14,244,6,Active,0.9948039117087092,-47.35716241633464,1.814976278325875,21.525877645543343,1.3329608673891649,Styrax balsam,8046-19-3,, ,14,244,6,Inactive,0.0,4.929126430053149,0.2137597578482608,9.341755112960168,0.9704284783998416,True
https://comptox.epa.gov/dashboard/chemical/details/DTXSID3039240,Antimony potassium tartrate trihydrate,28300-74-5,C8H10K2O15Sb2,665.737000,54,244,22,Active,0.9999999987621232,-94.86508043205438,3.635730306473483,13.37803234295528,1.1263922415755043,Antimony potassium tartrate trihydrate,28300-74-5,C8H10K2O15Sb2,665.737000,54,244,22,Inactive,3.4579842595750157e-10,-14.250797083220284,0.6180094945588612,9.362240981388082,0.971379815550252,True
https://comptox.epa.gov/dashboard/chemical/details/DTXSID4022369,Fulvestrant,129453-61-8,C32H47F5O3S,606.316607,136,654,21,Active,0.999999959140108,-52.802605288881466,2.02367437454547,5.273664691830998,0.7221125131864838,Fulvestrant,129453-61-8,C32H47F5O3S,606.316607,136,654,21,Inactive,0.0,-10.580452221662783,0.4588388910128532,6.929672343483988,0.8407127002999755,True
https://comptox.epa.gov/dashboard/chemical/details/DTXSID6022393,"3-(4-Hydroxyphenyl)-1-(2,4,6-trihydroxyphenyl)propan-1-one",60-82-2,C15H14O5,274.084124,48,244,20,Active,0.9999998366841658,-124.34369171552206,4.765506193954208,46.65911931384432,1.668936537270694,"3-(4-Hydroxyphenyl)-1-(2,4,6-trihydroxyphenyl)propan-1-one",60-82-2,C15H14O5,274.084124,48,244,20,Inactive,0.0812760154055337,-21.78600804385596,0.9447864383313656,67.51065297747165,1.8293723085982307,True
https://comptox.epa.gov/dashboard/chemical/details/DTXSID4028880,Triphenyl phosphates isopropylated,68937-41-7,, ,187,550,34,Active,0.9999714410966424,-56.22010445106458,2.1546509701453247,14.402711336944602,1.1584442565280022,Triphenyl phosphates isopropylated,68937-41-7,, ,187,550,34,Inactive,0.0,-5.2656467721167,0.2283535216421717,0.6818400105008311,-0.1663175178770078,True
https://comptox.epa.gov/dashboard/chemical/details/DTXSID3045645,Podofilox,518-28-5,C22H22O8,414.131468,43,259,17,Active,0.9999999999845572,-32.407608111947965,1.2420304967465414,0.0175712445918558,-1.755197475827873,Podofilox,518-28-5,C22H22O8,414.131468,43,259,17,Inactive,5.258203668037947e-13,-11.04435499263326,0.4789568054942467,0.0059140744958217,-2.2281132092450497,True
https://comptox.epa.gov/dashboard/chemical/details/DTXSID2049216,Ammonium tetrachloroplatinate(II),13820-41-2,Cl4H8N2Pt,370.908951,19,244,8,Active,0.9614598168627094,-33.31188371976185,1.2766871081968256,13.100022118046844,1.1172720289181757,Ammonium tetrachloroplatinate(II),13820-41-2,Cl4H8N2Pt,370.908951,19,244,8,Inactive,8.064097625045751e-15,-4.498615769105658,0.1950899477021579,68.11964602535416,1.8332723825431347,True
https://comptox.epa.gov/dashboard/chemical/details/DTXSID7049265,2-Bromo-5-hydroxy-benzaldehyde,2973-80-0,C7H5BrO2,199.947292,23,244,9,Active,0.966762338958612,-36.68610531165263,1.4060050790088685,24.20670142531742,1.3839356134655578,2-Bromo-5-hydroxy-benzaldehyde,2973-80-0,C7H5BrO2,199.947292,23,244,9,Inactive,1.0020270700101548e-08,-11.013683355829738,0.4776266790004412,7.692612000282329,0.8860738280589815,True
https://comptox.epa.gov/dashboard/chemical/details/DTXSID1049273,12-Bromo-1-dodecanol,3344-77-2,C12H25BrO,264.108878,38,244,16,Active,0.9998534561513,-59.08344841962087,2.2643894154923925,38.8065134099617,1.5889046250941872,12-Bromo-1-dodecanol,3344-77-2,C12H25BrO,264.108878,38,244,16,Inactive,0.1030426733555471,-20.939687119371825,0.9080843251989796,15.342548755497758,1.1858975120576476,True
https://comptox.epa.gov/dashboard/chemical/details/DTXSID0049315,2-Aminodiphenylamine,534-85-0,C12H12N2,184.100048,50,244,20,Active,0.9999698583840302,-102.8002828722119,3.939849123094806,37.045316130701785,1.5687333052389187,2-Aminodiphenylamine,534-85-0,C12H12N2,184.100048,50,244,20,Inactive,1.423050829971828e-16,-9.1128248243483,0.3951927903268063,7.621912940202115,0.8820639838213816,True
https://comptox.epa.gov/dashboard/chemical/details/DTXSID2047355,Trelanserin,189003-92-7,C24H24FN5O2S,465.163474,127,637,20,Active,0.9997919365444208,-75.44569463837108,2.8914770033440584,50.39728240144533,1.7024071183924092,Trelanserin,189003-92-7,C24H24FN5O2S,465.163474,127,637,20,Inactive,0.7806749639764923,-25.447669145267135,1.1035804561897409,38.31417624521075,1.5833594926617194,True
https://comptox.epa.gov/dashboard/chemical/details/DTXSID3024603,Beryllium sulfate tetrahydrate,7787-56-6,BeH8O8S,177.006171,6,244,2,Active,0.9973075852960211,-41.99714406986641,1.609552100569908,7.606684773447993,0.8811954191485794,Beryllium sulfate tetrahydrate,7787-56-6,BeH8O8S,177.006171,6,244,2,Inactive,0.0,-2.1458923495902305,0.0930601873427493,0.0003238622274282,-3.48963970149915,True
https://comptox.epa.gov/dashboard/chemical/details/DTXSID3036496,Levonorgestrel,797-63-7,C21H28O2,312.208930,85,671,13,Active,1.0,-54.67720873721037,2.095519067436345,0.0054875211569482,-2.260623792339223,Levonorgestrel,797-63-7,C21H28O2,312.208930,85,671,13,Inactive,0.0,-0.7154484100052471,0.0310266090849683,9.80865536148e-05,-4.008390524639639,True
https://comptox.epa.gov/dashboard/chemical/details/DTXSID3042215,Nonanoyl chloride,764-85-2,C9H17ClO,176.096793,2,244,1,Active,0.978011004095426,-34.77202798991084,1.332647539059545,38.67624521072795,1.5874443050331328,Nonanoyl chloride,764-85-2,C9H17ClO,176.096793,2,244,1,Inactive,0.0,1.4183984298883852,0.0615112047150361,9.90116905305e-05,-4.00431352425958,True
https://comptox.epa.gov/dashboard/chemical/details/DTXSID3024861,Cresyl diphenyl phosphate,26444-49-5,C19H17O4P, ,112,444,25,Active,0.9982321940074628,-40.77478501671453,1.5627048535671548,13.441417986629052,1.12844508652171,Cresyl diphenyl phosphate,26444-49-5,C19H17O4P, ,112,444,25,Inactive,0.095019293200468,-17.453926253451584,0.7569185133275197,7.693394365200899,0.8861179950454224,True
https://comptox.epa.gov/dashboard/chemical/details/DTXSID9025166,"1,8-Dinitronaphthalene",602-38-0,C10H6N2O4,218.032757,27,244,11,Active,0.9991115276590112,-51.182341862318815,1.9615773329618325,14.117566478278338,1.149759841465157,"1,8-Dinitronaphthalene",602-38-0,C10H6N2O4,218.032757,27,244,11,Inactive,0.0,-9.241947323591264,0.4007924020557025,0.0144362170598684,-1.8405465966046053,True
https://comptox.epa.gov/dashboard/chemical/details/DTXSID3025093,"4,4'-Dimethoxydiphenylamine",101-70-2,C14H15NO2,229.110279,27,244,11,Active,0.9851390204438848,-39.46141178512225,1.5123694631362037,55.29144201775736,1.7426579166196592,"4,4'-Dimethoxydiphenylamine",101-70-2,C14H15NO2,229.110279,27,244,11,Inactive,7.193440369286897e-07,-6.270340246132312,0.2719237235359359,0.0009691979469376,-3.0135875145042124,True
https://comptox.epa.gov/dashboard/chemical/details/DTXSID8049256,9-Cyanophenanthrene,2510-55-6,C15H9N,203.073499,23,244,9,Active,0.9999152925469932,-51.36683988319442,1.968648270370274,17.48813056979551,1.2427433871450837,9-Cyanophenanthrene,2510-55-6,C15H9N,203.073499,23,244,9,Inactive,8.84898646985e-05,-10.798129843158154,0.4682788427609226,71.51342033813407,1.8543875499392712,True
https://comptox.epa.gov/dashboard/chemical/details/DTXSID2049260,3-Aminofluoranthene,2693-46-1,C16H11N,217.089149,81,244,33,Active,1.0,-161.95230057708577,6.206866475309036,4.910114012051282,0.6910915764875051,3-Aminofluoranthene,2693-46-1,C16H11N,217.089149,81,244,33,Inactive,0.3935045538679306,-23.833723648935603,1.0335890280184818,63.38637968602048,1.801995947744784,True
https://comptox.epa.gov/dashboard/chemical/details/DTXSID8049412,4-Hydroxyquinazoline,491-36-1,C8H6N2O,146.048013,58,244,24,Active,0.9999999978888604,-99.33700174368538,3.8071179210394814,0.0001541286075844,-3.812116745038929,4-Hydroxyquinazoline,491-36-1,C8H6N2O,146.048013,58,244,24,Inactive,0.6371985312834898,-27.08173038625901,1.174444237052405,0.00010038240034,-3.9983424236970815,True
https://comptox.epa.gov/dashboard/chemical/details/DTXSID8049416,Tropolone,533-75-5,C7H6O2,122.036779,28,244,11,Active,0.939467228000574,-36.94035665511797,1.4157493316958267,38.9406130268199,1.5904027841657673,Tropolone,533-75-5,C7H6O2,122.036779,28,244,11,Inactive,0.0133151192780379,-20.6063624138046,0.8936291454915836,34.50427687708651,1.5378729301166914,True
https://comptox.epa.gov/dashboard/chemical/details/DTXSID4022816,C.I. Direct Red 28,573-58-0,C32H22N6Na2O6S2,696.083763,67,244,27,Active,0.9998504152764692,-44.17842748940023,1.6931503877298222,7.599847161812516,0.880804858405938,C.I. Direct Red 28,573-58-0,C32H22N6Na2O6S2,696.083763,67,244,27,Inactive,0.0,2.470904497433567,0.1071548791723491,0.0001056708868749,-3.976044647613101,True
https://comptox.epa.gov/dashboard/chemical/details/DTXSID7049429,Acenaphthenequinone,82-86-0,C12H6O2,182.036779,30,244,12,Active,0.992242285989936,-39.146561419610194,1.5003027362575356,19.81939454742159,1.2970903833112093,Acenaphthenequinone,82-86-0,C12H6O2,182.036779,30,244,12,Inactive,0.0,-21.06039211902317,0.9133188980716148,12.175204464239712,1.0854762632702808,True
https://comptox.epa.gov/dashboard/chemical/details/DTXSID5024891,Cytarabine hydrochloride,69-74-9,C9H14ClN3O5,279.062198,111,686,16,Active,0.9999628674660666,-43.69286086997212,1.6745409134530242,8.24406877382314,0.9161416061017538,Cytarabine hydrochloride,69-74-9,C9H14ClN3O5,279.062198,111,686,16,Inactive,0.0,-5.649546466025235,0.2450019697541072,0.0009873087260507,-3.0055470245792444,True
https://comptox.epa.gov/dashboard/chemical/details/DTXSID9049243,3-Acetylphenanthrene,2039-76-1,C16H12O,220.088815,33,244,14,Active,0.9998732951561252,-62.24974539390819,2.385738618131364,33.17827057055116,1.520853744520128,3-Acetylphenanthrene,2039-76-1,C16H12O,220.088815,33,244,14,Inactive,1.5587402984e-06,-12.559447197144808,0.5446612964116534,72.64909785992485,1.861230225696819,True
https://comptox.epa.gov/dashboard/chemical/details/DTXSID1049223,2-Aminofluorene,153-78-6,C13H11N,181.089149,21,244,9,Active,0.9818331051555748,-39.93062480708256,1.5303521812909089,27.962956538985345,1.4465830876990016,2-Aminofluorene,153-78-6,C13H11N,181.089149,21,244,9,Inactive,0.0007426542079742,-13.79002909344191,0.598027525072598,38.13793103448275,1.5813571290697233,True
https://comptox.epa.gov/dashboard/chemical/details/DTXSID6024701,tert-Butylphenyl diphenyl phosphate,56803-37-3,C22H23O4P, ,163,511,32,Active,0.999986643120474,-56.312498078788096,2.158191981346807,14.536509454844325,1.1624601351000974,tert-Butylphenyl diphenyl phosphate,56803-37-3,C22H23O4P, ,163,511,32,Inactive,0.004329015060569,-15.917907690679922,0.6903065161130428,7.642802040893543,0.8832526109050092,True
https://comptox.epa.gov/dashboard/chemical/details/DTXSID6032192,Tri-o-cresyl phosphate,78-30-8,C21H21O4P,368.117746,200,534,37,Active,0.9999981586274582,-68.25840271354372,2.6160220629850195,22.07026523941942,1.3438075525238684,Tri-o-cresyl phosphate,78-30-8,C21H21O4P,368.117746,200,534,37,Inactive,0.0904471760212436,-18.83617847697761,0.8168621777433173,7.627977178442609,0.8824093850437019,True
https://comptox.epa.gov/dashboard/chemical/details/DTXSID5020283,"4-Chloro-1,2-diaminobenzene",95-83-0,C6H7ClN2,142.029776,213,634,34,Active,0.9999225438612738,-72.20481725114806,2.7672694858610507,35.06167771867985,1.5448326934614858,"4-Chloro-1,2-diaminobenzene",95-83-0,C6H7ClN2,142.029776,213,634,34,Inactive,0.8409487828518534,-27.64379094367323,1.1988189270413625,39.57471264367815,1.5974177700860548,True
https://comptox.epa.gov/dashboard/chemical/details/DTXSID0023581,Simvastatin,79902-63-9,C25H38O5,418.271924,227,677,34,Active,0.999999998913899,-57.70466733998032,2.211547251290236,6.37908854476297,0.8047586304049008,Simvastatin,79902-63-9,C25H38O5,418.271924,227,677,34,Inactive,3.169725297918975e-10,-10.257537990027306,0.4448351788054929,1.699159079290452,0.2302340404487226,True
https://comptox.epa.gov/dashboard/chemical/details/DTXSID4049452,NTP Mix64 CT1 62-GP,NOCAS_49452,, ,1,244,0,Active,0.998346769120142,-40.22646015560579,1.5416901524121416,0.1287708848592856,-0.8901823200065817,NTP Mix64 CT1 62-GP,NOCAS_49452,, ,1,244,0,Inactive,0.0,-4.679349846707781,0.2029277812841101,0.0899413081719581,-1.04604080002657,True
https://comptox.epa.gov/dashboard/chemical/details/DTXSID7049502,NTP Mix9 AR1 8-7EQP,NOCAS_49502,, ,18,244,7,Active,0.999976299028932,-32.60215580914083,1.24948659076467,0.4183869722572733,-0.3784218470013569,NTP Mix9 AR1 8-7EQP,NOCAS_49502,, ,18,244,7,Inactive,8.958355704844285e-13,-5.046562291672839,0.2188525591181719,19.15708812260535,1.2823294969977377,True
https://comptox.epa.gov/dashboard/chemical/details/DTXSID7049504,NTP Mix11 AR1 8-7EQP,NOCAS_49504,, ,22,244,9,Active,0.9999998994342952,-93.4433617145394,3.581242545486952,1.8625396821325548,0.2701055343317998,NTP Mix11 AR1 8-7EQP,NOCAS_49504,, ,22,244,9,Inactive,7.48600484254e-05,-7.434974010645813,0.3224300018830365,19.15708812260535,1.2823294969977377,True
https://comptox.epa.gov/dashboard/chemical/details/DTXSID2049509,NTP Mix16 AR1 8-GP,NOCAS_49509,, ,25,244,10,Active,0.9977983106377492,-32.18662769604869,1.233561361511922,0.6856842524527973,-0.1638758245048552,NTP Mix16 AR1 8-GP,NOCAS_49509,, ,25,244,10,Inactive,6.8359772327450656e-15,-6.996546282540079,0.3034168549646617,19.15708812260535,1.2823294969977377,True
https://comptox.epa.gov/dashboard/chemical/details/DTXSID6049511,NTP Mix18 AR1 8-GP,NOCAS_49511,, ,25,244,10,Active,0.9999686646388324,-46.43119189014506,1.77948820316022,7.175451162513765,0.8558492128945563,NTP Mix18 AR1 8-GP,NOCAS_49511,, ,25,244,10,Inactive,5.426698615056772e-15,-5.527082590715081,0.2396911203159897,19.15708812260535,1.2823294969977377,True
https://comptox.epa.gov/dashboard/chemical/details/DTXSID4049539,NTP Mix84 ER AR1 18-EQP,NOCAS_49539,, ,24,244,10,Active,0.9950288411108236,-41.23600182840832,1.5803811147635094,10.3514159266314,1.01499975917111,NTP Mix84 ER AR1 18-EQP,NOCAS_49539,, ,24,244,10,Inactive,-6.429947029545052e-12,1.9750555478979333,0.0856515655758852,19.15708812260535,1.2823294969977377,True
https://comptox.epa.gov/dashboard/chemical/details/DTXSID3049540,NTP Mix85 ER AR1 18-EQP,NOCAS_49540,, ,24,244,10,Active,0.9653660278718846,-36.18261442338779,1.3867086521976475,19.15708812260535,1.2823294969977377,NTP Mix85 ER AR1 18-EQP,NOCAS_49540,, ,24,244,10,Inactive,0.0,-2.3234711351931403,0.10076118644434,0.0003785479867259,-3.4218790592304367,True
https://comptox.epa.gov/dashboard/chemical/details/DTXSID5049495,NTP Mix2 AR1 4-EQP,NOCAS_49495,, ,31,244,13,Active,0.9999986497656016,-36.503608995960974,1.3990108575023037,0.3456095675059897,-0.461414243457197,NTP Mix2 AR1 4-EQP,NOCAS_49495,, ,31,244,13,Inactive,0.0029555401320514,-19.394347764020058,0.8410681163268895,19.15708812260535,1.2823294969977377,True
https://comptox.epa.gov/dashboard/chemical/details/DTXSID0049496,NTP Mix3 AR1 8-EQP,NOCAS_49496,, ,22,244,9,Active,0.9969443942503402,-31.17185300290449,1.1946698422162716,1.145740745041029,0.0590863578270621,NTP Mix3 AR1 8-EQP,NOCAS_49496,, ,22,244,9,Inactive,2.0233037719012157e-12,-9.914116357171048,0.42994212906921,19.15708812260535,1.2823294969977377,True
https://comptox.epa.gov/dashboard/chemical/details/DTXSID7049506,NTP Mix13 AR1 8-GP,NOCAS_49506,, ,14,244,6,Active,0.9802168712701116,-34.18943074687769,1.3103193394383932,6.571940254928699,0.8176936066387503,NTP Mix13 AR1 8-GP,NOCAS_49506,, ,14,244,6,Inactive,1.0656034662184384e-16,-1.8161072351502492,0.0787585078859512,19.15708812260535,1.2823294969977377,True
https://comptox.epa.gov/dashboard/chemical/details/DTXSID2049507,NTP Mix14 AR1 8-GP,NOCAS_49507,, ,13,244,5,Active,0.9999824549197636,-44.003969720131415,1.6864642457264465,4.157505486754822,0.6188328310402689,NTP Mix14 AR1 8-GP,NOCAS_49507,, ,13,244,5,Inactive,2.76746218725999e-13,-2.2662860132152507,0.0982812586112888,19.15708812260535,1.2823294969977377,True
https://comptox.epa.gov/dashboard/chemical/details/DTXSID7049508,NTP Mix15 AR1 8-GP,NOCAS_49508,, ,16,244,7,Active,0.9924164632564224,-41.827165589302425,1.6030376285384695,2.68154476331124,0.4283850510834618,NTP Mix15 AR1 8-GP,NOCAS_49508,, ,16,244,7,Inactive,8.375838016161906e-16,-0.5781604047927941,0.025072886621946,19.15708812260535,1.2823294969977377,True
https://comptox.epa.gov/dashboard/chemical/details/DTXSID4049537,NTP Mix82 ER AR1 18-EQP,NOCAS_49537,, ,23,244,9,Active,0.9967118641570918,-45.35054759617273,1.738072213291041,8.314081826436373,0.91981429447798,NTP Mix82 ER AR1 18-EQP,NOCAS_49537,, ,23,244,9,Inactive,0.0,-1.7470511567354858,0.0757637763023,0.0017819883790883,-2.74909513246202,True
https://comptox.epa.gov/dashboard/chemical/details/DTXSID3049546,NTP Mix91 ER AR1 18-GP,NOCAS_49546,, ,23,244,9,Active,0.997829627883272,-31.796000191108455,1.2185904549171551,0.5475557437418622,-0.2615716610227398,NTP Mix91 ER AR1 18-GP,NOCAS_49546,, ,23,244,9,Inactive,8.393391822297049e-09,-12.042045552805922,0.5222233143932088,19.15708812260535,1.2823294969977377,True
https://comptox.epa.gov/dashboard/chemical/details/DTXSID8049547,NTP Mix92 ER AR1 18-GP,NOCAS_49547,, ,21,244,9,Active,0.9999830982771248,-36.258651999881685,1.3896228132359407,0.7227280084548677,-0.1410251143954663,NTP Mix92 ER AR1 18-GP,NOCAS_49547,, ,21,244,9,Inactive,0.0,0.4540681937839224,0.01969142170062,19.15708812260535,1.2823294969977377,True
https://comptox.epa.gov/dashboard/chemical/details/DTXSID2049553,NTP Mix23 AR2 2-EQP,NOCAS_49553,, ,25,244,10,Active,0.999999957760418,-47.43662050916315,1.818021531593732,2.334922347721074,0.3682724418541584,NTP Mix23 AR2 2-EQP,NOCAS_49553,, ,25,244,10,Inactive,3.8513900152622216e-11,-10.634649647867894,0.461189252454379,19.15708812260535,1.2823294969977377,True
https://comptox.epa.gov/dashboard/chemical/details/DTXSID7049554,NTP Mix24 AR2 2-EQP,NOCAS_49554,, ,32,244,13,Active,0.9999999999944628,-43.28495869862514,1.6589079505156796,0.312741913769743,-0.5048139105732479,NTP Mix24 AR2 2-EQP,NOCAS_49554,, ,32,244,13,Inactive,3.076624857121336e-08,-10.443297438347829,0.4528909459387764,19.15708812260535,1.2823294969977377,True
https://comptox.epa.gov/dashboard/chemical/details/DTXSID2049555,NTP Mix25 AR2 2-EQP,NOCAS_49555,, ,22,244,9,Active,0.9999999999866124,-83.48803490159473,3.199701906509736,3.568999708964578,0.5525465125409552,NTP Mix25 AR2 2-EQP,NOCAS_49555,, ,22,244,9,Inactive,0.0,0.8590349033225253,0.0372534759501892,4.90426329553e-05,-4.309426221864351,True
https://comptox.epa.gov/dashboard/chemical/details/DTXSID7049556,NTP Mix26 AR2 2-EQP,NOCAS_49556,, ,29,244,12,Active,0.9999998581450502,-45.84708078254066,1.7571019842628866,1.56944554933526,0.195746252795892,NTP Mix26 AR2 2-EQP,NOCAS_49556,, ,29,244,12,Inactive,7.533580865947674e-11,-10.130368163586182,0.4393202479771987,29.11990123059,1.4641898975955845,True
https://comptox.epa.gov/dashboard/chemical/details/DTXSID7025895,"N-Phenyl-1,4-benzenediamine",101-54-2,C12H12N2,184.100048,213,662,32,Active,0.999589975343045,-80.28751854053661,3.077041236458468,43.42562522050351,1.637746079919596,"N-Phenyl-1,4-benzenediamine",101-54-2,C12H12N2,184.100048,213,662,32,Inactive,0.0030268168505305,-12.750897370021,0.5529638512709698,57.92308416594339,1.7628516781992791,True
https://comptox.epa.gov/dashboard/chemical/details/DTXSID2049551,NTP Mix21 AR2 2-EQP,NOCAS_49551,, ,33,244,14,Active,0.99999999999933,-71.91256505615954,2.756068840084819,1.5412869170068009,0.1878834919786983,NTP Mix21 AR2 2-EQP,NOCAS_49551,, ,33,244,14,Inactive,0.2073521850363525,-22.98458789308521,0.99676484504679,30.553576376964774,1.4850620528723315,True
https://comptox.epa.gov/dashboard/chemical/details/DTXSID4020375,DDT,50-29-3,C14H9Cl5,351.914689,268,713,38,Active,0.9998909152820524,-59.31390434264267,2.2732217021443475,29.62491306180556,1.4716570845258898,DDT,50-29-3,C14H9Cl5,351.914689,268,713,38,Inactive,0.0,-6.0951625973331085,0.2643268537215535,7.647732176155886,0.8835326705266388,True
https://comptox.epa.gov/dashboard/chemical/details/DTXSID2024086,Ethion,563-12-2,C9H22O4P2S4,383.987618,106,619,17,Active,0.989724772806042,-49.64960731175782,1.9028348596315647,58.55241230335923,1.767544792294056,Ethion,563-12-2,C9H22O4P2S4,383.987618,106,619,17,Inactive,0.0,1.2555026652788035,0.054446959216047,9.80847053144e-05,-4.008398708373425,True
https://comptox.epa.gov/dashboard/chemical/details/DTXSID1040742,Triamcinolone,124-94-7,C21H27FO6,394.179167,68,650,10,Active,0.953224026981102,-34.13733401616014,1.3083227179009915,10.38428153937412,1.0163764542385645,Triamcinolone,124-94-7,C21H27FO6,394.179167,68,650,10,Inactive,0.0,2.295084061059189,0.099530133806717,9.80843207942e-05,-4.008400410935887,True
https://comptox.epa.gov/dashboard/chemical/details/DTXSID9026261,"Tris(1,3-dichloro-2-propyl) phosphate",13674-87-8,C9H15Cl6O4P,427.883912,237,790,30,Active,0.9996384270359144,-81.07681934216679,3.107291406830336,46.71377152787995,1.6694449323193203,"Tris(1,3-dichloro-2-propyl) phosphate",13674-87-8,C9H15Cl6O4P,427.883912,237,790,30,Inactive,0.1374687175825187,-21.845594275521616,0.9473704942756972,38.1455938697318,1.5814443805982743,True
https://comptox.epa.gov/dashboard/chemical/details/DTXSID5047249,Fandosentan potassium salt,221246-12-4,C25H17F3KNO6S,555.036574,147,635,23,Active,0.9999999892531376,-94.8807335985704,3.636330218386648,23.50428918515661,1.371147121823698,Fandosentan potassium salt,221246-12-4,C25H17F3KNO6S,555.036574,147,635,23,Inactive,0.0018464634375463,-16.066404723405718,0.6967463366790391,61.88101837355179,1.7915574522538134,True
https://comptox.epa.gov/dashboard/chemical/details/DTXSID4047252,Ingliforib,186392-65-4,C23H24ClN3O5,457.140449,81,612,13,Active,0.9999975917067764,-87.53225188687598,3.354697635100017,38.31417624521075,1.5833594926617194,Ingliforib,186392-65-4,C23H24ClN3O5,457.140449,81,612,13,Inactive,0.0110820946483868,-18.8580513137196,0.8178107296524171,38.31417624521075,1.5833594926617194,True
https://comptox.epa.gov/dashboard/chemical/details/DTXSID9047253,CP-401387,199171-88-5,C23H29N3O2,379.225977,227,608,37,Active,0.9999999999658858,-89.01270323162717,3.4114363401836694,12.256785739723773,1.0883765942833137,CP-401387,199171-88-5,C23H29N3O2,379.225977,227,608,37,Inactive,0.0484635250587507,-22.564604249777677,0.9785515565122772,46.15270232872195,1.6641971348764075,True
https://comptox.epa.gov/dashboard/chemical/details/DTXSID1047318,SB202235,139149-55-6,C16H16N2O4,300.111007,42,600,7,Active,0.9969799564302212,-60.62508073544961,2.323472898124465,7.602605261197044,0.8809624418435379,SB202235,139149-55-6,C16H16N2O4,300.111007,42,600,7,Inactive,0.1262382099259914,-16.025392709118993,0.6949677825341608,38.31417624521075,1.5833594926617194,True
https://comptox.epa.gov/dashboard/chemical/details/DTXSID1047312,GSK232420A,864283-48-7,C12H9F6N3O,325.064981,44,614,7,Active,0.9999999903738674,-40.78105896103616,1.5629453042093444,0.7698475356800876,-0.1135952760860936,GSK232420A,864283-48-7,C12H9F6N3O,325.064981,44,614,7,Inactive,0.0,3.64495236992224,0.1580694159542224,0.0029370234720286,-2.532092582679857,True
https://comptox.epa.gov/dashboard/chemical/details/DTXSID5047324,SB281832,219790-72-4,C22H19FN4O3,406.144119,63,598,11,Active,0.9999944813209086,-66.08024858768819,2.532543706866245,31.15570101061861,1.4935375274289555,SB281832,219790-72-4,C22H19FN4O3,406.144119,63,598,11,Inactive,6.523267811307545e-10,-8.712774601302048,0.3778439476831844,63.00404994095841,1.7993684670802246,True
https://comptox.epa.gov/dashboard/chemical/details/DTXSID9047338,HMR1426,262376-75-0,C16H12ClNOS,301.032813,177,642,28,Active,0.9996707345767052,-76.90762347363206,2.947505828155657,60.41630287165852,1.781154145439668,HMR1426,262376-75-0,C16H12ClNOS,301.032813,177,642,28,Inactive,0.2022741088737031,-21.757438500281907,0.9435474726032824,38.31417624521075,1.5833594926617194,True
https://comptox.epa.gov/dashboard/chemical/details/DTXSID3047348,SSR504734,742693-38-5,C20H20ClF3N2O,396.121625,278,648,43,Active,0.999587762800478,-62.678054398234224,2.40215367855688,47.47650004066626,1.6764786953488615,SSR504734,742693-38-5,C20H20ClF3N2O,396.121625,278,648,43,Inactive,0.8153188140484168,-28.566114935220817,1.2388170394632276,50.74563078043894,1.7053986552624485,True
https://comptox.epa.gov/dashboard/chemical/details/DTXSID1047364,SSR 103800,1075752-90-7,, ,239,651,37,Active,0.99798518398284,-61.54084948343772,2.358569987333875,56.9540229885055,1.7555244062026738,SSR 103800,1075752-90-7,, ,239,651,37,Inactive,2.480423457807307e-07,-15.226296119843171,0.6603136311657756,93.213185775168,1.969477351241803,True
https://comptox.epa.gov/dashboard/chemical/details/DTXSID5047374,SSR161421,477706-73-3,C25H20N4O2,408.158626,155,596,26,Active,0.9999999296670432,-60.39550573339869,2.3146743730110746,12.630441227429923,1.101418522312338,SSR161421,477706-73-3,C25H20N4O2,408.158626,155,596,26,Inactive,6.039716354219436e-07,-10.857695460354469,0.4708620047245382,38.31417624521075,1.5833594926617194,True
https://comptox.epa.gov/dashboard/chemical/details/DTXSID3037208,Diclofenac sodium,15307-79-6,C14H10Cl2NNaO2,316.998628,76,607,13,Active,0.9999998362372636,-78.4612004380022,3.0070470927292448,31.445480691555,1.4975582379608685,Diclofenac sodium,15307-79-6,C14H10Cl2NNaO2,316.998628,76,607,13,Inactive,3.351232512343071e-09,-10.58094475399444,0.4588602504958043,7.602522057080075,0.8809576888298847,True
https://comptox.epa.gov/dashboard/chemical/details/DTXSID1020699,4-Hexylresorcinol,136-77-6,C12H18O2,194.130680,246,655,38,Active,0.9983942657716044,-65.11764423380433,2.495651630175649,38.31417624521075,1.5833594926617194,4-Hexylresorcinol,136-77-6,C12H18O2,194.130680,246,655,38,Inactive,0.8695005981164755,-28.476532057669026,1.234932129127784,53.722525827257385,1.730156423338682,True
https://comptox.epa.gov/dashboard/chemical/details/DTXSID2037712,"4,4',4''-Ethane-1,1,1-triyltriphenol",27955-94-8,C20H18O3,306.125594,295,648,46,Active,0.9999999968630676,-90.68202705214966,3.4754136348631244,20.59978588477211,1.3138627063135595,"4,4',4''-Ethane-1,1,1-triyltriphenol",27955-94-8,C20H18O3,306.125594,295,648,46,Inactive,0.5275857439912947,-26.42597242640131,1.146006203519404,72.5986292066633,1.8609284205127332,True
https://comptox.epa.gov/dashboard/chemical/details/DTXSID3047263,PharmaGSID_47263,349495-42-7,C15H16N4O2,284.127326,53,673,8,Active,0.9484975366353992,-36.97746705081962,1.417171597820761,38.31417624521075,1.5833594926617194,PharmaGSID_47263,349495-42-7,C15H16N4O2,284.127326,53,673,8,Inactive,0.0,7.4111735145395485,0.3213978538226167,0.7895818182937875,-0.102602860725441,True
https://comptox.epa.gov/dashboard/chemical/details/DTXSID2047278,CP-457677,214535-77-0,C22H21FN2O3,380.153621,52,619,8,Active,0.9046194732157528,-38.520809665313706,1.476320628119714,62.241144295929,1.7940775685066856,CP-457677,214535-77-0,C22H21FN2O3,380.153621,52,619,8,Inactive,0.0118532000782921,-17.499444765412193,0.7588924992319973,38.31417624521075,1.5833594926617194,True
https://comptox.epa.gov/dashboard/chemical/details/DTXSID7047279,CP-532623,261947-38-0,C27H27F9N2O3,598.187796,41,608,7,Active,0.990684251483036,-43.08482757631461,1.6512378701938262,11.608762361475163,1.0647859210104962,CP-532623,261947-38-0,C27H27F9N2O3,598.187796,41,608,7,Inactive,0.1776372080720334,-21.67950406642169,0.9401677163835128,1.3015083229082074,0.1144469496880901,True
https://comptox.epa.gov/dashboard/chemical/details/DTXSID1047283,CP-728663,368832-42-2,C26H33N3O2,419.257277,148,647,23,Active,0.9997407404470072,-36.890365365338944,1.4138334017616343,6.5038298546602,0.8131691712470295,CP-728663,368832-42-2,C26H33N3O2,419.257277,148,647,23,Inactive,0.0,-11.05457379023283,0.4793999606316492,1.449984543474374,0.1613633727732048,True
https://comptox.epa.gov/dashboard/chemical/details/DTXSID0047294,CP-863187,668981-02-0,C18H14F2N4O,340.113567,118,615,19,Active,0.9954748255388324,-51.294619830008656,1.965880416963027,56.59100053730918,1.7527473723942613,CP-863187,668981-02-0,C18H14F2N4O,340.113567,118,615,19,Inactive,0.0,2.0170050468317307,0.087470775300203,0.0001000163300697,-3.999929085198272,True
https://comptox.epa.gov/dashboard/chemical/details/DTXSID8047349,AVE8488,NOCAS_47349,C23H25ClFN3O4,461.151762,194,625,31,Active,0.9991253365372564,-56.8086974274464,2.177208957896588,52.36994661343729,1.7190821311766165,AVE8488,NOCAS_47349,C23H25ClFN3O4,461.151762,194,625,31,Inactive,0.0068076956232064,-18.75150651182974,0.8131902372842142,33.71647509578545,1.5278421648118878,True
https://comptox.epa.gov/dashboard/chemical/details/DTXSID5022308,Genistein,446-72-0,C15H10O5,270.052823,188,671,28,Active,0.9999944919735044,-71.64053264101219,2.7456431229337883,31.06528119258928,1.4922752890560766,Genistein,446-72-0,C15H10O5,270.052823,188,671,28,Inactive,-0.0045372855723342,14.804873317460276,0.6420379311066613,19.15708812260535,1.2823294969977377,True
https://comptox.epa.gov/dashboard/chemical/details/DTXSID0028666,"1,2-Benzenedicarboxylic acid, di-C9-11-branched alkyl esters, C10-rich",68515-49-1,, ,8,589,1,Active,0.927328726396994,-37.30681447112359,1.4297939283127026,0.7761609720429075,-0.1100481988190648,"1,2-Benzenedicarboxylic acid, di-C9-11-branched alkyl esters, C10-rich",68515-49-1,, ,8,589,1,Inactive,0.0,-5.651163933046496,0.2450721138990584,0.0003509090857191,-3.45480538690968,True
https://comptox.epa.gov/dashboard/chemical/details/DTXSID5024845,Colchicine,64-86-8,C22H25NO6,399.168188,216,689,31,Active,0.9999999999999768,-39.756586245919245,1.5236821055535072,0.0112965504396775,-1.9470541541914927,Colchicine,64-86-8,C22H25NO6,399.168188,216,689,31,Inactive,0.0,-7.780983107582646,0.3374352612984894,0.0159513801997022,-1.7972017334731545,True
https://comptox.epa.gov/dashboard/chemical/details/DTXSID8037708,Ammonium perfluorooctanoate,3825-26-1,C8H4F15NO2,431.000251,55,706,8,Active,0.9936500414414866,-39.90972296181877,1.5295511123207393,35.22272918395216,1.5468230036360808,Ammonium perfluorooctanoate,3825-26-1,C8H4F15NO2,431.000251,55,706,8,Inactive,0.0,-4.880555101569947,0.2116533814827381,7.598695301471474,0.8807390301737632,True
https://comptox.epa.gov/dashboard/chemical/details/DTXSID1037303,Perfluoroheptanoic acid,375-85-9,C7HF13O2,363.976895,42,717,6,Active,0.9853352173812396,-40.99473533472123,1.5711345100166445,33.79822638371731,1.5288939105742565,Perfluoroheptanoic acid,375-85-9,C7HF13O2,363.976895,42,717,6,Inactive,0.0,-2.6850011089947765,0.1164395344744376,0.0003563435805203,-3.44813106055072,True
https://comptox.epa.gov/dashboard/chemical/details/DTXSID7041097,1-(2-Chlorophenyl)-N-methyl-N-(1-methylpropyl)-3-isoquinolinecarboxamide,85532-75-8,C21H21ClN2O,352.134241,133,642,21,Active,0.9984152804113808,-52.73029306232375,2.0209029885683845,24.2145593869732,1.3840765709441043,1-(2-Chlorophenyl)-N-methyl-N-(1-methylpropyl)-3-isoquinolinecarboxamide,85532-75-8,C21H21ClN2O,352.134241,133,642,21,Inactive,1.0817059237047305e-08,-9.356216098596214,0.4057478573521519,24.2145593869732,1.3840765709441043,True
https://comptox.epa.gov/dashboard/chemical/details/DTXSID9047540,3-Hydroxyfluorene,6344-67-8,C13H10O,182.073165,190,662,29,Active,0.9961178761319396,-43.85037323149472,1.680577618042571,60.68829889215007,1.7831049642806078,3-Hydroxyfluorene,6344-67-8,C13H10O,182.073165,190,662,29,Inactive,0.1019928938010398,-21.754337541610948,0.9434129943779808,60.901869266722365,1.784630622678263,True
https://comptox.epa.gov/dashboard/chemical/details/DTXSID9047598,"4,4'-Sulfonylbis[2-(prop-2-en-1-yl)phenol]",41481-66-7,C18H18O4S,330.092580,334,740,45,Active,0.9999956172926366,-92.8400146813072,3.5581191044478198,34.60768275008722,1.5391725209196228,"4,4'-Sulfonylbis[2-(prop-2-en-1-yl)phenol]",41481-66-7,C18H18O4S,330.092580,334,740,45,Inactive,0.0133817657604986,-17.81992207575324,0.7727905302982496,38.31417624521075,1.5833594926617194,True
https://comptox.epa.gov/dashboard/chemical/details/DTXSID4042121,Mepanipyrim,110235-47-7,C14H13N3,223.110947,122,625,20,Active,0.9992055251878856,-56.32109846662144,2.158521593576625,44.59013043271477,1.6492387427269437,Mepanipyrim,110235-47-7,C14H13N3,223.110947,122,625,20,Inactive,3.7904439881975015e-14,-4.188684908900566,0.181649280969974,38.2758620689655,1.582924980887701,True
https://comptox.epa.gov/dashboard/chemical/details/DTXSID0032572,Prallethrin,23031-36-9,C19H24O3,300.172545,218,792,28,Active,0.9998275181514116,-83.90068476201067,3.2155168259368145,74.60283770445028,1.872755347257455,Prallethrin,23031-36-9,C19H24O3,300.172545,218,792,28,Inactive,0.73081888767733,-25.925287505619444,1.1242931699944243,55.1909129313871,1.7418675779352508,True
https://comptox.epa.gov/dashboard/chemical/details/DTXSID4034948,Tebufenozide,112410-23-8,C22H28N2O2,352.215078,101,670,15,Active,0.9998925171036156,-71.92195363773862,2.756428660056788,46.05667252167405,1.6632925580815998,Tebufenozide,112410-23-8,C22H28N2O2,352.215078,101,670,15,Inactive,8.434137396761574e-08,-10.692027911045075,0.4636775561764599,71.38204720315895,1.8535889991574088,True
https://comptox.epa.gov/dashboard/chemical/details/DTXSID3041247,"1,3-Diphenyl-1,3-propanedione",120-46-7,C15H12O2,224.083730,73,363,20,Active,0.9999470627252456,-59.55252806201722,2.2823670218386143,38.82230884346147,1.5890813602166265,"1,3-Diphenyl-1,3-propanedione",120-46-7,C15H12O2,224.083730,73,363,20,Inactive,0.0,-3.6887315518704566,0.1599679729226515,0.1166623218152391,-0.9330693844848462,True
https://comptox.epa.gov/dashboard/chemical/details/DTXSID1032690,Indoxacarb,173584-44-6,C22H17ClF3N3O7,527.070712,181,740,24,Active,0.9999996189310284,-57.202418841075385,2.192298439393035,7.6715998278937025,0.8848859407384349,Indoxacarb,173584-44-6,C22H17ClF3N3O7,527.070712,181,740,24,Inactive,3.5182043490902604e-09,-17.661886194512867,0.7659370417167213,10.63193555835605,1.0266123356232395,True
https://comptox.epa.gov/dashboard/chemical/details/DTXSID0037237,Glybenclamide,10238-21-8,C23H28ClN3O5S,493.143820,15,250,6,Active,0.9921321729429065,-44.52474127729894,1.706422958927554,47.17190969605168,1.673683458473158,Glybenclamide,10238-21-8,C23H28ClN3O5S,493.143820,15,250,6,Inactive,1.8097737015064536e-12,-0.3216591869688437,0.0139492851100163,38.31417624521075,1.5833594926617194,True
https://comptox.epa.gov/dashboard/chemical/details/DTXSID2020347,Coumaphos,56-72-4,C14H16ClO5PS,362.014459,197,818,24,Active,0.999236147172028,-69.81438656815266,2.6756555722891835,59.753107739127714,1.7763604977181788,Coumaphos,56-72-4,C14H16ClO5PS,362.014459,197,818,24,Inactive,0.0004604766273423,-12.538308653176696,0.5437445883287894,62.03046711517037,1.7926050515950336,True
https://comptox.epa.gov/dashboard/chemical/details/DTXSID6040290,Chlorbromuron,13360-45-7,C9H10BrClN2O2,291.961418,21,244,9,Active,0.9993225799191132,-62.50897740743049,2.395673756368517,51.50038668797768,1.7118104899309865,Chlorbromuron,13360-45-7,C9H10BrClN2O2,291.961418,21,244,9,Inactive,0.0001260733778204,-13.04411344923173,0.5656796537521461,55.1321450463393,1.7414048900607249,True
https://comptox.epa.gov/dashboard/chemical/details/DTXSID9047257,Zamifenacin,127308-82-1,C27H29NO3,415.214744,273,684,40,Active,0.9813741963974484,-44.31632170966246,1.698435221658298,61.41520424327165,1.7882759004821611,Zamifenacin,127308-82-1,C27H29NO3,415.214744,273,684,40,Inactive,0.051424221174917,-21.27415665025395,0.9225891521583914,63.27261054227728,1.8012157532313489,True
https://comptox.epa.gov/dashboard/chemical/details/DTXSID5040758,"4-[[(5,6,7,8-Tetrahydro-5,5,8,8-tetramethyl-2-naphthalenyl)carbonyl]amino]benzoic acid",102121-60-8,C22H25NO3,351.183444,95,331,29,Active,0.9994587975267772,-84.81747839250698,3.250653194050313,60.22047117727327,1.7797441491988135,"4-[[(5,6,7,8-Tetrahydro-5,5,8,8-tetramethyl-2-naphthalenyl)carbonyl]amino]benzoic acid",102121-60-8,C22H25NO3,351.183444,95,331,29,Inactive,0.8287994832712685,-29.721256480960385,1.2889116719709788,74.8691752326983,1.8743030489172612,True
https://comptox.epa.gov/dashboard/chemical/details/DTXSID6032562,Octylbicycloheptenedicarboximide,113-48-4,C17H25NO2,275.188529,183,782,23,Active,0.9936517745160494,-44.51470258209591,1.7060382231720903,43.16378890378221,1.635119559916856,Octylbicycloheptenedicarboximide,113-48-4,C17H25NO2,275.188529,183,782,23,Inactive,0.0008696634545609,-13.424592166913152,0.5821797455457179,64.53517844106938,1.8097965152256408,True
https://comptox.epa.gov/dashboard/chemical/details/DTXSID1047316,Aplaviroc hydrochloride,461023-63-2,C33H44ClN3O6,613.291864,164,590,28,Active,0.9999999999993576,-62.318750154222016,2.388383244554715,2.7713617999858884,0.44269322642478,Aplaviroc hydrochloride,461023-63-2,C33H44ClN3O6,613.291864,164,590,28,Inactive,0.3209153064991427,-24.044400235027894,1.0427253682334152,22.551815246707964,1.3531815049678422,True
https://comptox.epa.gov/dashboard/chemical/details/DTXSID1035288,"(8E,10E)-8,10-Dodecadien-1-ol",33956-49-9,C12H22O,182.167065,61,369,17,Active,0.9988061050910232,-53.26203860854312,2.0412822829190254,60.50113001144476,1.7817634862748135,"(8E,10E)-8,10-Dodecadien-1-ol",33956-49-9,C12H22O,182.167065,61,369,17,Inactive,0.0132426886904102,-22.284777606546548,0.9664164091701688,35.629130163604714,1.5518052197757166,True
https://comptox.epa.gov/dashboard/chemical/details/DTXSID2034881,Quinoxyfen,124495-18-7,C15H8Cl2FNO,306.996697,191,678,28,Active,0.9998633081966904,-69.59258709359207,2.667155046406033,37.01603173565773,1.568389858833939,Quinoxyfen,124495-18-7,C15H8Cl2FNO,306.996697,191,678,28,Inactive,0.0,1.055201195752452,0.0457605531702312,0.0062291700757041,-2.2055698113747835,True
https://comptox.epa.gov/dashboard/chemical/details/DTXSID8023848,Acetochlor,34256-82-1,C14H20ClNO2,269.118257,177,734,24,Active,0.9999999999480302,-90.48910225647882,3.468019738992313,18.820522939615596,1.2746316863937992,Acetochlor,34256-82-1,C14H20ClNO2,269.118257,177,734,24,Inactive,0.0199154319863819,-16.288504915700273,0.7063780805583342,65.59103912025591,1.8168445112285856,True
https://comptox.epa.gov/dashboard/chemical/details/DTXSID8040278,Iodenphos,18181-70-9,C8H8Cl2IO3PS,411.835350,76,329,23,Active,0.9927690066183046,-66.05759759045573,2.5316756011656563,63.81139059412856,1.8048982089818348,Iodenphos,18181-70-9,C8H8Cl2IO3PS,411.835350,76,329,23,Inactive,0.0239488176953866,-15.695667431730069,0.6806686980105068,74.27026242505019,1.8708149584456888,True
https://comptox.epa.gov/dashboard/chemical/details/DTXSID7034545,Dimethomorph,110488-70-5,C21H22ClNO4,387.123736,129,727,18,Active,0.927679486408896,-39.07698315711177,1.4976361302051804,57.50436919149784,1.759700843709966,Dimethomorph,110488-70-5,C21H22ClNO4,387.123736,129,727,18,Inactive,6.6270432956e-06,-11.03637692085088,0.4786108231550842,38.31417624521075,1.5833594926617194,True
https://comptox.epa.gov/dashboard/chemical/details/DTXSID4047412,1-(4-Methoxyphenyl)-1-pentene-3-one,104-27-8,C12H14O2,190.099380,25,326,8,Active,0.991786951237606,-43.56344592410065,1.6695810500483597,66.03016238972715,1.8197423653462448,1-(4-Methoxyphenyl)-1-pentene-3-one,104-27-8,C12H14O2,190.099380,25,326,8,Inactive,1.0316100988994666e-16,-0.6063228372979149,0.0262941973020714,38.31417624521075,1.5833594926617194,True
https://comptox.epa.gov/dashboard/chemical/details/DTXSID3021778,Diphenyl phthalate,84-62-8,C20H14O4,318.089209,51,442,12,Active,0.9951687706455962,-53.99689885590107,2.069446004070936,49.79648840219745,1.69719871783361,Diphenyl phthalate,84-62-8,C20H14O4,318.089209,51,442,12,Inactive,0.0626745576941797,-21.335818533679543,0.925263222190184,68.29142323555833,1.834366163778715,True
https://comptox.epa.gov/dashboard/chemical/details/DTXSID1032359,Cyprodinil,121552-61-2,C14H15N3,225.126597,170,671,25,Active,0.9986877641771084,-56.36732079173081,2.16029307690295,45.76503797697339,1.6605338270866634,Cyprodinil,121552-61-2,C14H15N3,225.126597,170,671,25,Inactive,0.8602067186435834,-35.07526379411722,1.5210970952947385,59.39162746430507,1.7737252260866387,True
https://comptox.epa.gov/dashboard/chemical/details/DTXSID3034402,Butachlor,23184-66-9,C17H26ClNO2,311.165207,221,697,32,Active,0.9999999997766428,-90.28268277218856,3.460108655467557,11.698734551936,1.0681388868030812,Butachlor,23184-66-9,C17H26ClNO2,311.165207,221,697,32,Inactive,0.0503147821248396,-21.87787189517724,0.9487702668843762,56.54830200923577,1.7524195687824184,True
https://comptox.epa.gov/dashboard/chemical/details/DTXSID1041421,"5,7-Dimethoxy-2H-chromen-2-one",487-06-9,C11H10O4,206.057909,17,370,5,Active,0.935818029190132,-34.08287454736565,1.3062355437767637,15.31489687722451,1.1851140768328865,"5,7-Dimethoxy-2H-chromen-2-one",487-06-9,C11H10O4,206.057909,17,370,5,Inactive,0.0,-2.409299361585794,0.1044832700935601,0.7753308570105386,-0.110512931414562,True
https://comptox.epa.gov/dashboard/chemical/details/DTXSID1040372,Epoxiconazole,133855-98-8,C17H13ClFN3O,329.073118,78,391,20,Active,0.9934715174055084,-50.9140263514642,1.951294067190401,59.12525651329517,1.7717730379245906,Epoxiconazole,133855-98-8,C17H13ClFN3O,329.073118,78,391,20,Inactive,0.0045560578638892,-19.546981929388668,0.8476873505241778,38.31417624521075,1.5833594926617194,True
https://comptox.epa.gov/dashboard/chemical/details/DTXSID0037570,Methabenzthiazuron,18691-97-9,C10H11N3OS,221.062283,27,326,8,Active,0.9777993515350936,-38.75775419448384,1.485401592387424,38.31417624521075,1.5833594926617194,Methabenzthiazuron,18691-97-9,C10H11N3OS,221.062283,27,326,8,Inactive,0.0,4.8934126904257615,0.2122109721875685,10.143825358595755,1.006201763561014,True
https://comptox.epa.gov/dashboard/chemical/details/DTXSID4032613,Fenitrothion,122-14-5,C9H12NO5PS,277.017381,145,787,18,Active,0.9999947633793176,-79.1546667275191,3.0336243790587507,28.235523347198097,1.4507958418229905,Fenitrothion,122-14-5,C9H12NO5PS,277.017381,145,787,18,Inactive,-6.08485059859e-05,4.126963895513542,0.1789726466691539,38.31417624521075,1.5833594926617194,True
https://comptox.epa.gov/dashboard/chemical/details/DTXSID7022253,Resmethrin,10453-86-8,C22H26O3,338.188195,150,725,21,Active,0.9945101813864976,-44.77777503243166,1.716120547206686,62.094919245042526,1.7930560666160034,Resmethrin,10453-86-8,C22H26O3,338.188195,150,725,21,Inactive,0.7356555311907693,-26.58987824412139,1.1531142516498287,66.11183684416525,1.820279223719775,True
https://comptox.epa.gov/dashboard/chemical/details/DTXSID4032532,Carfentrazone-ethyl,128639-02-1,C15H14Cl2F3N3O3,411.036431,67,667,10,Active,0.9835957865012476,-36.65632072187972,1.4048635764116004,28.330241359540526,1.452250274508792,Carfentrazone-ethyl,128639-02-1,C15H14Cl2F3N3O3,411.036431,67,667,10,Inactive,2.4480482559e-06,-11.484317887252598,0.498036527459308,64.27190501020424,1.8080211725283943,True
https://comptox.epa.gov/dashboard/chemical/details/DTXSID9034818,Azamethiphos,35575-96-3,C9H10ClN2O5PS,323.973657,154,655,24,Active,0.9964105230280744,-49.38886231922696,1.8928417360576637,64.96284610203331,1.812665043624302,Azamethiphos,35575-96-3,C9H10ClN2O5PS,323.973657,154,655,24,Inactive,0.0044926041317018,-18.88074186955885,0.8187947433088875,62.63401002674859,1.7968102174930818,True
https://comptox.epa.gov/dashboard/chemical/details/DTXSID1034503,Cyhalofop-butyl,122008-85-9,C20H20FNO4,357.137636,46,660,7,Active,0.9996508827731326,-60.66946290293489,2.325173856903589,35.34969955798004,1.5483857270193149,Cyhalofop-butyl,122008-85-9,C20H20FNO4,357.137636,46,660,7,Inactive,0.0170591069955329,-22.89025832507964,0.9926740865927436,36.08692978641511,1.5573499346076571,True
https://comptox.epa.gov/dashboard/chemical/details/DTXSID6032649,Tetramethrin,7696-12-0,C19H25NO4,331.178358,142,717,20,Active,0.9999562858413518,-76.33583757701284,2.925591976360196,38.99146414769051,1.5909695434548208,Tetramethrin,7696-12-0,C19H25NO4,331.178358,142,717,20,Inactive,1.19657457017e-05,-7.263339005614356,0.3149867647020796,19.15708812260535,1.2823294969977377,True
https://comptox.epa.gov/dashboard/chemical/details/DTXSID3032549,Fenhexamid,126833-17-8,C14H17Cl2NO2,301.063634,112,699,16,Active,0.9999558642200272,-73.18776205621195,2.804941115939108,34.308183029490465,1.5353977183137897,Fenhexamid,126833-17-8,C14H17Cl2NO2,301.063634,112,699,16,Inactive,0.6361914070539806,-25.758110732225735,1.1170432714362115,34.95105551522317,1.5434602958904284,True
https://comptox.epa.gov/dashboard/chemical/details/DTXSID2039336,S-Bioallethrin,28434-00-6,C19H26O3,302.188195,210,738,28,Active,0.9955300016330326,-75.31237184036664,2.886367370431284,55.470148190188816,1.744059326111309,S-Bioallethrin,28434-00-6,C19H26O3,302.188195,210,738,28,Inactive,0.7024583543983742,-25.45372202077972,1.1038429491937685,35.30194813010867,1.5477986724929478,True
https://comptox.epa.gov/dashboard/chemical/details/DTXSID1038666,Chlorpyrifos oxon,5598-15-2,C9H11Cl3NO4P,332.949128,228,768,30,Active,0.9995036535536383,-70.73619561437852,2.7109841575903384,45.34180748425393,1.6564988286443,Chlorpyrifos oxon,5598-15-2,C9H11Cl3NO4P,332.949128,228,768,30,Inactive,0.0127292850149619,-20.33860628458216,0.8820174560457604,56.65991821640978,1.753275943319124,True
https://comptox.epa.gov/dashboard/chemical/details/DTXSID5032600,Cyclanilide,113136-77-9,C11H9Cl2NO3,272.995949,147,700,21,Active,0.9999473009609492,-103.07434567611794,3.950352655453607,29.147195919765966,1.4645967801876882,Cyclanilide,113136-77-9,C11H9Cl2NO3,272.995949,147,700,21,Inactive,0.8618335998403429,-27.89042921939498,1.2095148056808205,38.31417624521075,1.5833594926617194,True
https://comptox.epa.gov/dashboard/chemical/details/DTXSID3034612,Fluazifop-butyl,69806-50-4,C19H20F3NO4,383.134443,23,662,3,Active,0.9999996887530704,-38.62790602027828,1.4804251253876672,1.9422586578573,0.288307066045645,Fluazifop-butyl,69806-50-4,C19H20F3NO4,383.134443,23,662,3,Inactive,0.0,1.4894138892381708,0.0645909081086311,0.0133473402806892,-1.874605267370622,True
https://comptox.epa.gov/dashboard/chemical/details/DTXSID3032628,Methoxyfenozide,161050-58-4,C22H28N2O3,368.209993,69,669,10,Active,0.992795370494486,-45.75102928825918,1.7534207843192324,61.173074786345495,1.786560310302971,Methoxyfenozide,161050-58-4,C22H28N2O3,368.209993,69,669,10,Inactive,2.763284526939081e-08,-3.9353915368256014,0.1706647930190878,38.31417624521075,1.5833594926617194,True
https://comptox.epa.gov/dashboard/chemical/details/DTXSID2024824,"Chlorinated paraffins (C12, 60% chlorine)",NOCAS_24824,, ,47,329,14,Active,0.9077578410893116,-37.33604352165885,1.4309141397158502,36.5941376272956,1.5634115170873206,"Chlorinated paraffins (C12, 60% chlorine)",NOCAS_24824,, ,47,329,14,Inactive,0.0,3.782784387099005,0.1640467304000044,11.502177719648095,1.0607800735787136,True
https://comptox.epa.gov/dashboard/chemical/details/DTXSID0034855,Butyl (2R)-2-(4-{[5-(trifluoromethyl)pyridin-2-yl]oxy}phenoxy)propanoate,79241-46-6,C19H20F3NO4,383.134443,34,674,5,Active,0.999676472616362,-34.48860533026136,1.3217852876543297,0.0862398786721191,-1.064291863150683,Butyl (2R)-2-(4-{[5-(trifluoromethyl)pyridin-2-yl]oxy}phenoxy)propanoate,79241-46-6,C19H20F3NO4,383.134443,34,674,5,Inactive,0.0,-4.073389042583822,0.1766492841521795,9.85748506077e-05,-4.006233872436792,True
https://comptox.epa.gov/dashboard/chemical/details/DTXSID7031248,Diquat dibromide monohydrate,6385-62-2,C12H14Br2N2O,359.947289,36,406,9,Active,0.99869416906105,-62.94297197765779,2.412306717671391,34.27549389504074,1.534983721502263,Diquat dibromide monohydrate,6385-62-2,C12H14Br2N2O,359.947289,36,406,9,Inactive,0.8360689414545543,-30.154317513489136,1.3076920832183865,19.15708812260535,1.2823294969977377,True
https://comptox.epa.gov/dashboard/chemical/details/DTXSID9034365,Butafenacil,134605-64-4,C20H18ClF3N2O6,474.080549,67,655,10,Active,0.999477159900398,-44.58216453590626,1.7086237211117443,18.261137014346307,1.2615278150210147,Butafenacil,134605-64-4,C20H18ClF3N2O6,474.080549,67,655,10,Inactive,0.0003027249414564,-11.624612320990073,0.5041206286907828,37.70114942528735,1.5763545910930603,True
https://comptox.epa.gov/dashboard/chemical/details/DTXSID9032379,Dithiopyr,97886-45-8,C15H16F5NO2S2,401.054262,153,708,22,Active,0.99774171702314,-53.88407145453122,2.0651218628727968,55.83314719015372,1.746892108753073,Dithiopyr,97886-45-8,C15H16F5NO2S2,401.054262,153,708,22,Inactive,0.0013977775413787,-15.949425171959808,0.6916733240580164,38.1226053639847,1.5811825734074447,True
https://comptox.epa.gov/dashboard/chemical/details/DTXSID2032683,Mevinphos,7786-34-7,C7H13O6P,224.044975,28,652,4,Active,0.989347623367362,-44.66759810338517,1.7118979860895274,38.31417624521075,1.5833594926617194,Mevinphos,7786-34-7,C7H13O6P,224.044975,28,652,4,Inactive,-1.0102764404476189e-10,5.822795350778363,0.252515195510808,38.31417624521075,1.5833594926617194,True
https://comptox.epa.gov/dashboard/chemical/details/DTXSID6041892,Diphenylsulfone,127-63-9,C12H10O2S,218.040151,10,445,2,Active,0.9973486051067144,-38.30353795943519,1.467993630216966,0.0482583455145357,-1.3164275714911464,Diphenylsulfone,127-63-9,C12H10O2S,218.040151,10,445,2,Inactive,0.0,-1.7368103869409768,0.0753196683041551,0.1995024140880995,-0.700051844745167,True
https://comptox.epa.gov/dashboard/chemical/details/DTXSID4041600,Amiprofos-methyl,36001-88-4,C11H17N2O4PS,304.064665,32,259,12,Active,0.9839377349883308,-46.11964384599182,1.7675480386561508,58.69806401137717,1.7686237775160762,Amiprofos-methyl,36001-88-4,C11H17N2O4PS,304.064665,32,259,12,Inactive,0.0190956258739544,-16.028482757433462,0.6951017876137249,38.31417624521075,1.5833594926617194,True
https://comptox.epa.gov/dashboard/chemical/details/DTXSID3044835,4-{2-Oxo-2-[3-(trifluoromethyl)phenyl]ethyl}benzonitrile,146653-56-7,C16H10F3NO,289.071448,41,338,12,Active,0.9979531264237348,-45.58023385436765,1.7468750023267583,38.31417624521075,1.5833594926617194,4-{2-Oxo-2-[3-(trifluoromethyl)phenyl]ethyl}benzonitrile,146653-56-7,C16H10F3NO,289.071448,41,338,12,Inactive,0.0,1.032387170676258,0.0447711850651452,9.80843077593e-05,-4.008400468651353,True
https://comptox.epa.gov/dashboard/chemical/details/DTXSID7044895,tert-Butyl 4-hydroxybenzoate,25804-49-3,C11H14O3,194.094294,40,329,12,Active,0.9934699813300942,-47.12059577927926,1.805909796877427,52.95414522118092,1.7238999621058673,tert-Butyl 4-hydroxybenzoate,25804-49-3,C11H14O3,194.094294,40,329,12,Inactive,0.0034536214073269,-12.081096711265229,0.5239168327669839,63.60135448672354,1.8034663647025964,True
https://comptox.epa.gov/dashboard/chemical/details/DTXSID8041799,Coumatetralyl,5836-29-3,C19H16O3,292.109944,13,244,5,Active,0.9984480746372432,-57.31468340982977,2.1966010098763418,43.62925157616197,1.6397777630869614,Coumatetralyl,5836-29-3,C19H16O3,292.109944,13,244,5,Inactive,0.0,-3.6993389531993848,0.1604279805064795,0.0415533306429616,-1.381394160282091,True
https://comptox.epa.gov/dashboard/chemical/details/DTXSID0041983,Fluoroglycofen-ethyl,77501-90-7,C18H13ClF3NO7,447.033264,37,326,11,Active,0.9999638361770968,-70.9453833745436,2.719001336049595,72.58927194981793,1.860872440572436,Fluoroglycofen-ethyl,77501-90-7,C18H13ClF3NO7,447.033264,37,326,11,Inactive,0.0535850769761607,-21.30421854967345,0.9238928363774026,61.25925861217644,1.787171736470079,True
https://comptox.epa.gov/dashboard/chemical/details/DTXSID3042261,Pencycuron,66063-05-6,C19H21ClN2O,328.134241,61,247,25,Active,0.9999602645082916,-87.98312463485256,3.3719774572085903,55.74483752267725,1.7462046539762086,Pencycuron,66063-05-6,C19H21ClN2O,328.134241,61,247,25,Inactive,0.0023348231497954,-19.18559312716009,0.8320151246339156,71.44185919340309,1.8539527480491536,True
https://comptox.epa.gov/dashboard/chemical/details/DTXSID5044940,Tricyclodecanedimethanol diacrylate,42594-17-2,C18H24O4,304.167459,71,244,29,Active,0.9994828541721305,-68.58612380860164,2.628582064114478,58.39735955058962,1.7663932108361466,Tricyclodecanedimethanol diacrylate,42594-17-2,C18H24O4,304.167459,71,244,29,Inactive,0.0368230689118361,-22.061080921039174,0.9567154307099756,30.75638570189346,1.4879352985562824,True
https://comptox.epa.gov/dashboard/chemical/details/DTXSID0044995,9-Ethyl-3-nitro-9H-carbazole,86-20-4,C14H12N2O2,240.089878,48,256,19,Active,0.9727928689407968,-39.92895772958608,1.530288290087216,11.115990873722126,1.0459481815477822,9-Ethyl-3-nitro-9H-carbazole,86-20-4,C14H12N2O2,240.089878,48,256,19,Inactive,0.0,1.3007079084055242,0.0564073596970172,0.0003726128064846,-3.428742222735426,True
https://comptox.epa.gov/dashboard/chemical/details/DTXSID7040287,Chloroxuron,1982-47-4,C15H15ClN2O2,290.082205,62,445,14,Active,0.999996121057622,-77.64938156505566,2.975933911079092,38.31417624521075,1.5833594926617194,Chloroxuron,1982-47-4,C15H15ClN2O2,290.082205,62,445,14,Inactive,0.0098023017726837,-21.15250782477293,0.9173136487103964,18.445113713824085,1.2658813369894466,True
https://comptox.epa.gov/dashboard/chemical/details/DTXSID3042130,Diphenylmercury(II),587-85-9,C12H10Hg,356.048893,103,378,27,Active,0.9999685509869296,-71.81947436110654,2.75250111358616,38.31417624521075,1.5833594926617194,Diphenylmercury(II),587-85-9,C12H10Hg,356.048893,103,378,27,Inactive,0.5269799246614776,-25.47798299110137,1.1048950664836596,61.48713586211685,1.7887842636049307,True
https://comptox.epa.gov/dashboard/chemical/details/DTXSID8034792,Oxycarboxin,5259-88-1,C12H13NO4S,267.056529,91,328,28,Active,0.9999999999999828,-95.82582825921465,3.672551231266637,6.399299565938614,0.8061324409690478,Oxycarboxin,5259-88-1,C12H13NO4S,267.056529,91,328,28,Inactive,1.68584648215e-05,-9.450806052108122,0.4098499078563354,71.98590606558825,1.8572474753603851,True
https://comptox.epa.gov/dashboard/chemical/details/DTXSID7042437,Swep,1918-18-9,C8H7Cl2NO2,218.985384,31,329,9,Active,0.9997112800113118,-51.7044516296707,1.981587333436419,31.95794978262979,1.5045789099832838,Swep,1918-18-9,C8H7Cl2NO2,218.985384,31,329,9,Inactive,0.0007086801431834,-15.01551165508358,0.6511726126131838,38.1609195402299,1.581618831085418,True
https://comptox.epa.gov/dashboard/chemical/details/DTXSID1042154,Methyl red,493-52-7,C15H15N3O2,269.116427,108,366,30,Active,0.9999999616898833,-95.5038702731328,3.66021210287421,32.631706644446496,1.5136397880656332,Methyl red,493-52-7,C15H15N3O2,269.116427,108,366,30,Inactive,4.3992178187732935e-09,-15.727724783660346,0.6820589183432806,21.249112466939252,1.3273407951505454,True
https://comptox.epa.gov/dashboard/chemical/details/DTXSID5044528,Oxyphenisatin,125-13-3,C20H15NO3,317.105193,103,329,31,Active,0.9999999998117864,-104.9540369840577,4.02239234196382,18.76324689520897,1.2733079932466205,Oxyphenisatin,125-13-3,C20H15NO3,317.105193,103,329,31,Inactive,0.0,1.9937617659881768,0.0864627918055163,0.9193541303453172,-0.0365171684504779,True
https://comptox.epa.gov/dashboard/chemical/details/DTXSID2044923,"3,5-Diethyl-1-phenyl-2-propyl-1,2-dihydropyridine",34562-31-7,C18H25N,255.198700,32,244,13,Active,0.9951635541487416,-46.54015867554651,1.7836643851892522,61.1962378323727,1.7867247237981283,"3,5-Diethyl-1-phenyl-2-propyl-1,2-dihydropyridine",34562-31-7,C18H25N,255.198700,32,244,13,Inactive,0.0038790415441385,-18.77854649391413,0.8143628710367876,54.351362112054346,1.7352104325131374,True
https://comptox.epa.gov/dashboard/chemical/details/DTXSID1044857,Triethoxy(2-methylpropyl)silane,17980-47-1,C10H24O3Si,220.149471,12,244,5,Active,0.9612378561801634,-31.799790712087663,1.218735727676517,12.159138111708314,1.0849027914996112,Triethoxy(2-methylpropyl)silane,17980-47-1,C10H24O3Si,220.149471,12,244,5,Inactive,0.0193591291650438,-18.513075218108675,0.8028502680558914,60.9726486014245,1.7851350608247674,True
https://comptox.epa.gov/dashboard/chemical/details/DTXSID1035783,S-Methoprene,65733-16-6,C19H34O3,310.250795,128,445,29,Active,0.9986772579504456,-55.30215696311694,2.11947038012756,75.44562784921581,1.877634077034375,S-Methoprene,65733-16-6,C19H34O3,310.250795,128,445,29,Inactive,0.0033813308614082,-17.44089608674252,0.7563534384973287,56.66575830233496,1.7533207048801631,True
https://comptox.epa.gov/dashboard/chemical/details/DTXSID5037498,Azinphos-ethyl,2642-71-9,C12H16N3O3PS2,345.037071,85,462,18,Active,0.9974001149368033,-78.5035481279863,3.008670079598419,38.31417624521075,1.5833594926617194,Azinphos-ethyl,2642-71-9,C12H16N3O3PS2,345.037071,85,462,18,Inactive,0.4538163071977767,-25.4754088789175,1.1047834358316757,38.31417624521075,1.5833594926617194,True
https://comptox.epa.gov/dashboard/chemical/details/DTXSID6041688,Bupirimate,41483-43-6,C13H24N4O3S,316.156912,45,251,18,Active,0.9995728366746004,-81.22297992352588,3.112893051322059,38.31417624521075,1.5833594926617194,Bupirimate,41483-43-6,C13H24N4O3S,316.156912,45,251,18,Inactive,8.935198298830642e-09,-9.996526504606866,0.4335159820450059,66.12385860189556,1.8203581885263929,True
https://comptox.epa.gov/dashboard/chemical/details/DTXSID3044590,C.I. Solvent Red 43,15086-94-9,C20H8Br4O5,643.710525,78,331,24,Active,0.9999999999999404,-99.12396286187152,3.798953147283531,9.387667436914969,0.972557696087298,C.I. Solvent Red 43,15086-94-9,C20H8Br4O5,643.710525,78,331,24,Inactive,0.0,-2.0125384390694774,0.0872770734329023,0.3600340139149841,-0.4436564676833385,True
https://comptox.epa.gov/dashboard/chemical/details/DTXSID1046978,C12-14-Alkyldimethyl betaines,66455-29-6,, ,27,244,11,Active,0.9920115609259256,-42.40917667184033,1.6253433633973786,38.31417624521075,1.5833594926617194,C12-14-Alkyldimethyl betaines,66455-29-6,, ,27,244,11,Inactive,0.4302619085892907,-23.38469725765894,1.01411625246102,23.87669384607605,1.3779741908069951,True
https://comptox.epa.gov/dashboard/chemical/details/DTXSID0022353,"3-Chloro[1,1′-biphenyl]-4-ol",92-04-6,C12H9ClO,204.034193,115,414,28,Active,0.9981947686967608,-48.60854918766552,1.8629360206138328,60.35169416324973,1.7806894659068342,"3-Chloro[1,1′-biphenyl]-4-ol",92-04-6,C12H9ClO,204.034193,115,414,28,Inactive,0.0155759895538439,-19.692764822648584,0.854009467922437,54.10224353230614,1.7332152749678968,True
https://comptox.epa.gov/dashboard/chemical/details/DTXSID1021372,"3,4,4'-Triaminodiphenyl ether",6264-66-0,C12H13N3O,215.105862,62,329,19,Active,0.9971609589267416,-55.66406799873667,2.1333407201352537,60.156999594102935,1.7792861671411009,"3,4,4'-Triaminodiphenyl ether",6264-66-0,C12H13N3O,215.105862,62,329,19,Inactive,0.0,9.07292162871912,0.3934623219454194,10.94551498187966,1.0392361997575024,True
https://comptox.epa.gov/dashboard/chemical/details/DTXSID2037714,4-Heptylphenol,1987-50-4,C13H20O,192.151415,162,611,27,Active,0.9329547649637115,-45.82121185979657,1.7561105506817611,40.72287058294874,1.6098383841222643,4-Heptylphenol,1987-50-4,C13H20O,192.151415,162,611,27,Inactive,1.8235806418488142e-09,-6.428439528658632,0.2787799616195766,38.31465442528735,1.5833649128401772,True
https://comptox.epa.gov/dashboard/chemical/details/DTXSID3041619,Benalaxyl,71626-11-4,C20H23NO3,325.167794,31,247,13,Active,0.9959330676784612,-44.10693912204849,1.6904105763834627,48.09168255127319,1.682069971707841,Benalaxyl,71626-11-4,C20H23NO3,325.167794,31,247,13,Inactive,2.8889036553e-06,-16.45416772718663,0.7135623236428443,38.31417624521075,1.5833594926617194,True
https://comptox.epa.gov/dashboard/chemical/details/DTXSID2034598,Fenoxaprop-P-ethyl,71283-80-2,C18H16ClNO5,361.071700,44,378,12,Active,0.9993177168362158,-53.50850848424922,2.0507283087133032,68.49206820435441,1.8356402804773404,Fenoxaprop-P-ethyl,71283-80-2,C18H16ClNO5,361.071700,44,378,12,Inactive,0.7982328669681682,-25.90180083256543,1.1232746313921125,38.31417624521075,1.5833594926617194,True
https://comptox.epa.gov/dashboard/chemical/details/DTXSID3041794,Cloquintocet-mexyl,99607-70-2,C18H22ClNO3,335.128821,54,380,14,Active,0.9997762900166406,-74.87957402582124,2.869780275119167,60.86432076965832,1.7843627797640569,Cloquintocet-mexyl,99607-70-2,C18H22ClNO3,335.128821,54,380,14,Inactive,0.6352802941397896,-25.99055594794117,1.1271236444453865,61.85400359794948,1.7913678152703074,True
https://comptox.epa.gov/dashboard/chemical/details/DTXSID6041977,Flamprop-isopropyl,52756-22-6,C19H19ClFNO3,363.103749,40,247,16,Active,0.9998143863838702,-76.45084193669913,2.929999550084729,59.94885744401142,1.77778091036248,Flamprop-isopropyl,52756-22-6,C19H19ClFNO3,363.103749,40,247,16,Inactive,0.0009867392262697,-17.78182827296012,0.7711385292436755,59.05017621816023,1.7712211979776522,True
https://comptox.epa.gov/dashboard/chemical/details/DTXSID2041913,Etaconazole,60207-93-4,C14H15Cl2N3O2,327.054132,31,256,12,Active,0.99882824767921,-50.63845316371237,1.94073264895518,60.178533259417264,1.779441598407315,Etaconazole,60207-93-4,C14H15Cl2N3O2,327.054132,31,256,12,Inactive,0.1737042732571406,-23.03307213489901,0.9988674447541914,38.31417624521075,1.5833594926617194,True
https://comptox.epa.gov/dashboard/chemical/details/DTXSID6032431,S-Metolachlor,87392-12-9,C15H22ClNO2,283.133907,44,364,12,Active,0.9411409800254706,-45.7583348855131,1.7537007733438763,7.602611438729428,0.8809627947314025,S-Metolachlor,87392-12-9,C15H22ClNO2,283.133907,44,364,12,Inactive,0.1267549553986169,-16.64745292839454,0.7219444575548385,7.602531777861342,0.880958244129683,True
https://comptox.epa.gov/dashboard/chemical/details/DTXSID9044790,3-Methyl-N-phenylaniline,1205-64-7,C13H13N,183.104799,44,326,13,Active,0.9739204672157178,-32.81775820233824,1.2577496117996594,42.65761639552667,1.6299965844657045,3-Methyl-N-phenylaniline,1205-64-7,C13H13N,183.104799,44,326,13,Inactive,0.5376938018655578,-25.688320993795397,1.1140167234669391,62.14947617142999,1.793437472530099,True
https://comptox.epa.gov/dashboard/chemical/details/DTXSID9037539,Endosulfan I,959-98-8,C9H6Cl6O3S,403.816881,103,398,26,Active,0.9959145905485076,-45.10935816571546,1.72882856201366,58.37613385604745,1.7662353290798194,Endosulfan I,959-98-8,C9H6Cl6O3S,403.816881,103,398,26,Inactive,0.6616956320743201,-25.96201515285169,1.125885925443105,71.80796802262475,1.856172637504956,True
https://comptox.epa.gov/dashboard/chemical/details/DTXSID2041622,Benfuracarb,82560-54-1,C20H30N2O5S,410.187543,104,452,23,Active,0.999999692453516,-104.4990306425528,4.004954098746055,38.72138876051941,1.587950925088173,Benfuracarb,82560-54-1,C20H30N2O5S,410.187543,104,452,23,Inactive,0.0115993499056599,-19.62509669400596,0.8510749270868643,60.17917621702951,1.7794462384581156,True
https://comptox.epa.gov/dashboard/chemical/details/DTXSID9022366,Estriol,50-27-1,C18H24O3,288.172545,73,562,13,Active,0.9999994075848844,-59.85736061534937,2.2940498133094254,14.500487714978313,1.1613826097081956,Estriol,50-27-1,C18H24O3,288.172545,73,562,13,Inactive,0.0054334879871381,-8.189545592316858,0.3551532523141362,19.157088122605348,1.2823294969977377,True
https://comptox.epa.gov/dashboard/chemical/details/DTXSID3040720,"4-Amino-2,6-dichlorophenol",5930-28-9,C6H5Cl2NO,176.974819,61,326,19,Active,0.9995503540856095,-65.56519403428752,2.5128040994073424,70.74183997294398,1.8496763514881236,"4-Amino-2,6-dichlorophenol",5930-28-9,C6H5Cl2NO,176.974819,61,326,19,Inactive,2.860943289443928e-18,-0.7392884499274064,0.0320604720286703,38.31417624521075,1.5833594926617194,True
https://comptox.epa.gov/dashboard/chemical/details/DTXSID9044821,"Ethyl 2-cyano-3,3-diphenylacrylate",5232-99-5,C18H15NO2,277.110279,77,461,17,Active,0.999977130366184,-67.2015060726085,2.5755162084518504,38.31417624521076,1.5833594926617194,"Ethyl 2-cyano-3,3-diphenylacrylate",5232-99-5,C18H15NO2,277.110279,77,461,17,Inactive,4.5108344113877697e-08,-11.87603349872286,0.515023925823193,66.16290092289641,1.8206145386724628,True
https://comptox.epa.gov/dashboard/chemical/details/DTXSID1044982,2-Amino-N-cyclohexyl-N-methylbenzenesulfonamide,70693-59-3,C13H20N2O2S,268.124549,22,259,8,Active,0.9912797899890522,-43.75934203756732,1.677088822491153,38.31417624521075,1.5833594926617194,2-Amino-N-cyclohexyl-N-methylbenzenesulfonamide,70693-59-3,C13H20N2O2S,268.124549,22,259,8,Inactive,0.5713187627846019,-24.305439044872788,1.0540457499629707,7.602516703563571,0.8809573830098584,True
https://comptox.epa.gov/dashboard/chemical/details/DTXSID3044960,"1,3-Propanediyl bis(p-aminobenzoate)",57609-64-0,C17H18N2O4,314.126657,38,340,11,Active,0.9999222600271492,-54.9848490083296,2.107309465463794,30.13825307774584,1.4791180754277584,"1,3-Propanediyl bis(p-aminobenzoate)",57609-64-0,C17H18N2O4,314.126657,38,340,11,Inactive,1.0898269770464086e-10,-5.200814392457527,0.2255419577731309,38.31417624521075,1.5833594926617194,True
https://comptox.epa.gov/dashboard/chemical/details/DTXSID2045076,Chlortetracycline hydrochloride,64-72-2,C22H24Cl2N2O8,514.090971,43,329,13,Active,0.9999999999454832,-143.05739999405398,5.48271421217218,28.537982257067164,1.4554232636069546,Chlortetracycline hydrochloride,64-72-2,C22H24Cl2N2O8,514.090971,43,329,13,Inactive,-7.370086439947476e-09,7.215248739891318,0.3129012504224825,1.699165480858006,0.2302356766464518,True
https://comptox.epa.gov/dashboard/chemical/details/DTXSID5044869,4-(3-Phenylpropyl)pyridine,2057-49-0,C14H15N,197.120449,42,326,13,Active,0.996614599346794,-56.75892076814807,2.175301253734616,60.050832189244495,1.778519030268359,4-(3-Phenylpropyl)pyridine,2057-49-0,C14H15N,197.120449,42,326,13,Inactive,3.76098120295e-05,-12.623797783878915,0.5474519665299543,38.31417624521075,1.5833594926617194,True
https://comptox.epa.gov/dashboard/chemical/details/DTXSID1032648,Z-Tetrachlorvinphos,22248-79-9,C10H9Cl4O4P,363.899257,144,515,28,Active,0.999999999978528,-101.1768505079476,3.877630631101927,19.48704039386145,1.289745885386704,Z-Tetrachlorvinphos,22248-79-9,C10H9Cl4O4P,363.899257,144,515,28,Inactive,0.6830625963240632,-25.972960824596036,1.1263606026855657,34.511506816192124,1.5379639215537664,True
https://comptox.epa.gov/dashboard/chemical/details/DTXSID5044992,"2,5-Bis(2-methylbutan-2-yl)benzene-1,4-diol",79-74-3,C16H26O2,250.193280,109,331,33,Active,0.9999128861439814,-82.87614841858063,3.1762511887083718,59.12869802665152,1.7717983162379678,"2,5-Bis(2-methylbutan-2-yl)benzene-1,4-diol",79-74-3,C16H26O2,250.193280,109,331,33,Inactive,1.66359336604e-05,-8.373146951857919,0.3631154303416302,64.86791300326831,1.812029925589476,True
https://comptox.epa.gov/dashboard/chemical/details/DTXSID0042086,Laurocapram,59227-89-3,C18H35NO,281.271865,61,362,17,Active,0.9957770056207996,-66.28974658546568,2.5405727752673486,38.31417624521075,1.5833594926617194,Laurocapram,59227-89-3,C18H35NO,281.271865,61,362,17,Inactive,0.2486170187291614,-20.975820980252703,0.9096513301159006,7.602608310789524,0.880962616049731,True
https://comptox.epa.gov/dashboard/chemical/details/DTXSID4022999,Estradiol cypionate,313-06-4,C26H36O3,396.266445,116,344,34,Active,0.9999389711188648,-34.781734974990215,1.3330195619332603,0.2495053693335796,-0.6029201039610157,Estradiol cypionate,313-06-4,C26H36O3,396.266445,116,344,34,Inactive,0.7885333360610514,-30.150137692379246,1.3075108183307884,58.90555081513477,1.770156221354113,True
https://comptox.epa.gov/dashboard/chemical/details/DTXSID0020814,Mestranol,72-33-3,C21H26O2,310.193280,137,539,25,Active,0.9999999999999992,-69.46314913748351,2.6621943011277014,3.083165478414995,0.4889968346304592,Mestranol,72-33-3,C21H26O2,310.193280,137,539,25,Inactive,0.0,-10.751038229136856,0.4662366366717255,10.990065218276431,1.0410002696622105,True
https://comptox.epa.gov/dashboard/chemical/details/DTXSID1047104,"trans,cis-2,6-Nonadienal",557-48-2,C9H14O,138.104465,33,328,10,Active,0.9898433131420168,-42.13409006108208,1.6148005933593017,57.36575022327664,1.7586526776156886,"trans,cis-2,6-Nonadienal",557-48-2,C9H14O,138.104465,33,328,10,Inactive,1.3320474058900886e-07,-11.010003959966363,0.4774671158851623,38.31417624521075,1.5833594926617194,True
https://comptox.epa.gov/dashboard/chemical/details/DTXSID1047027,Ditridecyl phthalate (mixture of branched chain isomers),75359-31-8,, ,6,244,2,Active,0.9624802296887404,-29.274143831411997,1.1219396161283943,12.17171364604738,1.0853517265152155,Ditridecyl phthalate (mixture of branched chain isomers),75359-31-8,, ,6,244,2,Inactive,9.90150224151352e-11,-8.886311228267864,0.3853696518590492,12.85136522262108,1.108949265967464,True
https://comptox.epa.gov/dashboard/chemical/details/DTXSID0020365,Cyclosporin A,59865-13-3,C62H111N11O12,1201.841368,170,482,35,Active,0.9999999986630396,-96.16124135102214,3.6854060302877145,8.339164397215203,0.9211225355466752,Cyclosporin A,59865-13-3,C62H111N11O12,1201.841368,170,482,35,Inactive,0.0,-3.644802744851538,0.1580629272144152,0.0045888292170031,-2.3382981051934024,True
https://comptox.epa.gov/dashboard/chemical/details/DTXSID8042399,Sodium abietate,14351-66-7,C20H29NaO2,324.206524,60,362,17,Active,0.982340704149737,-42.42770443705261,1.6260534450964264,47.280333418990566,1.6746805305110417,Sodium abietate,14351-66-7,C20H29NaO2,324.206524,60,362,17,Inactive,0.0,0.7608310812257901,0.0329947040300408,0.076129436945712,-1.118447382242345,True
https://comptox.epa.gov/dashboard/chemical/details/DTXSID1042491,Triethoxypentylsilane,2761-24-2,C11H26O3Si,234.165121,8,357,2,Active,0.9954174345513253,-33.633922075325074,1.2890293167717364,12.55826187460987,1.0989295350618913,Triethoxypentylsilane,2761-24-2,C11H26O3Si,234.165121,8,357,2,Inactive,0.0,-5.889754654457847,0.2554189969740746,0.0022454473683903,-2.6486971200203406,True
https://comptox.epa.gov/dashboard/chemical/details/DTXSID5022437,Nordihydroguaiaretic acid,500-38-9,C18H22O4,302.151809,154,395,39,Active,0.9999879274187252,-84.86150705890518,3.252340604803021,36.90337902243696,1.5670661337366174,Nordihydroguaiaretic acid,500-38-9,C18H22O4,302.151809,154,395,39,Inactive,0.0058769796627293,-17.17145158058177,0.744668529780178,38.31417624521075,1.5833594926617194,True
https://comptox.epa.gov/dashboard/chemical/details/DTXSID3025209,C.I. Disperse Blue 27,15791-78-3,C22H16N2O7,420.095751,161,456,35,Active,0.989366300559962,-40.270246246738935,1.54336826640108,54.75293366970811,1.738407393693576,C.I. Disperse Blue 27,15791-78-3,C22H16N2O7,420.095751,161,456,35,Inactive,2.05147833209e-05,-14.500486829848542,0.628837705304487,56.54328651706383,1.752381047781801,True
https://comptox.epa.gov/dashboard/chemical/details/DTXSID9040683,Megestrol acetate,595-33-5,C24H32O4,384.230060,50,250,20,Active,0.9999999999999952,-51.140435972452,1.9599712782037,0.3496918625648916,-0.4563144737367468,Megestrol acetate,595-33-5,C24H32O4,384.230060,50,250,20,Inactive,0.0,-13.47441415795396,0.5843403589711452,11.815563108902875,1.072454424170809,True
https://comptox.epa.gov/dashboard/chemical/details/DTXSID3042180,"N-(3,4-Dichlorophenyl)-N'-methylurea",3567-62-2,C8H8Cl2N2O,218.001368,19,247,8,Active,0.99998435865281,-70.17431281985647,2.6894498449072537,32.88554473417366,1.5170050401465092,"N-(3,4-Dichlorophenyl)-N'-methylurea",3567-62-2,C8H8Cl2N2O,218.001368,19,247,8,Inactive,0.001244940705883,-10.170574458854771,0.4410638607780772,38.31417624521075,1.5833594926617194,True
https://comptox.epa.gov/dashboard/chemical/details/DTXSID9042203,Nitralin,4726-14-1,C13H19N3O6S,345.099457,27,249,11,Active,0.999862079549938,-66.15952606274449,2.5355820379082914,36.98132446940279,1.567982461162054,Nitralin,4726-14-1,C13H19N3O6S,345.099457,27,249,11,Inactive,0.0,-2.62120933518629,0.1136730982071768,0.0578484211896723,-1.2377084893996977,True
https://comptox.epa.gov/dashboard/chemical/details/DTXSID1041683,Bromofos,2104-96-3,C8H8BrCl2O3PS,363.849221,33,252,13,Active,0.994638724764808,-44.58774072793136,1.7088374302052072,61.74229210343914,1.790582748071214,Bromofos,2104-96-3,C8H8BrCl2O3PS,363.849221,33,252,13,Inactive,0.0234811185816381,-20.286539121365934,0.8797594769983805,64.62358324598291,1.8103910350931585,True
https://comptox.epa.gov/dashboard/chemical/details/DTXSID5044520,Tetrabromophenolphthalein ethyl ester,1176-74-5,C22H14Br4O4,657.762561,183,464,39,Active,0.9995684863563528,-62.54855017746812,2.3971903936673176,30.0766283524904,1.4782291494069713,Tetrabromophenolphthalein ethyl ester,1176-74-5,C22H14Br4O4,657.762561,183,464,39,Inactive,0.0329398898423106,-20.6156780789245,0.8940331347883653,43.75306202246527,1.6410084521680663,True
https://comptox.epa.gov/dashboard/chemical/details/DTXSID2041208,Decyl beta-D-glucopyranoside,58846-77-8,C16H32O6,320.219889,18,356,5,Active,0.9974883304139752,-44.241922983347074,1.6955838700039705,55.526218776230586,1.7444980998991706,Decyl beta-D-glucopyranoside,58846-77-8,C16H32O6,320.219889,18,356,5,Inactive,0.4708424467468871,-24.089534126385825,1.0446826744263744,54.84175475557104,1.739111342333183,True
https://comptox.epa.gov/dashboard/chemical/details/DTXSID0042169,Monotridecyl phosphate,5116-94-9,C13H29O4P,280.180346,44,385,11,Active,0.9999999968852412,-53.63106754407491,2.055425418399099,4.324140171503304,0.6358997636170081,Monotridecyl phosphate,5116-94-9,C13H29O4P,280.180346,44,385,11,Inactive,0.0,6.092344021595223,0.2642046215013504,10.965101416252145,1.040012652822935,True
https://comptox.epa.gov/dashboard/chemical/details/DTXSID3022877,Cytarabine,147-94-4,C9H13N3O5,243.085521,51,385,13,Active,0.9965895047208224,-33.25592074722373,1.274542311877985,5.858804792501389,0.7678090281403391,Cytarabine,147-94-4,C9H13N3O5,243.085521,51,385,13,Inactive,-8.815744228806364e-10,10.362461319971244,0.4493853533485321,18.51810592932297,1.2675965640678504,True
https://comptox.epa.gov/dashboard/chemical/details/DTXSID5037739,4-Anilinophenol,122-37-2,C12H11NO,185.084064,112,455,25,Active,0.998903968691178,-54.42676432191793,2.085920716318961,37.94262760082616,1.579127403332428,4-Anilinophenol,122-37-2,C12H11NO,185.084064,112,455,25,Inactive,0.0,-1.8188692191387343,0.0788782859109091,9.80844235922e-05,-4.008399955770269,True
https://comptox.epa.gov/dashboard/chemical/details/DTXSID8040723,2-Chloro-5-nitro-N-phenylbenzamide,22978-25-2,C13H9ClN2O3,276.030170,57,329,17,Active,0.9999999975661946,-83.25205481001005,3.1906579045778205,18.700133396635398,1.2718447045694414,2-Chloro-5-nitro-N-phenylbenzamide,22978-25-2,C13H9ClN2O3,276.030170,57,329,17,Inactive,0.0,-5.938131140719557,0.2575169236829137,0.0167401947105094,-1.77623949489664,True
https://comptox.epa.gov/dashboard/chemical/details/DTXSID4044585,Dantrolene sodium,14663-23-1,C14H9N4NaO5,336.047064,41,247,17,Active,0.9995415565072134,-50.05911569559389,1.9185293811044493,19.739123465362265,1.2953278635003689,Dantrolene sodium,14663-23-1,C14H9N4NaO5,336.047064,41,247,17,Inactive,0.0617696365000451,-21.624048474882752,0.9377627925117252,30.89251152830684,1.4898532174159047,True
https://comptox.epa.gov/dashboard/chemical/details/DTXSID5037571,Methylparaoxon,950-35-6,C8H10NO6P,247.024574,30,249,12,Active,0.9375660209557506,-36.59716416084645,1.402596384935075,16.188575265928975,1.209208628779793,Methylparaoxon,950-35-6,C8H10NO6P,247.024574,30,249,12,Inactive,0.0,12.185028929027034,0.5284240260834184,11.272869605378204,1.0520344834946649,True
https://comptox.epa.gov/dashboard/chemical/details/DTXSID3032389,Farnesol,4602-84-0,C15H26O,222.198365,62,382,16,Active,0.9978089309222168,-54.69499105478086,2.0962005796494365,57.25242725182863,1.7577939035836208,Farnesol,4602-84-0,C15H26O,222.198365,62,382,16,Inactive,0.0368703663773335,-20.012326395755096,0.8678677865219299,61.15385668723527,1.7864238511542887,True
https://comptox.epa.gov/dashboard/chemical/details/DTXSID7031531,Leucomalachite green,129-73-7,C23H26N2,330.209599,110,444,25,Active,0.9998626292235472,-63.92567539353228,2.449969096442354,45.24693445329979,1.65558916044475,Leucomalachite green,129-73-7,C23H26N2,330.209599,110,444,25,Inactive,0.7402217117012408,-25.60100966497605,1.110230322616671,60.59894701892694,1.7824650778322488,True
https://comptox.epa.gov/dashboard/chemical/details/DTXSID7023063,Flufenamic acid,530-78-9,C14H10F3NO2,281.066363,52,332,16,Active,0.999952337358464,-77.11947996548038,2.955625286490885,60.82870190456608,1.784108548639494,Flufenamic acid,530-78-9,C14H10F3NO2,281.066363,52,332,16,Inactive,0.6833953590907936,-28.54422816935237,1.2378678834944143,60.142959572726376,1.7791847954718245,True
https://comptox.epa.gov/dashboard/chemical/details/DTXSID1036541,Pregnenolone,145-13-1,C21H32O2,316.240230,57,462,12,Active,0.9999496972273496,-36.13608258353983,1.3849253066338143,3.1198863552720444,0.4941387747308968,Pregnenolone,145-13-1,C21H32O2,316.240230,57,462,12,Inactive,0.0,-3.6492358655489503,0.1582551768595071,0.0031299212443576,-2.504466590112087,True
https://comptox.epa.gov/dashboard/chemical/details/DTXSID2022127,4-Phenoxyphenol,831-82-3,C12H10O2,186.068080,52,329,16,Active,0.9999571428305506,-55.27302546784856,2.118353907556854,26.26876370687052,1.419439633961615,4-Phenoxyphenol,831-82-3,C12H10O2,186.068080,52,329,16,Inactive,1.4082128539e-06,-14.054676337273309,0.609504392537732,43.580137349878726,1.6392885946619675,True
https://comptox.epa.gov/dashboard/chemical/details/DTXSID9023706,Trilostane,13647-35-3,C20H27NO3,329.199094,54,344,16,Active,0.999987573246316,-62.445607455275294,2.393245085518073,26.229210025156707,1.4187852106482368,Trilostane,13647-35-3,C20H27NO3,329.199094,54,344,16,Inactive,0.0,4.375283527957547,0.1897414401366055,0.0150794392766551,-1.821614807244896,True
https://comptox.epa.gov/dashboard/chemical/details/DTXSID0042080,Isoxathion,18854-01-8,C13H16NO4PS,313.053766,27,244,11,Active,0.9243246575826708,-36.57414786288597,1.4017142789835848,56.62934755275055,1.7530415579911331,Isoxathion,18854-01-8,C13H16NO4PS,313.053766,27,244,11,Inactive,0.0,3.575426766661194,0.1550543226454522,0.0007157862944064,-3.145216621565769,True
https://comptox.epa.gov/dashboard/chemical/details/DTXSID5042083,Kadethrin,58769-20-3,C23H24O4S,396.139530,66,326,20,Active,0.9999986895097008,-72.13100228961565,2.7644405071526337,26.322319515447276,1.4203241565366866,Kadethrin,58769-20-3,C23H24O4S,396.139530,66,326,20,Inactive,0.5057213619351622,-25.3761657707855,1.1004795935457363,54.67769148215305,1.7378101701655977,True
https://comptox.epa.gov/dashboard/chemical/details/DTXSID5032654,"N,N'-Bis(1-formamido-2,2,2-trichloroethyl)piperazine",26644-46-2,C10H14Cl6N4O2,431.924792,19,376,5,Active,0.999999999656018,-61.14647415122846,2.3434554442279345,7.752718766197336,0.8894540300027967,"N,N'-Bis(1-formamido-2,2,2-trichloroethyl)piperazine",26644-46-2,C10H14Cl6N4O2,431.924792,19,376,5,Inactive,0.0,1.306385253946833,0.0566535672198618,9.80843109617e-05,-4.008400454471732,True
https://comptox.epa.gov/dashboard/chemical/details/DTXSID6042498,Triphenylbismuth,603-33-8,C18H15Bi,440.097780,69,338,20,Active,0.9999968075020966,-74.87123677617711,2.869460747732844,31.91689470280962,1.504020630829137,Triphenylbismuth,603-33-8,C18H15Bi,440.097780,69,338,20,Inactive,0.0,-3.664145248148072,0.1589017470092651,9.80843920464e-05,-4.008400095447571,True
https://comptox.epa.gov/dashboard/chemical/details/DTXSID0022301,Flucythrinate,70124-77-5,C26H23F2NO4,451.159515,27,331,8,Active,0.9939632748677772,-36.342185771623306,1.3928242680194274,29.21971053594797,1.465675909296321,Flucythrinate,70124-77-5,C26H23F2NO4,451.159515,27,331,8,Inactive,3.539969864410983e-18,-8.894059874708839,0.3857056847870699,7.602509210235204,0.8809569549525595,True
https://comptox.epa.gov/dashboard/chemical/details/DTXSID0041987,Flurochloridone,61213-25-0,C12H10Cl2F3NO,311.009154,23,256,9,Active,0.9999999984847482,-81.64562068191009,3.129090874662429,14.716113488916514,1.1677931283993823,Flurochloridone,61213-25-0,C12H10Cl2F3NO,311.009154,23,256,9,Inactive,1.2997349518579544e-16,-5.0959013990066815,0.2209922314892898,0.0164549087107039,-1.783704522761737,True
https://comptox.epa.gov/dashboard/chemical/details/DTXSID1037515,Crufomate,299-86-5,C12H19ClNO3P,291.079108,33,244,14,Active,0.9995043143116648,-62.625034786904806,2.4001216873661293,46.52732304771779,1.6677080660933672,Crufomate,299-86-5,C12H19ClNO3P,291.079108,33,244,14,Inactive,0.1565738143661807,-22.219649031295024,0.9635920002871088,70.14169786265475,1.845976274283685,True
https://comptox.epa.gov/dashboard/chemical/details/DTXSID3032416,Cybutryne,28159-98-0,C11H19N5S,253.136117,43,373,12,Active,0.9977787687972516,-49.87873989520496,1.9116164289302493,47.34808079669124,1.6753023800383648,Cybutryne,28159-98-0,C11H19N5S,253.136117,43,373,12,Inactive,2.87026196391e-05,-15.876612237826476,0.6885156701837588,18.19842676855504,1.260033845387969,True
https://comptox.epa.gov/dashboard/chemical/details/DTXSID3037757,10-Undecen-1-al,112-45-8,C11H20O,168.151415,12,446,3,Active,0.9994811198133576,-37.1698217087211,1.424543643004707,15.491041938937892,1.19008062970968,10-Undecen-1-al,112-45-8,C11H20O,168.151415,12,446,3,Inactive,0.0,2.137617964016059,0.0927013548636524,9.80843279339e-05,-4.008400379322829,True
https://comptox.epa.gov/dashboard/chemical/details/DTXSID5047035,(2E)-2-Decenal,3913-81-3,C10H18O,154.135765,11,247,4,Active,0.993908847512023,-42.21627002227352,1.6179501629809974,38.31417624521075,1.5833594926617194,(2E)-2-Decenal,3913-81-3,C10H18O,154.135765,11,247,4,Inactive,3.4803703713382146e-08,-7.23811475277813,0.3138928730653587,63.37217240096297,1.8018985950150856,True
https://comptox.epa.gov/dashboard/chemical/details/DTXSID3044205,Rabeprazole sodium,117976-90-6,C18H20N3NaO3S,381.112307,54,329,16,Active,0.9996077202429614,-71.3231083329531,2.7334777489988724,36.36151458410346,1.5606419648089782,Rabeprazole sodium,117976-90-6,C18H20N3NaO3S,381.112307,54,329,16,Inactive,0.0,2.6719004411256764,0.1158714022442973,0.0055804509550563,-2.253330704399489,True
https://comptox.epa.gov/dashboard/chemical/details/DTXSID9022526,Benzyl 4-hydroxybenzoate,94-18-8,C14H12O3,228.078644,101,385,26,Active,0.992608060408364,-44.16386454002826,1.692592258688639,61.6018848082583,1.789594000302466,Benzyl 4-hydroxybenzoate,94-18-8,C14H12O3,228.078644,101,385,26,Inactive,-8.772365598792741e-09,5.479434917194698,0.2376247997826695,3.654111616381278,0.5627818089273391,True
https://comptox.epa.gov/dashboard/chemical/details/DTXSID0040674,Fluocinolone acetonide,67-73-2,C24H30F2O6,452.201045,25,329,8,Active,0.9999908862248602,-59.255037239448406,2.270965604219137,27.923658571152156,1.4459723191506022,Fluocinolone acetonide,67-73-2,C24H30F2O6,452.201045,25,329,8,Inactive,0.0,-9.031433771251685,0.3916631320703513,0.0037194148216351,-2.4295253826250147,True
https://comptox.epa.gov/dashboard/chemical/details/DTXSID6044303,Atorvastatin calcium,134523-03-8,C66H68CaF2N4O10,1154.452942,100,434,23,Active,0.9999999999998912,-90.55582101279892,3.4705767536836887,4.38577457831496,0.64204630588464,Atorvastatin calcium,134523-03-8,C66H68CaF2N4O10,1154.452942,100,434,23,Inactive,9.904407340887525e-08,-5.9090678779272015,0.2562565470005677,0.2951634982308512,-0.5299373511074359,True
https://comptox.epa.gov/dashboard/chemical/details/DTXSID4047040,Zinc neodecanoate,27253-29-8,, ,7,244,3,Active,0.9929712784875392,-41.53013879893905,1.5916539950809283,28.420801313636087,1.453636318531086,Zinc neodecanoate,27253-29-8,, ,7,244,3,Inactive,0.0,3.188464477082939,0.1382730599835074,0.0008089320348072,-3.092087965591828,True
https://comptox.epa.gov/dashboard/chemical/details/DTXSID8029868,Atorvastatin,134523-00-5,C33H35FN2O5,558.253000,59,332,18,Active,0.9999999999991204,-96.53129071876091,3.6995882741128576,10.954461674217484,1.039591040257177,Atorvastatin,134523-00-5,C33H35FN2O5,558.253000,59,332,18,Inactive,0.0157572110732261,-22.231478864216555,0.9641050206481352,15.925902611502218,1.2021040556438771,True
https://comptox.epa.gov/dashboard/chemical/details/DTXSID4029565,"1,2-Benzenedicarboxylic acid, diundecyl ester, branched and linear",85507-79-5,, ,6,360,2,Active,0.9790046785396952,-38.55159103228155,1.4775003324772074,7.602500806043298,0.8809564748615677,"1,2-Benzenedicarboxylic acid, diundecyl ester, branched and linear",85507-79-5,, ,6,360,2,Inactive,0.0,0.9058202109940146,0.0392823985555698,9.8084553663e-05,-4.008399379848052,True
https://comptox.epa.gov/dashboard/chemical/details/DTXSID9023380,Norethindrone,68-22-4,C20H26O2,298.193280,156,677,23,Active,0.9999999999669112,-33.61186343601776,1.2881839133515955,0.016867797606607,-1.7729416186401623,Norethindrone,68-22-4,C20H26O2,298.193280,156,677,23,Inactive,0.0,3.0834782376504237,0.133720157265966,0.0002900602516035,-3.5375117806491065,True
https://comptox.epa.gov/dashboard/chemical/details/DTXSID7044342,Spirotetramat,203313-25-1,C21H27NO5,373.188923,25,329,8,Active,0.968625602577312,-36.83356349581773,1.411656454485123,38.2950191570881,1.5831422911158546,Spirotetramat,203313-25-1,C21H27NO5,373.188923,25,329,8,Inactive,1.44445727457e-05,-13.067284008673989,0.5666844835624321,64.8439735493762,1.811869619959522,True
https://comptox.epa.gov/dashboard/chemical/details/DTXSID1037565,Mepronil,55814-41-0,C17H19NO2,269.141579,36,364,10,Active,0.9970701167625964,-40.92107623841863,1.568311504886041,38.31417624521075,1.5833594926617194,Mepronil,55814-41-0,C17H19NO2,269.141579,36,364,10,Inactive,0.0002306116479199,-15.025787687071915,0.6516182498149555,65.40603618148386,1.815617830271379,True
https://comptox.epa.gov/dashboard/chemical/details/DTXSID9032531,Bromuconazole,116255-48-2,C13H12BrCl2N3O,374.954080,110,437,25,Active,0.9999982119097852,-85.2774138951019,3.2682803487229446,36.21699492314493,1.5589124122276614,Bromuconazole,116255-48-2,C13H12BrCl2N3O,374.954080,110,437,25,Inactive,0.6067988603874338,-25.583827613619075,1.1094851944099748,38.1226053639847,1.5811825734074447,True
https://comptox.epa.gov/dashboard/chemical/details/DTXSID9047419,5-Methyl-2-phenyl-2-hexenal,21834-92-4,C13H16O,188.120115,28,328,9,Active,0.9688492009588706,-39.08363007665076,1.4978908752251872,55.373161505179375,1.7432993200634428,5-Methyl-2-phenyl-2-hexenal,21834-92-4,C13H16O,188.120115,28,328,9,Inactive,0.0,0.8692166461165405,0.0376950241443788,9.80899763443e-05,-4.008375370201692,True
https://comptox.epa.gov/dashboard/chemical/details/DTXSID6044642,C.I. Disperse Red 82,30124-94-8,C21H21N5O6,439.149183,49,247,20,Active,0.9992636735971504,-42.337981021759774,1.6226147705209688,17.558903026716226,1.2444973803442747,C.I. Disperse Red 82,30124-94-8,C21H21N5O6,439.149183,49,247,20,Inactive,0.0,2.8640075670453684,0.1242024469639346,0.0004217108570102,-3.374985217863605,True
https://comptox.epa.gov/dashboard/chemical/details/DTXSID7047697,Naphthalen-2-yl 2-aminobenzoate,63449-68-3,C17H13NO2,263.094629,79,328,24,Active,0.999069878547463,-56.978292688203474,2.1837087429234963,31.221204586608717,1.4944496551397533,Naphthalen-2-yl 2-aminobenzoate,63449-68-3,C17H13NO2,263.094629,79,328,24,Inactive,1.4146725543516749e-08,-6.587247531134466,0.285666934521433,64.68894539708974,1.8108300710360223,True
https://comptox.epa.gov/dashboard/chemical/details/DTXSID1047497,Octyl decyl phthalate,119-07-3,C26H42O4,418.308310,12,368,3,Active,0.998814525778586,-37.6044357123868,1.4412003442645231,25.255580089128507,1.4023573481647116,Octyl decyl phthalate,119-07-3,C26H42O4,418.308310,12,368,3,Inactive,1.067131158324386e-14,-1.7828353358167277,0.0773156166869506,38.31410302681995,1.5833586627241714,True
https://comptox.epa.gov/dashboard/chemical/details/DTXSID2047569,2-Hydroxyfluorene,2443-58-5,C13H10O,182.073165,61,262,23,Active,0.999966788114477,-74.58257809293778,2.858397824283033,36.41302064888764,1.5612567074077075,2-Hydroxyfluorene,2443-58-5,C13H10O,182.073165,61,262,23,Inactive,0.0008799978562366,-17.202971231360994,0.7460354318090952,62.60617502064873,1.7966171709921144,True
https://comptox.epa.gov/dashboard/chemical/details/DTXSID1047730,Orange terpenes,8028-48-6,, ,42,244,17,Active,0.9965312211946026,-47.12496730762282,1.806077336903872,30.41617445707958,1.483104590497489,Orange terpenes,8028-48-6,, ,42,244,17,Inactive,0.0036140596308941,-16.156918312494504,0.7006716088667494,19.15708812260535,1.2823294969977377,True
https://comptox.epa.gov/dashboard/chemical/details/DTXSID9047629,2-Methylundecanal,110-41-8,C12H24O,184.182715,36,331,11,Active,0.993734093256454,-43.48571869300325,1.666602132532536,31.617996002353483,1.4999343402103482,2-Methylundecanal,110-41-8,C12H24O,184.182715,36,331,11,Inactive,1.1355582316816216e-08,-4.293617070525991,0.1861998385135555,38.31488298850575,1.5833675035838477,True
https://comptox.epa.gov/dashboard/chemical/details/DTXSID4021553,Decanal,112-31-2,C10H20O,156.151415,24,475,5,Active,0.99975167842431,-44.05272149156077,1.6883326707788755,30.00353730067055,1.477172459373019,Decanal,112-31-2,C10H20O,156.151415,24,475,5,Inactive,0.0,1.2053280462899116,0.0522710534937264,0.000788968237686,-3.1029404802827774,True
https://comptox.epa.gov/dashboard/chemical/details/DTXSID4047709,Cananga oil,68606-83-7,, ,57,331,17,Active,0.9773351816091916,-36.94836863843325,1.4160563931606107,30.30208828195853,1.4814725591320017,Cananga oil,68606-83-7,, ,57,331,17,Inactive,1.4516400317984456e-09,-10.312322380013107,0.4472109949066644,19.15708812260535,1.2823294969977377,True
https://comptox.epa.gov/dashboard/chemical/details/DTXSID4020589,"p,p'-Ethyl-DDD",72-56-0,C18H20Cl2,306.094206,120,442,27,Active,0.9839591615669656,-38.975049509677824,1.4937294951236826,34.90853113120153,1.5429315751093735,"p,p'-Ethyl-DDD",72-56-0,C18H20Cl2,306.094206,120,442,27,Inactive,0.0,3.1167805612153465,0.1351643678623141,9.94378615597e-05,-4.002448223895661,True
https://comptox.epa.gov/dashboard/chemical/details/DTXSID2020636,Fluvastatin,93957-54-1,C24H26FNO4,411.184586,48,329,15,Active,0.999999999997386,-95.82007506669078,3.6723307385803623,9.438187481871983,0.9748885999971572,Fluvastatin,93957-54-1,C24H26FNO4,411.184586,48,329,15,Inactive,0.4903563231113784,-24.96481682879857,1.0826407631813637,3.1016399900226697,0.4915913874749774,True
https://comptox.epa.gov/dashboard/chemical/details/DTXSID7021316,Tetradifon,116-29-0,C12H6Cl4O2S,353.884261,79,453,17,Active,0.9997307289265186,-60.36478635432066,2.313497044356512,37.95309847189215,1.579247237262185,Tetradifon,116-29-0,C12H6Cl4O2S,353.884261,79,453,17,Inactive,0.0,-8.598431350698723,0.3728852626286632,10.915849206817544,1.0380575276300152,True
https://comptox.epa.gov/dashboard/chemical/details/DTXSID6020511,"3,3'-Dimethylbenzidine dihydrochloride",612-82-8,C14H18Cl2N2,284.084704,79,401,20,Active,0.9942134308245284,-47.45451165631077,1.8187072147303076,50.12871152687441,1.7000865419567612,"3,3'-Dimethylbenzidine dihydrochloride",612-82-8,C14H18Cl2N2,284.084704,79,401,20,Inactive,2.4267389046202288e-09,-5.371071312108708,0.2329254319917532,38.6934865900383,1.5876378648618812,True
https://comptox.epa.gov/dashboard/chemical/details/DTXSID3022409,"4,4'-Sulfonyldiphenol",80-09-1,C12H10O4S,250.029980,56,429,13,Active,0.9922860213101592,-40.49114766243069,1.5518343739310114,51.291334687249446,1.7100440002894957,"4,4'-Sulfonyldiphenol",80-09-1,C12H10O4S,250.029980,56,429,13,Inactive,0.0,1.477690768040652,0.0640825154788278,0.0004396715326671,-3.356871652655925,True
https://comptox.epa.gov/dashboard/chemical/details/DTXSID8022406,"2,4-Dihydroxybenzophenone",131-56-6,C13H10O3,214.062994,95,584,16,Active,0.998645520198404,-56.25824756865789,2.156112815620876,57.8818139892358,1.7625421332481483,"2,4-Dihydroxybenzophenone",131-56-6,C13H10O3,214.062994,95,584,16,Inactive,0.0038123136849436,-18.236045757057067,0.7908364251667799,57.047878126943424,1.7562394956447278,True
https://comptox.epa.gov/dashboard/chemical/details/DTXSID3020960,5-Nitroacenaphthene,602-87-9,C12H9NO2,199.063329,39,448,9,Active,0.9984394674799896,-54.772310793638965,2.099163879913082,29.81613380037064,1.4744513286534926,5-Nitroacenaphthene,602-87-9,C12H9NO2,199.063329,39,448,9,Inactive,0.2287783699124999,-21.740497684949094,0.9428128059976107,70.71066342752755,1.849484911937279,True
https://comptox.epa.gov/dashboard/chemical/details/DTXSID3021483,Phenylacetaldehyde,122-78-1,C8H8O,120.057515,27,364,7,Active,0.9939849631086334,-48.61730317407399,1.8632715195513,66.69692791901205,1.8241058306399809,Phenylacetaldehyde,122-78-1,C8H8O,120.057515,27,364,7,Inactive,-4.662789597293449e-19,1.5751171095527323,0.0683075706615653,38.0689655172414,1.5805710754942242,True
https://comptox.epa.gov/dashboard/chemical/details/DTXSID3020621,"(R,R)-Fenvalerate",67614-33-9,C25H22ClNO3,419.128821,51,374,14,Active,0.9890994320395567,-38.01736306657013,1.4570258987165805,55.99108566091223,1.7481188884982386,"(R,R)-Fenvalerate",67614-33-9,C25H22ClNO3,419.128821,51,374,14,Inactive,0.0076535753333016,-22.017979255313804,0.9548462553583072,34.84231186152245,1.5421069636545597,True
https://comptox.epa.gov/dashboard/chemical/details/DTXSID6024624,Bisphenol A diglycidyl ether,1675-54-3,C21H24O4,340.167459,109,382,29,Active,0.9984578685855792,-67.17456656002784,2.574483744220702,56.569771456761615,1.752584424183793,Bisphenol A diglycidyl ether,1675-54-3,C21H24O4,340.167459,109,382,29,Inactive,0.0057637437437399,-22.83754396205817,0.990388040650426,35.25208232574905,1.5471847756784032,True
https://comptox.epa.gov/dashboard/chemical/details/DTXSID0025812,Olivetol,500-66-3,C11H16O2,180.115030,73,329,22,Active,0.9987548694747572,-78.99323041194634,3.027437287850689,38.31583431034485,1.583378286565916,Olivetol,500-66-3,C11H16O2,180.115030,73,329,22,Inactive,0.0,5.77251340395189,0.2503346353384754,9.633733219063428,0.9837946155000205,True
https://comptox.epa.gov/dashboard/chemical/details/DTXSID1023817,Dicyclohexylcarbodiimide,538-75-0,C13H22N2,206.178299,191,454,42,Active,0.9986547972011944,-60.92486727500603,2.334962299729081,60.500860290456856,1.7817615501358062,Dicyclohexylcarbodiimide,538-75-0,C13H22N2,206.178299,191,454,42,Inactive,0.0,-1.7915404270342878,0.0776931274319311,0.0007603122425181,-3.1190080164640683,True
https://comptox.epa.gov/dashboard/chemical/details/DTXSID7024291,Quinalphos,13593-03-8,C12H15N2O3PS,298.054101,35,252,14,Active,0.9587432832239016,-35.860580186034646,1.374366601454271,58.32065669969704,1.7658224055611011,Quinalphos,13593-03-8,C12H15N2O3PS,298.054101,35,252,14,Inactive,0.0,1.5444567082069658,0.0669779314120541,0.0004430646163617,-3.3535329318290024,True
https://comptox.epa.gov/dashboard/chemical/details/DTXSID1048174,FR167356,174185-16-1,C19H17Cl2NO3,377.058549,208,624,33,Active,0.999999999463504,-109.11088069493636,4.181704520798052,24.21057608003799,1.3840051234113755,FR167356,174185-16-1,C19H17Cl2NO3,377.058549,208,624,33,Inactive,0.5614493625929154,-25.28466953233564,1.0965117071357182,38.31409521072795,1.583358574127918,True
https://comptox.epa.gov/dashboard/chemical/details/DTXSID9048510,PharmaGSID_48510,460081-99-6,C21H16F4N2O4,436.104620,129,623,21,Active,0.9998368061873676,-67.11946447604551,2.572371941692606,44.229300261967474,1.6457100685857424,PharmaGSID_48510,460081-99-6,C21H16F4N2O4,436.104620,129,623,21,Inactive,2.558227862954074e-10,-7.0945226205628105,0.3076657616599547,38.31416747126435,1.583359393208271,True
https://comptox.epa.gov/dashboard/chemical/details/DTXSID5048506,PharmaGSID_48506,588941-45-1,C19H22ClN3O3S,407.107040,159,604,26,Active,0.9999854288481684,-88.66149097777901,3.397976033930778,34.60215193625969,1.539103108763338,PharmaGSID_48506,588941-45-1,C19H22ClN3O3S,407.107040,159,604,26,Inactive,0.0613594863007298,-19.038891216110496,0.8256531525021723,38.31416685823755,1.583359386259558,True
https://comptox.epa.gov/dashboard/chemical/details/DTXSID0048507,PharmaGSID_48507,NOCAS_48507,C18H19ClF2N4O3,412.111375,103,636,16,Active,0.9999988418245022,-76.94842196824733,2.9490694416861123,24.198023821385306,1.383779899926228,PharmaGSID_48507,NOCAS_48507,C18H19ClF2N4O3,412.111375,103,636,16,Inactive,4.877710253725503e-07,-7.607850273405461,0.3299270682678434,38.31416697318005,1.5833593875624414,True
https://comptox.epa.gov/dashboard/chemical/details/DTXSID4044872,Bis[4-(glycidyloxy)phenyl]methane,2095-03-6,C19H20O4,312.136159,85,332,26,Active,0.9898762229322704,-50.93314708756302,1.9520268746618117,59.88772149379201,1.7773377901004537,Bis[4-(glycidyloxy)phenyl]methane,2095-03-6,C19H20O4,312.136159,85,332,26,Inactive,8.29364753537e-05,-12.082369984260882,0.5239720503661037,38.44827586206895,1.584876869485223,True
https://comptox.epa.gov/dashboard/chemical/details/DTXSID0027721,4-(2-Phenylpropan-2-yl)-N-[4-(2-phenylpropan-2-yl)phenyl]aniline,10081-67-1,C30H31N,405.245650,48,375,13,Active,0.9987487915398848,-41.04817233094557,1.5731824975983226,26.143113946942066,1.4173573158164168,4-(2-Phenylpropan-2-yl)-N-[4-(2-phenylpropan-2-yl)phenyl]aniline,10081-67-1,C30H31N,405.245650,48,375,13,Inactive,0.0,-7.3282238134521664,0.3178006022062013,12.553089385146068,1.0987506212598928,True
https://comptox.epa.gov/dashboard/chemical/details/DTXSID2022678,Bicalutamide,90357-06-5,C18H14F4N2O4S,430.061041,60,409,15,Active,0.9999999999106776,-97.17977665551994,3.724441676048097,11.187276292119543,1.0487243639825676,Bicalutamide,90357-06-5,C18H14F4N2O4S,430.061041,60,409,15,Inactive,0.7409674354618772,-27.380101447905894,1.187383593912415,22.22247007662835,1.346792330078684,True
https://comptox.epa.gov/dashboard/chemical/details/DTXSID8029286,"1,1,2,2-(4,4',4'',4'''-Tetraglycidyloxyphenyl)ethane",7328-97-4,C38H38O8,622.256668,66,326,20,Active,0.9985310787246292,-50.48912806333129,1.9350097234013293,39.7369159591594,1.5991941578444204,"1,1,2,2-(4,4',4'',4'''-Tetraglycidyloxyphenyl)ethane",7328-97-4,C38H38O8,622.256668,66,326,20,Inactive,-3.014116580365629e-14,0.5802246807471153,0.0251624073786945,31.609444137931053,1.4998168587009575,True
https://comptox.epa.gov/dashboard/chemical/details/DTXSID1044514,Hexylparaben,1083-27-8,C13H18O3,222.125594,139,329,42,Active,0.9402439185655498,-34.30882565980759,1.3148951823238997,65.19618887289413,1.8142222092311844,Hexylparaben,1083-27-8,C13H18O3,222.125594,139,329,42,Inactive,0.1700088485902934,-21.370051471796486,0.9267477904328846,60.30552335084992,1.7803570907627346,True
https://comptox.epa.gov/dashboard/chemical/details/DTXSID4047672,Flubendiamide,272451-65-7,C23H22F7IN2O4S,682.023320,53,402,13,Active,0.9846683392107398,-30.51173518379025,1.1693706451896502,12.449334362583665,1.0951461313205086,Flubendiamide,272451-65-7,C23H22F7IN2O4S,682.023320,53,402,13,Inactive,9.682939242846327e-11,-2.576419680782461,0.1117307204217145,28.881070555555556,1.4606132875040134,True
https://comptox.epa.gov/dashboard/chemical/details/DTXSID4022523,Heptyl p-hydroxybenzoate,1085-12-7,C14H20O3,236.141245,135,374,36,Active,0.9214155337944792,-36.00695334406831,1.3799763930055298,51.65196099648653,1.7130868144090998,Heptyl p-hydroxybenzoate,1085-12-7,C14H20O3,236.141245,135,374,36,Inactive,-3.654181518570168e-17,3.5699685817691407,0.1548176193883187,0.1583150457720589,-0.8004778091725668,True
https://comptox.epa.gov/dashboard/chemical/details/DTXSID4022288,4-Hexyloxyaniline,39905-57-2,C12H19NO,193.146664,52,365,14,Active,0.9994691659148358,-60.56307060426318,2.321096342786757,45.82890318406862,1.6611394634676382,4-Hexyloxyaniline,39905-57-2,C12H19NO,193.146664,52,365,14,Inactive,0.0623746722631913,-20.94405575038176,0.908273778141618,65.18782856858856,1.8141665147664308,True
https://comptox.epa.gov/dashboard/chemical/details/DTXSID5048186,Tetrac,67-30-1,C14H8I4O4,747.660140,280,747,37,Active,0.9775220892568538,-37.39977240828948,1.4333565668288144,32.984331967298964,1.5183076927258938,Tetrac,67-30-1,C14H8I4O4,747.660140,280,747,37,Inactive,1.0549665289759363e-09,-1.7526501634556322,0.0760065865319975,25.6704980842912,1.4094342953625456,True
https://comptox.epa.gov/dashboard/chemical/details/DTXSID3029364,4-Methoxy-2-methyl-N-phenylaniline,41317-15-1,C14H15NO,213.115364,40,326,12,Active,0.9975419820747282,-51.99806873099733,1.9928402896235664,52.409790221543005,1.7194124213738655,4-Methoxy-2-methyl-N-phenylaniline,41317-15-1,C14H15NO,213.115364,40,326,12,Inactive,0.0,-2.701314807879601,0.1171470051333292,9.79572477604e-05,-4.008963425458667,True
https://comptox.epa.gov/dashboard/chemical/details/DTXSID3047477,dl-Norgestrel,6533-00-2,C21H28O2,312.208930,76,395,19,Active,0.9999999999999964,-53.1384397890558,2.0365453241581437,0.0762309743750386,-1.1178685290952686,dl-Norgestrel,6533-00-2,C21H28O2,312.208930,76,395,19,Inactive,2.065488880168933e-09,-6.794776417242218,0.2946667694963363,26.198191811270487,1.4182713175225348,True
https://comptox.epa.gov/dashboard/chemical/details/DTXSID0038887,Fluorescein,2321-07-5,C20H12O5,332.068473,78,499,16,Active,0.9999999999999648,-122.17008346385634,4.682202059714402,6.588097152158278,0.8187599949201734,Fluorescein,2321-07-5,C20H12O5,332.068473,78,499,16,Inactive,0.0,2.110740174607184,0.0915357548659514,0.0008235831489979,-3.0842925478870047,True
https://comptox.epa.gov/dashboard/chemical/details/DTXSID9044950,Exifone,52479-85-3,C13H10O7,278.042653,58,329,18,Active,0.99996952133675,-58.70760391717703,2.249985071535342,28.591467062430173,1.4562364400999133,Exifone,52479-85-3,C13H10O7,278.042653,58,329,18,Inactive,0.070623211290311,-17.127475265603046,0.7427614238103257,38.2183908045977,1.5822723970205048,True
https://comptox.epa.gov/dashboard/chemical/details/DTXSID9047679,2-Pentylfuran,3777-69-3,C9H14O,138.104465,38,334,11,Active,0.997844101488615,-54.21770472234827,2.077908449649783,40.34151895422162,1.605752246405686,2-Pentylfuran,3777-69-3,C9H14O,138.104465,38,334,11,Inactive,3.44472067656e-05,-15.274344875820782,0.6623973453062897,39.39753810304414,1.59546908421978,True
https://comptox.epa.gov/dashboard/chemical/details/DTXSID2045232,Tiratricol,51-24-1,C14H9I3O4,621.763490,212,688,31,Active,0.9997203357326154,-79.29153788692567,3.038870003898473,19.79574146444434,1.29657177322063,Tiratricol,51-24-1,C14H9I3O4,621.763490,212,688,31,Inactive,2.090498854021531e-13,-5.199953201593319,0.2255046108003546,1.693463544697587,0.2287758519950661,True
https://comptox.epa.gov/dashboard/chemical/details/DTXSID4047882,Phenylparaben,17696-62-7,C13H10O3,214.062994,65,409,16,Active,0.9873912187377298,-44.10191465272371,1.690218012214278,53.91340373888503,1.7316967512007733,Phenylparaben,17696-62-7,C13H10O3,214.062994,65,409,16,Inactive,0.0078701455971967,-16.91618535454557,0.7335984857391795,66.3866402870126,1.8220806903108464,True
https://comptox.epa.gov/dashboard/chemical/details/DTXSID6020197,Bromocriptine mesylate,22260-51-1,C33H44BrN5O8S,749.209398,75,366,20,Active,0.999999864026819,-81.4381676900351,3.121140181675153,7.786620450793899,0.8913490060634113,Bromocriptine mesylate,22260-51-1,C33H44BrN5O8S,749.209398,75,366,20,Inactive,0.0783292782370814,-20.430580734160863,0.8860060808759739,7.4883065000177185,0.8743836119776727,True
https://comptox.epa.gov/dashboard/chemical/details/DTXSID4022446,"2,2′-Methylenebis[phenol]",2467-02-9,C13H12O2,200.083730,93,516,18,Active,0.9979760261119996,-48.53678744917627,1.8601857322434197,61.77437334285774,1.790808348487402,"2,2′-Methylenebis[phenol]",2467-02-9,C13H12O2,200.083730,93,516,18,Inactive,0.0005145991284646,-13.432573347505128,0.5825258627035741,38.31566877394635,1.5833764102737509,True
https://comptox.epa.gov/dashboard/chemical/details/DTXSID5041306,"2,2',4,4'-Tetrahydroxybenzophenone",131-55-5,C13H10O5,246.052823,146,737,20,Active,0.9736290177250586,-40.26215405331116,1.543058130861667,38.31417624521075,1.5833594926617194,"2,2',4,4'-Tetrahydroxybenzophenone",131-55-5,C13H10O5,246.052823,146,737,20,Inactive,0.0,4.903475745649781,0.2126473732980746,1.1860528733772069,0.0741040499929355,True
